time,enrolled,available,waitlisted,total
2023-05-25T01:15:35,0,60,0,60
2023-05-25T01:27:10,0,60,0,60
2023-05-25T01:38:46,0,60,0,60
2023-05-25T01:50:31,0,60,0,60
2023-05-25T02:02:06,0,60,0,60
2023-05-25T02:13:42,0,60,0,60
2023-05-25T02:25:18,0,60,0,60
2023-05-25T02:36:52,0,60,0,60
2023-05-25T02:48:25,0,60,0,60
2023-05-25T02:59:58,0,60,0,60
2023-05-25T03:11:35,0,60,0,60
2023-05-25T03:23:33,0,60,0,60
2023-05-25T03:35:11,0,60,0,60
2023-05-25T03:46:47,0,60,0,60
2023-05-25T03:58:23,0,60,0,60
2023-05-25T04:17:45,0,60,0,60
2023-05-25T04:29:46,0,60,0,60
2023-05-25T04:41:23,0,60,0,60
2023-05-25T04:52:59,0,60,0,60
2023-05-25T05:04:35,0,60,0,60
2023-05-25T05:16:12,0,60,0,60
2023-05-25T05:27:48,0,60,0,60
2023-05-25T05:39:24,0,60,0,60
2023-05-25T05:51:00,0,60,0,60
2023-05-25T06:02:37,0,60,0,60
2023-05-25T06:14:12,0,60,0,60
2023-05-25T06:25:47,0,60,0,60
2023-05-25T06:37:22,0,60,0,60
2023-05-25T06:48:58,0,60,0,60
2023-05-25T07:00:33,0,60,0,60
2023-05-25T07:12:08,0,60,0,60
2023-05-25T07:23:43,0,60,0,60
2023-05-25T07:35:16,0,60,0,60
2023-05-25T07:46:53,0,60,0,60
2023-05-25T07:58:29,0,60,0,60
2023-05-25T08:10:03,0,60,0,60
2023-05-25T08:21:48,0,60,0,60
2023-05-25T08:33:22,0,60,0,60
2023-05-25T08:44:55,0,60,0,60
2023-05-25T08:56:27,0,60,0,60
2023-05-25T09:08:01,0,60,0,60
2023-05-25T09:19:33,0,60,0,60
2023-05-25T09:31:06,0,60,0,60
2023-05-25T09:42:38,0,60,0,60
2023-05-25T09:54:11,0,60,0,60
2023-05-25T10:05:45,0,60,0,60
2023-05-25T10:17:29,0,60,0,60
2023-05-25T10:29:02,0,60,0,60
2023-05-25T10:40:35,0,60,0,60
2023-05-25T10:52:18,0,60,0,60
2023-05-25T11:03:50,0,60,0,60
2023-05-25T11:15:23,0,60,0,60
2023-05-25T11:26:56,0,60,0,60
2023-05-25T11:38:28,0,60,0,60
2023-05-25T11:50:01,0,60,0,60
2023-05-25T12:01:45,0,60,0,60
2023-05-25T12:13:18,0,60,0,60
2023-05-25T12:24:51,0,60,0,60
2023-05-25T12:36:24,0,60,0,60
2023-05-25T12:47:57,0,60,0,60
2023-05-25T12:59:40,0,60,0,60
2023-05-25T13:11:13,0,60,0,60
2023-05-25T13:22:45,0,60,0,60
2023-05-25T13:34:19,0,60,0,60
2023-05-25T13:45:52,0,60,0,60
2023-05-25T13:57:25,0,60,0,60
2023-05-25T14:09:10,0,60,0,60
2023-05-25T14:20:43,0,60,0,60
2023-05-25T14:32:16,0,60,0,60
2023-05-25T14:43:49,0,60,0,60
2023-05-25T14:55:23,0,60,0,60
2023-05-25T15:07:07,0,60,0,60
2023-05-25T15:18:41,0,60,0,60
2023-05-25T15:30:15,0,60,0,60
2023-05-25T15:41:50,0,60,0,60
2023-05-25T15:53:24,0,60,0,60
2023-05-25T16:05:09,0,60,0,60
2023-05-25T16:16:45,0,60,0,60
2023-05-25T16:28:20,0,60,0,60
2023-05-25T16:39:54,0,60,0,60
2023-05-25T16:51:30,0,60,0,60
2023-05-25T17:03:06,0,60,0,60
2023-05-25T17:14:54,0,60,0,60
2023-05-25T17:26:29,0,60,0,60
2023-05-25T17:38:05,0,60,0,60
2023-05-25T17:49:41,0,60,0,60
2023-05-25T18:01:17,0,60,0,60
2023-05-25T18:12:53,0,60,0,60
2023-05-25T18:24:29,0,60,0,60
2023-05-25T18:36:14,0,60,0,60
2023-05-25T18:47:49,0,60,0,60
2023-05-25T18:59:25,0,60,0,60
2023-05-25T19:11:02,0,60,0,60
2023-05-25T19:22:38,0,60,0,60
2023-05-25T19:34:13,0,60,0,60
2023-05-25T19:45:50,0,60,0,60
2023-05-25T19:57:35,0,60,0,60
2023-05-25T20:09:11,0,60,0,60
2023-05-25T20:20:46,0,60,0,60
2023-05-25T20:32:23,0,60,0,60
2023-05-25T20:43:58,0,60,0,60
2023-05-25T20:55:34,0,60,0,60
2023-05-25T21:07:09,0,60,0,60
2023-05-25T21:18:56,0,60,0,60
2023-05-25T21:30:32,0,60,0,60
2023-05-25T21:42:08,0,60,0,60
2023-05-25T21:53:44,0,60,0,60
2023-05-25T22:05:19,0,60,0,60
2023-05-25T22:16:54,0,60,0,60
2023-05-25T22:28:30,0,60,0,60
2023-05-25T22:40:05,0,60,0,60
2023-05-25T22:51:52,0,60,0,60
2023-05-25T23:03:29,0,60,0,60
2023-05-25T23:15:05,0,60,0,60
2023-05-25T23:26:41,0,60,0,60
2023-05-25T23:38:17,0,60,0,60
2023-05-25T23:49:53,0,60,0,60
2023-05-26T00:01:34,0,60,0,60
2023-05-26T00:13:27,0,60,0,60
2023-05-26T00:25:07,0,60,0,60
2023-05-26T00:36:46,0,60,0,60
2023-05-26T00:48:25,0,60,0,60
2023-05-26T01:00:04,0,60,0,60
2023-05-26T01:11:43,0,60,0,60
2023-05-26T01:23:21,0,60,0,60
2023-05-26T01:34:59,0,60,0,60
2023-05-26T01:46:47,0,60,0,60
2023-05-26T01:58:27,0,60,0,60
2023-05-26T02:10:08,0,60,0,60
2023-05-26T02:21:45,0,60,0,60
2023-05-26T02:33:22,0,60,0,60
2023-05-26T02:45:11,0,60,0,60
2023-05-26T02:56:52,0,60,0,60
2023-05-26T03:08:32,0,60,0,60
2023-05-26T03:20:13,0,60,0,60
2023-05-26T03:31:51,0,60,0,60
2023-05-26T03:43:30,0,60,0,60
2023-05-26T03:55:08,0,60,0,60
2023-05-26T04:06:57,0,60,0,60
2023-05-26T04:28:56,0,60,0,60
2023-05-26T04:40:59,0,60,0,60
2023-05-26T04:52:41,0,60,0,60
2023-05-26T05:04:22,0,60,0,60
2023-05-26T05:16:02,0,60,0,60
2023-05-26T05:27:41,0,60,0,60
2023-05-26T05:39:19,0,60,0,60
2023-05-26T05:50:59,0,60,0,60
2023-05-26T06:02:37,0,60,0,60
2023-05-26T06:14:16,0,60,0,60
2023-05-26T06:25:55,0,60,0,60
2023-05-26T06:37:34,0,60,0,60
2023-05-26T06:49:13,0,60,0,60
2023-05-26T07:00:50,0,60,0,60
2023-05-26T07:12:29,0,60,0,60
2023-05-26T07:24:08,0,60,0,60
2023-05-26T07:35:53,0,60,0,60
2023-05-26T07:47:30,0,60,0,60
2023-05-26T07:59:08,0,60,0,60
2023-05-26T08:10:43,0,60,0,60
2023-05-26T08:22:20,0,60,0,60
2023-05-26T08:33:56,0,60,0,60
2023-05-26T08:45:32,0,60,0,60
2023-05-26T08:57:08,0,60,0,60
2023-05-26T09:08:44,0,60,0,60
2023-05-26T09:20:21,0,60,0,60
2023-05-26T09:32:08,0,60,0,60
2023-05-26T09:43:44,0,60,0,60
2023-05-26T09:55:20,0,60,0,60
2023-05-26T10:06:56,0,60,0,60
2023-05-26T10:18:33,1,59,0,60
2023-05-26T10:30:09,1,59,0,60
2023-05-26T10:41:57,1,59,0,60
2023-05-26T10:53:34,1,59,0,60
2023-05-26T11:05:10,1,59,0,60
2023-05-26T11:16:47,3,57,0,60
2023-05-26T11:28:23,3,57,0,60
2023-05-26T11:40:09,3,57,0,60
2023-05-26T11:51:45,3,57,0,60
2023-05-26T12:03:21,3,57,0,60
2023-05-26T12:14:58,3,57,0,60
2023-05-26T12:26:33,3,57,0,60
2023-05-26T12:38:09,3,57,0,60
2023-05-26T12:49:57,3,57,0,60
2023-05-26T13:01:33,5,55,0,60
2023-05-26T13:13:09,5,55,0,60
2023-05-26T13:24:44,6,54,0,60
2023-05-26T13:36:31,7,53,0,60
2023-05-26T13:48:07,7,53,0,60
2023-05-26T13:59:42,8,52,0,60
2023-05-26T14:11:18,8,52,0,60
2023-05-26T14:23:05,8,52,0,60
2023-05-26T14:34:42,8,52,0,60
2023-05-26T14:46:18,8,52,0,60
2023-05-26T14:57:54,10,50,0,60
2023-05-26T15:09:32,10,50,0,60
2023-05-26T15:21:08,10,50,0,60
2023-05-26T15:32:54,10,50,0,60
2023-05-26T15:44:30,10,50,0,60
2023-05-26T15:56:06,10,50,0,60
2023-05-26T16:07:42,10,50,0,60
2023-05-26T16:19:18,10,50,0,60
2023-05-26T16:30:53,10,50,0,60
2023-05-26T16:42:39,10,50,0,60
2023-05-26T16:54:14,10,50,0,60
2023-05-26T17:05:51,10,50,0,60
2023-05-26T17:17:27,10,50,0,60
2023-05-26T17:29:03,10,50,0,60
2023-05-26T17:40:49,10,50,0,60
2023-05-26T17:52:24,10,50,0,60
2023-05-26T18:04:00,10,50,0,60
2023-05-26T18:15:36,10,50,0,60
2023-05-26T18:27:12,10,50,0,60
2023-05-26T18:38:47,10,50,0,60
2023-05-26T18:50:33,10,50,0,60
2023-05-26T19:02:09,10,50,0,60
2023-05-26T19:13:45,10,50,0,60
2023-05-26T19:25:22,10,50,0,60
2023-05-26T19:36:57,10,50,0,60
2023-05-26T19:48:33,10,50,0,60
2023-05-26T20:00:08,10,50,0,60
2023-05-26T20:11:54,10,50,0,60
2023-05-26T20:23:30,10,50,0,60
2023-05-26T20:35:06,11,49,0,60
2023-05-26T20:46:41,11,49,0,60
2023-05-26T20:58:16,11,49,0,60
2023-05-26T21:09:53,11,49,0,60
2023-05-26T21:21:29,11,49,0,60
2023-05-26T21:33:05,11,49,0,60
2023-05-26T21:44:51,11,49,0,60
2023-05-26T21:56:28,11,49,0,60
2023-05-26T22:08:04,11,49,0,60
2023-05-26T22:19:39,11,49,0,60
2023-05-26T22:31:15,11,49,0,60
2023-05-26T22:42:51,11,49,0,60
2023-05-26T22:54:27,11,49,0,60
2023-05-26T23:06:06,12,48,0,60
2023-05-26T23:17:52,12,48,0,60
2023-05-26T23:29:28,12,48,0,60
2023-05-26T23:41:05,12,48,0,60
2023-05-26T23:52:42,12,48,0,60
2023-05-27T00:04:18,12,48,0,60
2023-05-27T00:15:58,12,48,0,60
2023-05-27T00:27:37,12,48,0,60
2023-05-27T00:39:16,12,48,0,60
2023-05-27T00:50:55,13,47,0,60
2023-05-27T01:02:34,13,47,0,60
2023-05-27T01:14:23,13,47,0,60
2023-05-27T01:26:02,13,47,0,60
2023-05-27T01:37:41,13,47,0,60
2023-05-27T01:49:20,13,47,0,60
2023-05-27T02:00:58,13,47,0,60
2023-05-27T02:12:36,13,47,0,60
2023-05-27T02:24:14,13,47,0,60
2023-05-27T02:35:51,13,47,0,60
2023-05-27T02:47:27,13,47,0,60
2023-05-27T02:59:03,13,47,0,60
2023-05-27T03:10:41,13,47,0,60
2023-05-27T03:22:19,13,47,0,60
2023-05-27T03:33:56,13,47,0,60
2023-05-27T03:45:33,13,47,0,60
2023-05-27T03:57:11,13,47,0,60
2023-05-27T04:09:05,13,47,0,60
2023-05-27T04:30:24,13,47,0,60
2023-05-27T04:43:20,13,47,0,60
2023-05-27T04:55:16,13,47,0,60
2023-05-27T05:06:55,13,47,0,60
2023-05-27T05:18:35,13,47,0,60
2023-05-27T05:30:14,13,47,0,60
2023-05-27T05:41:54,13,47,0,60
2023-05-27T05:53:32,13,47,0,60
2023-05-27T06:05:10,13,47,0,60
2023-05-27T06:16:49,13,47,0,60
2023-05-27T06:28:30,13,47,0,60
2023-05-27T06:40:09,13,47,0,60
2023-05-27T06:51:47,13,47,0,60
2023-05-27T07:03:25,13,47,0,60
2023-05-27T07:15:03,13,47,0,60
2023-05-27T07:26:41,13,47,0,60
2023-05-27T07:38:19,13,47,0,60
2023-05-27T07:49:56,13,47,0,60
2023-05-27T08:01:47,13,47,0,60
2023-05-27T08:13:24,13,47,0,60
2023-05-27T08:25:02,13,47,0,60
2023-05-27T08:36:40,13,47,0,60
2023-05-27T08:48:19,13,47,0,60
2023-05-27T08:59:56,13,47,0,60
2023-05-27T09:11:34,13,47,0,60
2023-05-27T09:23:12,13,47,0,60
2023-05-27T09:34:52,13,47,0,60
2023-05-27T09:46:30,13,47,0,60
2023-05-27T09:58:07,13,47,0,60
2023-05-27T10:10:02,13,47,0,60
2023-05-27T10:21:37,13,47,0,60
2023-05-27T10:33:16,13,47,0,60
2023-05-27T10:44:52,13,47,0,60
2023-05-27T10:56:29,13,47,0,60
2023-05-27T11:08:05,13,47,0,60
2023-05-27T11:19:40,13,47,0,60
2023-05-27T11:31:15,13,47,0,60
2023-05-27T11:42:50,13,47,0,60
2023-05-27T11:54:25,13,47,0,60
2023-05-27T12:06:10,13,47,0,60
2023-05-27T12:17:45,13,47,0,60
2023-05-27T12:29:20,13,47,0,60
2023-05-27T12:40:56,13,47,0,60
2023-05-27T12:52:31,13,47,0,60
2023-05-27T13:04:06,13,47,0,60
2023-05-27T13:15:41,13,47,0,60
2023-05-27T13:27:17,13,47,0,60
2023-05-27T13:39:11,13,47,0,60
2023-05-27T13:50:46,13,47,0,60
2023-05-27T14:02:22,13,47,0,60
2023-05-27T14:13:58,13,47,0,60
2023-05-27T14:25:34,13,47,0,60
2023-05-27T14:37:09,13,47,0,60
2023-05-27T14:48:44,13,47,0,60
2023-05-27T15:00:30,13,47,0,60
2023-05-27T15:12:04,13,47,0,60
2023-05-27T15:23:39,13,47,0,60
2023-05-27T15:35:15,13,47,0,60
2023-05-27T15:46:50,13,47,0,60
2023-05-27T15:58:25,13,47,0,60
2023-05-27T16:09:59,13,47,0,60
2023-05-27T16:21:35,13,47,0,60
2023-05-27T16:33:20,13,47,0,60
2023-05-27T16:44:55,13,47,0,60
2023-05-27T16:56:30,13,47,0,60
2023-05-27T17:08:07,13,47,0,60
2023-05-27T17:19:45,14,46,0,60
2023-05-27T17:31:20,14,46,0,60
2023-05-27T17:43:05,14,46,0,60
2023-05-27T17:54:41,14,46,0,60
2023-05-27T18:06:16,14,46,0,60
2023-05-27T18:17:52,14,46,0,60
2023-05-27T18:29:27,14,46,0,60
2023-05-27T18:41:02,14,46,0,60
2023-05-27T18:52:37,14,46,0,60
2023-05-27T19:04:13,14,46,0,60
2023-05-27T19:16:09,14,46,0,60
2023-05-27T19:27:44,14,46,0,60
2023-05-27T19:39:20,14,46,0,60
2023-05-27T19:50:55,14,46,0,60
2023-05-27T20:02:31,14,46,0,60
2023-05-27T20:14:06,14,46,0,60
2023-05-27T20:25:42,14,46,0,60
2023-05-27T20:37:17,14,46,0,60
2023-05-27T20:49:01,15,45,0,60
2023-05-27T21:00:36,15,45,0,60
2023-05-27T21:12:11,15,45,0,60
2023-05-27T21:23:47,15,45,0,60
2023-05-27T21:35:22,15,45,0,60
2023-05-27T21:46:58,15,45,0,60
2023-05-27T21:58:33,15,45,0,60
2023-05-27T22:10:09,15,45,0,60
2023-05-27T22:21:53,15,45,0,60
2023-05-27T22:33:29,15,45,0,60
2023-05-27T22:45:04,15,45,0,60
2023-05-27T22:56:39,16,44,0,60
2023-05-27T23:08:19,16,44,0,60
2023-05-27T23:19:56,16,44,0,60
2023-05-27T23:31:31,16,44,0,60
2023-05-27T23:43:23,16,44,0,60
2023-05-27T23:54:58,16,44,0,60
2023-05-28T00:06:36,16,44,0,60
2023-05-28T00:18:15,16,44,0,60
2023-05-28T00:29:52,16,44,0,60
2023-05-28T00:41:31,16,44,0,60
2023-05-28T00:53:08,16,44,0,60
2023-05-28T01:04:44,16,44,0,60
2023-05-28T01:16:21,16,44,0,60
2023-05-28T01:27:57,16,44,0,60
2023-05-28T01:39:42,16,44,0,60
2023-05-28T01:51:17,16,44,0,60
2023-05-28T02:02:53,16,44,0,60
2023-05-28T02:14:29,16,44,0,60
2023-05-28T02:26:05,16,44,0,60
2023-05-28T02:37:44,16,44,0,60
2023-05-28T02:49:25,16,44,0,60
2023-05-28T03:01:05,16,44,0,60
2023-05-28T03:12:46,16,44,0,60
2023-05-28T03:24:25,16,44,0,60
2023-05-28T03:36:05,16,44,0,60
2023-05-28T03:48:43,16,44,0,60
2023-05-28T04:00:51,16,44,0,60
2023-05-28T04:12:29,16,44,0,60
2023-05-28T04:26:29,16,44,0,60
2023-05-28T04:39:25,16,44,0,60
2023-05-28T04:51:24,16,44,0,60
2023-05-28T05:03:04,16,44,0,60
2023-05-28T05:14:42,16,44,0,60
2023-05-28T05:26:20,16,44,0,60
2023-05-28T05:38:03,16,44,0,60
2023-05-28T05:49:43,16,44,0,60
2023-05-28T06:01:22,16,44,0,60
2023-05-28T06:13:01,16,44,0,60
2023-05-28T06:24:40,16,44,0,60
2023-05-28T06:36:18,16,44,0,60
2023-05-28T06:47:56,16,44,0,60
2023-05-28T06:59:34,16,44,0,60
2023-05-28T07:11:11,16,44,0,60
2023-05-28T07:22:50,16,44,0,60
2023-05-28T07:34:29,16,44,0,60
2023-05-28T07:46:07,16,44,0,60
2023-05-28T07:57:48,16,44,0,60
2023-05-28T08:09:28,16,44,0,60
2023-05-28T08:21:07,16,44,0,60
2023-05-28T08:32:44,16,44,0,60
2023-05-28T08:44:22,16,44,0,60
2023-05-28T08:56:02,16,44,0,60
2023-05-28T09:07:39,16,44,0,60
2023-05-28T09:19:23,16,44,0,60
2023-05-28T09:30:59,16,44,0,60
2023-05-28T09:42:35,16,44,0,60
2023-05-28T09:54:11,16,44,0,60
2023-05-28T10:05:48,16,44,0,60
2023-05-28T10:17:24,16,44,0,60
2023-05-28T10:28:59,16,44,0,60
2023-05-28T10:40:35,16,44,0,60
2023-05-28T10:52:10,16,44,0,60
2023-05-28T11:03:47,16,44,0,60
2023-05-28T11:15:23,16,44,0,60
2023-05-28T11:26:59,16,44,0,60
2023-05-28T11:38:34,16,44,0,60
2023-05-28T11:50:10,16,44,0,60
2023-05-28T12:01:55,16,44,0,60
2023-05-28T12:13:30,16,44,0,60
2023-05-28T12:25:06,16,44,0,60
2023-05-28T12:36:42,16,44,0,60
2023-05-28T12:48:18,16,44,0,60
2023-05-28T12:59:54,16,44,0,60
2023-05-28T13:11:29,16,44,0,60
2023-05-28T13:23:05,16,44,0,60
2023-05-28T13:34:41,16,44,0,60
2023-05-28T13:46:17,16,44,0,60
2023-05-28T13:57:52,16,44,0,60
2023-05-28T14:09:36,16,44,0,60
2023-05-28T14:21:11,16,44,0,60
2023-05-28T14:32:47,16,44,0,60
2023-05-28T14:44:22,16,44,0,60
2023-05-28T14:55:58,16,44,0,60
2023-05-28T15:07:33,16,44,0,60
2023-05-28T15:19:10,16,44,0,60
2023-05-28T15:30:45,16,44,0,60
2023-05-28T15:42:20,16,44,0,60
2023-05-28T15:53:56,16,44,0,60
2023-05-28T16:05:32,16,44,0,60
2023-05-28T16:17:18,16,44,0,60
2023-05-28T16:28:54,16,44,0,60
2023-05-28T16:40:29,16,44,0,60
2023-05-28T16:52:04,16,44,0,60
2023-05-28T17:03:39,16,44,0,60
2023-05-28T17:15:15,16,44,0,60
2023-05-28T17:26:51,16,44,0,60
2023-05-28T17:38:26,16,44,0,60
2023-05-28T17:50:01,16,44,0,60
2023-05-28T18:01:46,16,44,0,60
2023-05-28T18:13:22,16,44,0,60
2023-05-28T18:24:58,16,44,0,60
2023-05-28T18:36:34,16,44,0,60
2023-05-28T18:48:09,16,44,0,60
2023-05-28T18:59:44,16,44,0,60
2023-05-28T19:11:22,16,44,0,60
2023-05-28T19:22:57,16,44,0,60
2023-05-28T19:34:32,16,44,0,60
2023-05-28T19:46:17,16,44,0,60
2023-05-28T19:57:53,16,44,0,60
2023-05-28T20:09:28,16,44,0,60
2023-05-28T20:21:03,16,44,0,60
2023-05-28T20:32:39,16,44,0,60
2023-05-28T20:44:14,16,44,0,60
2023-05-28T20:55:49,16,44,0,60
2023-05-28T21:07:24,16,44,0,60
2023-05-28T21:19:00,16,44,0,60
2023-05-28T21:30:45,16,44,0,60
2023-05-28T21:42:21,16,44,0,60
2023-05-28T21:53:56,16,44,0,60
2023-05-28T22:05:31,16,44,0,60
2023-05-28T22:17:07,16,44,0,60
2023-05-28T22:28:42,16,44,0,60
2023-05-28T22:40:18,16,44,0,60
2023-05-28T22:51:54,16,44,0,60
2023-05-28T23:03:43,16,44,0,60
2023-05-28T23:15:19,16,44,0,60
2023-05-28T23:26:55,16,44,0,60
2023-05-28T23:38:32,16,44,0,60
2023-05-28T23:50:08,16,44,0,60
2023-05-29T00:01:44,16,44,0,60
2023-05-29T00:13:31,16,44,0,60
2023-05-29T00:25:15,16,44,0,60
2023-05-29T00:36:56,16,44,0,60
2023-05-29T00:48:34,16,44,0,60
2023-05-29T01:00:23,16,44,0,60
2023-05-29T01:12:04,16,44,0,60
2023-05-29T01:23:42,16,44,0,60
2023-05-29T01:35:21,16,44,0,60
2023-05-29T01:46:59,16,44,0,60
2023-05-29T01:58:36,16,44,0,60
2023-05-29T02:10:22,16,44,0,60
2023-05-29T02:22:00,16,44,0,60
2023-05-29T02:33:37,16,44,0,60
2023-05-29T02:45:14,16,44,0,60
2023-05-29T02:56:50,16,44,0,60
2023-05-29T03:08:27,16,44,0,60
2023-05-29T03:20:04,16,44,0,60
2023-05-29T03:31:42,16,44,0,60
2023-05-29T03:43:29,16,44,0,60
2023-05-29T03:55:07,16,44,0,60
2023-05-29T04:06:46,16,44,0,60
2023-05-29T04:18:27,16,44,0,60
2023-05-29T04:29:29,16,44,0,60
2023-05-29T04:41:09,16,44,0,60
2023-05-29T04:54:18,16,44,0,60
2023-05-29T05:05:59,16,44,0,60
2023-05-29T05:17:37,16,44,0,60
2023-05-29T05:29:16,16,44,0,60
2023-05-29T05:40:55,16,44,0,60
2023-05-29T05:52:34,16,44,0,60
2023-05-29T06:04:12,16,44,0,60
2023-05-29T06:15:51,16,44,0,60
2023-05-29T06:27:29,16,44,0,60
2023-05-29T06:39:06,16,44,0,60
2023-05-29T06:50:44,16,44,0,60
2023-05-29T07:02:24,16,44,0,60
2023-05-29T07:14:00,16,44,0,60
2023-05-29T07:25:42,16,44,0,60
2023-05-29T07:37:18,16,44,0,60
2023-05-29T07:48:53,16,44,0,60
2023-05-29T08:00:29,16,44,0,60
2023-05-29T08:12:04,16,44,0,60
2023-05-29T08:23:39,16,44,0,60
2023-05-29T08:35:14,16,44,0,60
2023-05-29T08:46:49,16,44,0,60
2023-05-29T08:58:25,16,44,0,60
2023-05-29T09:09:59,16,44,0,60
2023-05-29T09:21:35,16,44,0,60
2023-05-29T09:33:10,16,44,0,60
2023-05-29T09:44:45,16,44,0,60
2023-05-29T09:56:32,16,44,0,60
2023-05-29T10:08:07,16,44,0,60
2023-05-29T10:19:42,16,44,0,60
2023-05-29T10:31:17,16,44,0,60
2023-05-29T10:42:52,16,44,0,60
2023-05-29T10:54:27,16,44,0,60
2023-05-29T11:06:02,16,44,0,60
2023-05-29T11:17:48,16,44,0,60
2023-05-29T11:29:22,16,44,0,60
2023-05-29T11:40:58,17,43,0,60
2023-05-29T11:52:33,17,43,0,60
2023-05-29T12:04:08,18,42,0,60
2023-05-29T12:15:43,18,42,0,60
2023-05-29T12:27:28,18,42,0,60
2023-05-29T12:39:05,19,41,0,60
2023-05-29T12:50:40,19,41,0,60
2023-05-29T13:02:16,19,41,0,60
2023-05-29T13:13:52,19,41,0,60
2023-05-29T13:25:37,20,40,0,60
2023-05-29T13:37:14,20,40,0,60
2023-05-29T13:48:49,20,40,0,60
2023-05-29T14:00:25,20,40,0,60
2023-05-29T14:12:11,20,40,0,60
2023-05-29T14:23:47,20,40,0,60
2023-05-29T14:35:24,21,39,0,60
2023-05-29T14:47:01,21,39,0,60
2023-05-29T14:58:49,21,39,0,60
2023-05-29T15:10:25,22,38,0,60
2023-05-29T15:22:01,22,38,0,60
2023-05-29T15:33:37,22,38,0,60
2023-05-29T15:45:13,22,38,0,60
2023-05-29T15:57:00,23,37,0,60
2023-05-29T16:08:36,23,37,0,60
2023-05-29T16:20:14,23,37,0,60
2023-05-29T16:31:51,23,37,0,60
2023-05-29T16:43:37,23,37,0,60
2023-05-29T16:55:14,23,37,0,60
2023-05-29T17:06:51,23,37,0,60
2023-05-29T17:18:30,23,37,0,60
2023-05-29T17:30:06,23,37,0,60
2023-05-29T17:41:52,24,36,0,60
2023-05-29T17:53:29,25,35,0,60
2023-05-29T18:05:07,25,35,0,60
2023-05-29T18:16:44,25,35,0,60
2023-05-29T18:28:20,26,34,0,60
2023-05-29T18:40:11,26,34,0,60
2023-05-29T18:51:48,26,34,0,60
2023-05-29T19:03:23,26,34,0,60
2023-05-29T19:15:01,26,34,0,60
2023-05-29T19:26:37,26,34,0,60
2023-05-29T19:38:22,26,34,0,60
2023-05-29T19:49:57,26,34,0,60
2023-05-29T20:01:36,26,34,0,60
2023-05-29T20:13:14,26,34,0,60
2023-05-29T20:24:50,26,34,0,60
2023-05-29T20:36:37,28,32,0,60
2023-05-29T20:48:13,28,32,0,60
2023-05-29T20:59:49,29,31,0,60
2023-05-29T21:11:26,29,31,0,60
2023-05-29T21:23:03,30,30,0,60
2023-05-29T21:34:52,30,30,0,60
2023-05-29T21:46:29,30,30,0,60
2023-05-29T21:58:07,30,30,0,60
2023-05-29T22:09:43,30,30,0,60
2023-05-29T22:21:19,29,31,0,60
2023-05-29T22:33:03,30,30,0,60
2023-05-29T22:44:39,30,30,0,60
2023-05-29T22:56:16,30,30,0,60
2023-05-29T23:07:53,30,30,0,60
2023-05-29T23:19:29,30,30,0,60
2023-05-29T23:31:05,30,30,0,60
2023-05-29T23:42:51,30,30,0,60
2023-05-29T23:54:28,30,30,0,60
2023-05-30T00:06:04,30,30,0,60
2023-05-30T00:17:43,30,30,0,60
2023-05-30T00:29:19,30,30,0,60
2023-05-30T00:40:58,30,30,0,60
2023-05-30T00:52:44,31,29,0,60
2023-05-30T01:04:22,31,29,0,60
2023-05-30T01:16:00,31,29,0,60
2023-05-30T01:27:37,31,29,0,60
2023-05-30T01:39:14,31,29,0,60
2023-05-30T01:50:50,31,29,0,60
2023-05-30T02:02:26,31,29,0,60
2023-05-30T02:14:04,31,29,0,60
2023-05-30T02:25:49,31,29,0,60
2023-05-30T02:37:26,31,29,0,60
2023-05-30T02:49:12,31,29,0,60
2023-05-30T03:00:50,31,29,0,60
2023-05-30T03:12:28,31,29,0,60
2023-05-30T03:24:06,31,29,0,60
2023-05-30T03:35:45,31,29,0,60
2023-05-30T03:47:23,31,29,0,60
2023-05-30T03:59:00,31,29,0,60
2023-05-30T04:10:38,31,29,0,60
2023-05-30T04:32:45,31,29,0,60
2023-05-30T04:44:27,31,29,0,60
2023-05-30T04:56:07,31,29,0,60
2023-05-30T05:07:47,31,29,0,60
2023-05-30T05:19:25,31,29,0,60
2023-05-30T05:31:03,31,29,0,60
2023-05-30T05:42:42,31,29,0,60
2023-05-30T05:54:21,31,29,0,60
2023-05-30T06:06:00,31,29,0,60
2023-05-30T06:17:38,31,29,0,60
2023-05-30T06:29:17,31,29,0,60
2023-05-30T06:40:56,31,29,0,60
2023-05-30T06:52:34,31,29,0,60
2023-05-30T07:04:12,31,29,0,60
2023-05-30T07:15:49,31,29,0,60
2023-05-30T07:27:25,31,29,0,60
2023-05-30T07:39:04,31,29,0,60
2023-05-30T07:50:40,31,29,0,60
2023-05-30T08:02:15,31,29,0,60
2023-05-30T08:13:51,31,29,0,60
2023-05-30T08:25:38,31,29,0,60
2023-05-30T08:37:15,31,29,0,60
2023-05-30T08:48:51,31,29,0,60
2023-05-30T09:00:27,32,28,0,60
2023-05-30T09:12:05,32,28,0,60
2023-05-30T09:23:42,32,28,0,60
2023-05-30T09:35:31,32,28,0,60
2023-05-30T09:47:08,32,28,0,60
2023-05-30T09:58:45,33,27,0,60
2023-05-30T10:10:26,34,26,0,60
2023-05-30T10:22:04,35,25,0,60
2023-05-30T10:33:55,35,25,0,60
2023-05-30T10:45:37,35,25,0,60
2023-05-30T10:57:16,35,25,0,60
2023-05-30T11:09:12,35,25,0,60
2023-05-30T11:20:53,36,24,0,60
2023-05-30T11:32:45,36,24,0,60
2023-05-30T11:44:24,36,24,0,60
2023-05-30T11:56:03,37,23,0,60
2023-05-30T12:07:44,37,23,0,60
2023-05-30T12:19:32,38,22,0,60
2023-05-30T12:31:11,38,22,0,60
2023-05-30T12:42:54,38,22,0,60
2023-05-30T12:54:48,38,22,0,60
2023-05-30T13:06:31,39,21,0,60
2023-05-30T13:18:12,39,21,0,60
2023-05-30T13:30:03,39,21,0,60
2023-05-30T13:41:46,42,18,0,60
2023-05-30T13:53:26,44,16,0,60
2023-05-30T14:05:16,44,16,0,60
2023-05-30T14:16:59,44,16,0,60
2023-05-30T14:28:39,46,14,0,60
2023-05-30T14:40:32,47,13,0,60
2023-05-30T14:52:12,47,13,0,60
2023-05-30T15:03:52,47,13,0,60
2023-05-30T15:15:44,47,13,0,60
2023-05-30T15:27:23,47,13,0,60
2023-05-30T15:39:04,47,13,0,60
2023-05-30T15:50:58,48,12,0,60
2023-05-30T16:02:43,48,12,0,60
2023-05-30T16:14:23,48,12,0,60
2023-05-30T16:26:14,48,12,0,60
2023-05-30T16:37:55,48,12,0,60
2023-05-30T16:49:32,48,12,0,60
2023-05-30T17:01:24,48,12,0,60
2023-05-30T17:13:05,49,11,0,60
2023-05-30T17:24:44,49,11,0,60
2023-05-30T17:36:33,49,11,0,60
2023-05-30T17:48:11,50,10,0,60
2023-05-30T17:59:49,52,8,0,60
2023-05-30T18:11:38,53,7,0,60
2023-05-30T18:23:29,54,6,0,60
2023-05-30T18:35:08,54,6,0,60
2023-05-30T18:46:45,54,6,0,60
2023-05-30T18:58:23,54,6,0,60
2023-05-30T19:10:15,55,5,0,60
2023-05-30T19:21:56,57,3,0,60
2023-05-30T19:33:35,58,2,0,60
2023-05-30T19:45:14,60,0,0,60
2023-05-30T19:57:02,60,0,0,60
2023-05-30T20:08:40,60,0,0,60
2023-05-30T20:20:20,60,0,0,60
2023-05-30T20:31:59,60,0,0,60
2023-05-30T20:43:37,60,0,0,60
2023-05-30T20:55:27,60,0,0,60
2023-05-30T21:07:06,60,0,0,60
2023-05-30T21:18:44,60,0,0,60
2023-05-30T21:30:24,60,0,0,60
2023-05-30T21:42:15,60,0,0,60
2023-05-30T21:53:52,60,0,0,60
2023-05-30T22:05:31,60,0,0,60
2023-05-30T22:17:08,60,0,0,60
2023-05-30T22:28:44,60,0,0,60
2023-05-30T22:40:31,60,0,0,60
2023-05-30T22:52:07,60,0,0,60
2023-05-30T23:03:44,60,0,0,60
2023-05-30T23:15:22,60,0,0,60
2023-05-30T23:26:59,60,0,0,60
2023-05-30T23:38:47,60,0,0,60
2023-05-30T23:50:23,60,0,0,60
2023-05-31T00:02:01,60,0,0,60
2023-05-31T00:13:40,60,0,0,60
2023-05-31T00:25:20,60,0,0,60
2023-05-31T00:36:59,60,0,0,60
2023-05-31T00:48:38,60,0,0,60
2023-05-31T01:00:16,60,0,0,60
2023-05-31T01:12:04,60,0,0,60
2023-05-31T01:23:46,60,0,0,60
2023-05-31T01:35:25,60,0,0,60
2023-05-31T01:47:03,60,0,0,60
2023-05-31T01:58:42,60,0,0,60
2023-05-31T02:10:21,60,0,0,60
2023-05-31T02:21:59,60,0,0,60
2023-05-31T02:33:38,60,0,0,60
2023-05-31T02:45:15,60,0,0,60
2023-05-31T02:56:53,60,0,0,60
2023-05-31T03:08:43,60,0,0,60
2023-05-31T03:20:22,60,0,0,60
2023-05-31T03:32:02,60,0,0,60
2023-05-31T03:43:42,60,0,0,60
2023-05-31T03:55:22,60,0,0,60
2023-05-31T04:07:16,60,0,0,60
2023-05-31T04:29:21,60,0,0,60
2023-05-31T04:42:31,60,0,0,60
2023-05-31T04:54:12,60,0,0,60
2023-05-31T05:05:54,60,0,0,60
2023-05-31T05:17:34,60,0,0,60
2023-05-31T05:29:13,60,0,0,60
2023-05-31T05:40:55,60,0,0,60
2023-05-31T05:52:35,60,0,0,60
2023-05-31T06:04:14,60,0,0,60
2023-05-31T06:15:53,60,0,0,60
2023-05-31T06:27:31,60,0,0,60
2023-05-31T06:39:10,60,0,0,60
2023-05-31T06:50:50,60,0,0,60
2023-05-31T07:02:28,60,0,0,60
2023-05-31T07:14:06,60,0,0,60
2023-05-31T07:25:43,60,0,0,60
2023-05-31T07:37:25,60,0,0,60
2023-05-31T07:49:02,60,0,0,60
2023-05-31T08:00:40,60,0,0,60
2023-05-31T08:12:28,60,0,0,60
2023-05-31T08:24:06,60,0,0,60
2023-05-31T08:35:45,60,0,0,60
2023-05-31T08:47:24,60,0,0,60
2023-05-31T08:59:04,60,0,0,60
2023-05-31T09:10:45,60,0,0,60
2023-05-31T09:22:26,60,0,0,60
2023-05-31T09:34:04,60,0,0,60
2023-05-31T09:45:54,60,0,0,60
2023-05-31T09:57:33,60,0,0,60
2023-05-31T10:09:12,60,0,0,60
2023-05-31T10:20:52,60,0,0,60
2023-05-31T10:32:33,60,0,0,60
2023-05-31T10:44:24,60,0,0,60
2023-05-31T10:56:05,60,0,0,60
2023-05-31T11:07:44,60,0,0,60
2023-05-31T11:19:24,60,0,0,60
2023-05-31T11:31:16,60,0,0,60
2023-05-31T11:42:55,60,0,0,60
2023-05-31T11:54:34,60,0,0,60
2023-05-31T12:06:24,60,0,0,60
2023-05-31T12:18:03,60,0,0,60
2023-05-31T12:29:42,60,0,0,60
2023-05-31T12:41:21,60,0,0,60
2023-05-31T12:53:09,60,0,0,60
2023-05-31T13:04:47,60,0,0,60
2023-05-31T13:16:25,60,0,0,60
2023-05-31T13:28:02,60,0,0,60
2023-05-31T13:39:42,60,0,0,60
2023-05-31T13:51:30,60,0,0,60
2023-05-31T14:03:08,60,0,0,60
2023-05-31T14:14:46,60,0,0,60
2023-05-31T14:26:24,60,0,0,60
2023-05-31T14:38:02,60,0,0,60
2023-05-31T14:49:51,60,0,0,60
2023-05-31T15:01:31,60,0,0,60
2023-05-31T15:13:11,60,0,0,60
2023-05-31T15:24:50,60,0,0,60
2023-05-31T15:36:28,60,0,0,60
2023-05-31T15:48:16,60,0,0,60
2023-05-31T15:59:54,60,0,0,60
2023-05-31T16:11:32,60,0,0,60
2023-05-31T16:23:10,60,0,0,60
2023-05-31T16:34:48,60,0,0,60
2023-05-31T16:46:37,60,0,0,60
2023-05-31T16:58:15,60,0,0,60
2023-05-31T17:09:54,60,0,0,60
2023-05-31T17:21:33,60,0,0,60
2023-05-31T17:33:11,60,0,0,60
2023-05-31T17:44:51,60,0,0,60
2023-05-31T17:56:39,60,0,0,60
2023-05-31T18:08:17,60,0,0,60
2023-05-31T18:19:55,60,0,0,60
2023-05-31T18:31:34,60,0,0,60
2023-05-31T18:43:12,60,0,0,60
2023-05-31T18:54:49,60,0,0,60
2023-05-31T19:06:29,60,0,0,60
2023-05-31T19:18:07,60,0,0,60
2023-05-31T19:29:56,60,0,0,60
2023-05-31T19:41:34,60,0,0,60
2023-05-31T19:53:12,60,0,0,60
2023-05-31T20:04:49,60,0,0,60
2023-05-31T20:16:28,60,0,0,60
2023-05-31T20:28:05,60,0,0,60
2023-05-31T20:39:43,60,0,0,60
2023-05-31T20:51:31,60,0,0,60
2023-05-31T21:03:10,60,0,0,60
2023-05-31T21:14:48,60,0,0,60
2023-05-31T21:26:25,60,0,0,60
2023-05-31T21:38:03,60,0,0,60
2023-05-31T21:49:41,60,0,0,60
2023-05-31T22:01:19,60,0,0,60
2023-05-31T22:13:07,60,0,0,60
2023-05-31T22:24:45,60,0,0,60
2023-05-31T22:36:23,60,0,0,60
2023-05-31T22:48:02,60,0,0,60
2023-05-31T22:59:40,60,0,0,60
2023-05-31T23:11:18,60,0,0,60
2023-05-31T23:22:57,60,0,0,60
2023-05-31T23:34:47,60,0,0,60
2023-05-31T23:46:25,60,0,0,60
2023-05-31T23:58:04,60,0,0,60
2023-06-01T00:09:45,60,0,0,60
2023-06-01T00:21:31,60,0,0,60
2023-06-01T00:33:11,60,0,0,60
2023-06-01T00:44:53,60,0,0,60
2023-06-01T00:56:35,60,0,0,60
2023-06-01T01:08:16,60,0,0,60
2023-06-01T01:19:57,60,0,0,60
2023-06-01T01:31:48,60,0,0,60
2023-06-01T01:43:28,60,0,0,60
2023-06-01T01:55:07,60,0,0,60
2023-06-01T02:06:46,60,0,0,60
2023-06-01T02:18:25,60,0,0,60
2023-06-01T02:30:03,60,0,0,60
2023-06-01T02:41:44,60,0,0,60
2023-06-01T02:53:23,60,0,0,60
2023-06-01T03:05:03,60,0,0,60
2023-06-01T03:16:46,60,0,0,60
2023-06-01T03:28:26,60,0,0,60
2023-06-01T03:40:08,60,0,0,60
2023-06-01T03:51:49,60,0,0,60
2023-06-01T04:03:30,60,0,0,60
2023-06-01T04:15:12,60,0,0,60
2023-06-01T04:29:06,60,0,0,60
2023-06-01T04:40:51,60,0,0,60
2023-06-01T04:54:10,60,0,0,60
2023-06-01T05:05:53,60,0,0,60
2023-06-01T05:17:35,60,0,0,60
2023-06-01T05:29:16,60,0,0,60
2023-06-01T05:40:58,60,0,0,60
2023-06-01T05:52:39,60,0,0,60
2023-06-01T06:04:20,60,0,0,60
2023-06-01T06:16:02,60,0,0,60
2023-06-01T06:27:42,60,0,0,60
2023-06-01T06:39:23,60,0,0,60
2023-06-01T06:51:04,60,0,0,60
2023-06-01T07:02:46,60,0,0,60
2023-06-01T07:14:26,60,0,0,60
2023-06-01T07:26:07,60,0,0,60
2023-06-01T07:37:47,60,0,0,60
2023-06-01T07:49:26,60,0,0,60
2023-06-01T08:01:06,60,0,0,60
2023-06-01T08:12:50,60,0,0,60
2023-06-01T08:24:30,60,0,0,60
2023-06-01T08:36:11,60,0,0,60
2023-06-01T08:48:01,60,0,0,60
2023-06-01T08:59:41,60,0,0,60
2023-06-01T09:11:21,60,0,0,60
2023-06-01T09:23:00,60,0,0,60
2023-06-01T09:34:39,60,0,0,60
2023-06-01T09:46:18,60,0,0,60
2023-06-01T09:57:58,60,0,0,60
2023-06-01T10:09:38,60,0,0,60
2023-06-01T10:21:16,60,0,0,60
2023-06-01T10:32:55,60,0,0,60
2023-06-01T10:44:44,60,0,0,60
2023-06-01T10:56:22,60,0,0,60
2023-06-01T11:08:00,60,0,0,60
2023-06-01T11:19:38,60,0,0,60
2023-06-01T11:31:16,60,0,0,60
2023-06-01T11:42:54,60,0,0,60
2023-06-01T11:54:43,60,0,0,60
2023-06-01T12:06:21,60,0,0,60
2023-06-01T12:17:59,60,0,0,60
2023-06-01T12:29:37,60,0,0,60
2023-06-01T12:41:15,60,0,0,60
2023-06-01T12:52:54,60,0,0,60
2023-06-01T13:04:43,60,0,0,60
2023-06-01T13:16:22,60,0,0,60
2023-06-01T13:28:00,60,0,0,60
2023-06-01T13:39:38,60,0,0,60
2023-06-01T13:51:17,60,0,0,60
2023-06-01T14:02:56,60,0,0,60
2023-06-01T14:14:46,60,0,0,60
2023-06-01T14:26:24,60,0,0,60
2023-06-01T14:38:02,60,0,0,60
2023-06-01T14:49:41,60,0,0,60
2023-06-01T15:01:20,60,0,0,60
2023-06-01T15:13:01,60,0,0,60
2023-06-01T15:24:51,60,0,0,60
2023-06-01T15:36:30,60,0,0,60
2023-06-01T15:48:09,60,0,0,60
2023-06-01T15:59:48,60,0,0,60
2023-06-01T16:11:27,60,0,0,60
2023-06-01T16:23:05,60,0,0,60
2023-06-01T16:34:55,60,0,0,60
2023-06-01T16:46:34,60,0,0,60
2023-06-01T16:58:13,60,0,0,60
2023-06-01T17:09:52,60,0,0,60
2023-06-01T17:21:32,60,0,0,60
2023-06-01T17:33:11,60,0,0,60
2023-06-01T17:44:50,60,0,0,60
2023-06-01T17:56:28,60,0,0,60
2023-06-01T18:08:18,60,0,0,60
2023-06-01T18:19:58,60,0,0,60
2023-06-01T18:31:38,60,0,0,60
2023-06-01T18:43:18,60,0,0,60
2023-06-01T18:54:59,60,0,0,60
2023-06-01T19:06:40,60,0,0,60
2023-06-01T19:18:20,60,0,0,60
2023-06-01T19:30:01,60,0,0,60
2023-06-01T19:41:41,60,0,0,60
2023-06-01T19:53:33,60,0,0,60
2023-06-01T20:05:14,60,0,0,60
2023-06-01T20:16:55,60,0,0,60
2023-06-01T20:28:35,60,0,0,60
2023-06-01T20:40:16,60,0,0,60
2023-06-01T20:51:56,60,0,0,60
2023-06-01T21:03:37,60,0,0,60
2023-06-01T21:15:17,60,0,0,60
2023-06-01T21:26:58,60,0,0,60
2023-06-01T21:38:49,60,0,0,60
2023-06-01T21:50:30,60,0,0,60
2023-06-01T22:02:10,60,0,0,60
2023-06-01T22:13:50,60,0,0,60
2023-06-01T22:25:31,60,0,0,60
2023-06-01T22:37:22,60,0,0,60
2023-06-01T22:49:02,60,0,0,60
2023-06-01T23:00:42,60,0,0,60
2023-06-01T23:12:24,60,0,0,60
2023-06-01T23:24:05,60,0,0,60
2023-06-01T23:35:46,60,0,0,60
2023-06-01T23:47:26,60,0,0,60
2023-06-01T23:59:07,60,0,0,60
2023-06-02T00:11:00,60,0,0,60
2023-06-02T00:22:46,60,0,0,60
2023-06-02T00:34:30,60,0,0,60
2023-06-02T00:46:15,60,0,0,60
2023-06-02T00:58:01,60,0,0,60
2023-06-02T01:09:45,60,0,0,60
2023-06-02T01:21:31,60,0,0,60
2023-06-02T01:33:15,60,0,0,60
2023-06-02T01:44:59,60,0,0,60
2023-06-02T01:56:44,60,0,0,60
2023-06-02T02:08:27,60,0,0,60
2023-06-02T02:20:10,60,0,0,60
2023-06-02T02:31:53,60,0,0,60
2023-06-02T02:43:36,60,0,0,60
2023-06-02T02:55:29,60,0,0,60
2023-06-02T03:07:12,60,0,0,60
2023-06-02T03:18:56,60,0,0,60
2023-06-02T03:30:39,60,0,0,60
2023-06-02T03:42:23,60,0,0,60
2023-06-02T03:54:07,60,0,0,60
2023-06-02T04:05:50,60,0,0,60
2023-06-02T04:26:24,60,0,0,60
2023-06-02T04:39:21,60,0,0,60
2023-06-02T04:51:22,60,0,0,60
2023-06-02T05:03:07,60,0,0,60
2023-06-02T05:14:50,60,0,0,60
2023-06-02T05:26:35,60,0,0,60
2023-06-02T05:38:37,60,0,0,60
2023-06-02T05:50:21,60,0,0,60
2023-06-02T06:02:06,60,0,0,60
2023-06-02T06:13:49,60,0,0,60
2023-06-02T06:25:31,60,0,0,60
2023-06-02T06:37:15,60,0,0,60
2023-06-02T06:48:57,60,0,0,60
2023-06-02T07:00:39,60,0,0,60
2023-06-02T07:12:22,60,0,0,60
2023-06-02T07:24:04,60,0,0,60
2023-06-02T07:35:46,60,0,0,60
2023-06-02T07:47:28,60,0,0,60
2023-06-02T07:59:10,60,0,0,60
2023-06-02T08:11:03,60,0,0,60
2023-06-02T08:22:46,60,0,0,60
2023-06-02T08:34:28,60,0,0,60
2023-06-02T08:46:10,60,0,0,60
2023-06-02T08:57:53,60,0,0,60
2023-06-02T09:09:35,60,0,0,60
2023-06-02T09:21:19,60,0,0,60
2023-06-02T09:33:01,60,0,0,60
2023-06-02T09:44:43,60,0,0,60
2023-06-02T09:56:25,60,0,0,60
2023-06-02T10:08:07,60,0,0,60
2023-06-02T10:20:00,60,0,0,60
2023-06-02T10:31:41,60,0,0,60
2023-06-02T10:43:22,60,0,0,60
2023-06-02T10:55:02,60,0,0,60
2023-06-02T11:06:43,60,0,0,60
2023-06-02T11:18:23,60,0,0,60
2023-06-02T11:30:04,60,0,0,60
2023-06-02T11:41:55,60,0,0,60
2023-06-02T11:53:36,60,0,0,60
2023-06-02T12:05:16,60,0,0,60
2023-06-02T12:16:57,60,0,0,60
2023-06-02T12:28:37,60,0,0,60
2023-06-02T12:40:17,60,0,0,60
2023-06-02T12:51:58,60,0,0,60
2023-06-02T13:03:51,60,0,0,60
2023-06-02T13:15:31,60,0,0,60
2023-06-02T13:27:11,60,0,0,60
2023-06-02T13:38:52,60,0,0,60
2023-06-02T13:50:32,60,0,0,60
2023-06-02T14:02:13,60,0,0,60
2023-06-02T14:13:53,60,0,0,60
2023-06-02T14:25:45,60,0,0,60
2023-06-02T14:37:26,60,0,0,60
2023-06-02T14:49:07,60,0,0,60
2023-06-02T15:00:48,60,0,0,60
2023-06-02T15:12:29,60,0,0,60
2023-06-02T15:24:10,60,0,0,60
2023-06-02T15:35:53,60,0,0,60
2023-06-02T15:47:45,60,0,0,60
2023-06-02T15:59:26,60,0,0,60
2023-06-02T16:11:08,60,0,0,60
2023-06-02T16:22:50,60,0,0,60
2023-06-02T16:34:32,60,0,0,60
2023-06-02T16:46:14,60,0,0,60
2023-06-02T16:57:55,60,0,0,60
2023-06-02T17:09:38,60,0,0,60
2023-06-02T17:21:30,60,0,0,60
2023-06-02T17:33:11,60,0,0,60
2023-06-02T17:44:52,60,0,0,60
2023-06-02T17:56:33,60,0,0,60
2023-06-02T18:08:14,60,0,0,60
2023-06-02T18:19:55,60,0,0,60
2023-06-02T18:31:36,60,0,0,60
2023-06-02T18:43:17,60,0,0,60
2023-06-02T18:54:57,60,0,0,60
2023-06-02T19:06:39,60,0,0,60
2023-06-02T19:18:32,60,0,0,60
2023-06-02T19:30:13,60,0,0,60
2023-06-02T19:41:54,60,0,0,60
2023-06-02T19:53:36,60,0,0,60
2023-06-02T20:05:17,60,0,0,60
2023-06-02T20:16:58,60,0,0,60
2023-06-02T20:28:39,60,0,0,60
2023-06-02T20:40:20,60,0,0,60
2023-06-02T20:52:02,60,0,0,60
2023-06-02T21:03:43,60,0,0,60
2023-06-02T21:15:24,60,0,0,60
2023-06-02T21:27:16,60,0,0,60
2023-06-02T21:38:57,60,0,0,60
2023-06-02T21:50:38,60,0,0,60
2023-06-02T22:02:19,60,0,0,60
2023-06-02T22:14:00,60,0,0,60
2023-06-02T22:25:41,60,0,0,60
2023-06-02T22:37:22,60,0,0,60
2023-06-02T22:49:03,60,0,0,60
2023-06-02T23:00:44,60,0,0,60
2023-06-02T23:12:26,60,0,0,60
2023-06-02T23:24:08,60,0,0,60
2023-06-02T23:36:00,60,0,0,60
2023-06-02T23:47:42,60,0,0,60
2023-06-02T23:59:23,60,0,0,60
2023-06-03T00:11:43,60,0,0,60
2023-06-03T00:23:33,60,0,0,60
2023-06-03T00:35:17,60,0,0,60
2023-06-03T00:47:01,60,0,0,60
2023-06-03T00:58:45,60,0,0,60
2023-06-03T01:10:29,60,0,0,60
2023-06-03T01:22:16,60,0,0,60
2023-06-03T01:34:00,60,0,0,60
2023-06-03T01:45:54,60,0,0,60
2023-06-03T01:57:38,60,0,0,60
2023-06-03T02:09:21,60,0,0,60
2023-06-03T02:21:04,60,0,0,60
2023-06-03T02:32:47,60,0,0,60
2023-06-03T02:44:30,60,0,0,60
2023-06-03T02:56:12,60,0,0,60
2023-06-03T03:07:54,60,0,0,60
2023-06-03T03:19:37,60,0,0,60
2023-06-03T03:31:20,60,0,0,60
2023-06-03T03:43:02,60,0,0,60
2023-06-03T03:54:46,60,0,0,60
2023-06-03T04:06:42,60,0,0,60
2023-06-03T04:21:39,60,0,0,60
2023-06-03T04:33:52,60,0,0,60
2023-06-03T04:45:37,60,0,0,60
2023-06-03T04:57:22,60,0,0,60
2023-06-03T05:09:06,60,0,0,60
2023-06-03T05:20:51,60,0,0,60
2023-06-03T05:32:37,60,0,0,60
2023-06-03T05:44:22,60,0,0,60
2023-06-03T05:56:05,60,0,0,60
2023-06-03T06:07:51,60,0,0,60
2023-06-03T06:19:35,60,0,0,60
2023-06-03T06:31:20,60,0,0,60
2023-06-03T06:43:09,60,0,0,60
2023-06-03T06:54:53,60,0,0,60
2023-06-03T07:06:37,60,0,0,60
2023-06-03T07:18:21,60,0,0,60
2023-06-03T07:30:13,60,0,0,60
2023-06-03T07:41:56,60,0,0,60
2023-06-03T07:53:39,60,0,0,60
2023-06-03T08:05:23,60,0,0,60
2023-06-03T08:17:06,60,0,0,60
2023-06-03T08:28:51,60,0,0,60
2023-06-03T08:40:36,60,0,0,60
2023-06-03T08:52:20,60,0,0,60
2023-06-03T09:04:03,60,0,0,60
2023-06-03T09:15:46,60,0,0,60
2023-06-03T09:27:41,60,0,0,60
2023-06-03T09:39:24,60,0,0,60
2023-06-03T09:51:06,60,0,0,60
2023-06-03T10:02:48,60,0,0,60
2023-06-03T10:14:29,60,0,0,60
2023-06-03T10:26:12,60,0,0,60
2023-06-03T10:37:53,60,0,0,60
2023-06-03T10:49:35,60,0,0,60
2023-06-03T11:01:16,60,0,0,60
2023-06-03T11:12:56,60,0,0,60
2023-06-03T11:24:37,60,0,0,60
2023-06-03T11:36:29,60,0,0,60
2023-06-03T11:48:09,60,0,0,60
2023-06-03T11:59:49,60,0,0,60
2023-06-03T12:11:30,60,0,0,60
2023-06-03T12:23:11,60,0,0,60
2023-06-03T12:34:51,60,0,0,60
2023-06-03T12:46:32,60,0,0,60
2023-06-03T12:58:12,60,0,0,60
2023-06-03T13:09:53,60,0,0,60
2023-06-03T13:21:33,60,0,0,60
2023-06-03T13:33:24,60,0,0,60
2023-06-03T13:45:06,60,0,0,60
2023-06-03T13:56:46,60,0,0,60
2023-06-03T14:08:27,60,0,0,60
2023-06-03T14:20:08,60,0,0,60
2023-06-03T14:31:48,60,0,0,60
2023-06-03T14:43:39,60,0,0,60
2023-06-03T14:55:19,60,0,0,60
2023-06-03T15:07:00,60,0,0,60
2023-06-03T15:18:41,60,0,0,60
2023-06-03T15:30:21,60,0,0,60
2023-06-03T15:42:02,60,0,0,60
2023-06-03T15:53:43,60,0,0,60
2023-06-03T16:05:23,60,0,0,60
2023-06-03T16:17:04,60,0,0,60
2023-06-03T16:28:45,60,0,0,60
2023-06-03T16:40:35,60,0,0,60
2023-06-03T16:52:16,60,0,0,60
2023-06-03T17:03:57,60,0,0,60
2023-06-03T17:15:39,60,0,0,60
2023-06-03T17:27:20,60,0,0,60
2023-06-03T17:39:01,60,0,0,60
2023-06-03T17:50:42,60,0,0,60
2023-06-03T18:02:22,60,0,0,60
2023-06-03T18:14:03,60,0,0,60
2023-06-03T18:25:43,60,0,0,60
2023-06-03T18:37:34,60,0,0,60
2023-06-03T18:49:14,60,0,0,60
2023-06-03T19:00:55,60,0,0,60
2023-06-03T19:12:36,60,0,0,60
2023-06-03T19:24:17,60,0,0,60
2023-06-03T19:35:57,60,0,0,60
2023-06-03T19:47:38,60,0,0,60
2023-06-03T19:59:19,60,0,0,60
2023-06-03T20:11:00,60,0,0,60
2023-06-03T20:22:41,60,0,0,60
2023-06-03T20:34:22,60,0,0,60
2023-06-03T20:46:12,60,0,0,60
2023-06-03T20:57:53,60,0,0,60
2023-06-03T21:09:34,60,0,0,60
2023-06-03T21:21:15,60,0,0,60
2023-06-03T21:32:56,60,0,0,60
2023-06-03T21:44:37,60,0,0,60
2023-06-03T21:56:19,60,0,0,60
2023-06-03T22:08:00,60,0,0,60
2023-06-03T22:19:41,60,0,0,60
2023-06-03T22:31:22,60,0,0,60
2023-06-03T22:43:03,60,0,0,60
2023-06-03T22:54:53,60,0,0,60
2023-06-03T23:06:35,60,0,0,60
2023-06-03T23:18:16,60,0,0,60
2023-06-03T23:29:57,60,0,0,60
2023-06-03T23:41:39,60,0,0,60
2023-06-03T23:53:21,60,0,0,60
2023-06-04T00:05:03,60,0,0,60
2023-06-04T00:16:52,60,0,0,60
2023-06-04T00:28:35,60,0,0,60
2023-06-04T00:40:19,60,0,0,60
2023-06-04T00:52:03,60,0,0,60
2023-06-04T01:03:47,60,0,0,60
2023-06-04T01:15:29,60,0,0,60
2023-06-04T01:27:24,60,0,0,60
2023-06-04T01:39:09,60,0,0,60
2023-06-04T01:50:53,60,0,0,60
2023-06-04T02:02:37,60,0,0,60
2023-06-04T02:14:37,60,0,0,60
2023-06-04T02:26:21,60,0,0,60
2023-06-04T02:38:06,60,0,0,60
2023-06-04T02:49:49,60,0,0,60
2023-06-04T03:01:32,60,0,0,60
2023-06-04T03:13:16,60,0,0,60
2023-06-04T03:25:00,60,0,0,60
2023-06-04T03:36:44,60,0,0,60
2023-06-04T03:48:28,60,0,0,60
2023-06-04T04:00:11,60,0,0,60
2023-06-04T04:11:56,60,0,0,60
2023-06-04T04:27:10,60,0,0,60
2023-06-04T04:40:01,60,0,0,60
2023-06-04T04:51:47,60,0,0,60
2023-06-04T05:03:33,60,0,0,60
2023-06-04T05:15:17,60,0,0,60
2023-06-04T05:27:01,60,0,0,60
2023-06-04T05:38:45,60,0,0,60
2023-06-04T05:50:29,60,0,0,60
2023-06-04T06:02:14,60,0,0,60
2023-06-04T06:13:57,60,0,0,60
2023-06-04T06:25:41,60,0,0,60
2023-06-04T06:37:25,60,0,0,60
2023-06-04T06:49:09,60,0,0,60
2023-06-04T07:00:52,60,0,0,60
2023-06-04T07:12:34,60,0,0,60
2023-06-04T07:24:16,60,0,0,60
2023-06-04T07:35:57,60,0,0,60
2023-06-04T07:47:38,60,0,0,60
2023-06-04T07:59:20,60,0,0,60
2023-06-04T08:11:12,60,0,0,60
2023-06-04T08:22:54,60,0,0,60
2023-06-04T08:34:37,60,0,0,60
2023-06-04T08:46:18,60,0,0,60
2023-06-04T08:58:00,60,0,0,60
2023-06-04T09:09:41,60,0,0,60
2023-06-04T09:21:23,60,0,0,60
2023-06-04T09:33:05,60,0,0,60
2023-06-04T09:44:46,60,0,0,60
2023-06-04T09:56:27,60,0,0,60
2023-06-04T10:08:09,60,0,0,60
2023-06-04T10:19:50,60,0,0,60
2023-06-04T10:31:31,60,0,0,60
2023-06-04T10:43:12,60,0,0,60
2023-06-04T10:54:53,60,0,0,60
2023-06-04T11:06:35,60,0,0,60
2023-06-04T11:18:17,60,0,0,60
2023-06-04T11:30:09,60,0,0,60
2023-06-04T11:41:51,60,0,0,60
2023-06-04T11:53:32,60,0,0,60
2023-06-04T12:05:13,60,0,0,60
2023-06-04T12:16:53,60,0,0,60
2023-06-04T12:28:34,60,0,0,60
2023-06-04T12:40:15,60,0,0,60
2023-06-04T12:51:55,60,0,0,60
2023-06-04T13:03:36,60,0,0,60
2023-06-04T13:15:17,60,0,0,60
2023-06-04T13:26:57,60,0,0,60
2023-06-04T13:38:38,60,0,0,60
2023-06-04T13:50:29,60,0,0,60
2023-06-04T14:02:09,60,0,0,60
2023-06-04T14:13:50,60,0,0,60
2023-06-04T14:25:30,60,0,0,60
2023-06-04T14:37:10,60,0,0,60
2023-06-04T14:48:51,60,0,0,60
2023-06-04T15:00:31,60,0,0,60
2023-06-04T15:12:12,60,0,0,60
2023-06-04T15:23:53,60,0,0,60
2023-06-04T15:35:44,60,0,0,60
2023-06-04T15:47:25,60,0,0,60
2023-06-04T15:59:06,60,0,0,60
2023-06-04T16:10:47,60,0,0,60
2023-06-04T16:22:28,60,0,0,60
2023-06-04T16:34:10,60,0,0,60
2023-06-04T16:45:52,60,0,0,60
2023-06-04T16:57:32,60,0,0,60
2023-06-04T17:09:14,60,0,0,60
2023-06-04T17:20:55,60,0,0,60
2023-06-04T17:32:47,60,0,0,60
2023-06-04T17:44:28,60,0,0,60
2023-06-04T17:56:08,60,0,0,60
2023-06-04T18:07:49,60,0,0,60
2023-06-04T18:19:30,60,0,0,60
2023-06-04T18:31:11,60,0,0,60
2023-06-04T18:42:52,60,0,0,60
2023-06-04T18:54:33,60,0,0,60
2023-06-04T19:06:17,60,0,0,60
2023-06-04T19:17:58,60,0,0,60
2023-06-04T19:29:49,60,0,0,60
2023-06-04T19:41:30,60,0,0,60
2023-06-04T19:53:11,60,0,0,60
2023-06-04T20:04:52,60,0,0,60
2023-06-04T20:16:34,60,0,0,60
2023-06-04T20:28:14,60,0,0,60
2023-06-04T20:39:55,60,0,0,60
2023-06-04T20:51:36,60,0,0,60
2023-06-04T21:03:17,60,0,0,60
2023-06-04T21:14:58,60,0,0,60
2023-06-04T21:26:50,60,0,0,60
2023-06-04T21:38:32,60,0,0,60
2023-06-04T21:50:13,60,0,0,60
2023-06-04T22:01:54,60,0,0,60
2023-06-04T22:13:35,60,0,0,60
2023-06-04T22:25:17,60,0,0,60
2023-06-04T22:36:58,60,0,0,60
2023-06-04T22:48:39,60,0,0,60
2023-06-04T23:00:20,60,0,0,60
2023-06-04T23:12:11,60,0,0,60
2023-06-04T23:23:52,60,0,0,60
2023-06-04T23:35:34,60,0,0,60
2023-06-04T23:47:16,60,0,0,60
2023-06-04T23:58:57,60,0,0,60
2023-06-05T00:10:41,60,0,0,60
2023-06-05T00:22:30,60,0,0,60
2023-06-05T00:34:27,60,0,0,60
2023-06-05T00:46:11,60,0,0,60
2023-06-05T00:57:54,60,0,0,60
2023-06-05T01:09:48,60,0,0,60
2023-06-05T01:21:36,60,0,0,60
2023-06-05T01:33:20,60,0,0,60
2023-06-05T01:45:05,60,0,0,60
2023-06-05T01:56:48,60,0,0,60
2023-06-05T02:08:38,60,0,0,60
2023-06-05T02:20:21,60,0,0,60
2023-06-05T02:32:04,60,0,0,60
2023-06-05T02:43:47,60,0,0,60
2023-06-05T02:55:30,60,0,0,60
2023-06-05T03:07:12,60,0,0,60
2023-06-05T03:18:56,60,0,0,60
2023-06-05T03:30:40,60,0,0,60
2023-06-05T03:42:24,60,0,0,60
2023-06-05T03:54:09,60,0,0,60
2023-06-05T04:05:54,60,0,0,60
2023-06-05T04:17:39,60,0,0,60
2023-06-05T04:30:22,60,0,0,60
2023-06-05T04:43:54,60,0,0,60
2023-06-05T04:55:41,60,0,0,60
2023-06-05T05:07:26,60,0,0,60
2023-06-05T05:19:10,60,0,0,60
2023-06-05T05:30:56,60,0,0,60
2023-06-05T05:42:40,60,0,0,60
2023-06-05T05:54:25,60,0,0,60
2023-06-05T06:06:13,60,0,0,60
2023-06-05T06:17:57,60,0,0,60
2023-06-05T06:29:41,60,0,0,60
2023-06-05T06:41:26,60,0,0,60
2023-06-05T06:53:10,60,0,0,60
2023-06-05T07:04:54,60,0,0,60
2023-06-05T07:16:38,60,0,0,60
2023-06-05T07:28:19,60,0,0,60
2023-06-05T07:40:01,60,0,0,60
2023-06-05T07:51:42,60,0,0,60
2023-06-05T08:03:23,60,0,0,60
2023-06-05T08:15:04,60,0,0,60
2023-06-05T08:26:46,60,0,0,60
2023-06-05T08:38:38,60,0,0,60
2023-06-05T08:50:19,60,0,0,60
2023-06-05T09:02:00,60,0,0,60
2023-06-05T09:13:41,60,0,0,60
2023-06-05T09:25:23,60,0,0,60
2023-06-05T09:37:04,60,0,0,60
2023-06-05T09:48:45,60,0,0,60
2023-06-05T10:00:26,60,0,0,60
2023-06-05T10:12:08,60,0,0,60
2023-06-05T10:24:00,60,0,0,60
2023-06-05T10:35:41,60,0,0,60
2023-06-05T10:47:22,60,0,0,60
2023-06-05T10:59:04,60,0,0,60
2023-06-05T11:10:45,60,0,0,60
2023-06-05T11:22:37,60,0,0,60
2023-06-05T11:34:19,60,0,0,60
2023-06-05T11:46:00,60,0,0,60
2023-06-05T11:57:41,60,0,0,60
2023-06-05T12:09:23,60,0,0,60
2023-06-05T12:21:15,60,0,0,60
2023-06-05T12:32:58,60,0,0,60
2023-06-05T12:44:41,60,0,0,60
2023-06-05T12:56:23,60,0,0,60
2023-06-05T13:08:04,60,0,0,60
2023-06-05T13:19:58,60,0,0,60
2023-06-05T13:31:39,60,0,0,60
2023-06-05T13:43:20,60,0,0,60
2023-06-05T13:55:02,60,0,0,60
2023-06-05T14:06:53,60,0,0,60
2023-06-05T14:18:35,60,0,0,60
2023-06-05T14:30:16,60,0,0,60
2023-06-05T14:42:00,60,0,0,60
2023-06-05T14:53:42,60,0,0,60
2023-06-05T15:05:35,60,0,0,60
2023-06-05T15:17:18,60,0,0,60
2023-06-05T15:28:59,60,0,0,60
2023-06-05T15:40:41,60,0,0,60
2023-06-05T15:52:33,60,0,0,60
2023-06-05T16:04:14,60,0,0,60
2023-06-05T16:15:55,60,0,0,60
2023-06-05T16:27:37,60,0,0,60
2023-06-05T16:39:20,60,0,0,60
2023-06-05T16:51:01,60,0,0,60
2023-06-05T17:02:53,60,0,0,60
2023-06-05T17:14:36,60,0,0,60
2023-06-05T17:26:17,60,0,1,60
2023-06-05T17:38:00,60,0,1,60
2023-06-05T17:49:41,60,0,1,60
2023-06-05T18:01:33,60,0,1,60
2023-06-05T18:13:14,60,0,1,60
2023-06-05T18:24:55,60,0,1,60
2023-06-05T18:36:36,60,0,1,60
2023-06-05T18:48:17,60,0,1,60
2023-06-05T18:59:58,60,0,1,60
2023-06-05T19:11:40,60,0,1,60
2023-06-05T19:23:32,60,0,1,60
2023-06-05T19:35:13,60,0,1,60
2023-06-05T19:46:55,60,0,1,60
2023-06-05T19:58:36,60,0,1,60
2023-06-05T20:10:18,60,0,1,60
2023-06-05T20:21:59,60,0,1,60
2023-06-05T20:33:41,60,0,1,60
2023-06-05T20:45:35,60,0,1,60
2023-06-05T20:57:16,60,0,1,60
2023-06-05T21:08:57,60,0,1,60
2023-06-05T21:20:39,60,0,1,60
2023-06-05T21:32:20,60,0,1,60
2023-06-05T21:44:02,60,0,1,60
2023-06-05T21:55:55,60,0,1,60
2023-06-05T22:07:36,60,0,1,60
2023-06-05T22:19:18,60,0,1,60
2023-06-05T22:30:59,60,0,1,60
2023-06-05T22:42:41,60,0,1,60
2023-06-05T22:54:22,60,0,1,60
2023-06-05T23:06:05,60,0,1,60
2023-06-05T23:17:57,60,0,1,60
2023-06-05T23:29:40,60,0,1,60
2023-06-05T23:41:22,60,0,1,60
2023-06-05T23:53:04,60,0,1,60
2023-06-06T00:04:46,60,0,1,60
2023-06-06T00:16:30,60,0,1,60
2023-06-06T00:28:14,60,0,1,60
2023-06-06T00:39:59,60,0,1,60
2023-06-06T00:51:55,60,0,1,60
2023-06-06T01:03:40,60,0,1,60
2023-06-06T01:15:25,60,0,1,60
2023-06-06T01:27:09,60,0,1,60
2023-06-06T01:38:53,60,0,1,60
2023-06-06T01:50:37,60,0,1,60
2023-06-06T02:02:22,60,0,1,60
2023-06-06T02:14:06,60,0,1,60
2023-06-06T02:25:49,60,0,1,60
2023-06-06T02:37:32,60,0,1,60
2023-06-06T02:49:15,60,0,1,60
2023-06-06T03:00:57,60,0,1,60
2023-06-06T03:12:40,60,0,1,60
2023-06-06T03:24:24,60,0,1,60
2023-06-06T03:36:07,60,0,1,60
2023-06-06T03:47:51,60,0,1,60
2023-06-06T03:59:36,60,0,1,60
2023-06-06T04:11:19,60,0,1,60
2023-06-06T04:27:21,60,0,1,60
2023-06-06T04:39:08,60,0,1,60
2023-06-06T04:52:34,60,0,1,60
2023-06-06T05:04:21,60,0,1,60
2023-06-06T05:16:06,60,0,1,60
2023-06-06T05:27:50,60,0,1,60
2023-06-06T05:39:35,60,0,1,60
2023-06-06T05:51:19,60,0,1,60
2023-06-06T06:03:04,60,0,1,60
2023-06-06T06:14:52,60,0,1,60
2023-06-06T06:26:36,60,0,1,60
2023-06-06T06:38:21,60,0,1,60
2023-06-06T06:50:05,60,0,1,60
2023-06-06T07:01:49,60,0,1,60
2023-06-06T07:13:33,60,0,1,60
2023-06-06T07:25:17,60,0,1,60
2023-06-06T07:37:01,60,0,1,60
2023-06-06T07:48:44,60,0,1,60
2023-06-06T08:00:26,60,0,1,60
2023-06-06T08:12:10,60,0,1,60
2023-06-06T08:23:53,60,0,1,60
2023-06-06T08:35:36,60,0,1,60
2023-06-06T08:47:20,60,0,1,60
2023-06-06T08:59:12,60,0,1,60
2023-06-06T09:10:56,60,0,1,60
2023-06-06T09:22:39,60,0,1,60
2023-06-06T09:34:22,60,0,1,60
2023-06-06T09:46:05,60,0,1,60
2023-06-06T09:57:47,60,0,1,60
2023-06-06T10:09:28,60,0,1,60
2023-06-06T10:21:22,60,0,1,60
2023-06-06T10:33:04,60,0,1,60
2023-06-06T10:44:45,60,0,1,60
2023-06-06T10:56:27,60,0,1,60
2023-06-06T11:08:10,60,0,1,60
2023-06-06T11:19:52,60,0,1,60
2023-06-06T11:31:46,60,0,1,60
2023-06-06T11:43:28,60,0,1,60
2023-06-06T11:55:09,60,0,1,60
2023-06-06T12:07:03,60,0,1,60
2023-06-06T12:18:45,60,0,1,60
2023-06-06T12:30:27,60,0,1,60
2023-06-06T12:42:08,60,0,1,60
2023-06-06T12:53:50,60,0,1,60
2023-06-06T13:05:43,60,0,1,60
2023-06-06T13:17:25,60,0,1,60
2023-06-06T13:29:07,60,0,1,60
2023-06-06T13:40:51,60,0,1,60
2023-06-06T13:52:45,60,0,1,60
2023-06-06T14:04:29,60,0,1,60
2023-06-06T14:16:12,60,0,1,60
2023-06-06T14:27:56,60,0,1,60
2023-06-06T14:39:50,60,0,2,60
2023-06-06T14:51:32,60,0,2,60
2023-06-06T15:03:14,60,0,2,60
2023-06-06T15:14:56,60,0,2,60
2023-06-06T15:26:52,60,0,2,60
2023-06-06T15:38:35,60,0,2,60
2023-06-06T15:50:17,60,0,2,60
2023-06-06T16:02:01,60,0,2,60
2023-06-06T16:13:44,60,0,2,60
2023-06-06T16:25:37,60,0,2,60
2023-06-06T16:37:20,60,0,2,60
2023-06-06T16:49:02,60,0,2,60
2023-06-06T17:00:45,60,0,2,60
2023-06-06T17:12:41,60,0,2,60
2023-06-06T17:24:24,60,0,2,60
2023-06-06T17:36:06,60,0,3,60
2023-06-06T17:47:49,60,0,3,60
2023-06-06T17:59:31,60,0,3,60
2023-06-06T18:11:28,60,0,3,60
2023-06-06T18:23:11,60,0,4,60
2023-06-06T18:34:53,60,0,4,60
2023-06-06T18:46:35,60,0,4,60
2023-06-06T18:58:30,60,0,4,60
2023-06-06T19:10:11,60,0,4,60
2023-06-06T19:21:50,60,0,5,60
2023-06-06T19:33:30,60,0,5,60
2023-06-06T19:45:09,60,0,5,60
2023-06-06T19:57:00,60,0,5,60
2023-06-06T20:08:39,60,0,5,60
2023-06-06T20:20:18,60,0,5,60
2023-06-06T20:31:58,60,0,5,60
2023-06-06T20:43:37,60,0,5,60
2023-06-06T20:55:15,60,0,5,60
2023-06-06T21:07:06,60,0,5,60
2023-06-06T21:18:45,60,0,5,60
2023-06-06T21:30:24,60,0,5,60
2023-06-06T21:42:03,60,0,5,60
2023-06-06T21:53:41,60,0,5,60
2023-06-06T22:05:20,60,0,5,60
2023-06-06T22:17:09,60,0,5,60
2023-06-06T22:28:47,60,0,5,60
2023-06-06T22:40:26,60,0,5,60
2023-06-06T22:52:04,60,0,5,60
2023-06-06T23:03:43,60,0,5,60
2023-06-06T23:15:23,60,0,5,60
2023-06-06T23:27:02,60,0,5,60
2023-06-06T23:38:53,60,0,5,60
2023-06-06T23:50:32,60,0,5,60
2023-06-07T00:02:11,60,0,5,60
2023-06-07T00:13:55,60,0,5,60
2023-06-07T00:25:38,60,0,5,60
2023-06-07T00:37:19,60,0,5,60
2023-06-07T00:49:00,60,0,5,60
2023-06-07T01:00:42,60,0,5,60
2023-06-07T01:12:24,60,0,5,60
2023-06-07T01:24:18,60,0,5,60
2023-06-07T01:36:00,60,0,5,60
2023-06-07T01:47:41,60,0,5,60
2023-06-07T01:59:23,60,0,5,60
2023-06-07T02:11:04,60,0,5,60
2023-06-07T02:22:44,60,0,5,60
2023-06-07T02:34:24,60,0,5,60
2023-06-07T02:46:06,60,0,5,60
2023-06-07T02:57:49,60,0,5,60
2023-06-07T03:09:31,60,0,5,60
2023-06-07T03:21:13,60,0,5,60
2023-06-07T03:32:55,60,0,5,60
2023-06-07T03:44:38,60,0,5,60
2023-06-07T03:56:21,60,0,5,60
2023-06-07T04:08:02,60,0,5,60
2023-06-07T04:18:43,60,0,5,60
2023-06-07T04:30:28,60,0,5,60
2023-06-07T04:43:41,60,0,5,60
2023-06-07T04:55:47,60,0,5,60
2023-06-07T05:07:34,60,0,5,60
2023-06-07T05:19:20,60,0,5,60
2023-06-07T05:31:05,60,0,5,60
2023-06-07T05:42:50,60,0,5,60
2023-06-07T05:54:35,60,0,5,60
2023-06-07T06:06:20,60,0,5,60
2023-06-07T06:18:05,60,0,5,60
2023-06-07T06:29:50,60,0,5,60
2023-06-07T06:41:35,60,0,5,60
2023-06-07T06:53:19,60,0,5,60
2023-06-07T07:05:07,60,0,5,60
2023-06-07T07:16:51,60,0,5,60
2023-06-07T07:28:35,60,0,5,60
2023-06-07T07:40:19,60,0,5,60
2023-06-07T07:52:01,60,0,5,60
2023-06-07T08:03:44,60,0,5,60
2023-06-07T08:15:26,60,0,5,60
2023-06-07T08:27:09,60,0,5,60
2023-06-07T08:39:01,60,0,5,60
2023-06-07T08:50:45,60,0,5,60
2023-06-07T09:02:28,60,0,5,60
2023-06-07T09:14:11,60,0,5,60
2023-06-07T09:25:54,60,0,5,60
2023-06-07T09:37:36,60,0,5,60
2023-06-07T09:49:19,60,0,5,60
2023-06-07T10:01:13,60,0,5,60
2023-06-07T10:12:57,60,0,5,60
2023-06-07T10:24:40,60,0,5,60
2023-06-07T10:36:22,60,0,5,60
2023-06-07T10:48:05,60,0,5,60
2023-06-07T10:59:58,60,0,5,60
2023-06-07T11:11:44,60,0,5,60
2023-06-07T11:23:29,60,0,5,60
2023-06-07T11:35:12,60,0,5,60
2023-06-07T11:47:17,60,0,5,60
2023-06-07T11:59:00,60,0,5,60
2023-06-07T12:10:44,60,0,5,60
2023-06-07T12:22:27,60,0,5,60
2023-06-07T12:34:21,60,0,5,60
2023-06-07T12:46:03,60,0,5,60
2023-06-07T12:57:45,60,0,5,60
2023-06-07T13:09:28,60,0,5,60
2023-06-07T13:21:20,60,0,5,60
2023-06-07T13:33:02,60,0,5,60
2023-06-07T13:44:45,60,0,5,60
2023-06-07T13:56:28,60,0,5,60
2023-06-07T14:08:27,60,0,5,60
2023-06-07T14:20:09,60,0,5,60
2023-06-07T14:31:51,60,0,5,60
2023-06-07T14:43:33,60,0,5,60
2023-06-07T14:55:26,60,0,5,60
2023-06-07T15:07:09,60,0,6,60
2023-06-07T15:18:53,60,0,6,60
2023-06-07T15:30:36,60,0,6,60
2023-06-07T15:42:40,60,0,7,60
2023-06-07T15:54:24,60,0,7,60
2023-06-07T16:06:07,60,0,7,60
2023-06-07T16:17:50,60,0,7,60
2023-06-07T16:29:44,60,0,7,60
2023-06-07T16:41:28,60,0,7,60
2023-06-07T16:53:10,60,0,7,60
2023-06-07T17:04:55,60,0,7,60
2023-06-07T17:16:59,60,0,7,60
2023-06-07T17:28:41,60,0,7,60
2023-06-07T17:40:24,60,0,7,60
2023-06-07T17:52:07,60,0,7,60
2023-06-07T18:03:51,60,0,7,60
2023-06-07T18:15:48,60,0,7,60
2023-06-07T18:27:31,60,0,6,60
2023-06-07T18:39:14,60,0,7,60
2023-06-07T18:50:57,60,0,6,60
2023-06-07T19:02:40,60,0,6,60
2023-06-07T19:14:35,60,0,6,60
2023-06-07T19:26:17,60,0,6,60
2023-06-07T19:38:01,60,0,7,60
2023-06-07T19:49:43,60,0,7,60
2023-06-07T20:01:26,60,0,8,60
2023-06-07T20:13:20,60,0,8,60
2023-06-07T20:25:02,60,0,8,60
2023-06-07T20:36:44,60,0,10,60
2023-06-07T20:48:26,60,0,12,60
2023-06-07T21:00:09,60,0,13,60
2023-06-07T21:11:51,60,0,14,60
2023-06-07T21:23:52,60,0,14,60
2023-06-07T21:35:36,60,0,14,60
2023-06-07T21:47:18,60,0,15,60
2023-06-07T21:59:01,60,0,16,60
2023-06-07T22:10:43,60,0,16,60
2023-06-07T22:22:36,60,0,16,60
2023-06-07T22:34:18,60,0,16,60
2023-06-07T22:46:01,60,0,16,60
2023-06-07T22:57:42,60,0,16,60
2023-06-07T23:09:25,60,0,17,60
2023-06-07T23:21:08,60,0,17,60
2023-06-07T23:33:01,60,0,17,60
2023-06-07T23:44:43,60,0,17,60
2023-06-07T23:56:26,60,0,17,60
2023-06-08T00:08:10,60,0,17,60
2023-06-08T00:19:57,60,0,17,60
2023-06-08T00:31:42,60,0,17,60
2023-06-08T00:43:29,60,0,17,60
2023-06-08T00:55:36,60,0,17,60
2023-06-08T01:07:21,60,0,17,60
2023-06-08T01:19:06,60,0,17,60
2023-06-08T01:30:51,60,0,17,60
2023-06-08T01:42:36,60,0,17,60
2023-06-08T01:54:21,60,0,17,60
2023-06-08T02:06:08,60,0,17,60
2023-06-08T02:17:53,60,0,17,60
2023-06-08T02:29:37,60,0,17,60
2023-06-08T02:41:21,60,0,17,60
2023-06-08T02:53:03,60,0,17,60
2023-06-08T03:04:46,60,0,17,60
2023-06-08T03:16:30,60,0,17,60
2023-06-08T03:28:26,60,0,17,60
2023-06-08T03:40:10,60,0,17,60
2023-06-08T03:51:55,60,0,17,60
2023-06-08T04:03:40,60,0,17,60
2023-06-08T04:15:28,60,0,17,60
2023-06-08T04:32:07,60,0,17,60
2023-06-08T04:44:20,60,0,17,60
2023-06-08T04:56:08,60,0,17,60
2023-06-08T05:07:55,60,0,17,60
2023-06-08T05:19:40,60,0,17,60
2023-06-08T05:31:25,60,0,17,60
2023-06-08T05:43:10,60,0,17,60
2023-06-08T05:56:53,60,0,17,60
2023-06-08T06:08:38,60,0,17,60
2023-06-08T06:20:23,60,0,17,60
2023-06-08T06:32:08,60,0,17,60
2023-06-08T06:43:54,60,0,17,60
2023-06-08T06:55:39,60,0,17,60
2023-06-08T07:07:24,60,0,17,60
2023-06-08T07:19:08,60,0,17,60
2023-06-08T07:30:55,60,0,17,60
2023-06-08T07:42:39,60,0,17,60
2023-06-08T07:54:23,60,0,17,60
2023-06-08T08:06:07,60,0,17,60
2023-06-08T08:17:51,60,0,17,60
2023-06-08T08:29:36,60,0,18,60
2023-06-08T08:41:36,60,0,18,60
2023-06-08T08:53:21,60,0,18,60
2023-06-08T09:05:04,60,0,18,60
2023-06-08T09:16:47,60,0,19,60
2023-06-08T09:28:31,60,0,19,60
2023-06-08T09:40:14,60,0,19,60
2023-06-08T09:51:56,60,0,19,60
2023-06-08T10:03:40,60,0,20,60
2023-06-08T10:15:35,60,0,20,60
2023-06-08T10:27:17,60,0,20,60
2023-06-08T10:39:00,60,0,21,60
2023-06-08T10:50:43,60,0,22,60
2023-06-08T11:02:27,60,0,23,60
2023-06-08T11:14:21,60,0,23,60
2023-06-08T11:26:04,60,0,24,60
2023-06-08T11:37:47,60,0,24,60
2023-06-08T11:49:30,60,0,24,60
2023-06-08T12:01:15,60,0,24,60
2023-06-08T12:13:09,60,0,24,60
2023-06-08T12:24:53,60,0,24,60
2023-06-08T12:36:36,60,0,25,60
2023-06-08T12:48:18,60,0,25,60
2023-06-08T13:00:01,60,0,24,60
2023-06-08T13:11:44,60,0,24,60
2023-06-08T13:23:36,60,0,24,60
2023-06-08T13:35:19,60,0,24,60
2023-06-08T13:47:01,60,0,25,60
2023-06-08T13:58:43,60,0,25,60
2023-06-08T14:10:27,60,0,25,60
2023-06-08T14:22:10,60,0,25,60
2023-06-08T14:34:03,60,0,25,60
2023-06-08T14:45:45,60,0,25,60
2023-06-08T14:57:27,60,0,25,60
2023-06-08T15:09:10,60,0,25,60
2023-06-08T15:20:52,60,0,25,60
2023-06-08T15:32:53,60,0,25,60
2023-06-08T15:44:35,60,0,25,60
2023-06-08T15:56:18,60,0,25,60
2023-06-08T16:08:00,60,0,25,60
2023-06-08T16:19:42,60,0,25,60
2023-06-08T16:31:25,60,0,25,60
2023-06-08T16:43:07,60,0,25,60
2023-06-08T16:55:00,60,0,25,60
2023-06-08T17:06:43,60,0,25,60
2023-06-08T17:18:27,60,0,25,60
2023-06-08T17:30:09,60,0,25,60
2023-06-08T17:41:51,60,0,25,60
2023-06-08T17:53:34,60,0,25,60
2023-06-08T18:05:16,60,0,25,60
2023-06-08T18:17:09,60,0,25,60
2023-06-08T18:28:52,60,0,25,60
2023-06-08T18:40:34,60,0,25,60
2023-06-08T18:52:16,60,0,25,60
2023-06-08T19:03:58,60,0,25,60
2023-06-08T19:15:41,60,0,25,60
2023-06-08T19:27:23,60,0,25,60
2023-06-08T19:39:06,60,0,25,60
2023-06-08T19:58:45,60,0,25,60
2023-06-08T20:10:28,60,0,25,60
2023-06-08T20:22:11,60,0,25,60
2023-06-08T20:33:53,60,0,25,60
2023-06-08T20:45:35,60,0,25,60
2023-06-08T20:57:17,60,0,25,60
2023-06-08T21:09:00,60,0,25,60
2023-06-08T21:20:42,60,0,25,60
2023-06-08T21:32:24,60,0,25,60
2023-06-08T21:44:06,60,0,25,60
2023-06-08T21:55:49,60,0,25,60
2023-06-08T22:07:42,60,0,25,60
2023-06-08T22:19:24,60,0,25,60
2023-06-08T22:31:07,60,0,25,60
2023-06-08T22:42:49,60,0,25,60
2023-06-08T22:54:30,60,0,25,60
2023-06-08T23:06:14,60,0,25,60
2023-06-08T23:17:56,60,0,25,60
2023-06-08T23:29:40,60,0,25,60
2023-06-08T23:41:22,60,0,25,60
2023-06-08T23:53:06,60,0,25,60
2023-06-09T00:04:49,60,0,25,60
2023-06-09T00:16:51,60,0,25,60
2023-06-09T00:28:37,60,0,25,60
2023-06-09T00:40:23,60,0,25,60
2023-06-09T00:52:09,60,0,25,60
2023-06-09T01:03:56,60,0,25,60
2023-06-09T01:15:41,60,0,26,60
2023-06-09T01:27:27,60,0,26,60
2023-06-09T01:39:14,60,0,26,60
2023-06-09T01:51:00,60,0,26,60
2023-06-09T02:02:47,60,0,26,60
2023-06-09T02:14:32,60,0,26,60
2023-06-09T02:26:15,60,0,26,60
2023-06-09T02:38:02,60,0,26,60
2023-06-09T02:50:18,60,0,26,60
2023-06-09T03:02:05,60,0,26,60
2023-06-09T03:13:51,60,0,26,60
2023-06-09T03:25:37,60,0,26,60
2023-06-09T03:37:23,60,0,26,60
2023-06-09T03:49:08,60,0,26,60
2023-06-09T04:00:54,60,0,26,60
2023-06-09T04:25:11,60,0,26,60
2023-06-09T04:37:22,60,0,26,60
2023-06-09T04:49:10,60,0,26,60
2023-06-09T05:00:59,60,0,26,60
2023-06-09T05:12:47,60,0,26,60
2023-06-09T05:24:33,60,0,26,60
2023-06-09T05:36:20,60,0,26,60
2023-06-09T05:48:06,60,0,26,60
2023-06-09T05:59:51,60,0,26,60
2023-06-09T06:11:37,60,0,26,60
2023-06-09T06:23:24,60,0,26,60
2023-06-09T06:35:10,60,0,26,60
2023-06-09T06:46:55,60,0,26,60
2023-06-09T06:58:40,60,0,26,60
2023-06-09T07:10:26,60,0,26,60
2023-06-09T07:22:11,60,0,26,60
2023-06-09T07:33:58,60,0,26,60
2023-06-09T07:45:42,60,0,26,60
2023-06-09T07:57:26,60,0,26,60
2023-06-09T08:09:10,60,0,26,60
2023-06-09T08:20:53,60,0,26,60
2023-06-09T08:32:36,60,0,26,60
2023-06-09T08:44:19,60,0,26,60
2023-06-09T08:56:02,60,0,26,60
2023-06-09T09:07:55,60,0,26,60
2023-06-09T09:19:38,60,0,26,60
2023-06-09T09:31:20,60,0,26,60
2023-06-09T09:43:04,60,0,26,60
2023-06-09T09:54:49,60,0,26,60
2023-06-09T10:06:32,60,0,26,60
2023-06-09T10:18:15,60,0,26,60
2023-06-09T10:29:57,60,0,26,60
2023-06-09T10:41:40,60,0,26,60
2023-06-09T10:53:22,60,0,26,60
2023-06-09T11:05:05,60,0,26,60
2023-06-09T11:17:06,60,0,26,60
2023-06-09T11:28:48,60,0,26,60
2023-06-09T11:40:31,60,0,26,60
2023-06-09T11:52:13,60,0,26,60
2023-06-09T12:03:55,60,0,26,60
2023-06-09T12:15:38,60,0,26,60
2023-06-09T12:27:22,60,0,26,60
2023-06-09T12:39:07,60,0,26,60
2023-06-09T12:51:01,60,0,26,60
2023-06-09T13:02:45,60,0,26,60
2023-06-09T13:14:29,60,0,26,60
2023-06-09T13:26:13,60,0,26,60
2023-06-09T13:37:57,60,0,26,60
2023-06-09T13:49:42,60,0,26,60
2023-06-09T14:01:25,60,0,26,60
2023-06-09T14:13:27,60,0,26,60
2023-06-09T14:25:10,60,0,26,60
2023-06-09T14:36:54,60,0,26,60
2023-06-09T14:48:39,60,0,26,60
2023-06-09T15:00:23,60,0,26,60
2023-06-09T15:12:08,60,0,26,60
2023-06-09T15:23:51,60,0,26,60
2023-06-09T15:35:36,60,0,26,60
2023-06-09T15:47:31,60,0,26,60
2023-06-09T15:59:15,60,0,26,60
2023-06-09T16:11:00,60,0,26,60
2023-06-09T16:22:45,60,0,26,60
2023-06-09T16:34:30,60,0,26,60
2023-06-09T16:46:15,60,0,26,60
2023-06-09T16:58:00,60,0,26,60
2023-06-09T17:09:46,60,0,26,60
2023-06-09T17:21:43,60,0,26,60
2023-06-09T17:33:28,60,0,26,60
2023-06-09T17:45:13,60,0,26,60
2023-06-09T17:56:58,60,0,26,60
2023-06-09T18:08:43,60,0,26,60
2023-06-09T18:20:28,60,0,26,60
2023-06-09T18:32:13,60,0,26,60
2023-06-09T18:43:58,60,0,26,60
2023-06-09T18:55:54,60,0,26,60
2023-06-09T19:07:39,60,0,26,60
2023-06-09T19:19:24,60,0,26,60
2023-06-09T19:31:09,60,0,26,60
2023-06-09T19:42:55,60,0,26,60
2023-06-09T19:54:40,60,0,26,60
2023-06-09T20:06:25,60,0,26,60
2023-06-09T20:18:10,60,0,26,60
2023-06-09T20:30:14,60,0,26,60
2023-06-09T20:41:59,60,0,26,60
2023-06-09T20:53:44,60,0,26,60
2023-06-09T21:05:29,60,0,26,60
2023-06-09T21:17:15,60,0,26,60
2023-06-09T21:29:00,60,0,26,60
2023-06-09T21:40:45,60,0,26,60
2023-06-09T21:52:31,60,0,26,60
2023-06-09T22:04:16,60,0,26,60
2023-06-09T22:16:01,60,0,26,60
2023-06-09T22:27:46,60,0,26,60
2023-06-09T22:39:31,60,0,26,60
2023-06-09T22:51:28,60,0,26,60
2023-06-09T23:03:14,60,0,26,60
2023-06-09T23:15:00,60,0,26,60
2023-06-09T23:26:45,60,0,26,60
2023-06-09T23:38:32,60,0,26,60
2023-06-09T23:50:17,60,0,26,60
2023-06-10T00:02:04,60,0,26,60
2023-06-10T00:13:53,60,0,26,60
2023-06-10T00:25:43,60,0,26,60
2023-06-10T00:37:31,60,0,26,60
2023-06-10T00:49:21,60,0,26,60
2023-06-10T01:01:30,60,0,26,60
2023-06-10T01:13:18,60,0,26,60
2023-06-10T01:25:08,60,0,26,60
2023-06-10T01:36:58,60,0,26,60
2023-06-10T01:48:47,60,0,26,60
2023-06-10T02:00:37,60,0,26,60
2023-06-10T02:12:26,60,0,26,60
2023-06-10T02:24:13,60,0,26,60
2023-06-10T02:36:00,60,0,26,60
2023-06-10T02:47:46,60,0,26,60
2023-06-10T02:59:31,60,0,26,60
2023-06-10T03:11:18,60,0,26,60
2023-06-10T03:23:05,60,0,26,60
2023-06-10T03:34:52,60,0,26,60
2023-06-10T03:46:40,60,0,26,60
2023-06-10T03:58:28,60,0,26,60
2023-06-10T04:10:27,60,0,26,60
2023-06-10T04:28:47,60,0,26,60
2023-06-10T04:41:51,60,0,26,60
2023-06-10T04:54:02,60,0,26,60
2023-06-10T05:05:52,60,0,26,60
2023-06-10T05:17:41,60,0,26,60
2023-06-10T05:29:29,60,0,26,60
2023-06-10T05:41:18,60,0,26,60
2023-06-10T05:53:06,60,0,26,60
2023-06-10T06:04:55,60,0,26,60
2023-06-10T06:16:42,60,0,26,60
2023-06-10T06:28:30,60,0,26,60
2023-06-10T06:40:19,60,0,26,60
2023-06-10T06:52:07,60,0,26,60
2023-06-10T07:03:57,60,0,26,60
2023-06-10T07:15:45,60,0,26,60
2023-06-10T07:27:33,60,0,26,60
2023-06-10T07:39:24,60,0,26,60
2023-06-10T07:51:11,60,0,26,60
2023-06-10T08:02:59,60,0,26,60
2023-06-10T08:14:55,60,0,26,60
2023-06-10T08:26:43,60,0,26,60
2023-06-10T08:38:32,60,0,26,60
2023-06-10T08:50:20,60,0,26,60
2023-06-10T09:02:09,60,0,26,60
2023-06-10T09:13:56,60,0,26,60
2023-06-10T09:25:44,60,0,26,60
2023-06-10T09:37:31,60,0,26,60
2023-06-10T09:49:19,60,0,26,60
2023-06-10T10:01:06,60,0,26,60
2023-06-10T10:12:53,60,0,26,60
2023-06-10T10:24:39,60,0,26,60
2023-06-10T10:36:25,60,0,26,60
2023-06-10T10:48:11,60,0,26,60
2023-06-10T11:00:09,60,0,26,60
2023-06-10T11:11:55,60,0,26,60
2023-06-10T11:23:40,60,0,26,60
2023-06-10T11:35:25,60,0,26,60
2023-06-10T11:47:09,60,0,26,60
2023-06-10T11:58:54,60,0,26,60
2023-06-10T12:10:39,60,0,26,60
2023-06-10T12:22:24,60,0,26,60
2023-06-10T12:34:09,60,0,26,60
2023-06-10T12:45:54,60,0,26,60
2023-06-10T12:57:39,60,0,26,60
2023-06-10T13:09:24,60,0,26,60
2023-06-10T13:21:09,60,0,26,60
2023-06-10T13:33:03,60,0,26,60
2023-06-10T13:44:48,60,0,26,60
2023-06-10T13:56:33,60,0,26,60
2023-06-10T14:08:18,60,0,26,60
2023-06-10T14:20:02,60,0,26,60
2023-06-10T14:31:47,60,0,26,60
2023-06-10T14:43:33,60,0,26,60
2023-06-10T14:55:17,60,0,26,60
2023-06-10T15:07:02,60,0,26,60
2023-06-10T15:18:46,60,0,26,60
2023-06-10T15:30:32,60,0,26,60
2023-06-10T15:42:16,60,0,26,60
2023-06-10T15:54:01,60,0,26,60
2023-06-10T16:05:56,60,0,26,60
2023-06-10T16:17:41,60,0,26,60
2023-06-10T16:29:26,60,0,26,60
2023-06-10T16:41:10,60,0,26,60
2023-06-10T16:52:55,60,0,26,60
2023-06-10T17:04:41,60,0,26,60
2023-06-10T17:16:27,60,0,26,60
2023-06-10T17:28:12,60,0,26,60
2023-06-10T17:39:57,60,0,26,60
2023-06-10T17:51:42,60,0,26,60
2023-06-10T18:03:37,60,0,26,60
2023-06-10T18:15:22,60,0,26,60
2023-06-10T18:27:07,60,0,26,60
2023-06-10T18:38:52,60,0,26,60
2023-06-10T18:50:37,60,0,26,60
2023-06-10T19:02:22,60,0,26,60
2023-06-10T19:14:07,60,0,26,60
2023-06-10T19:25:52,60,0,26,60
2023-06-10T19:37:37,60,0,26,60
2023-06-10T19:49:23,60,0,26,60
2023-06-10T20:01:08,60,0,26,60
2023-06-10T20:12:53,60,0,26,60
2023-06-10T20:24:38,60,0,26,60
2023-06-10T20:36:22,60,0,26,60
2023-06-10T20:48:17,60,0,26,60
2023-06-10T21:00:02,60,0,26,60
2023-06-10T21:11:48,60,0,26,60
2023-06-10T21:23:33,60,0,26,60
2023-06-10T21:35:17,60,0,26,60
2023-06-10T21:47:03,60,0,26,60
2023-06-10T21:58:48,60,0,26,60
2023-06-10T22:10:33,60,0,26,60
2023-06-10T22:22:18,60,0,26,60
2023-06-10T22:34:03,60,0,26,60
2023-06-10T22:45:47,60,0,26,60
2023-06-10T22:57:32,60,0,26,60
2023-06-10T23:09:18,60,0,26,60
2023-06-10T23:21:03,60,0,26,60
2023-06-10T23:32:58,60,0,26,60
2023-06-10T23:44:43,60,0,26,60
2023-06-10T23:56:28,60,0,26,60
2023-06-11T00:08:15,60,0,26,60
2023-06-11T00:20:12,60,0,26,60
2023-06-11T00:31:59,60,0,26,60
2023-06-11T00:43:48,60,0,26,60
2023-06-11T00:55:37,60,0,26,60
2023-06-11T01:07:25,60,0,26,60
2023-06-11T01:19:11,60,0,26,60
2023-06-11T01:30:59,60,0,26,60
2023-06-11T01:42:48,60,0,26,60
2023-06-11T01:54:35,60,0,26,60
2023-06-11T02:06:24,60,0,26,60
2023-06-11T02:18:14,60,0,26,60
2023-06-11T02:30:01,60,0,26,60
2023-06-11T02:41:50,60,0,26,60
2023-06-11T02:53:37,60,0,26,60
2023-06-11T03:05:25,60,0,26,60
2023-06-11T03:17:13,60,0,26,60
2023-06-11T03:29:11,60,0,26,60
2023-06-11T03:41:00,60,0,26,60
2023-06-11T03:52:47,60,0,26,60
2023-06-11T04:04:36,60,0,26,60
2023-06-11T04:30:43,60,0,26,60
2023-06-11T04:42:33,60,0,26,60
2023-06-11T04:55:56,60,0,26,60
2023-06-11T05:07:47,60,0,26,60
2023-06-11T05:19:35,60,0,26,60
2023-06-11T05:31:22,60,0,26,60
2023-06-11T05:43:11,60,0,26,60
2023-06-11T05:54:59,60,0,26,60
2023-06-11T06:06:47,60,0,26,60
2023-06-11T06:18:35,60,0,26,60
2023-06-11T06:30:24,60,0,26,60
2023-06-11T06:42:13,60,0,26,60
2023-06-11T06:54:00,60,0,26,60
2023-06-11T07:05:46,60,0,26,60
2023-06-11T07:17:34,60,0,26,60
2023-06-11T07:29:19,60,0,26,60
2023-06-11T07:41:04,60,0,26,60
2023-06-11T07:52:49,60,0,26,60
2023-06-11T08:04:35,60,0,26,60
2023-06-11T08:16:24,60,0,26,60
2023-06-11T08:28:10,60,0,26,60
2023-06-11T08:39:56,60,0,26,60
2023-06-11T08:51:41,60,0,26,60
2023-06-11T09:03:26,60,0,26,60
2023-06-11T09:15:11,60,0,26,60
2023-06-11T09:26:57,60,0,26,60
2023-06-11T09:38:49,60,0,26,60
2023-06-11T09:50:34,60,0,26,60
2023-06-11T10:02:19,60,0,26,60
2023-06-11T10:14:05,60,0,26,60
2023-06-11T10:25:50,60,0,26,60
2023-06-11T10:37:35,60,0,26,60
2023-06-11T10:49:20,60,0,26,60
2023-06-11T11:01:06,60,0,26,60
2023-06-11T11:12:52,60,0,26,60
2023-06-11T11:24:37,60,0,26,60
2023-06-11T11:36:25,60,0,26,60
2023-06-11T11:48:11,60,0,26,60
2023-06-11T11:59:57,60,0,26,60
2023-06-11T12:11:44,60,0,26,60
2023-06-11T12:23:29,60,0,26,60
2023-06-11T12:35:23,60,0,26,60
2023-06-11T12:47:08,60,0,26,60
2023-06-11T12:58:53,60,0,26,60
2023-06-11T13:10:39,60,0,26,60
2023-06-11T13:22:23,60,0,26,60
2023-06-11T13:34:08,60,0,26,60
2023-06-11T13:45:54,60,0,26,60
2023-06-11T13:57:39,60,0,26,60
2023-06-11T14:09:23,60,0,26,60
2023-06-11T14:21:08,60,0,26,60
2023-06-11T14:32:53,60,0,26,60
2023-06-11T14:44:48,60,0,26,60
2023-06-11T14:56:33,60,0,26,60
2023-06-11T15:08:18,60,0,26,60
2023-06-11T15:20:02,60,0,26,60
2023-06-11T15:31:47,60,0,26,60
2023-06-11T15:43:32,60,0,26,60
2023-06-11T15:55:16,60,0,26,60
2023-06-11T16:07:02,60,0,26,60
2023-06-11T16:18:48,60,0,26,60
2023-06-11T16:30:33,60,0,26,60
2023-06-11T16:42:28,60,0,26,60
2023-06-11T16:54:13,60,0,26,60
2023-06-11T17:05:58,60,0,26,60
2023-06-11T17:17:43,60,0,26,60
2023-06-11T17:29:29,60,0,26,60
2023-06-11T17:41:14,60,0,26,60
2023-06-11T17:52:59,60,0,26,60
2023-06-11T18:04:43,60,0,26,60
2023-06-11T18:16:28,60,0,26,60
2023-06-11T18:28:13,60,0,26,60
2023-06-11T18:40:08,60,0,26,60
2023-06-11T18:51:53,60,0,26,60
2023-06-11T19:03:39,60,0,26,60
2023-06-11T19:15:25,60,0,26,60
2023-06-11T19:27:10,60,0,27,60
2023-06-11T19:38:55,60,0,27,60
2023-06-11T19:50:40,60,0,27,60
2023-06-11T20:02:25,60,0,27,60
2023-06-11T20:14:10,60,0,27,60
2023-06-11T20:25:54,60,0,27,60
2023-06-11T20:37:40,60,0,27,60
2023-06-11T20:49:34,60,0,27,60
2023-06-11T21:01:18,60,0,27,60
2023-06-11T21:13:05,60,0,27,60
2023-06-11T21:24:50,60,0,27,60
2023-06-11T21:36:36,60,0,27,60
2023-06-11T21:48:22,60,0,27,60
2023-06-11T22:00:07,60,0,27,60
2023-06-11T22:11:52,60,0,27,60
2023-06-11T22:23:37,60,0,27,60
2023-06-11T22:35:22,60,0,27,60
2023-06-11T22:47:07,60,0,27,60
2023-06-11T22:59:04,60,0,27,60
2023-06-11T23:10:49,60,0,27,60
2023-06-11T23:22:34,60,0,27,60
2023-06-11T23:34:20,60,0,27,60
2023-06-11T23:46:06,60,0,27,60
2023-06-11T23:57:52,60,0,27,60
2023-06-12T00:09:39,60,0,27,60
2023-06-12T00:21:31,60,0,27,60
2023-06-12T00:33:27,60,0,27,60
2023-06-12T00:45:28,60,0,27,60
2023-06-12T00:57:15,60,0,27,60
2023-06-12T01:09:02,60,0,27,60
2023-06-12T01:20:51,60,0,27,60
2023-06-12T01:32:40,60,0,27,60
2023-06-12T01:44:29,60,0,27,60
2023-06-12T01:56:17,60,0,27,60
2023-06-12T02:08:05,60,0,27,60
2023-06-12T02:19:52,60,0,27,60
2023-06-12T02:31:39,60,0,27,60
2023-06-12T02:43:26,60,0,27,60
2023-06-12T02:55:13,60,0,27,60
2023-06-12T03:07:00,60,0,27,60
2023-06-12T03:18:48,60,0,27,60
2023-06-12T03:30:38,60,0,27,60
2023-06-12T03:42:28,60,0,27,60
2023-06-12T03:54:17,60,0,27,60
2023-06-12T04:06:05,60,0,27,60
2023-06-12T04:27:19,60,0,27,60
2023-06-12T04:39:10,60,0,27,60
2023-06-12T04:52:37,60,0,27,60
2023-06-12T05:04:29,60,0,27,60
2023-06-12T05:16:20,60,0,27,60
2023-06-12T05:28:06,60,0,27,60
2023-06-12T05:39:52,60,0,27,60
2023-06-12T05:51:40,60,0,27,60
2023-06-12T06:03:30,60,0,27,60
2023-06-12T06:15:19,60,0,27,60
2023-06-12T06:27:08,60,0,27,60
2023-06-12T06:38:57,60,0,27,60
2023-06-12T06:50:45,60,0,27,60
2023-06-12T07:02:34,60,0,27,60
2023-06-12T07:14:24,60,0,27,60
2023-06-12T07:26:12,60,0,27,60
2023-06-12T07:37:59,60,0,27,60
2023-06-12T07:49:45,60,0,27,60
2023-06-12T08:01:33,60,0,27,60
2023-06-12T08:13:20,60,0,27,60
2023-06-12T08:25:07,60,0,27,60
2023-06-12T08:36:54,60,0,27,60
2023-06-12T08:48:40,60,0,27,60
2023-06-12T09:00:35,60,0,27,60
2023-06-12T09:12:20,60,0,27,60
2023-06-12T09:24:05,60,0,27,60
2023-06-12T09:35:51,60,0,27,60
2023-06-12T09:47:36,60,0,27,60
2023-06-12T09:59:22,60,0,27,60
2023-06-12T10:11:07,60,0,27,60
2023-06-12T10:22:52,60,0,27,60
2023-06-12T10:34:37,60,0,27,60
2023-06-12T10:46:22,60,0,27,60
2023-06-12T10:58:08,60,0,27,60
2023-06-12T11:10:03,60,0,27,60
2023-06-12T11:21:49,60,0,28,60
2023-06-12T11:33:34,60,0,28,60
2023-06-12T11:45:19,60,0,28,60
2023-06-12T11:57:06,60,0,28,60
2023-06-12T12:08:52,60,0,28,60
2023-06-12T12:20:38,60,0,28,60
2023-06-12T12:32:23,60,0,28,60
2023-06-12T12:44:19,60,0,28,60
2023-06-12T12:56:04,60,0,28,60
2023-06-12T13:07:50,60,0,28,60
2023-06-12T13:19:36,60,0,28,60
2023-06-12T13:31:21,60,0,28,60
2023-06-12T13:43:07,60,0,28,60
2023-06-12T13:54:52,60,0,28,60
2023-06-12T14:06:47,60,0,28,60
2023-06-12T14:18:33,60,0,28,60
2023-06-12T14:30:19,60,0,28,60
2023-06-12T14:42:04,60,0,28,60
2023-06-12T14:53:49,60,0,28,60
2023-06-12T15:05:34,60,0,28,60
2023-06-12T15:17:19,60,0,28,60
2023-06-12T15:29:15,60,0,28,60
2023-06-12T15:41:01,60,0,28,60
2023-06-12T15:52:47,60,0,28,60
2023-06-12T16:04:32,60,0,28,60
2023-06-12T16:16:17,60,0,28,60
2023-06-12T16:28:02,60,0,28,60
2023-06-12T16:39:47,60,0,28,60
2023-06-12T16:51:33,60,0,28,60
2023-06-12T17:03:29,60,0,28,60
2023-06-12T17:15:16,60,0,28,60
2023-06-12T17:27:01,60,0,28,60
2023-06-12T17:38:47,60,0,28,60
2023-06-12T17:50:33,60,0,28,60
2023-06-12T18:02:18,60,0,28,60
2023-06-12T18:14:03,60,0,28,60
2023-06-12T18:25:58,60,0,28,60
2023-06-12T18:37:43,60,0,28,60
2023-06-12T18:49:28,60,0,28,60
2023-06-12T19:01:13,60,0,28,60
2023-06-12T19:12:59,60,0,28,60
2023-06-12T19:24:44,60,0,28,60
2023-06-12T19:36:30,60,0,28,60
2023-06-12T19:48:14,60,0,28,60
2023-06-12T20:00:10,60,0,28,60
2023-06-12T20:11:55,60,0,28,60
2023-06-12T20:23:40,60,0,28,60
2023-06-12T20:35:25,60,0,28,60
2023-06-12T20:47:10,60,0,28,60
2023-06-12T20:58:55,60,0,28,60
2023-06-12T21:10:40,60,0,28,60
2023-06-12T21:22:37,60,0,28,60
2023-06-12T21:34:22,60,0,28,60
2023-06-12T21:46:07,60,0,28,60
2023-06-12T21:57:53,60,0,28,60
2023-06-12T22:09:39,60,0,28,60
2023-06-12T22:21:25,60,0,28,60
2023-06-12T22:33:11,60,0,28,60
2023-06-12T22:44:56,60,0,28,60
2023-06-12T22:56:41,60,0,28,60
2023-06-12T23:08:28,60,0,28,60
2023-06-12T23:20:24,60,0,28,60
2023-06-12T23:32:10,60,0,28,60
2023-06-12T23:43:56,60,0,28,60
2023-06-12T23:55:41,60,0,28,60
2023-06-13T00:07:29,60,0,28,60
2023-06-13T00:19:19,60,0,28,60
2023-06-13T00:31:09,60,0,28,60
2023-06-13T00:42:57,60,0,28,60
2023-06-13T00:54:46,60,0,28,60
2023-06-13T01:06:35,60,0,28,60
2023-06-13T01:18:24,60,0,28,60
2023-06-13T01:30:13,60,0,28,60
2023-06-13T01:42:01,60,0,28,60
2023-06-13T01:54:00,60,0,28,60
2023-06-13T02:05:46,60,0,28,60
2023-06-13T02:17:31,60,0,28,60
2023-06-13T02:29:16,60,0,28,60
2023-06-13T02:41:03,60,0,28,60
2023-06-13T02:52:49,60,0,28,60
2023-06-13T03:04:37,60,0,28,60
2023-06-13T03:16:26,60,0,28,60
2023-06-13T03:28:13,60,0,28,60
2023-06-13T03:40:00,60,0,28,60
2023-06-13T03:51:48,60,0,28,60
2023-06-13T04:03:36,60,0,28,60
2023-06-13T04:21:09,60,0,28,60
2023-06-13T04:32:58,60,0,28,60
2023-06-13T04:46:10,60,0,28,60
2023-06-13T04:58:18,60,0,28,60
2023-06-13T05:10:06,60,0,28,60
2023-06-13T05:21:58,60,0,28,60
2023-06-13T05:33:54,60,0,28,60
2023-06-13T05:45:44,60,0,28,60
2023-06-13T05:57:33,60,0,28,60
2023-06-13T06:09:22,60,0,28,60
2023-06-13T06:21:10,60,0,28,60
2023-06-13T06:32:58,60,0,28,60
2023-06-13T06:44:46,60,0,28,60
2023-06-13T06:56:35,60,0,28,60
2023-06-13T07:08:23,60,0,28,60
2023-06-13T07:20:11,60,0,28,60
2023-06-13T07:31:58,60,0,28,60
2023-06-13T07:43:44,60,0,28,60
2023-06-13T07:55:31,60,0,28,60
2023-06-13T08:07:19,60,0,28,60
2023-06-13T08:19:07,60,0,28,60
2023-06-13T08:30:53,60,0,28,60
2023-06-13T08:42:49,60,0,28,60
2023-06-13T08:54:35,60,0,28,60
2023-06-13T09:06:23,60,0,28,60
2023-06-13T09:18:11,60,0,28,60
2023-06-13T09:29:57,60,0,28,60
2023-06-13T09:41:44,60,0,28,60
2023-06-13T09:53:32,60,0,28,60
2023-06-13T10:05:19,60,0,28,60
2023-06-13T10:17:06,60,0,28,60
2023-06-13T10:29:09,60,0,28,60
2023-06-13T10:40:54,60,0,28,60
2023-06-13T10:52:41,60,0,28,60
2023-06-13T11:04:26,60,0,28,60
2023-06-13T11:16:12,60,0,28,60
2023-06-13T11:27:58,60,0,28,60
2023-06-13T11:39:44,60,0,28,60
2023-06-13T11:51:30,60,0,28,60
2023-06-13T12:03:27,60,0,28,60
2023-06-13T12:15:13,60,0,28,60
2023-06-13T12:27:00,60,0,28,60
2023-06-13T12:38:45,60,0,28,60
2023-06-13T12:50:31,60,0,28,60
2023-06-13T13:02:17,60,0,28,60
2023-06-13T13:14:02,60,0,28,60
2023-06-13T13:25:48,60,0,28,60
2023-06-13T13:37:34,60,0,28,60
2023-06-13T13:49:32,60,0,28,60
2023-06-13T14:01:19,60,0,28,60
2023-06-13T14:13:07,60,0,28,60
2023-06-13T14:24:54,60,0,28,60
2023-06-13T14:36:41,60,0,28,60
2023-06-13T14:48:29,60,0,28,60
2023-06-13T15:00:16,60,0,28,60
2023-06-13T15:12:04,60,0,28,60
2023-06-13T15:24:03,60,0,28,60
2023-06-13T15:35:50,60,0,28,60
2023-06-13T15:47:37,60,0,28,60
2023-06-13T15:59:25,60,0,28,60
2023-06-13T16:11:12,60,0,28,60
2023-06-13T16:22:59,60,0,28,60
2023-06-13T16:34:46,60,0,28,60
2023-06-13T16:46:33,60,0,28,60
2023-06-13T16:58:31,60,0,28,60
2023-06-13T17:10:19,60,0,28,60
2023-06-13T17:22:07,60,0,28,60
2023-06-13T17:33:55,60,0,28,60
2023-06-13T17:45:42,60,0,28,60
2023-06-13T17:57:29,60,0,28,60
2023-06-13T18:09:16,60,0,28,60
2023-06-13T18:21:04,60,0,28,60
2023-06-13T18:32:51,60,0,28,60
2023-06-13T18:44:37,60,0,28,60
2023-06-13T18:56:34,60,0,28,60
2023-06-13T19:08:22,60,0,28,60
2023-06-13T19:20:09,60,0,28,60
2023-06-13T19:31:57,60,0,28,60
2023-06-13T19:43:43,60,0,28,60
2023-06-13T19:55:30,60,0,28,60
2023-06-13T20:07:18,60,0,28,60
2023-06-13T20:19:05,60,0,28,60
2023-06-13T20:30:52,60,0,28,60
2023-06-13T20:42:51,60,0,28,60
2023-06-13T20:54:38,60,0,28,60
2023-06-13T21:06:25,60,0,28,60
2023-06-13T21:18:12,60,0,28,60
2023-06-13T21:29:59,60,0,28,60
2023-06-13T21:41:46,60,0,28,60
2023-06-13T21:53:34,60,0,28,60
2023-06-13T22:05:22,60,0,28,60
2023-06-13T22:17:14,60,0,28,60
2023-06-13T22:29:01,60,0,28,60
2023-06-13T22:40:58,60,0,28,60
2023-06-13T22:52:45,60,0,28,60
2023-06-13T23:04:34,60,0,28,60
2023-06-13T23:16:22,60,0,28,60
2023-06-13T23:28:09,60,0,28,60
2023-06-13T23:39:57,60,0,28,60
2023-06-13T23:51:45,60,0,28,60
2023-06-14T00:03:33,60,0,28,60
2023-06-14T00:15:25,60,0,28,60
2023-06-14T00:27:15,60,0,28,60
2023-06-14T00:39:06,60,0,28,60
2023-06-14T00:50:56,60,0,28,60
2023-06-14T01:02:59,60,0,28,60
2023-06-14T01:14:50,60,0,28,60
2023-06-14T01:26:41,60,0,28,60
2023-06-14T01:38:33,60,0,28,60
2023-06-14T01:50:26,60,0,28,60
2023-06-14T02:02:17,60,0,28,60
2023-06-14T02:14:07,60,0,28,60
2023-06-14T02:25:57,60,0,28,60
2023-06-14T02:37:46,60,0,28,60
2023-06-14T02:49:37,60,0,28,60
2023-06-14T03:01:28,60,0,28,60
2023-06-14T03:13:18,60,0,28,60
2023-06-14T03:25:20,60,0,28,60
2023-06-14T03:37:13,60,0,28,60
2023-06-14T03:49:04,60,0,28,60
2023-06-14T04:00:54,60,0,28,60
2023-06-14T04:12:56,60,0,28,60
2023-06-14T04:29:18,60,0,28,60
2023-06-14T04:41:36,60,0,28,60
2023-06-14T04:53:30,60,0,28,60
2023-06-14T05:05:22,60,0,28,60
2023-06-14T05:17:13,60,0,28,60
2023-06-14T05:29:03,60,0,28,60
2023-06-14T05:40:54,60,0,28,60
2023-06-14T05:52:46,60,0,28,60
2023-06-14T06:04:37,60,0,28,60
2023-06-14T06:16:28,60,0,28,60
2023-06-14T06:28:18,60,0,28,60
2023-06-14T06:40:14,60,0,28,60
2023-06-14T06:52:12,60,0,28,60
2023-06-14T07:04:02,60,0,28,60
2023-06-14T07:15:52,60,0,28,60
2023-06-14T07:27:54,60,0,28,60
2023-06-14T07:39:42,60,0,28,60
2023-06-14T07:51:32,60,0,28,60
2023-06-14T08:03:22,60,0,28,60
2023-06-14T08:15:11,60,0,28,60
2023-06-14T08:27:09,60,0,28,60
2023-06-14T08:39:00,60,0,28,60
2023-06-14T08:50:49,60,0,28,60
2023-06-14T09:02:37,60,0,28,60
2023-06-14T09:14:25,60,0,29,60
2023-06-14T09:26:14,60,0,29,60
2023-06-14T09:38:02,60,0,29,60
2023-06-14T09:49:50,60,0,29,60
2023-06-14T10:01:50,60,0,29,60
2023-06-14T10:13:40,60,0,29,60
2023-06-14T10:25:28,60,0,29,60
2023-06-14T10:37:18,60,0,29,60
2023-06-14T10:49:07,60,0,29,60
2023-06-14T11:00:56,60,0,29,60
2023-06-14T11:12:46,60,0,29,60
2023-06-14T11:24:37,60,0,29,60
2023-06-14T11:36:36,60,0,29,60
2023-06-14T11:48:26,60,0,29,60
2023-06-14T12:00:16,60,0,29,60
2023-06-14T12:12:05,60,0,29,60
2023-06-14T12:23:53,60,0,29,60
2023-06-14T12:35:41,60,0,29,60
2023-06-14T12:47:30,60,0,29,60
2023-06-14T12:59:19,60,0,29,60
2023-06-14T13:11:08,60,0,29,60
2023-06-14T13:23:08,60,0,29,60
2023-06-14T13:34:59,60,0,29,60
2023-06-14T13:46:55,60,0,29,60
2023-06-14T13:58:55,60,0,29,60
2023-06-14T14:11:00,60,0,29,60
2023-06-14T14:23:09,60,0,29,60
2023-06-14T14:35:24,60,0,29,60
2023-06-14T14:47:40,60,0,29,60
2023-06-14T15:00:06,60,0,29,60
2023-06-14T15:12:20,60,0,29,60
2023-06-14T15:24:35,60,0,29,60
2023-06-14T15:36:50,60,0,29,60
2023-06-14T15:49:04,60,0,29,60
2023-06-14T16:01:19,60,0,29,60
2023-06-14T16:13:36,60,0,29,60
2023-06-14T16:26:01,60,0,29,60
2023-06-14T16:38:15,60,0,29,60
2023-06-14T16:50:31,60,0,29,60
2023-06-14T17:02:46,60,0,29,60
2023-06-14T17:15:03,60,0,29,60
2023-06-14T17:27:17,60,0,29,60
2023-06-14T17:39:31,60,0,29,60
2023-06-14T17:51:57,60,0,29,60
2023-06-14T18:04:11,60,0,29,60
2023-06-14T18:16:26,60,0,29,60
2023-06-14T18:28:40,60,0,29,60
2023-06-14T18:40:53,60,0,29,60
2023-06-14T18:53:07,60,0,29,60
2023-06-14T19:05:22,60,0,29,60
2023-06-14T19:17:49,60,0,29,60
2023-06-14T19:30:03,60,0,29,60
2023-06-14T19:42:16,60,0,29,60
2023-06-14T19:54:30,60,0,29,60
2023-06-14T20:06:48,60,0,29,60
2023-06-14T20:19:02,60,0,29,60
2023-06-14T20:31:16,60,0,29,60
2023-06-14T20:43:30,60,0,29,60
2023-06-14T20:55:54,60,0,29,60
2023-06-14T21:08:09,60,0,29,60
2023-06-14T21:20:23,60,0,29,60
2023-06-14T21:32:37,60,0,29,60
2023-06-14T21:44:51,60,0,29,60
2023-06-14T21:57:05,60,0,29,60
2023-06-14T22:09:19,60,0,29,60
2023-06-14T22:21:33,60,0,29,60
2023-06-14T22:33:48,60,0,29,60
2023-06-14T22:46:13,60,0,29,60
2023-06-14T22:58:27,60,0,29,60
2023-06-14T23:10:44,60,0,29,60
2023-06-14T23:22:58,60,0,29,60
2023-06-14T23:35:12,60,0,29,60
2023-06-14T23:47:26,60,0,29,60
2023-06-14T23:59:41,60,0,29,60
2023-06-15T00:11:57,60,0,29,60
2023-06-15T00:24:18,60,0,29,60
2023-06-15T00:36:35,60,0,29,60
2023-06-15T00:49:06,60,0,29,60
2023-06-15T01:01:26,60,0,29,60
2023-06-15T01:13:44,60,0,29,60
2023-06-15T01:26:01,60,0,29,60
2023-06-15T01:38:19,60,0,29,60
2023-06-15T01:50:36,60,0,29,60
2023-06-15T02:02:53,60,0,29,60
2023-06-15T02:15:09,60,0,29,60
2023-06-15T02:27:26,60,0,29,60
2023-06-15T02:39:43,60,0,29,60
2023-06-15T02:51:57,60,0,29,60
2023-06-15T03:04:24,60,0,29,60
2023-06-15T03:16:41,60,0,29,60
2023-06-15T03:28:58,60,0,29,60
2023-06-15T03:41:13,60,0,29,60
2023-06-15T03:53:30,60,0,29,60
2023-06-15T04:05:48,60,0,29,60
2023-06-15T04:21:50,60,0,29,60
2023-06-15T04:34:11,60,0,29,60
2023-06-15T04:47:04,60,0,29,60
2023-06-15T05:00:28,60,0,29,60
2023-06-15T05:12:47,60,0,29,60
2023-06-15T05:25:05,60,0,29,60
2023-06-15T05:37:23,60,0,29,60
2023-06-15T05:49:42,60,0,29,60
2023-06-15T06:01:59,60,0,29,60
2023-06-15T06:14:16,60,0,29,60
2023-06-15T06:26:33,60,0,29,60
2023-06-15T06:38:49,60,0,29,60
2023-06-15T06:51:06,60,0,29,60
2023-06-15T07:03:22,60,0,29,60
2023-06-15T07:15:39,60,0,29,60
2023-06-15T07:27:57,60,0,29,60
2023-06-15T07:40:23,60,0,29,60
2023-06-15T07:52:39,60,0,29,60
2023-06-15T08:04:55,60,0,29,60
2023-06-15T08:17:11,60,0,29,60
2023-06-15T08:29:28,60,0,29,60
2023-06-15T08:41:44,60,0,29,60
2023-06-15T08:53:59,60,0,29,60
2023-06-15T09:06:15,60,0,29,60
2023-06-15T09:18:31,60,0,29,60
2023-06-15T09:30:46,60,0,29,60
2023-06-15T09:43:01,60,0,29,60
2023-06-15T09:55:17,60,0,29,60
2023-06-15T10:07:40,60,0,29,60
2023-06-15T10:19:55,60,0,29,60
2023-06-15T10:32:09,60,0,29,60
2023-06-15T10:44:23,60,0,29,60
2023-06-15T10:56:37,60,0,29,60
2023-06-15T11:08:51,60,0,29,60
2023-06-15T11:21:05,60,0,29,60
2023-06-15T11:33:19,60,0,29,60
2023-06-15T11:45:44,60,0,29,60
2023-06-15T11:57:58,60,0,29,60
2023-06-15T12:10:16,60,0,29,60
2023-06-15T12:22:30,60,0,29,60
2023-06-15T12:34:45,60,0,29,60
2023-06-15T12:47:00,60,0,29,60
2023-06-15T12:59:14,60,0,29,60
2023-06-15T13:11:27,60,0,29,60
2023-06-15T13:23:52,60,0,29,60
2023-06-15T13:36:06,60,0,29,60
2023-06-15T13:48:21,60,0,29,60
2023-06-15T14:00:36,60,0,29,60
2023-06-15T14:12:50,60,0,29,60
2023-06-15T14:25:04,60,0,29,60
2023-06-15T14:37:30,60,0,29,60
2023-06-15T14:49:44,60,0,29,60
2023-06-15T15:01:58,60,0,29,60
2023-06-15T15:14:13,60,0,29,60
2023-06-15T15:26:26,60,0,29,60
2023-06-15T15:38:41,60,0,29,60
2023-06-15T15:50:55,60,0,29,60
2023-06-15T16:03:20,60,0,29,60
2023-06-15T16:15:34,60,0,29,60
2023-06-15T16:27:48,60,0,29,60
2023-06-15T16:40:02,60,0,29,60
2023-06-15T16:52:16,60,0,29,60
2023-06-15T17:04:30,60,0,29,60
2023-06-15T17:16:45,60,0,29,60
2023-06-15T17:28:59,60,0,29,60
2023-06-15T17:41:13,60,0,29,60
2023-06-15T17:53:37,60,0,29,60
2023-06-15T18:05:52,60,0,29,60
2023-06-15T18:18:06,60,0,29,60
2023-06-15T18:30:21,60,0,29,60
2023-06-15T18:42:35,60,0,29,60
2023-06-15T18:54:49,60,0,29,60
2023-06-15T19:07:04,60,0,29,60
2023-06-15T19:19:19,60,0,29,60
2023-06-15T19:31:44,60,0,29,60
2023-06-15T19:43:58,60,0,29,60
2023-06-15T19:56:13,60,0,29,60
2023-06-15T20:08:27,60,0,29,60
2023-06-15T20:20:41,60,0,29,60
2023-06-15T20:32:55,60,0,29,60
2023-06-15T20:45:09,60,0,29,60
2023-06-15T20:57:24,60,0,29,60
2023-06-15T21:09:49,60,0,29,60
2023-06-15T21:22:03,60,0,29,60
2023-06-15T21:34:19,60,0,29,60
2023-06-15T21:46:33,60,0,29,60
2023-06-15T21:58:48,60,0,29,60
2023-06-15T22:11:02,60,0,29,60
2023-06-15T22:23:16,60,0,29,60
2023-06-15T22:35:31,60,0,29,60
2023-06-15T22:47:45,60,0,29,60
2023-06-15T23:00:00,60,0,29,60
2023-06-15T23:12:26,60,0,29,60
2023-06-15T23:24:42,60,0,29,60
2023-06-15T23:36:57,60,0,29,60
2023-06-15T23:49:12,60,0,29,60
2023-06-16T00:01:27,60,0,29,60
2023-06-16T00:13:43,60,0,29,60
2023-06-16T00:25:58,60,0,29,60
2023-06-16T00:38:12,60,0,29,60
2023-06-16T00:50:26,60,0,29,60
2023-06-16T01:02:41,60,0,29,60
2023-06-16T01:14:56,60,0,29,60
2023-06-16T01:27:22,60,0,29,60
2023-06-16T01:39:37,60,0,29,60
2023-06-16T01:51:51,60,0,29,60
2023-06-16T02:04:05,60,0,29,60
2023-06-16T02:16:22,60,0,29,60
2023-06-16T02:28:37,60,0,29,60
2023-06-16T02:40:52,60,0,29,60
2023-06-16T02:53:08,60,0,29,60
2023-06-16T03:05:25,60,0,29,60
2023-06-16T03:17:43,60,0,29,60
2023-06-16T03:30:03,60,0,29,60
2023-06-16T03:42:19,60,0,29,60
2023-06-16T03:54:36,60,0,29,60
2023-06-16T04:06:55,60,0,29,60
2023-06-16T04:17:48,60,0,29,60
2023-06-16T04:30:09,60,0,29,60
2023-06-16T04:42:29,60,0,29,60
2023-06-16T04:56:14,60,0,29,60
2023-06-16T05:08:54,60,0,29,60
2023-06-16T05:21:12,60,0,29,60
2023-06-16T05:33:30,60,0,29,60
2023-06-16T05:45:48,60,0,29,60
2023-06-16T05:58:07,60,0,29,60
2023-06-16T06:10:24,60,0,29,60
2023-06-16T06:22:42,60,0,29,60
2023-06-16T06:34:59,60,0,29,60
2023-06-16T06:47:17,60,0,29,60
2023-06-16T06:59:34,60,0,29,60
2023-06-16T07:11:51,60,0,29,60
2023-06-16T07:24:07,60,0,29,60
2023-06-16T07:36:23,60,0,29,60
2023-06-16T07:48:37,60,0,29,60
2023-06-16T08:00:54,60,0,29,60
2023-06-16T08:13:21,60,0,29,60
2023-06-16T08:25:37,60,0,29,60
2023-06-16T08:37:55,60,0,29,60
2023-06-16T08:50:12,60,0,29,60
2023-06-16T09:02:30,60,0,29,60
2023-06-16T09:14:47,60,0,29,60
2023-06-16T09:27:03,60,0,29,60
2023-06-16T09:39:18,60,0,29,60
2023-06-16T09:51:33,60,0,29,60
2023-06-16T10:03:49,60,0,29,60
2023-06-16T10:16:04,60,0,29,60
2023-06-16T11:00:53,60,0,29,60
2023-06-16T11:13:09,60,0,29,60
2023-06-16T11:25:25,60,0,29,60
2023-06-16T11:37:41,60,0,29,60
2023-06-16T11:49:55,60,0,29,60
2023-06-16T12:02:21,60,0,29,60
2023-06-16T12:14:37,60,0,29,60
2023-06-16T12:26:53,60,0,29,60
2023-06-16T12:39:08,60,0,29,60
2023-06-16T12:51:23,60,0,29,60
2023-06-16T13:03:38,60,0,29,60
2023-06-16T13:15:54,60,0,29,60
2023-06-16T13:28:10,60,0,29,60
2023-06-16T13:40:25,60,0,29,60
2023-06-16T13:52:51,60,0,29,60
2023-06-16T14:05:07,60,0,29,60
2023-06-16T14:17:22,60,0,29,60
2023-06-16T14:29:38,60,0,29,60
2023-06-16T14:41:53,60,0,29,60
2023-06-16T14:54:09,60,0,29,60
2023-06-16T15:06:24,60,0,29,60
2023-06-16T15:18:52,60,0,29,60
2023-06-16T15:31:07,60,0,29,60
2023-06-16T15:43:22,60,0,29,60
2023-06-16T15:55:38,60,0,29,60
2023-06-16T16:07:54,60,0,29,60
2023-06-16T16:20:10,60,0,29,60
2023-06-16T16:32:25,60,0,29,60
2023-06-16T16:44:40,60,0,29,60
2023-06-16T16:56:56,60,0,29,60
2023-06-16T17:09:22,60,0,29,60
2023-06-16T17:21:38,60,0,29,60
2023-06-16T17:33:53,60,0,29,60
2023-06-16T17:46:09,60,0,29,60
2023-06-16T17:58:24,60,0,29,60
2023-06-16T18:10:39,60,0,29,60
2023-06-16T18:22:55,60,0,29,60
2023-06-16T18:35:11,60,0,29,60
2023-06-16T18:47:26,60,0,29,60
2023-06-16T18:59:42,60,0,29,60
2023-06-16T19:11:58,60,0,29,60
2023-06-16T19:24:26,60,0,29,60
2023-06-16T19:36:42,60,0,29,60
2023-06-16T19:48:57,60,0,29,60
2023-06-16T20:01:14,60,0,29,60
2023-06-16T20:13:30,60,0,29,60
2023-06-16T20:25:45,60,0,29,60
2023-06-16T20:38:00,60,0,29,60
2023-06-16T20:50:17,60,0,29,60
2023-06-16T21:02:32,60,0,29,60
2023-06-16T21:14:48,60,0,29,60
2023-06-16T21:27:14,60,0,29,60
2023-06-16T21:39:30,60,0,29,60
2023-06-16T21:51:45,60,0,29,60
2023-06-16T22:04:01,60,0,29,60
2023-06-16T22:16:16,60,0,29,60
2023-06-16T22:28:32,60,0,29,60
2023-06-16T22:40:47,60,0,29,60
2023-06-16T22:53:02,60,0,29,60
2023-06-16T23:05:21,60,0,29,60
2023-06-16T23:17:47,60,0,29,60
2023-06-16T23:30:03,60,0,29,60
2023-06-16T23:42:19,60,0,29,60
2023-06-16T23:54:35,60,0,29,60
2023-06-17T00:06:52,60,0,29,60
2023-06-17T00:19:17,60,0,29,60
2023-06-17T00:31:36,60,0,29,60
2023-06-17T00:43:57,60,0,29,60
2023-06-17T00:56:16,60,0,29,60
2023-06-17T01:08:36,60,0,29,60
2023-06-17T01:20:55,60,0,29,60
2023-06-17T01:33:14,60,0,29,60
2023-06-17T01:45:33,60,0,29,60
2023-06-17T01:57:52,60,0,29,60
2023-06-17T02:10:22,60,0,29,60
2023-06-17T02:22:43,60,0,29,60
2023-06-17T02:35:01,60,0,29,60
2023-06-17T02:47:18,60,0,29,60
2023-06-17T02:59:34,60,0,29,60
2023-06-17T03:11:51,60,0,29,60
2023-06-17T03:24:09,60,0,29,60
2023-06-17T03:36:27,60,0,29,60
2023-06-17T03:48:44,60,0,29,60
2023-06-17T04:01:03,60,0,29,60
2023-06-17T04:13:22,60,0,29,60
2023-06-17T04:29:53,60,0,29,60
2023-06-17T04:43:07,60,0,29,60
2023-06-17T04:56:05,60,0,29,60
2023-06-17T05:08:25,60,0,29,60
2023-06-17T05:20:41,60,0,29,60
2023-06-17T05:32:58,60,0,29,60
2023-06-17T05:45:34,60,0,29,60
2023-06-17T05:57:52,60,0,29,60
2023-06-17T06:10:14,60,0,29,60
2023-06-17T06:22:32,60,0,29,60
2023-06-17T06:34:51,60,0,29,60
2023-06-17T06:47:10,60,0,29,60
2023-06-17T06:59:29,60,0,29,60
2023-06-17T07:11:48,60,0,29,60
2023-06-17T07:24:07,60,0,29,60
2023-06-17T07:36:38,60,0,29,60
2023-06-17T07:48:56,60,0,29,60
2023-06-17T08:01:14,60,0,29,60
2023-06-17T08:13:33,60,0,29,60
2023-06-17T08:25:51,60,0,29,60
2023-06-17T08:38:10,60,0,29,60
2023-06-17T08:50:29,60,0,29,60
2023-06-17T09:02:47,60,0,29,60
2023-06-17T09:15:06,60,0,29,60
2023-06-17T09:27:25,60,0,29,60
2023-06-17T09:39:43,60,0,29,60
2023-06-17T09:52:13,60,0,29,60
2023-06-17T10:04:32,60,0,29,60
2023-06-17T10:16:50,60,0,29,60
2023-06-17T10:29:08,60,0,29,60
2023-06-17T10:41:26,60,0,29,60
2023-06-17T10:53:45,60,0,29,60
2023-06-17T11:06:03,60,0,29,60
2023-06-17T11:18:22,60,0,29,60
2023-06-17T11:30:39,60,0,29,60
2023-06-17T11:42:56,60,0,29,60
2023-06-17T11:55:25,60,0,29,60
2023-06-17T12:07:43,60,0,29,60
2023-06-17T12:19:58,60,0,29,60
2023-06-17T12:32:13,60,0,29,60
2023-06-17T12:44:28,60,0,29,60
2023-06-17T12:56:43,60,0,29,60
2023-06-17T13:08:59,60,0,29,60
2023-06-17T13:21:14,60,0,29,60
2023-06-17T13:33:48,60,0,29,60
2023-06-17T13:46:05,60,0,29,60
2023-06-17T13:58:21,60,0,29,60
2023-06-17T14:10:36,60,0,29,60
2023-06-17T14:22:52,60,0,29,60
2023-06-17T14:35:07,60,0,29,60
2023-06-17T14:47:23,60,0,29,60
2023-06-17T14:59:38,60,0,29,60
2023-06-17T15:11:53,60,0,29,60
2023-06-17T15:24:09,60,0,29,60
2023-06-17T15:36:34,60,0,29,60
2023-06-17T15:48:49,60,0,29,60
2023-06-17T16:01:04,60,0,29,60
2023-06-17T16:13:19,60,0,29,60
2023-06-17T16:25:34,60,0,29,60
2023-06-17T16:37:49,60,0,29,60
2023-06-17T16:50:05,60,0,29,60
2023-06-17T17:02:20,60,0,29,60
2023-06-17T17:14:36,60,0,29,60
2023-06-17T17:26:51,60,0,29,60
2023-06-17T17:39:07,60,0,29,60
2023-06-17T17:51:22,60,0,29,60
2023-06-17T18:03:47,60,0,29,60
2023-06-17T18:16:03,60,0,29,60
2023-06-17T18:28:19,60,0,29,60
2023-06-17T18:40:34,60,0,29,60
2023-06-17T18:52:50,60,0,29,60
2023-06-17T19:05:06,60,0,29,60
2023-06-17T19:17:21,60,0,29,60
2023-06-17T19:29:36,60,0,29,60
2023-06-17T19:41:52,60,0,29,60
2023-06-17T19:54:07,60,0,29,60
2023-06-17T20:06:22,60,0,29,60
2023-06-17T20:18:38,60,0,29,60
2023-06-17T20:30:53,60,0,29,60
2023-06-17T20:43:19,60,0,29,60
2023-06-17T20:55:34,60,0,29,60
2023-06-17T21:07:49,60,0,29,60
2023-06-17T21:20:05,60,0,29,60
2023-06-17T21:32:20,60,0,29,60
2023-06-17T21:44:36,60,0,29,60
2023-06-17T21:56:51,60,0,29,60
2023-06-17T22:09:06,60,0,29,60
2023-06-17T22:21:22,60,0,29,60
2023-06-17T22:33:38,60,0,29,60
2023-06-17T22:45:53,60,0,29,60
2023-06-17T22:58:19,60,0,29,60
2023-06-17T23:10:37,60,0,29,60
2023-06-17T23:22:53,60,0,29,60
2023-06-17T23:35:09,60,0,29,60
2023-06-17T23:47:25,60,0,29,60
2023-06-17T23:59:42,60,0,29,60
2023-06-18T00:11:59,60,0,29,60
2023-06-18T00:24:16,60,0,29,60
2023-06-18T00:36:32,60,0,29,60
2023-06-18T00:48:51,60,0,29,60
2023-06-18T01:18:13,60,0,29,60
2023-06-18T01:30:33,60,0,29,60
2023-06-18T01:42:52,60,0,29,60
2023-06-18T01:55:11,60,0,29,60
2023-06-18T02:07:32,60,0,29,60
2023-06-18T02:20:36,60,0,29,60
2023-06-18T02:32:55,60,0,29,60
2023-06-18T02:45:14,60,0,29,60
2023-06-18T02:57:33,60,0,29,60
2023-06-18T03:09:54,60,0,29,60
2023-06-18T03:22:14,60,0,29,60
2023-06-18T03:34:43,60,0,29,60
2023-06-18T03:47:01,60,0,29,60
2023-06-18T03:59:20,60,0,29,60
2023-06-18T04:11:38,60,0,29,60
2023-06-18T04:30:40,60,0,29,60
2023-06-18T04:43:24,60,0,29,60
2023-06-18T04:55:45,60,0,29,60
2023-06-18T05:08:06,60,0,29,60
2023-06-18T05:20:26,60,0,29,60
2023-06-18T05:32:44,60,0,29,60
2023-06-18T05:45:03,60,0,29,60
2023-06-18T05:57:21,60,0,29,60
2023-06-18T06:09:40,60,0,29,60
2023-06-18T06:21:59,60,0,29,60
2023-06-18T06:34:17,60,0,29,60
2023-06-18T06:46:35,60,0,29,60
2023-06-18T06:58:55,60,0,29,60
2023-06-18T07:11:13,60,0,29,60
2023-06-18T07:23:31,60,0,29,60
2023-06-18T07:35:47,60,0,29,60
2023-06-18T07:48:04,60,0,29,60
2023-06-18T08:00:23,60,0,29,60
2023-06-18T08:12:40,60,0,29,60
2023-06-18T08:24:56,60,0,29,60
2023-06-18T08:37:11,60,0,29,60
2023-06-18T08:49:27,60,0,29,60
2023-06-18T09:01:56,60,0,29,60
2023-06-18T09:14:11,60,0,29,60
2023-06-18T09:26:26,60,0,29,60
2023-06-18T09:38:41,60,0,29,60
2023-06-18T09:50:56,60,0,29,60
2023-06-18T10:03:14,60,0,29,60
2023-06-18T10:15:33,60,0,29,60
2023-06-18T10:27:49,60,0,29,60
2023-06-18T10:40:05,60,0,29,60
2023-06-18T10:52:22,60,0,29,60
2023-06-18T11:04:39,60,0,29,60
2023-06-18T11:16:58,60,0,29,60
2023-06-18T11:29:27,60,0,29,60
2023-06-18T11:41:44,60,0,29,60
2023-06-18T11:54:00,60,0,29,60
2023-06-18T12:06:15,60,0,29,60
2023-06-18T12:18:30,60,0,29,60
2023-06-18T12:30:45,60,0,29,60
2023-06-18T12:43:00,60,0,29,60
2023-06-18T12:55:15,60,0,29,60
2023-06-18T13:07:47,60,0,29,60
2023-06-18T13:20:02,60,0,29,60
2023-06-18T13:32:17,60,0,29,60
2023-06-18T13:44:32,60,0,29,60
2023-06-18T13:56:47,60,0,29,60
2023-06-18T14:09:02,60,0,29,60
2023-06-18T14:21:17,60,0,29,60
2023-06-18T14:33:32,60,0,29,60
2023-06-18T14:45:47,60,0,29,60
2023-06-18T14:58:12,60,0,29,60
2023-06-18T15:10:26,60,0,29,60
2023-06-18T15:22:41,60,0,29,60
2023-06-18T15:34:56,60,0,29,60
2023-06-18T15:47:13,60,0,29,60
2023-06-18T15:59:28,60,0,29,60
2023-06-18T16:11:43,60,0,29,60
2023-06-18T16:23:58,60,0,29,60
2023-06-18T16:36:14,60,0,29,60
2023-06-18T16:48:40,60,0,29,60
2023-06-18T17:00:54,60,0,29,60
2023-06-18T17:13:10,60,0,29,60
2023-06-18T17:25:25,60,0,29,60
2023-06-18T17:37:41,60,0,29,60
2023-06-18T17:49:55,60,0,29,60
2023-06-18T18:02:10,60,0,29,60
2023-06-18T18:14:26,60,0,29,60
2023-06-18T18:26:51,60,0,29,60
2023-06-18T18:39:06,60,0,29,60
2023-06-18T18:51:21,60,0,29,60
2023-06-18T19:03:38,60,0,29,60
2023-06-18T19:15:54,60,0,29,60
2023-06-18T19:28:09,60,0,29,60
2023-06-18T19:40:24,60,0,29,60
2023-06-18T19:52:39,60,0,29,60
2023-06-18T20:04:54,60,0,29,60
2023-06-18T20:17:09,60,0,29,60
2023-06-18T20:29:35,60,0,29,60
2023-06-18T20:41:50,60,0,30,60
2023-06-18T20:54:05,60,0,30,60
2023-06-18T21:06:20,60,0,30,60
2023-06-18T21:18:35,60,0,30,60
2023-06-18T21:30:51,60,0,30,60
2023-06-18T21:43:07,60,0,30,60
2023-06-18T21:55:22,60,0,30,60
2023-06-18T22:07:48,60,0,30,60
2023-06-18T22:20:03,60,0,30,60
2023-06-18T22:32:19,60,0,30,60
2023-06-18T22:44:34,60,0,30,60
2023-06-18T22:56:49,60,0,30,60
2023-06-18T23:09:06,60,0,30,60
2023-06-18T23:21:22,60,0,30,60
2023-06-18T23:33:38,60,0,30,60
2023-06-18T23:46:14,60,0,30,60
2023-06-18T23:58:30,60,0,30,60
2023-06-19T00:10:52,60,0,30,60
2023-06-19T00:23:25,60,0,30,60
2023-06-19T00:35:57,60,0,30,60
2023-06-19T00:48:24,60,0,30,60
2023-06-19T01:00:43,60,0,30,60
2023-06-19T01:13:07,60,0,30,60
2023-06-19T01:25:26,60,0,30,60
2023-06-19T01:37:56,60,0,30,60
2023-06-19T01:50:16,60,0,30,60
2023-06-19T02:02:45,60,0,30,60
2023-06-19T02:15:04,60,0,30,60
2023-06-19T02:27:22,60,0,30,60
2023-06-19T02:39:39,60,0,30,60
2023-06-19T02:51:56,60,0,30,60
2023-06-19T03:04:13,60,0,30,60
2023-06-19T03:16:33,60,0,30,60
2023-06-19T03:28:51,60,0,30,60
2023-06-19T03:41:09,60,0,30,60
2023-06-19T03:53:28,60,0,30,60
2023-06-19T04:06:05,60,0,30,60
2023-06-19T04:22:35,60,0,30,60
2023-06-19T04:34:55,60,0,30,60
2023-06-19T04:48:57,60,0,30,60
2023-06-19T05:01:16,60,0,30,60
2023-06-19T05:13:38,60,0,30,60
2023-06-19T05:25:56,60,0,30,60
2023-06-19T05:38:15,60,0,30,60
2023-06-19T05:50:38,60,0,30,60
2023-06-19T06:02:57,60,0,30,60
2023-06-19T06:15:16,60,0,30,60
2023-06-19T06:27:36,60,0,30,60
2023-06-19T06:39:54,60,0,30,60
2023-06-19T06:52:12,60,0,30,60
2023-06-19T07:04:31,60,0,30,60
2023-06-19T07:16:50,60,0,30,60
2023-06-19T07:29:06,60,0,30,60
2023-06-19T07:41:21,60,0,30,60
2023-06-19T07:53:36,60,0,30,60
2023-06-19T08:06:02,60,0,30,60
2023-06-19T08:18:19,60,0,30,60
2023-06-19T08:30:35,60,0,30,60
2023-06-19T08:42:51,60,0,30,60
2023-06-19T08:55:06,60,0,30,60
2023-06-19T09:07:22,60,0,30,60
2023-06-19T09:19:38,60,0,30,60
2023-06-19T09:31:53,60,0,30,60
2023-06-19T09:44:10,60,0,30,60
2023-06-19T09:56:35,60,0,30,60
2023-06-19T10:08:51,60,0,30,60
2023-06-19T10:21:06,60,0,30,60
2023-06-19T10:33:24,60,0,30,60
2023-06-19T10:45:40,60,0,30,60
2023-06-19T10:57:55,60,0,30,60
2023-06-19T11:10:12,60,0,30,60
2023-06-19T11:22:37,60,0,30,60
2023-06-19T11:34:52,60,0,30,60
2023-06-19T11:47:07,60,0,30,60
2023-06-19T11:59:23,60,0,30,60
2023-06-19T12:11:39,60,0,30,60
2023-06-19T12:23:55,60,0,30,60
2023-06-19T12:36:21,60,0,30,60
2023-06-19T12:48:37,60,0,30,60
2023-06-19T13:00:53,60,0,30,60
2023-06-19T13:13:09,60,0,30,60
2023-06-19T13:25:24,60,0,30,60
2023-06-19T13:37:40,60,0,30,60
2023-06-19T13:49:56,60,0,30,60
2023-06-19T14:02:23,60,0,30,60
2023-06-19T14:14:39,60,0,30,60
2023-06-19T14:26:56,60,0,30,60
2023-06-19T14:39:12,60,0,30,60
2023-06-19T14:51:27,60,0,30,60
2023-06-19T15:03:45,60,0,30,60
2023-06-19T15:16:11,60,0,30,60
2023-06-19T15:28:27,60,0,30,60
2023-06-19T15:40:42,60,0,30,60
2023-06-19T15:52:59,60,0,30,60
2023-06-19T16:05:14,60,0,30,60
2023-06-19T16:17:29,60,0,30,60
2023-06-19T16:29:44,60,0,30,60
2023-06-19T16:42:10,60,0,30,60
2023-06-19T16:54:27,60,0,30,60
2023-06-19T17:06:43,60,0,30,60
2023-06-19T17:19:00,60,0,30,60
2023-06-19T17:31:15,60,0,30,60
2023-06-19T17:43:32,60,0,30,60
2023-06-19T17:55:48,60,0,30,60
2023-06-19T18:08:14,60,0,30,60
2023-06-19T18:20:29,60,0,30,60
2023-06-19T18:32:45,60,0,30,60
2023-06-19T18:45:01,60,0,30,60
2023-06-19T18:57:17,60,0,30,60
2023-06-19T19:09:34,60,0,30,60
2023-06-19T19:21:54,60,0,30,60
2023-06-19T19:34:09,60,0,30,60
2023-06-19T19:46:35,60,0,30,60
2023-06-19T19:58:51,60,0,30,60
2023-06-19T20:11:07,60,0,30,60
2023-06-19T20:23:22,60,0,30,60
2023-06-19T20:35:37,60,0,30,60
2023-06-19T20:47:53,60,0,30,60
2023-06-19T21:00:19,60,0,30,60
2023-06-19T21:12:35,60,0,30,60
2023-06-19T21:24:50,60,0,30,60
2023-06-19T21:37:07,60,0,30,60
2023-06-19T21:49:24,60,0,30,60
2023-06-19T22:01:39,60,0,30,60
2023-06-19T22:14:06,60,0,30,60
2023-06-19T22:26:22,60,0,30,60
2023-06-19T22:38:38,60,0,30,60
2023-06-19T22:50:53,60,0,30,60
2023-06-19T23:03:10,60,0,30,60
2023-06-19T23:15:26,60,0,30,60
2023-06-19T23:27:54,60,0,30,60
2023-06-19T23:40:10,60,0,30,60
2023-06-19T23:52:26,60,0,30,60
2023-06-20T00:04:44,60,0,30,60
2023-06-20T00:17:02,60,0,30,60
2023-06-20T00:29:22,60,0,30,60
2023-06-20T00:41:41,60,0,30,60
2023-06-20T00:54:00,60,0,30,60
2023-06-20T01:06:31,60,0,30,60
2023-06-20T01:18:51,60,0,30,60
2023-06-20T01:31:10,60,0,31,60
2023-06-20T01:43:29,60,0,31,60
2023-06-20T01:55:47,60,0,31,60
2023-06-20T02:08:34,60,0,31,60
2023-06-20T02:20:53,60,0,31,60
2023-06-20T02:33:11,60,0,31,60
2023-06-20T02:45:29,60,0,31,60
2023-06-20T02:57:46,60,0,31,60
2023-06-20T03:10:03,60,0,31,60
2023-06-20T03:22:22,60,0,31,60
2023-06-20T03:34:41,60,0,31,60
2023-06-20T03:47:10,60,0,31,60
2023-06-20T03:59:28,60,0,31,60
2023-06-20T04:11:47,60,0,31,60
2023-06-20T04:29:02,60,0,31,60
2023-06-20T04:41:47,60,0,31,60
2023-06-20T04:54:08,60,0,31,60
2023-06-20T05:06:30,60,0,31,60
2023-06-20T05:18:49,60,0,31,60
2023-06-20T05:31:08,60,0,31,60
2023-06-20T05:43:27,60,0,31,60
2023-06-20T05:55:46,60,0,31,60
2023-06-20T06:08:07,60,0,31,60
2023-06-20T06:20:25,60,0,31,60
2023-06-20T06:32:44,60,0,31,60
2023-06-20T06:45:03,60,0,31,60
2023-06-20T06:57:21,60,0,31,60
2023-06-20T07:09:41,60,0,31,60
2023-06-20T07:21:56,60,0,31,60
2023-06-20T07:34:23,60,0,31,60
2023-06-20T07:46:38,60,0,31,60
2023-06-20T07:58:53,60,0,31,60
2023-06-20T08:11:10,60,0,31,60
2023-06-20T08:23:27,60,0,31,60
2023-06-20T08:35:44,60,0,31,60
2023-06-20T08:48:01,60,0,31,60
2023-06-20T09:00:19,60,0,31,60
2023-06-20T09:12:36,60,0,31,60
2023-06-20T09:25:03,60,0,31,60
2023-06-20T09:37:19,60,0,31,60
2023-06-20T09:49:34,60,0,31,60
2023-06-20T10:01:51,60,0,31,60
2023-06-20T10:14:07,60,0,31,60
2023-06-20T10:26:23,60,0,31,60
2023-06-20T10:38:52,60,0,31,60
2023-06-20T10:51:08,60,0,31,60
2023-06-20T11:03:24,60,0,31,60
2023-06-20T11:15:40,60,0,31,60
2023-06-20T11:27:57,60,0,31,60
2023-06-20T11:40:25,60,0,31,60
2023-06-20T11:52:41,60,0,31,60
2023-06-20T12:04:57,60,0,31,60
2023-06-20T12:17:14,60,0,31,60
2023-06-20T12:29:42,60,0,31,60
2023-06-20T12:41:58,60,0,31,60
2023-06-20T12:54:15,60,0,31,60
2023-06-20T13:06:31,60,0,31,60
2023-06-20T13:18:48,60,0,31,60
2023-06-20T13:31:14,60,0,31,60
2023-06-20T13:43:31,60,0,31,60
2023-06-20T13:55:46,60,0,31,60
2023-06-20T14:08:02,60,0,31,60
2023-06-20T14:20:19,60,0,31,60
2023-06-20T14:32:46,60,0,31,60
2023-06-20T14:45:02,60,0,31,60
2023-06-20T14:57:19,60,0,31,60
2023-06-20T15:09:35,60,0,31,60
2023-06-20T15:21:52,60,0,31,60
2023-06-20T15:34:21,60,0,31,60
2023-06-20T15:46:38,60,0,31,60
2023-06-20T15:58:55,60,0,31,60
2023-06-20T16:11:11,60,0,31,60
2023-06-20T16:23:30,60,0,31,60
2023-06-20T16:35:57,60,0,31,60
2023-06-20T16:48:13,60,0,31,60
2023-06-20T17:00:30,60,0,31,60
2023-06-20T17:12:47,60,0,31,60
2023-06-20T17:25:04,60,0,31,60
2023-06-20T17:37:32,60,0,31,60
2023-06-20T17:49:48,60,0,31,60
2023-06-20T18:02:05,60,0,31,60
2023-06-20T18:14:22,60,0,31,60
2023-06-20T18:26:40,60,0,31,60
2023-06-20T18:39:10,60,0,31,60
2023-06-20T18:51:27,60,0,31,60
2023-06-20T19:03:43,60,0,31,60
2023-06-20T19:16:00,60,0,31,60
2023-06-20T19:28:17,60,0,31,60
2023-06-20T19:40:46,60,0,31,60
2023-06-20T19:53:02,60,0,31,60
2023-06-20T20:05:20,60,0,31,60
2023-06-20T20:17:37,60,0,31,60
2023-06-20T20:29:54,60,0,31,60
2023-06-20T20:42:11,60,0,31,60
2023-06-20T20:54:42,60,0,31,60
2023-06-20T21:06:58,60,0,31,60
2023-06-20T21:19:15,60,0,31,60
2023-06-20T21:31:31,60,0,31,60
2023-06-20T21:43:59,60,0,31,60
2023-06-20T21:56:16,60,0,31,60
2023-06-20T22:08:33,60,0,31,60
2023-06-20T22:20:49,60,0,31,60
2023-06-20T22:33:06,60,0,31,60
2023-06-20T22:45:23,60,0,31,60
2023-06-20T22:57:52,60,0,31,60
2023-06-20T23:10:10,60,0,31,60
2023-06-20T23:22:28,60,0,31,60
2023-06-20T23:34:45,60,0,31,60
2023-06-20T23:47:02,60,0,31,60
2023-06-20T23:59:19,60,0,31,60
2023-06-21T00:11:57,60,0,31,60
2023-06-21T00:24:22,60,0,31,60
2023-06-21T00:36:44,60,0,31,60
2023-06-21T00:49:05,60,0,31,60
2023-06-21T01:01:25,60,0,31,60
2023-06-21T01:13:47,60,0,31,60
2023-06-21T01:26:08,60,0,31,60
2023-06-21T01:38:42,60,0,31,60
2023-06-21T01:51:03,60,0,31,60
2023-06-21T02:03:27,60,0,31,60
2023-06-21T02:15:47,60,0,31,60
2023-06-21T02:28:06,60,0,31,60
2023-06-21T02:40:25,60,0,31,60
2023-06-21T02:52:42,60,0,31,60
2023-06-21T03:04:58,60,0,31,60
2023-06-21T03:17:17,60,0,31,60
2023-06-21T03:29:48,60,0,31,60
2023-06-21T03:42:06,60,0,31,60
2023-06-21T03:54:24,60,0,31,60
2023-06-21T04:06:42,60,0,31,60
2023-06-21T04:19:33,60,0,31,60
2023-06-21T04:33:24,60,0,31,60
2023-06-21T04:46:07,60,0,31,60
2023-06-21T04:58:26,60,0,31,60
2023-06-21T05:10:46,60,0,31,60
2023-06-21T05:23:05,60,0,31,60
2023-06-21T05:35:22,60,0,31,60
2023-06-21T05:47:40,60,0,31,60
2023-06-21T05:59:57,60,0,31,60
2023-06-21T06:12:15,60,0,31,60
2023-06-21T06:24:31,60,0,31,60
2023-06-21T06:36:52,61,0,30,60
2023-06-21T06:49:28,61,0,30,60
2023-06-21T07:01:48,61,0,30,60
2023-06-21T07:14:08,61,0,30,60
2023-06-21T07:26:27,61,0,30,60
2023-06-21T07:38:44,61,0,30,60
2023-06-21T07:51:02,61,0,30,60
2023-06-21T08:03:21,61,0,30,60
2023-06-21T08:15:52,61,0,30,60
2023-06-21T08:28:13,61,0,30,60
2023-06-21T08:40:33,61,0,30,60
2023-06-21T08:52:51,61,0,30,60
2023-06-21T09:05:10,61,0,30,60
2023-06-21T09:17:30,61,0,30,60
2023-06-21T09:30:01,61,0,30,60
2023-06-21T09:42:20,61,0,30,60
2023-06-21T09:54:40,61,0,30,60
2023-06-21T10:07:01,61,0,30,60
2023-06-21T10:19:34,61,0,30,60
2023-06-21T10:31:54,61,0,30,60
2023-06-21T10:44:14,61,0,30,60
2023-06-21T10:56:38,61,0,30,60
2023-06-21T11:09:10,61,0,30,60
2023-06-21T11:21:32,61,0,30,60
2023-06-21T11:33:55,61,0,30,60
2023-06-21T11:46:28,61,0,30,60
2023-06-21T11:58:48,61,0,30,60
2023-06-21T12:11:07,61,0,30,60
2023-06-21T12:23:27,61,0,30,60
2023-06-21T12:35:55,61,0,30,60
2023-06-21T12:48:12,61,0,30,60
2023-06-21T13:00:30,61,0,30,60
2023-06-21T13:12:47,61,0,30,60
2023-06-21T13:25:16,61,0,30,60
2023-06-21T13:37:35,61,0,31,60
2023-06-21T13:49:55,61,0,31,60
2023-06-21T14:02:12,61,0,31,60
2023-06-21T14:14:40,61,0,31,60
2023-06-21T14:26:59,61,0,31,60
2023-06-21T14:39:17,61,0,31,60
2023-06-21T14:51:35,61,0,31,60
2023-06-21T15:04:08,61,0,31,60
2023-06-21T15:16:27,61,0,31,60
2023-06-21T15:28:46,61,0,31,60
2023-06-21T15:41:05,61,0,31,60
2023-06-21T15:53:36,61,0,31,60
2023-06-21T16:05:55,61,0,31,60
2023-06-21T16:18:14,61,0,31,60
2023-06-21T16:30:33,61,0,31,60
2023-06-21T16:42:52,61,0,31,60
2023-06-21T16:55:23,61,0,31,60
2023-06-21T17:07:43,61,0,31,60
2023-06-21T17:20:04,61,0,31,60
2023-06-21T17:32:23,61,0,31,60
2023-06-21T17:44:54,61,0,31,60
2023-06-21T17:57:13,61,0,31,60
2023-06-21T18:09:33,61,0,31,60
2023-06-21T18:21:56,61,0,31,60
2023-06-21T18:34:26,61,0,31,60
2023-06-21T18:46:45,61,0,31,60
2023-06-21T18:59:04,61,0,31,60
2023-06-21T19:11:24,61,0,31,60
2023-06-21T19:23:42,61,0,31,60
2023-06-21T19:36:01,61,0,31,60
2023-06-21T19:48:31,61,0,31,60
2023-06-21T20:00:50,61,0,31,60
2023-06-21T20:13:09,61,0,31,60
2023-06-21T20:25:28,61,0,31,60
2023-06-21T20:37:48,61,0,31,60
2023-06-21T20:50:20,61,0,31,60
2023-06-21T21:02:41,61,0,31,60
2023-06-21T21:15:00,61,0,31,60
2023-06-21T21:27:20,61,0,31,60
2023-06-21T21:39:41,61,0,31,60
2023-06-21T21:52:11,61,0,31,60
2023-06-21T22:04:31,61,0,31,60
2023-06-21T22:16:50,61,0,31,60
2023-06-21T22:29:10,61,0,31,60
2023-06-21T22:41:29,61,0,31,60
2023-06-21T22:54:00,61,0,31,60
2023-06-21T23:06:24,61,0,31,60
2023-06-21T23:18:43,61,0,31,60
2023-06-21T23:31:03,61,0,31,60
2023-06-21T23:43:22,61,0,31,60
2023-06-21T23:55:41,61,0,31,60
2023-06-22T00:08:03,61,0,31,60
2023-06-22T00:20:44,61,0,31,60
2023-06-22T00:33:06,61,0,31,60
2023-06-22T00:45:29,61,0,31,60
2023-06-22T00:57:52,61,0,31,60
2023-06-22T01:10:14,61,0,31,60
2023-06-22T01:22:50,61,0,31,60
2023-06-22T01:35:13,61,0,31,60
2023-06-22T01:47:36,61,0,31,60
2023-06-22T02:00:01,61,0,31,60
2023-06-22T02:12:21,61,0,31,60
2023-06-22T02:24:41,61,0,31,60
2023-06-22T02:37:03,61,0,31,60
2023-06-22T02:49:36,61,0,31,60
2023-06-22T03:01:57,61,0,31,60
2023-06-22T03:14:19,61,0,31,60
2023-06-22T03:26:42,61,0,31,60
2023-06-22T03:39:03,61,0,31,60
2023-06-22T03:51:24,61,0,31,60
2023-06-22T04:03:46,61,0,31,60
2023-06-22T04:16:07,61,0,31,60
2023-06-22T04:28:54,61,0,31,60
2023-06-22T04:41:44,61,0,31,60
2023-06-22T04:54:07,61,0,31,60
2023-06-22T05:06:29,61,0,31,60
2023-06-22T05:18:49,61,0,31,60
2023-06-22T05:31:09,61,0,31,60
2023-06-22T05:43:29,61,0,31,60
2023-06-22T05:55:53,61,0,31,60
2023-06-22T06:08:15,61,0,31,60
2023-06-22T06:20:40,61,0,31,60
2023-06-22T06:33:02,61,0,31,60
2023-06-22T06:45:23,61,0,31,60
2023-06-22T06:57:45,61,0,31,60
2023-06-22T07:10:18,61,0,31,60
2023-06-22T07:22:40,61,0,31,60
2023-06-22T07:35:01,61,0,31,60
2023-06-22T07:47:22,61,0,31,60
2023-06-22T07:59:42,61,0,31,60
2023-06-22T08:12:02,61,0,31,60
2023-06-22T08:24:23,61,0,31,60
2023-06-22T08:36:53,61,0,31,60
2023-06-22T08:49:13,61,0,31,60
2023-06-22T09:01:33,61,0,31,60
2023-06-22T09:13:53,61,0,31,60
2023-06-22T09:26:13,61,0,31,60
2023-06-22T09:38:36,61,0,31,60
2023-06-22T09:51:07,61,0,31,60
2023-06-22T10:03:27,61,0,31,60
2023-06-22T10:15:47,61,0,31,60
2023-06-22T10:28:08,61,0,31,60
2023-06-22T10:40:42,61,0,31,60
2023-06-22T10:53:02,61,0,31,60
2023-06-22T11:05:23,61,0,31,60
2023-06-22T11:17:44,61,0,31,60
2023-06-22T11:30:04,61,0,31,60
2023-06-22T11:42:36,61,0,31,60
2023-06-22T11:54:55,61,0,31,60
2023-06-22T12:07:15,61,0,31,60
2023-06-22T12:19:34,61,0,31,60
2023-06-22T12:32:05,61,0,31,60
2023-06-22T12:44:24,61,0,31,60
2023-06-22T12:56:44,61,0,31,60
2023-06-22T13:09:04,61,0,31,60
2023-06-22T13:21:23,61,0,31,60
2023-06-22T13:33:58,61,0,31,60
2023-06-22T13:46:20,61,0,31,60
2023-06-22T13:58:40,61,0,31,60
2023-06-22T14:11:12,61,0,31,60
2023-06-22T14:23:31,61,0,31,60
2023-06-22T14:35:50,61,0,31,60
2023-06-22T14:48:12,61,0,31,60
2023-06-22T15:00:31,61,0,31,60
2023-06-22T15:12:50,61,0,31,60
2023-06-22T15:25:24,61,0,31,60
2023-06-22T15:37:44,61,0,31,60
2023-06-22T15:50:03,61,0,31,60
2023-06-22T16:02:23,61,0,31,60
2023-06-22T16:14:43,61,0,31,60
2023-06-22T16:27:13,61,0,31,60
2023-06-22T16:39:32,61,0,31,60
2023-06-22T16:51:51,61,0,31,60
2023-06-22T17:04:10,61,0,31,60
2023-06-22T17:16:31,61,0,31,60
2023-06-22T17:28:50,61,0,31,60
2023-06-22T17:41:21,61,0,31,60
2023-06-22T17:53:40,61,0,31,60
2023-06-22T18:06:00,61,0,31,60
2023-06-22T18:18:21,61,0,31,60
2023-06-22T18:30:41,61,0,31,60
2023-06-22T18:42:59,61,0,31,60
2023-06-22T18:55:34,61,0,31,60
2023-06-22T19:07:53,61,0,31,60
2023-06-22T19:20:12,61,0,31,60
2023-06-22T19:32:31,61,0,31,60
2023-06-22T19:44:50,61,0,31,60
2023-06-22T19:57:10,61,0,31,60
2023-06-22T20:09:29,61,0,31,60
2023-06-22T20:22:00,61,0,31,60
2023-06-22T20:34:19,61,0,31,60
2023-06-22T20:46:38,61,0,31,60
2023-06-22T20:58:57,61,0,31,60
2023-06-22T21:11:17,61,0,31,60
2023-06-22T21:23:36,61,0,31,60
2023-06-22T21:35:55,61,0,31,60
2023-06-22T21:48:26,61,0,31,60
2023-06-22T22:00:45,61,0,31,60
2023-06-22T22:13:04,61,0,31,60
2023-06-22T22:25:23,61,0,31,60
2023-06-22T22:37:43,61,0,31,60
2023-06-22T22:50:02,61,0,31,60
2023-06-22T23:02:22,61,0,31,60
2023-06-22T23:14:55,61,0,31,60
2023-06-22T23:27:16,61,0,31,60
2023-06-22T23:39:36,61,0,31,60
2023-06-22T23:51:56,61,0,31,60
2023-06-23T00:04:16,61,0,31,60
2023-06-23T00:16:37,61,0,31,60
2023-06-23T00:28:58,61,0,31,60
2023-06-23T00:41:34,61,0,31,60
2023-06-23T00:53:57,61,0,31,60
2023-06-23T01:06:21,61,0,31,60
2023-06-23T01:18:44,61,0,31,60
2023-06-23T01:31:20,61,0,31,60
2023-06-23T01:43:45,61,0,31,60
2023-06-23T01:56:10,61,0,31,60
2023-06-23T02:08:32,61,0,31,60
2023-06-23T02:20:53,61,0,31,60
2023-06-23T02:33:16,61,0,31,60
2023-06-23T02:45:37,61,0,31,60
2023-06-23T02:57:56,61,0,31,60
2023-06-23T03:10:15,61,0,31,60
2023-06-23T03:22:34,61,0,31,60
2023-06-23T03:35:05,61,0,31,60
2023-06-23T03:47:24,61,0,31,60
2023-06-23T03:59:42,61,0,31,60
2023-06-23T04:18:04,61,0,31,60
2023-06-23T04:30:50,61,0,31,60
2023-06-23T04:43:10,61,0,31,60
2023-06-23T04:55:33,61,0,31,60
2023-06-23T05:07:56,61,0,31,60
2023-06-23T05:20:28,61,0,31,60
2023-06-23T05:32:55,61,0,31,60
2023-06-23T05:45:19,61,0,31,60
2023-06-23T05:57:42,61,0,31,60
2023-06-23T06:10:04,61,0,31,60
2023-06-23T06:22:35,61,0,31,60
2023-06-23T06:34:59,61,0,31,60
2023-06-23T06:47:21,61,0,31,60
2023-06-23T06:59:43,61,0,31,60
2023-06-23T07:12:07,61,0,31,60
2023-06-23T07:24:29,61,0,31,60
2023-06-23T07:36:51,61,0,31,60
2023-06-23T07:49:12,61,0,31,60
2023-06-23T08:01:33,61,0,31,60
2023-06-23T08:13:55,61,0,31,60
2023-06-23T08:26:18,61,0,31,60
2023-06-23T08:38:39,61,0,31,60
2023-06-23T08:50:59,61,0,31,60
2023-06-23T09:03:30,61,0,31,60
2023-06-23T09:15:49,61,0,31,60
2023-06-23T09:28:09,61,0,31,60
2023-06-23T09:40:28,61,0,31,60
2023-06-23T09:52:47,61,0,31,60
2023-06-23T10:05:07,61,0,31,60
2023-06-23T10:17:27,61,0,31,60
2023-06-23T10:29:47,61,0,31,60
2023-06-23T10:42:17,61,0,31,60
2023-06-23T10:54:35,61,0,31,60
2023-06-23T11:06:55,61,0,31,60
2023-06-23T11:19:15,61,0,31,60
2023-06-23T11:31:35,61,0,31,60
2023-06-23T11:43:55,61,0,31,60
2023-06-23T11:56:24,61,0,31,60
2023-06-23T12:08:43,61,0,31,60
2023-06-23T12:21:03,61,0,31,60
2023-06-23T12:33:22,61,0,31,60
2023-06-23T12:45:42,61,0,31,60
2023-06-23T12:58:02,61,0,31,60
2023-06-23T13:10:32,61,0,31,60
2023-06-23T13:22:52,61,0,31,60
2023-06-23T13:35:12,61,0,31,60
2023-06-23T13:47:32,61,0,31,60
2023-06-23T13:59:52,61,0,31,60
2023-06-23T14:12:13,61,0,31,60
2023-06-23T14:24:47,61,0,31,60
2023-06-23T14:37:06,61,0,31,60
2023-06-23T14:49:26,61,0,31,60
2023-06-23T15:01:46,61,0,31,60
2023-06-23T15:14:05,61,0,31,60
2023-06-23T15:26:24,61,0,31,60
2023-06-23T15:38:44,61,0,31,60
2023-06-23T15:51:16,61,0,31,60
2023-06-23T16:03:36,61,0,31,60
2023-06-23T16:15:56,61,0,31,60
2023-06-23T16:28:16,61,0,31,60
2023-06-23T16:40:36,61,0,31,60
2023-06-23T16:52:55,61,0,31,60
2023-06-23T17:05:26,61,0,31,60
2023-06-23T17:17:46,61,0,31,60
2023-06-23T17:30:06,61,0,31,60
2023-06-23T17:42:25,61,0,31,60
2023-06-23T17:54:45,61,0,31,60
2023-06-23T18:07:05,61,0,31,60
2023-06-23T18:19:24,61,0,31,60
2023-06-23T18:31:53,61,0,31,60
2023-06-23T18:44:13,61,0,31,60
2023-06-23T18:56:32,61,0,31,60
2023-06-23T19:08:53,61,0,31,60
2023-06-23T19:21:12,61,0,31,60
2023-06-23T19:33:32,61,0,31,60
2023-06-23T19:46:03,61,0,31,60
2023-06-23T19:58:23,61,0,31,60
2023-06-23T20:10:42,61,0,31,60
2023-06-23T20:23:02,61,0,31,60
2023-06-23T20:35:21,61,0,31,60
2023-06-23T20:47:41,61,0,31,60
2023-06-23T21:00:12,61,0,31,60
2023-06-23T21:12:31,61,0,31,60
2023-06-23T21:24:51,61,0,31,60
2023-06-23T21:37:11,61,0,31,60
2023-06-23T21:49:31,61,0,31,60
2023-06-23T22:01:51,61,0,31,60
2023-06-23T22:14:12,61,0,31,60
2023-06-23T22:26:43,61,0,31,60
2023-06-23T22:39:03,61,0,31,60
2023-06-23T22:51:22,61,0,31,60
2023-06-23T23:03:43,61,0,31,60
2023-06-23T23:16:03,61,0,31,60
2023-06-23T23:28:24,61,0,31,60
2023-06-23T23:40:45,61,0,31,60
2023-06-23T23:53:17,61,0,31,60
2023-06-24T00:05:39,61,0,31,60
2023-06-24T00:18:04,61,0,31,60
2023-06-24T00:30:28,61,0,31,60
2023-06-24T00:42:51,61,0,31,60
2023-06-24T00:55:15,61,0,31,60
2023-06-24T01:07:39,61,0,31,60
2023-06-24T01:20:03,61,0,31,60
2023-06-24T01:32:27,61,0,31,60
2023-06-24T01:44:53,61,0,31,60
2023-06-24T01:57:28,61,0,31,60
2023-06-24T02:09:52,61,0,31,60
2023-06-24T02:22:15,61,0,31,60
2023-06-24T02:34:39,61,0,31,60
2023-06-24T02:46:59,61,0,31,60
2023-06-24T02:59:18,61,0,31,60
2023-06-24T03:11:40,61,0,31,60
2023-06-24T03:24:02,61,0,31,60
2023-06-24T03:36:24,61,0,31,60
2023-06-24T03:48:45,61,0,31,60
2023-06-24T04:01:07,61,0,31,60
2023-06-24T04:20:56,61,0,31,60
2023-06-24T04:33:43,61,0,31,60
2023-06-24T04:46:07,61,0,31,60
2023-06-24T04:58:32,61,0,31,60
2023-06-24T05:10:53,61,0,31,60
2023-06-24T05:23:16,61,0,31,60
2023-06-24T05:35:45,61,0,31,60
2023-06-24T05:48:09,61,0,31,60
2023-06-24T06:00:31,61,0,31,60
2023-06-24T06:12:54,61,0,31,60
2023-06-24T06:25:16,61,0,31,60
2023-06-24T06:37:39,61,0,31,60
2023-06-24T06:50:01,61,0,31,60
2023-06-24T07:02:23,61,0,31,60
2023-06-24T07:14:56,61,0,31,60
2023-06-24T07:27:18,61,0,31,60
2023-06-24T07:39:40,61,0,31,60
2023-06-24T07:52:03,61,0,31,60
2023-06-24T08:04:25,61,0,31,60
2023-06-24T08:16:47,61,0,31,60
2023-06-24T08:29:10,61,0,31,60
2023-06-24T08:41:32,61,0,31,60
2023-06-24T08:53:53,61,0,31,60
2023-06-24T09:06:24,61,0,31,60
2023-06-24T09:18:46,61,0,31,60
2023-06-24T09:31:08,61,0,31,60
2023-06-24T09:43:31,61,0,31,60
2023-06-24T09:55:54,61,0,31,60
2023-06-24T10:08:16,61,0,31,60
2023-06-24T10:20:38,61,0,31,60
2023-06-24T10:33:00,61,0,31,60
2023-06-24T10:45:24,61,0,31,60
2023-06-24T10:57:47,61,0,31,60
2023-06-24T11:10:19,61,0,31,60
2023-06-24T11:22:40,61,0,31,60
2023-06-24T11:35:01,61,0,31,60
2023-06-24T11:47:23,61,0,31,60
2023-06-24T11:59:44,61,0,31,60
2023-06-24T12:12:05,61,0,31,60
2023-06-24T12:24:25,61,0,31,60
2023-06-24T12:36:45,61,0,31,60
2023-06-24T12:49:05,61,0,31,60
2023-06-24T13:01:24,61,0,31,60
2023-06-24T13:13:55,61,0,31,60
2023-06-24T13:26:14,61,0,31,60
2023-06-24T13:38:33,61,0,31,60
2023-06-24T13:50:52,61,0,31,60
2023-06-24T14:03:11,61,0,31,60
2023-06-24T14:15:29,61,0,31,60
2023-06-24T14:27:48,61,0,31,60
2023-06-24T14:40:07,61,0,31,60
2023-06-24T14:52:27,61,0,31,60
2023-06-24T15:04:55,61,0,31,60
2023-06-24T15:17:14,61,0,31,60
2023-06-24T15:29:33,61,0,31,60
2023-06-24T15:41:52,61,0,31,60
2023-06-24T15:54:11,61,0,31,60
2023-06-24T16:06:30,61,0,31,60
2023-06-24T16:18:49,61,0,31,60
2023-06-24T16:31:08,61,0,31,60
2023-06-24T16:43:27,61,0,31,60
2023-06-24T16:55:56,61,0,31,60
2023-06-24T17:08:16,61,0,31,60
2023-06-24T17:20:36,61,0,31,60
2023-06-24T17:32:56,61,0,31,60
2023-06-24T17:45:15,61,0,31,60
2023-06-24T17:57:34,61,0,31,60
2023-06-24T18:09:55,61,0,31,60
2023-06-24T18:22:14,61,0,31,60
2023-06-24T18:34:45,61,0,31,60
2023-06-24T18:47:04,61,0,31,60
2023-06-24T18:59:23,61,0,31,60
2023-06-24T19:11:43,61,0,31,60
2023-06-24T19:24:03,61,0,31,60
2023-06-24T19:36:22,61,0,31,60
2023-06-24T19:48:42,61,0,31,60
2023-06-24T20:01:01,61,0,31,60
2023-06-24T20:13:31,61,0,31,60
2023-06-24T20:25:50,61,0,31,60
2023-06-24T20:38:10,61,0,31,60
2023-06-24T20:50:29,61,0,31,60
2023-06-24T21:02:49,61,0,31,60
2023-06-24T21:15:08,61,0,31,60
2023-06-24T21:27:27,61,0,31,60
2023-06-24T21:39:46,61,0,31,60
2023-06-24T21:52:05,61,0,31,60
2023-06-24T22:04:36,61,0,31,60
2023-06-24T22:16:56,61,0,31,60
2023-06-24T22:29:15,61,0,31,60
2023-06-24T22:41:35,61,0,31,60
2023-06-24T22:53:54,61,0,31,60
2023-06-24T23:06:14,61,0,31,60
2023-06-24T23:18:34,61,0,31,60
2023-06-24T23:30:54,61,0,31,60
2023-06-24T23:43:14,61,0,31,60
2023-06-24T23:55:46,61,0,31,60
2023-06-25T00:08:07,61,0,31,60
2023-06-25T00:20:33,61,0,31,60
2023-06-25T00:32:56,61,0,31,60
2023-06-25T00:45:19,61,0,31,60
2023-06-25T00:57:42,61,0,31,60
2023-06-25T01:10:05,61,0,31,60
2023-06-25T01:22:38,61,0,31,60
2023-06-25T01:35:01,61,0,31,60
2023-06-25T01:47:24,61,0,31,60
2023-06-25T01:59:46,61,0,31,60
2023-06-25T02:12:17,61,0,31,60
2023-06-25T02:24:40,61,0,31,60
2023-06-25T02:37:04,61,0,31,60
2023-06-25T02:49:26,61,0,31,60
2023-06-25T03:01:48,61,0,31,60
2023-06-25T03:14:10,61,0,31,60
2023-06-25T03:26:33,61,0,31,60
2023-06-25T03:39:07,61,0,31,60
2023-06-25T03:51:29,61,0,31,60
2023-06-25T04:03:52,61,0,31,60
2023-06-25T04:21:31,61,0,31,60
2023-06-25T04:33:56,61,0,31,60
2023-06-25T04:47:45,61,0,31,60
2023-06-25T05:00:29,61,0,31,60
2023-06-25T05:12:52,61,0,31,60
2023-06-25T05:25:14,61,0,31,60
2023-06-25T05:37:37,61,0,31,60
2023-06-25T05:50:00,61,0,31,60
2023-06-25T06:02:23,61,0,31,60
2023-06-25T06:14:45,61,0,31,60
2023-06-25T06:27:08,61,0,31,60
2023-06-25T06:39:30,61,0,31,60
2023-06-25T06:52:00,61,0,31,60
2023-06-25T07:04:21,61,0,31,60
2023-06-25T07:16:42,61,0,31,60
2023-06-25T07:29:02,61,0,31,60
2023-06-25T07:41:22,61,0,31,60
2023-06-25T07:53:41,61,0,31,60
2023-06-25T08:06:00,61,0,31,60
2023-06-25T08:18:20,61,0,31,60
2023-06-25T08:30:41,61,0,31,60
2023-06-25T08:43:10,61,0,31,60
2023-06-25T08:55:29,61,0,31,60
2023-06-25T09:07:49,61,0,31,60
2023-06-25T09:20:09,61,0,31,60
2023-06-25T09:32:28,61,0,31,60
2023-06-25T09:44:48,61,0,31,60
2023-06-25T09:57:09,61,0,31,60
2023-06-25T10:09:28,61,0,31,60
2023-06-25T10:21:48,61,0,31,60
2023-06-25T10:34:18,61,0,31,60
2023-06-25T10:46:38,61,0,31,60
2023-06-25T10:59:01,61,0,31,60
2023-06-25T11:11:22,61,0,31,60
2023-06-25T11:23:42,61,0,31,60
2023-06-25T11:36:01,61,0,31,60
2023-06-25T11:48:23,61,0,31,60
2023-06-25T12:00:44,61,0,31,60
2023-06-25T12:13:07,61,0,31,60
2023-06-25T12:25:30,61,0,31,60
2023-06-25T12:37:51,61,0,31,60
2023-06-25T12:50:22,61,0,31,60
2023-06-25T13:02:42,61,0,31,60
2023-06-25T13:15:01,61,0,31,60
2023-06-25T13:27:21,61,0,31,60
2023-06-25T13:39:40,61,0,31,60
2023-06-25T13:52:00,61,0,31,60
2023-06-25T14:04:19,61,0,31,60
2023-06-25T14:16:47,61,0,31,60
2023-06-25T14:29:07,61,0,31,60
2023-06-25T14:41:26,61,0,31,60
2023-06-25T14:53:44,61,0,31,60
2023-06-25T15:06:04,61,0,31,60
2023-06-25T15:18:35,61,0,31,60
2023-06-25T15:30:54,61,0,31,60
2023-06-25T15:43:13,61,0,31,60
2023-06-25T15:55:32,61,0,31,60
2023-06-25T16:07:51,61,0,31,60
2023-06-25T16:20:12,61,0,31,60
2023-06-25T16:32:42,61,0,31,60
2023-06-25T16:45:02,61,0,31,60
2023-06-25T16:57:21,61,0,31,60
2023-06-25T17:09:41,61,0,31,60
2023-06-25T17:22:00,61,0,31,60
2023-06-25T17:34:20,61,0,31,60
2023-06-25T17:46:40,61,0,31,60
2023-06-25T17:59:08,61,0,31,60
2023-06-25T18:11:28,61,0,31,60
2023-06-25T18:23:47,61,0,31,60
2023-06-25T18:36:07,61,0,31,60
2023-06-25T18:48:26,61,0,31,60
2023-06-25T19:00:45,61,0,31,60
2023-06-25T19:13:17,61,0,31,60
2023-06-25T19:25:36,61,0,31,60
2023-06-25T19:37:56,61,0,31,60
2023-06-25T19:50:16,61,0,31,60
2023-06-25T20:02:35,61,0,31,60
2023-06-25T20:14:54,61,0,31,60
2023-06-25T20:27:14,61,0,31,60
2023-06-25T20:39:43,61,0,31,60
2023-06-25T20:52:02,61,0,31,60
2023-06-25T21:04:22,61,0,31,60
2023-06-25T21:16:41,61,0,31,60
2023-06-25T21:29:01,61,0,31,60
2023-06-25T21:41:21,61,0,31,60
2023-06-25T21:53:40,61,0,31,60
2023-06-25T22:06:00,61,0,31,60
2023-06-25T22:18:29,61,0,31,60
2023-06-25T22:30:49,61,0,31,60
2023-06-25T22:43:09,61,0,31,60
2023-06-25T22:55:29,61,0,31,60
2023-06-25T23:07:49,61,0,31,60
2023-06-25T23:20:09,61,0,31,60
2023-06-25T23:32:29,61,0,31,60
2023-06-25T23:44:50,61,0,31,60
2023-06-25T23:57:21,61,0,31,60
2023-06-26T00:09:45,61,0,31,60
2023-06-26T00:22:15,61,0,31,60
2023-06-26T00:34:50,61,0,31,60
2023-06-26T00:47:15,61,0,31,60
2023-06-26T00:59:37,61,0,31,60
2023-06-26T01:12:04,61,0,31,60
2023-06-26T01:24:28,61,0,31,60
2023-06-26T01:37:06,61,0,31,60
2023-06-26T01:49:28,61,0,31,60
2023-06-26T02:01:56,61,0,31,60
2023-06-26T02:14:31,61,0,31,60
2023-06-26T02:26:53,61,0,31,60
2023-06-26T02:39:16,61,0,31,60
2023-06-26T02:51:38,61,0,31,60
2023-06-26T03:03:59,61,0,31,60
2023-06-26T03:16:22,61,0,31,60
2023-06-26T03:28:46,61,0,31,60
2023-06-26T03:41:08,61,0,31,60
2023-06-26T03:53:30,61,0,31,60
2023-06-26T04:06:30,61,0,31,60
2023-06-26T04:33:43,61,0,31,60
2023-06-26T04:46:37,61,0,31,60
2023-06-26T04:59:02,61,0,31,60
2023-06-26T05:11:29,61,0,31,60
2023-06-26T05:23:51,61,0,31,60
2023-06-26T05:36:15,61,0,31,60
2023-06-26T05:48:38,61,0,31,60
2023-06-26T06:01:02,61,0,31,60
2023-06-26T06:13:24,61,0,31,60
2023-06-26T06:25:47,61,0,31,60
2023-06-26T06:38:10,61,0,31,60
2023-06-26T06:50:33,61,0,31,60
2023-06-26T07:03:05,61,0,31,60
2023-06-26T07:15:27,61,0,31,60
2023-06-26T07:27:48,61,0,31,60
2023-06-26T07:40:08,61,0,31,60
2023-06-26T07:52:28,61,0,31,60
2023-06-26T08:04:47,61,0,31,60
2023-06-26T08:17:06,61,0,31,60
2023-06-26T08:29:26,61,0,31,60
2023-06-26T08:41:47,61,0,31,60
2023-06-26T08:54:23,61,0,31,60
2023-06-26T09:06:44,61,0,31,60
2023-06-26T09:19:03,61,0,31,60
2023-06-26T09:31:23,61,0,31,60
2023-06-26T09:43:43,61,0,31,60
2023-06-26T09:56:04,61,0,31,60
2023-06-26T10:08:35,61,0,31,60
2023-06-26T10:20:55,61,0,31,60
2023-06-26T10:33:16,61,0,31,60
2023-06-26T10:45:36,61,0,31,60
2023-06-26T10:57:57,61,0,31,60
2023-06-26T11:10:17,61,0,31,60
2023-06-26T11:22:38,61,0,31,60
2023-06-26T11:35:11,61,0,31,60
2023-06-26T11:47:32,61,0,31,60
2023-06-26T11:59:52,61,0,31,60
2023-06-26T12:12:12,61,0,31,60
2023-06-26T12:24:32,61,0,31,60
2023-06-26T12:36:52,61,0,31,60
2023-06-26T12:49:12,61,0,31,60
2023-06-26T13:01:43,61,0,31,60
2023-06-26T13:14:03,61,0,31,60
2023-06-26T13:26:24,61,0,31,60
2023-06-26T13:38:47,61,0,31,60
2023-06-26T13:51:07,61,0,31,60
2023-06-26T14:03:28,61,0,31,60
2023-06-26T14:16:00,61,0,31,60
2023-06-26T14:28:22,61,0,31,60
2023-06-26T14:40:45,61,0,31,60
2023-06-26T14:53:06,61,0,31,60
2023-06-26T15:05:27,61,0,31,60
2023-06-26T15:17:49,61,0,31,60
2023-06-26T15:30:10,61,0,31,60
2023-06-26T15:42:32,61,0,31,60
2023-06-26T15:55:05,61,0,31,60
2023-06-26T16:07:26,61,0,31,60
2023-06-26T16:19:48,61,0,31,60
2023-06-26T16:32:09,61,0,31,60
2023-06-26T16:44:30,61,0,31,60
2023-06-26T16:56:51,61,0,31,60
2023-06-26T17:09:24,61,0,31,60
2023-06-26T17:21:46,61,0,31,60
2023-06-26T17:34:07,61,0,31,60
2023-06-26T17:46:28,61,0,31,60
2023-06-26T17:58:49,61,0,31,60
2023-06-26T18:11:11,61,0,31,60
2023-06-26T18:23:32,61,0,31,60
2023-06-26T18:35:53,61,0,31,60
2023-06-26T18:48:14,61,0,31,60
2023-06-26T19:00:46,61,0,31,60
2023-06-26T19:13:07,61,0,31,60
2023-06-26T19:25:29,61,0,31,60
2023-06-26T19:37:50,61,0,31,60
2023-06-26T19:50:11,61,0,31,60
2023-06-26T20:02:32,61,0,31,60
2023-06-26T20:14:53,61,0,31,60
2023-06-26T20:27:16,61,0,31,60
2023-06-26T20:39:37,61,0,31,60
2023-06-26T20:51:58,61,0,31,60
2023-06-26T21:04:30,61,0,31,60
2023-06-26T21:16:51,61,0,31,60
2023-06-26T21:29:12,61,0,31,60
2023-06-26T21:41:33,61,0,31,60
2023-06-26T21:53:55,61,0,31,60
2023-06-26T22:06:16,61,0,31,60
2023-06-26T22:18:37,61,0,31,60
2023-06-26T22:30:59,61,0,31,60
2023-06-26T22:43:20,61,0,31,60
2023-06-26T22:55:40,61,0,31,60
2023-06-26T23:08:02,61,0,31,60
2023-06-26T23:20:36,61,0,31,60
2023-06-26T23:32:59,61,0,31,60
2023-06-26T23:45:21,61,0,31,60
2023-06-26T23:57:42,61,0,31,60
2023-06-27T00:10:08,61,0,31,60
2023-06-27T00:22:34,61,0,31,60
2023-06-27T00:34:58,61,0,31,60
2023-06-27T00:47:23,61,0,31,60
2023-06-27T00:59:48,61,0,31,60
2023-06-27T01:12:13,61,0,31,60
2023-06-27T01:24:39,61,0,31,60
2023-06-27T01:37:05,61,0,31,60
2023-06-27T01:49:28,61,0,31,60
2023-06-27T02:02:03,61,0,31,60
2023-06-27T02:14:26,61,0,31,60
2023-06-27T02:26:50,61,0,31,60
2023-06-27T02:39:13,61,0,31,60
2023-06-27T02:51:36,61,0,31,60
2023-06-27T03:03:58,61,0,31,60
2023-06-27T03:16:21,61,0,31,60
2023-06-27T03:28:45,61,0,31,60
2023-06-27T03:41:08,61,0,31,60
2023-06-27T03:53:31,61,0,31,60
2023-06-27T04:05:55,61,0,31,60
2023-06-27T04:21:00,61,0,31,60
2023-06-27T04:34:46,61,0,31,60
2023-06-27T04:47:31,61,0,31,60
2023-06-27T04:59:58,61,0,31,60
2023-06-27T05:12:41,61,0,31,60
2023-06-27T05:25:07,61,0,31,60
2023-06-27T05:37:31,61,0,31,60
2023-06-27T05:49:56,61,0,31,60
2023-06-27T06:02:19,61,0,31,60
2023-06-27T06:14:43,61,0,31,60
2023-06-27T06:27:07,61,0,31,60
2023-06-27T06:39:32,61,0,31,60
2023-06-27T06:51:57,61,0,31,60
2023-06-27T07:04:21,61,0,31,60
2023-06-27T07:16:44,61,0,31,60
2023-06-27T07:29:09,61,0,31,60
2023-06-27T07:41:32,61,0,31,60
2023-06-27T07:53:55,61,0,31,60
2023-06-27T08:06:18,61,0,31,60
2023-06-27T08:18:42,61,0,31,60
2023-06-27T08:31:05,61,0,31,60
2023-06-27T08:43:36,61,0,31,60
2023-06-27T08:55:59,61,0,31,60
2023-06-27T09:08:22,61,0,31,60
2023-06-27T09:20:44,61,0,31,60
2023-06-27T09:33:07,61,0,30,60
2023-06-27T09:45:31,61,0,30,60
2023-06-27T09:57:54,61,0,30,60
2023-06-27T10:10:17,61,0,30,60
2023-06-27T10:22:41,61,0,30,60
2023-06-27T10:35:04,61,0,30,60
2023-06-27T10:47:26,61,0,30,60
2023-06-27T11:00:02,61,0,30,60
2023-06-27T11:12:24,61,0,30,60
2023-06-27T11:24:46,61,0,30,60
2023-06-27T11:37:08,61,0,30,60
2023-06-27T11:49:30,61,0,30,60
2023-06-27T12:01:52,61,0,30,60
2023-06-27T12:14:14,61,0,30,60
2023-06-27T12:26:36,61,0,30,60
2023-06-27T12:38:59,61,0,30,60
2023-06-27T12:51:34,61,0,30,60
2023-06-27T13:03:56,61,0,30,60
2023-06-27T13:16:18,61,0,30,60
2023-06-27T13:28:40,61,0,30,60
2023-06-27T13:41:03,61,0,30,60
2023-06-27T13:53:25,61,0,30,60
2023-06-27T14:05:47,61,0,30,60
2023-06-27T14:18:09,61,0,30,60
2023-06-27T14:30:42,61,0,29,60
2023-06-27T14:43:04,61,0,29,60
2023-06-27T14:55:26,61,0,29,60
2023-06-27T15:07:48,61,0,29,60
2023-06-27T15:20:09,61,0,29,60
2023-06-27T15:32:33,61,0,29,60
2023-06-27T15:44:56,61,0,29,60
2023-06-27T15:57:19,61,0,29,60
2023-06-27T16:09:43,61,0,29,60
2023-06-27T16:22:16,61,0,29,60
2023-06-27T16:34:38,61,0,29,60
2023-06-27T16:47:02,61,0,29,60
2023-06-27T16:59:26,61,0,29,60
2023-06-27T17:11:50,61,0,29,60
2023-06-27T17:24:14,61,0,29,60
2023-06-27T17:36:37,61,0,29,60
2023-06-27T17:48:59,61,0,29,60
2023-06-27T18:01:21,61,0,29,60
2023-06-27T18:13:54,61,0,29,60
2023-06-27T18:26:16,61,0,29,60
2023-06-27T18:38:38,61,0,29,60
2023-06-27T18:50:59,61,0,29,60
2023-06-27T19:03:22,61,0,29,60
2023-06-27T19:15:44,61,0,29,60
2023-06-27T19:28:06,61,0,29,60
2023-06-27T19:40:29,61,0,29,60
2023-06-27T19:52:51,61,0,29,60
2023-06-27T20:05:13,61,0,29,60
2023-06-27T20:17:35,61,0,29,60
2023-06-27T20:29:58,61,0,29,60
2023-06-27T20:42:31,61,0,29,60
2023-06-27T20:54:53,61,0,29,60
2023-06-27T21:07:15,61,0,29,60
2023-06-27T21:19:37,61,0,29,60
2023-06-27T21:31:59,61,0,29,60
2023-06-27T21:44:21,61,0,29,60
2023-06-27T21:56:44,61,0,29,60
2023-06-27T22:09:05,61,0,29,60
2023-06-27T22:21:27,61,0,29,60
2023-06-27T22:33:49,61,0,29,60
2023-06-27T22:46:11,61,0,29,60
2023-06-27T22:58:43,61,0,29,60
2023-06-27T23:11:07,61,0,29,60
2023-06-27T23:23:29,61,0,29,60
2023-06-27T23:35:52,61,0,29,60
2023-06-27T23:48:15,61,0,29,60
2023-06-28T00:00:38,61,0,29,60
2023-06-28T00:13:03,61,0,29,60
2023-06-28T00:25:28,61,0,29,60
2023-06-28T00:37:54,61,0,29,60
2023-06-28T00:50:20,61,0,29,60
2023-06-28T01:02:47,61,0,29,60
2023-06-28T01:15:14,61,0,29,60
2023-06-28T01:27:51,61,0,29,60
2023-06-28T01:40:18,61,0,29,60
2023-06-28T01:52:44,61,0,29,60
2023-06-28T02:05:09,61,0,29,60
2023-06-28T02:17:31,61,0,29,60
2023-06-28T02:29:53,61,0,29,60
2023-06-28T02:42:16,61,0,29,60
2023-06-28T02:54:38,61,0,29,60
2023-06-28T03:07:02,61,0,29,60
2023-06-28T03:19:28,61,0,29,60
2023-06-28T03:31:55,61,0,29,60
2023-06-28T03:44:39,61,0,29,60
2023-06-28T03:57:07,61,0,29,60
2023-06-28T04:09:44,61,0,29,60
2023-06-28T04:32:34,61,0,29,60
2023-06-28T04:46:40,61,0,29,60
2023-06-28T04:59:06,61,0,29,60
2023-06-28T05:11:34,61,0,29,60
2023-06-28T05:23:59,61,0,29,60
2023-06-28T05:36:24,61,0,29,60
2023-06-28T05:48:50,61,0,29,60
2023-06-28T06:01:15,61,0,29,60
2023-06-28T06:13:40,61,0,29,60
2023-06-28T06:26:06,61,0,29,60
2023-06-28T06:38:32,61,0,29,60
2023-06-28T06:51:00,61,0,29,60
2023-06-28T07:03:27,61,0,29,60
2023-06-28T07:15:51,61,0,29,60
2023-06-28T07:28:14,61,0,29,60
2023-06-28T07:40:37,61,0,29,60
2023-06-28T07:53:08,61,0,29,60
2023-06-28T08:05:32,61,0,29,60
2023-06-28T08:17:56,61,0,29,60
2023-06-28T08:30:20,61,0,29,60
2023-06-28T08:42:43,61,0,29,60
2023-06-28T08:55:07,61,0,29,60
2023-06-28T09:07:29,61,0,29,60
2023-06-28T09:19:52,61,0,29,60
2023-06-28T09:32:14,61,0,29,60
2023-06-28T09:44:36,61,0,29,60
2023-06-28T09:56:58,61,0,29,60
2023-06-28T10:09:30,61,0,29,60
2023-06-28T10:21:53,61,0,29,60
2023-06-28T10:34:15,61,0,29,60
2023-06-28T10:46:37,61,0,29,60
2023-06-28T10:58:59,61,0,29,60
2023-06-28T11:11:22,61,0,29,60
2023-06-28T11:23:45,61,0,29,60
2023-06-28T11:36:08,61,0,29,60
2023-06-28T11:48:30,61,0,29,60
2023-06-28T12:00:52,61,0,29,60
2023-06-28T12:13:26,61,0,29,60
2023-06-28T12:25:48,61,0,29,60
2023-06-28T12:38:10,61,0,29,60
2023-06-28T12:50:33,61,0,29,60
2023-06-28T13:02:56,61,0,29,60
2023-06-28T13:15:18,61,0,29,60
2023-06-28T13:27:40,61,0,29,60
2023-06-28T13:40:03,61,0,29,60
2023-06-28T13:52:38,61,0,29,60
2023-06-28T14:05:00,61,0,29,60
2023-06-28T14:17:23,61,0,29,60
2023-06-28T14:29:46,61,0,29,60
2023-06-28T14:42:09,61,0,29,60
2023-06-28T14:54:32,61,0,29,60
2023-06-28T15:06:54,61,0,29,60
2023-06-28T15:19:19,61,0,29,60
2023-06-28T15:31:41,61,0,29,60
2023-06-28T15:44:17,61,0,29,60
2023-06-28T15:56:40,61,0,29,60
2023-06-28T16:09:02,61,0,29,60
2023-06-28T16:21:25,61,0,29,60
2023-06-28T16:33:47,61,0,29,60
2023-06-28T16:46:09,61,0,29,60
2023-06-28T16:58:32,61,0,29,60
2023-06-28T17:10:55,61,0,29,60
2023-06-28T17:23:28,61,0,29,60
2023-06-28T17:35:51,61,0,29,60
2023-06-28T17:48:14,61,0,29,60
2023-06-28T18:00:36,61,0,29,60
2023-06-28T18:12:59,61,0,29,60
2023-06-28T18:25:21,61,0,29,60
2023-06-28T18:37:44,61,0,29,60
2023-06-28T18:50:05,61,0,29,60
2023-06-28T19:02:28,61,0,29,60
2023-06-28T19:15:02,61,0,29,60
2023-06-28T19:27:24,61,0,29,60
2023-06-28T19:39:47,61,0,29,60
2023-06-28T19:52:09,61,0,29,60
2023-06-28T20:04:32,61,0,29,60
2023-06-28T20:16:55,61,0,29,60
2023-06-28T20:29:17,61,0,29,60
2023-06-28T20:41:40,61,0,29,60
2023-06-28T20:54:02,61,0,29,60
2023-06-28T21:06:25,61,0,29,60
2023-06-28T21:18:48,61,0,29,60
2023-06-28T21:31:22,61,0,29,60
2023-06-28T21:43:44,61,0,29,60
2023-06-28T21:56:07,61,0,29,60
2023-06-28T22:08:31,61,0,29,60
2023-06-28T22:20:54,61,0,29,60
2023-06-28T22:33:17,61,0,29,60
2023-06-28T22:45:39,61,0,29,60
2023-06-28T22:58:02,61,0,29,60
2023-06-28T23:10:25,61,0,29,60
2023-06-28T23:22:49,61,0,29,60
2023-06-28T23:35:23,61,0,29,60
2023-06-28T23:47:46,61,0,29,60
2023-06-29T00:00:09,61,0,29,60
2023-06-29T00:12:38,61,0,29,60
2023-06-29T00:25:06,61,0,29,60
2023-06-29T00:37:32,61,0,29,60
2023-06-29T00:49:59,61,0,29,60
2023-06-29T01:02:26,61,0,29,60
2023-06-29T01:14:56,61,0,30,60
2023-06-29T01:27:21,61,0,30,60
2023-06-29T01:39:47,61,0,30,60
2023-06-29T01:52:12,61,0,30,60
2023-06-29T02:04:49,61,0,30,60
2023-06-29T02:17:14,61,0,30,60
2023-06-29T02:29:37,61,0,30,60
2023-06-29T02:42:01,61,0,30,60
2023-06-29T02:54:24,61,0,30,60
2023-06-29T03:06:47,61,0,30,60
2023-06-29T03:19:09,61,0,30,60
2023-06-29T03:31:32,61,0,30,60
2023-06-29T03:43:55,61,0,30,60
2023-06-29T03:56:17,61,0,30,60
2023-06-29T04:19:02,61,0,30,60
2023-06-29T04:31:27,61,0,30,60
2023-06-29T04:45:26,61,0,30,60
2023-06-29T04:58:10,61,0,30,60
2023-06-29T05:10:33,61,0,30,60
2023-06-29T05:22:59,61,0,30,60
2023-06-29T05:35:26,61,0,30,60
2023-06-29T05:47:53,61,0,30,60
2023-06-29T06:00:19,61,0,30,60
2023-06-29T06:12:48,61,0,30,60
2023-06-29T06:25:15,61,0,30,60
2023-06-29T06:37:42,61,0,30,60
2023-06-29T06:50:09,61,0,30,60
2023-06-29T07:02:52,61,0,30,60
2023-06-29T07:15:19,61,0,30,60
2023-06-29T07:27:45,61,0,30,60
2023-06-29T07:40:20,61,0,30,60
2023-06-29T07:52:46,61,0,30,60
2023-06-29T08:05:12,61,0,30,60
2023-06-29T08:17:37,61,0,30,60
2023-06-29T08:30:02,61,0,30,60
2023-06-29T08:42:26,61,0,30,60
2023-06-29T08:54:51,61,0,30,60
2023-06-29T09:07:17,61,0,30,60
2023-06-29T09:19:41,61,0,30,60
2023-06-29T09:32:05,61,0,30,60
2023-06-29T09:44:40,61,0,30,60
2023-06-29T09:57:04,61,0,30,60
2023-06-29T10:09:28,61,0,30,60
2023-06-29T10:21:53,61,0,30,60
2023-06-29T10:34:17,61,0,30,60
2023-06-29T10:46:41,61,0,30,60
2023-06-29T10:59:05,61,0,30,60
2023-06-29T11:11:30,61,0,30,60
2023-06-29T11:23:54,61,0,30,60
2023-06-29T11:36:18,61,0,30,60
2023-06-29T11:48:54,61,0,30,60
2023-06-29T12:01:18,61,0,30,60
2023-06-29T12:13:41,61,0,30,60
2023-06-29T12:26:03,61,0,30,60
2023-06-29T12:38:26,61,0,30,60
2023-06-29T12:50:50,61,0,30,60
2023-06-29T13:03:12,61,0,30,60
2023-06-29T13:15:35,61,0,30,60
2023-06-29T13:27:57,61,0,30,60
2023-06-29T13:40:30,61,0,30,60
2023-06-29T13:52:53,61,0,30,60
2023-06-29T14:05:15,61,0,30,60
2023-06-29T14:17:38,61,0,30,60
2023-06-29T14:30:00,61,0,30,60
2023-06-29T14:42:23,61,0,30,60
2023-06-29T14:54:46,61,0,30,60
2023-06-29T15:07:09,61,0,30,60
2023-06-29T15:19:42,61,0,30,60
2023-06-29T15:32:05,61,0,30,60
2023-06-29T15:44:28,61,0,30,60
2023-06-29T15:56:51,61,0,30,60
2023-06-29T16:09:15,61,0,30,60
2023-06-29T16:21:37,61,0,30,60
2023-06-29T16:34:00,61,0,30,60
2023-06-29T16:46:23,61,0,30,60
2023-06-29T16:58:45,61,0,30,60
2023-06-29T17:11:20,61,0,30,60
2023-06-29T17:23:43,61,0,30,60
2023-06-29T17:36:06,61,0,30,60
2023-06-29T17:48:28,61,0,30,60
2023-06-29T18:00:51,61,0,30,60
2023-06-29T18:13:14,61,0,30,60
2023-06-29T18:25:38,61,0,30,60
2023-06-29T18:38:01,61,0,30,60
2023-06-29T18:50:23,61,0,30,60
2023-06-29T19:02:57,61,0,30,60
2023-06-29T19:15:21,61,0,30,60
2023-06-29T19:27:44,61,0,30,60
2023-06-29T19:40:08,61,0,30,60
2023-06-29T19:52:31,61,0,30,60
2023-06-29T20:04:54,61,0,30,60
2023-06-29T20:17:17,61,0,30,60
2023-06-29T20:29:41,61,0,30,60
2023-06-29T20:42:18,61,0,30,60
2023-06-29T20:54:41,61,0,30,60
2023-06-29T21:07:04,61,0,30,60
2023-06-29T21:19:27,61,0,30,60
2023-06-29T21:31:50,61,0,30,60
2023-06-29T21:44:14,61,0,30,60
2023-06-29T21:56:37,61,0,30,60
2023-06-29T22:09:03,61,0,30,60
2023-06-29T22:21:26,61,0,30,60
2023-06-29T22:33:50,61,0,30,60
2023-06-29T22:46:14,61,0,30,60
2023-06-29T22:58:48,61,0,30,60
2023-06-29T23:11:12,61,0,30,60
2023-06-29T23:23:36,61,0,30,60
2023-06-29T23:36:00,61,0,30,60
2023-06-29T23:48:24,61,0,30,60
2023-06-30T00:00:47,61,0,30,60
2023-06-30T00:13:18,61,0,30,60
2023-06-30T00:25:46,61,0,30,60
2023-06-30T00:38:14,61,0,30,60
2023-06-30T00:50:40,61,0,30,60
2023-06-30T01:03:08,61,0,30,60
2023-06-30T01:15:49,61,0,30,60
2023-06-30T01:28:17,61,0,30,60
2023-06-30T01:40:44,61,0,30,60
2023-06-30T01:53:11,61,0,30,60
2023-06-30T02:05:37,61,0,30,60
2023-06-30T02:18:03,61,0,30,60
2023-06-30T02:30:28,61,0,30,60
2023-06-30T02:42:54,61,0,30,60
2023-06-30T02:55:20,61,0,30,60
2023-06-30T03:07:47,61,0,30,60
2023-06-30T03:20:15,61,0,30,60
2023-06-30T03:32:42,61,0,30,60
2023-06-30T03:45:26,61,0,30,60
2023-06-30T03:57:53,61,0,30,60
2023-06-30T04:10:21,61,0,30,60
2023-06-30T04:23:17,61,0,30,60
2023-06-30T04:35:45,61,0,30,60
2023-06-30T04:49:53,61,0,30,60
2023-06-30T05:02:19,61,0,30,60
2023-06-30T05:14:49,61,0,30,60
2023-06-30T05:27:17,61,0,30,60
2023-06-30T05:39:43,61,0,30,60
2023-06-30T05:52:10,61,0,30,60
2023-06-30T06:04:36,61,0,30,60
2023-06-30T06:17:02,61,0,30,60
2023-06-30T06:29:29,61,0,30,60
2023-06-30T06:41:55,61,0,30,60
2023-06-30T06:54:25,61,0,30,60
2023-06-30T07:06:53,61,0,30,60
2023-06-30T07:19:25,61,0,30,60
2023-06-30T07:31:51,61,0,30,60
2023-06-30T07:44:15,61,0,30,60
2023-06-30T07:56:39,61,0,30,60
2023-06-30T08:09:04,61,0,30,60
2023-06-30T08:21:30,61,0,30,60
2023-06-30T08:33:56,61,0,30,60
2023-06-30T08:46:20,61,0,30,60
2023-06-30T08:58:44,61,0,30,60
2023-06-30T09:11:08,61,0,30,60
2023-06-30T09:23:31,61,0,30,60
2023-06-30T09:35:55,61,0,30,60
2023-06-30T09:48:17,61,0,30,60
2023-06-30T10:00:40,61,0,30,60
2023-06-30T10:13:16,61,0,30,60
2023-06-30T10:25:39,61,0,30,60
2023-06-30T10:38:01,61,0,30,60
2023-06-30T10:50:25,61,0,30,60
2023-06-30T11:02:48,61,0,30,60
2023-06-30T11:15:11,61,0,30,60
2023-06-30T11:27:35,61,0,30,60
2023-06-30T11:39:59,61,0,30,60
2023-06-30T11:52:22,61,0,30,60
2023-06-30T12:04:58,61,0,30,60
2023-06-30T12:17:22,61,0,30,60
2023-06-30T12:29:46,61,0,30,60
2023-06-30T12:42:09,61,0,30,60
2023-06-30T12:54:33,61,0,30,60
2023-06-30T13:06:56,61,0,30,60
2023-06-30T13:19:20,61,0,30,60
2023-06-30T13:31:43,61,0,30,60
2023-06-30T13:44:18,61,0,30,60
2023-06-30T13:56:42,61,0,30,60
2023-06-30T14:09:05,61,0,30,60
2023-06-30T14:21:29,61,0,30,60
2023-06-30T14:33:52,61,0,30,60
2023-06-30T14:46:15,61,0,30,60
2023-06-30T14:58:38,61,0,30,60
2023-06-30T15:11:12,61,0,30,60
2023-06-30T15:23:35,61,0,30,60
2023-06-30T15:35:59,61,0,30,60
2023-06-30T15:48:23,61,0,30,60
2023-06-30T16:00:47,61,0,30,60
2023-06-30T16:13:10,61,0,30,60
2023-06-30T16:25:34,61,0,30,60
2023-06-30T16:37:56,61,0,30,60
2023-06-30T16:50:19,61,0,30,60
2023-06-30T17:02:53,61,0,30,60
2023-06-30T17:15:17,61,0,30,60
2023-06-30T17:27:40,61,0,30,60
2023-06-30T17:40:03,61,0,30,60
2023-06-30T17:52:26,61,0,30,60
2023-06-30T18:04:49,61,0,30,60
2023-06-30T18:17:12,61,0,30,60
2023-06-30T18:29:36,61,0,30,60
2023-06-30T18:41:59,61,0,30,60
2023-06-30T18:54:22,61,0,30,60
2023-06-30T19:06:57,61,0,30,60
2023-06-30T19:19:20,61,0,30,60
2023-06-30T19:31:44,61,0,30,60
2023-06-30T19:44:07,61,0,30,60
2023-06-30T19:56:30,61,0,30,60
2023-06-30T20:08:54,61,0,30,60
2023-06-30T20:21:17,61,0,30,60
2023-06-30T20:33:41,61,0,30,60
2023-06-30T20:46:04,61,0,30,60
2023-06-30T20:58:39,61,0,30,60
2023-06-30T21:11:02,61,0,30,60
2023-06-30T21:23:25,61,0,30,60
2023-06-30T21:35:48,61,0,30,60
2023-06-30T21:48:11,61,0,30,60
2023-06-30T22:00:35,61,0,30,60
2023-06-30T22:12:58,61,0,30,60
2023-06-30T22:33:28,61,0,30,60
2023-06-30T22:46:26,61,0,30,60
2023-06-30T22:58:51,61,0,30,60
2023-06-30T23:11:15,61,0,30,60
2023-06-30T23:23:39,61,0,30,60
2023-06-30T23:36:08,61,0,30,60
2023-06-30T23:48:32,61,0,30,60
2023-07-01T00:00:56,61,0,30,60
2023-07-01T00:13:24,61,0,30,60
2023-07-01T00:25:53,61,0,30,60
2023-07-01T00:38:28,61,0,30,60
2023-07-01T00:50:56,61,0,30,60
2023-07-01T01:03:24,61,0,29,60
2023-07-01T01:15:53,61,0,29,60
2023-07-01T01:28:20,61,0,29,60
2023-07-01T01:40:48,61,0,29,60
2023-07-01T01:53:16,61,0,29,60
2023-07-01T02:05:43,61,0,29,60
2023-07-01T02:18:09,61,0,29,60
2023-07-01T02:30:34,61,0,29,60
2023-07-01T02:42:59,61,0,29,60
2023-07-01T02:55:24,61,0,29,60
2023-07-01T03:07:48,61,0,29,60
2023-07-01T03:20:15,61,0,29,60
2023-07-01T03:32:41,61,0,29,60
2023-07-01T03:45:06,61,0,29,60
2023-07-01T03:57:40,61,0,29,60
2023-07-01T04:20:48,61,0,29,60
2023-07-01T04:33:40,61,0,29,60
2023-07-01T04:46:07,61,0,29,60
2023-07-01T04:58:34,61,0,29,60
2023-07-01T05:11:03,61,0,29,60
2023-07-01T05:23:35,61,0,29,60
2023-07-01T05:36:02,61,0,29,60
2023-07-01T05:48:34,61,0,29,60
2023-07-01T06:01:00,61,0,29,60
2023-07-01T06:13:27,61,0,29,60
2023-07-01T06:25:53,61,0,29,60
2023-07-01T06:38:19,61,0,29,60
2023-07-01T06:50:45,61,0,29,60
2023-07-01T07:03:15,61,0,29,60
2023-07-01T07:15:41,61,0,29,60
2023-07-01T07:28:07,61,0,29,60
2023-07-01T07:40:49,61,0,29,60
2023-07-01T07:53:15,61,0,29,60
2023-07-01T08:05:42,61,0,29,60
2023-07-01T08:18:08,61,0,29,60
2023-07-01T08:30:35,61,0,28,60
2023-07-01T08:43:02,61,0,28,60
2023-07-01T08:55:28,61,0,28,60
2023-07-01T09:07:54,61,0,28,60
2023-07-01T09:20:30,61,0,28,60
2023-07-01T09:32:56,61,0,28,60
2023-07-01T09:45:23,61,0,28,60
2023-07-01T09:57:49,61,0,28,60
2023-07-01T10:10:16,61,0,28,60
2023-07-01T10:22:41,61,0,28,60
2023-07-01T10:35:08,61,0,28,60
2023-07-01T10:47:34,61,0,28,60
2023-07-01T10:59:59,61,0,28,60
2023-07-01T11:12:23,61,0,28,60
2023-07-01T11:24:46,61,0,28,60
2023-07-01T11:37:30,61,0,28,60
2023-07-01T11:49:53,61,0,28,60
2023-07-01T12:02:16,61,0,28,60
2023-07-01T12:14:39,61,0,28,60
2023-07-01T12:27:02,61,0,28,60
2023-07-01T12:39:25,61,0,28,60
2023-07-01T12:51:48,61,0,28,60
2023-07-01T13:04:11,61,0,28,60
2023-07-01T13:16:34,61,0,28,60
2023-07-01T13:28:57,61,0,28,60
2023-07-01T13:41:20,61,0,28,60
2023-07-01T13:53:43,61,0,28,60
2023-07-01T14:06:06,61,0,28,60
2023-07-01T14:18:29,61,0,28,60
2023-07-01T14:31:02,61,0,28,60
2023-07-01T14:43:25,61,0,28,60
2023-07-01T14:55:48,61,0,28,60
2023-07-01T15:08:11,61,0,28,60
2023-07-01T15:20:34,61,0,28,60
2023-07-01T15:32:57,61,0,28,60
2023-07-01T15:45:20,61,0,28,60
2023-07-01T15:57:43,61,0,28,60
2023-07-01T16:10:06,61,0,28,60
2023-07-01T16:22:29,61,0,28,60
2023-07-01T16:34:52,61,0,28,60
2023-07-01T16:47:15,61,0,28,60
2023-07-01T16:59:38,61,0,28,60
2023-07-01T17:12:19,61,0,28,60
2023-07-01T17:24:43,61,0,28,60
2023-07-01T17:37:06,61,0,28,60
2023-07-01T17:49:29,61,0,28,60
2023-07-01T18:01:52,61,0,28,60
2023-07-01T18:14:17,61,0,28,60
2023-07-01T18:26:40,61,0,28,60
2023-07-01T18:39:02,61,0,28,60
2023-07-01T18:51:26,61,0,28,60
2023-07-01T19:03:50,61,0,28,60
2023-07-01T19:16:13,61,0,28,60
2023-07-01T19:28:37,61,0,28,60
2023-07-01T19:41:00,61,0,28,60
2023-07-01T19:53:23,61,0,28,60
2023-07-01T20:05:51,61,0,28,60
2023-07-01T20:18:14,61,0,28,60
2023-07-01T20:30:48,61,0,28,60
2023-07-01T20:43:11,61,0,28,60
2023-07-01T20:55:35,61,0,28,60
2023-07-01T21:07:59,61,0,28,60
2023-07-01T21:20:22,61,0,28,60
2023-07-01T21:32:46,61,0,28,60
2023-07-01T21:45:09,61,0,28,60
2023-07-01T21:57:33,61,0,28,60
2023-07-01T22:09:56,61,0,28,60
2023-07-01T22:22:19,61,0,28,60
2023-07-01T22:34:43,61,0,28,60
2023-07-01T22:47:26,61,0,28,60
2023-07-01T22:59:50,61,0,28,60
2023-07-01T23:12:14,61,0,28,60
2023-07-01T23:24:38,61,0,28,60
2023-07-01T23:37:01,61,0,28,60
2023-07-01T23:49:24,61,0,28,60
2023-07-02T00:02:08,61,0,28,60
2023-07-02T00:14:34,61,0,28,60
2023-07-02T00:27:00,61,0,28,60
2023-07-02T00:39:25,61,0,28,60
2023-07-02T00:51:49,61,0,28,60
2023-07-02T01:04:12,61,0,28,60
2023-07-02T01:16:38,61,0,28,60
2023-07-02T01:29:01,61,0,28,60
2023-07-02T01:41:25,61,0,28,60
2023-07-02T01:53:49,61,0,28,60
2023-07-02T02:06:13,61,0,28,60
2023-07-02T02:18:47,61,0,28,60
2023-07-02T02:31:15,61,0,28,60
2023-07-02T02:43:49,61,0,28,60
2023-07-02T02:56:15,61,0,28,60
2023-07-02T03:08:47,61,0,28,60
2023-07-02T03:21:16,61,0,28,60
2023-07-02T03:33:45,61,0,28,60
2023-07-02T03:46:12,61,0,28,60
2023-07-02T03:58:40,61,0,28,60
2023-07-02T04:18:30,61,0,28,60
2023-07-02T04:32:17,61,0,28,60
2023-07-02T04:45:06,61,0,28,60
2023-07-02T04:57:36,61,0,28,60
2023-07-02T05:10:05,61,0,28,60
2023-07-02T05:22:31,61,0,28,60
2023-07-02T05:34:58,61,0,28,60
2023-07-02T05:47:25,61,0,28,60
2023-07-02T05:59:51,61,0,28,60
2023-07-02T06:12:22,61,0,28,60
2023-07-02T06:24:52,61,0,28,60
2023-07-02T06:37:34,61,0,28,60
2023-07-02T06:50:01,61,0,28,60
2023-07-02T07:02:31,61,0,28,60
2023-07-02T07:14:57,61,0,28,60
2023-07-02T07:27:23,61,0,28,60
2023-07-02T07:39:50,61,0,28,60
2023-07-02T07:52:15,61,0,28,60
2023-07-02T08:04:44,61,0,28,60
2023-07-02T08:17:12,61,0,28,60
2023-07-02T08:29:53,61,0,28,60
2023-07-02T08:42:21,61,0,28,60
2023-07-02T08:54:49,61,0,28,60
2023-07-02T09:07:18,61,0,28,60
2023-07-02T09:19:46,61,0,28,60
2023-07-02T09:32:14,61,0,28,60
2023-07-02T09:44:44,61,0,28,60
2023-07-02T09:57:23,61,0,28,60
2023-07-02T10:09:53,61,0,28,60
2023-07-02T10:22:22,61,0,28,60
2023-07-02T10:34:52,61,0,28,60
2023-07-02T10:47:19,61,0,28,60
2023-07-02T10:59:44,61,0,28,60
2023-07-02T11:12:09,61,0,28,60
2023-07-02T11:24:33,61,0,28,60
2023-07-02T11:36:57,61,0,28,60
2023-07-02T11:49:20,61,0,28,60
2023-07-02T12:01:43,61,0,28,60
2023-07-02T12:14:05,61,0,28,60
2023-07-02T12:26:40,61,0,28,60
2023-07-02T12:39:03,61,0,28,60
2023-07-02T12:51:25,61,0,28,60
2023-07-02T13:03:49,61,0,28,60
2023-07-02T13:16:12,61,0,28,60
2023-07-02T13:28:35,61,0,28,60
2023-07-02T13:40:58,61,0,28,60
2023-07-02T13:53:21,61,0,28,60
2023-07-02T14:05:44,61,0,28,60
2023-07-02T14:18:07,61,0,28,60
2023-07-02T14:30:41,61,0,28,60
2023-07-02T14:43:04,61,0,28,60
2023-07-02T14:55:27,61,0,28,60
2023-07-02T15:07:51,61,0,28,60
2023-07-02T15:20:14,61,0,28,60
2023-07-02T15:32:38,61,0,28,60
2023-07-02T15:45:02,61,0,28,60
2023-07-02T15:57:25,61,0,28,60
2023-07-02T16:09:49,61,0,28,60
2023-07-02T16:22:13,61,0,28,60
2023-07-02T16:34:48,61,0,28,60
2023-07-02T16:47:11,61,0,28,60
2023-07-02T16:59:34,61,0,28,60
2023-07-02T17:11:58,61,0,28,60
2023-07-02T17:24:21,61,0,28,60
2023-07-02T17:36:44,61,0,28,60
2023-07-02T17:49:07,61,0,28,60
2023-07-02T18:01:30,61,0,28,60
2023-07-02T18:13:53,61,0,28,60
2023-07-02T18:26:17,61,0,28,60
2023-07-02T18:38:41,61,0,28,60
2023-07-02T18:51:05,61,0,28,60
2023-07-02T19:03:41,61,0,28,60
2023-07-02T19:16:06,61,0,28,60
2023-07-02T19:28:29,61,0,28,60
2023-07-02T19:40:52,61,0,28,60
2023-07-02T19:53:15,61,0,28,60
2023-07-02T20:05:38,61,0,28,60
2023-07-02T20:18:01,61,0,28,60
2023-07-02T20:30:24,61,0,28,60
2023-07-02T20:42:47,61,0,28,60
2023-07-02T20:55:13,61,0,28,60
2023-07-02T21:07:46,61,0,28,60
2023-07-02T21:20:09,61,0,28,60
2023-07-02T21:32:32,61,0,28,60
2023-07-02T21:44:55,61,0,28,60
2023-07-02T21:57:18,61,0,28,60
2023-07-02T22:09:41,61,0,28,60
2023-07-02T22:22:04,61,0,28,60
2023-07-02T22:34:28,61,0,28,60
2023-07-02T22:46:51,61,0,28,60
2023-07-02T22:59:13,61,0,28,60
2023-07-02T23:11:47,61,0,28,60
2023-07-02T23:24:11,61,0,28,60
2023-07-02T23:36:35,61,0,28,60
2023-07-02T23:48:58,61,0,28,60
2023-07-03T00:01:23,61,0,28,60
2023-07-03T00:13:55,61,0,28,60
2023-07-03T00:26:28,61,0,28,60
2023-07-03T00:39:01,61,0,28,60
2023-07-03T00:51:27,61,0,28,60
2023-07-03T01:04:03,61,0,28,60
2023-07-03T01:16:35,61,0,28,60
2023-07-03T01:29:03,61,0,28,60
2023-07-03T01:41:31,61,0,28,60
2023-07-03T01:53:57,61,0,28,60
2023-07-03T02:06:39,61,0,28,60
2023-07-03T02:19:06,61,0,28,60
2023-07-03T02:31:33,61,0,28,60
2023-07-03T02:43:58,61,0,28,60
2023-07-03T02:56:23,61,0,28,60
2023-07-03T03:08:49,61,0,28,60
2023-07-03T03:21:16,61,0,28,60
2023-07-03T03:33:42,61,0,28,60
2023-07-03T03:46:09,61,0,28,60
2023-07-03T03:58:35,61,0,28,60
2023-07-03T04:11:12,61,0,28,60
2023-07-03T04:30:04,61,0,28,60
2023-07-03T04:42:33,61,0,28,60
2023-07-03T04:56:44,61,0,28,60
2023-07-03T05:09:14,61,0,28,60
2023-07-03T05:21:40,61,0,28,60
2023-07-03T05:34:08,61,0,28,60
2023-07-03T05:46:34,61,0,28,60
2023-07-03T05:59:00,61,0,28,60
2023-07-03T06:11:28,61,0,28,60
2023-07-03T06:23:55,61,0,28,60
2023-07-03T06:36:21,61,0,28,60
2023-07-03T06:48:51,61,0,28,60
2023-07-03T07:01:19,61,0,28,60
2023-07-03T07:13:46,61,0,28,60
2023-07-03T07:26:17,61,0,28,60
2023-07-03T07:38:40,61,0,28,60
2023-07-03T07:51:05,61,0,28,60
2023-07-03T08:03:28,61,0,28,60
2023-07-03T08:15:51,61,0,28,60
2023-07-03T08:28:14,61,0,28,60
2023-07-03T08:40:38,61,0,28,60
2023-07-03T08:53:02,61,0,28,60
2023-07-03T09:05:25,61,0,28,60
2023-07-03T09:18:02,61,0,28,60
2023-07-03T09:30:26,61,0,28,60
2023-07-03T09:42:49,61,0,29,60
2023-07-03T09:55:13,61,0,29,60
2023-07-03T10:07:38,61,0,29,60
2023-07-03T10:20:02,61,0,29,60
2023-07-03T10:32:26,61,0,29,60
2023-07-03T10:45:02,61,0,29,60
2023-07-03T10:57:26,61,0,29,60
2023-07-03T11:09:51,61,0,29,60
2023-07-03T11:22:15,61,0,29,60
2023-07-03T11:34:40,61,0,29,60
2023-07-03T11:47:17,61,0,29,60
2023-07-03T11:59:43,61,0,29,60
2023-07-03T12:12:09,61,0,29,60
2023-07-03T12:24:34,61,0,29,60
2023-07-03T12:37:01,61,0,29,60
2023-07-03T12:49:27,61,0,29,60
2023-07-03T13:01:52,61,0,29,60
2023-07-03T13:14:19,61,0,29,60
2023-07-03T13:26:56,61,0,29,60
2023-07-03T13:39:21,61,0,29,60
2023-07-03T13:51:46,61,0,30,60
2023-07-03T14:04:11,61,0,30,60
2023-07-03T14:16:37,61,0,30,60
2023-07-03T14:29:02,61,0,30,60
2023-07-03T14:41:26,61,0,30,60
2023-07-03T14:53:50,61,0,30,60
2023-07-03T15:06:25,61,0,30,60
2023-07-03T15:18:49,61,0,30,60
2023-07-03T15:31:13,61,0,30,60
2023-07-03T15:43:37,61,0,30,60
2023-07-03T15:56:00,61,0,30,60
2023-07-03T16:08:25,61,0,30,60
2023-07-03T16:20:49,61,0,30,60
2023-07-03T16:33:13,61,0,30,60
2023-07-03T16:45:36,61,0,30,60
2023-07-03T16:58:00,61,0,30,60
2023-07-03T17:10:25,61,0,30,60
2023-07-03T17:23:01,61,0,30,60
2023-07-03T17:35:24,61,0,30,60
2023-07-03T17:47:49,61,0,30,60
2023-07-03T18:00:12,61,0,30,60
2023-07-03T18:12:36,61,0,30,60
2023-07-03T18:25:00,61,0,30,60
2023-07-03T18:37:24,61,0,30,60
2023-07-03T18:49:50,61,0,30,60
2023-07-03T19:02:14,61,0,30,60
2023-07-03T19:14:38,61,0,30,60
2023-07-03T19:27:12,61,0,30,60
2023-07-03T19:39:36,61,0,30,60
2023-07-03T19:52:00,61,0,30,60
2023-07-03T20:04:23,61,0,30,60
2023-07-03T20:16:47,61,0,30,60
2023-07-03T20:29:11,61,0,30,60
2023-07-03T20:41:35,61,0,30,60
2023-07-03T20:53:58,61,0,30,60
2023-07-03T21:06:22,61,0,30,60
2023-07-03T21:18:46,61,0,30,60
2023-07-03T21:31:10,61,0,30,60
2023-07-03T21:43:33,61,0,30,60
2023-07-03T21:56:07,61,0,30,60
2023-07-03T22:08:31,61,0,30,60
2023-07-03T22:20:55,61,0,30,60
2023-07-03T22:33:19,61,0,30,60
2023-07-03T22:45:44,61,0,30,60
2023-07-03T22:58:07,61,0,30,60
2023-07-03T23:10:32,61,0,30,60
2023-07-03T23:22:57,61,0,30,60
2023-07-03T23:35:22,61,0,30,60
2023-07-03T23:47:47,61,0,30,60
2023-07-04T00:00:11,61,0,30,60
2023-07-04T00:12:48,61,0,30,60
2023-07-04T00:25:15,61,0,30,60
2023-07-04T00:37:42,61,0,30,60
2023-07-04T00:50:10,61,0,30,60
2023-07-04T01:02:39,61,0,30,60
2023-07-04T01:15:07,61,0,30,60
2023-07-04T01:27:35,61,0,30,60
2023-07-04T01:40:02,61,0,30,60
2023-07-04T01:52:28,61,0,30,60
2023-07-04T02:04:55,61,0,30,60
2023-07-04T02:17:24,61,0,30,60
2023-07-04T02:29:51,61,0,30,60
2023-07-04T02:42:19,61,0,30,60
2023-07-04T02:54:44,61,0,30,60
2023-07-04T03:07:10,61,0,30,60
2023-07-04T03:19:50,61,0,30,60
2023-07-04T03:32:17,61,0,30,60
2023-07-04T03:44:45,61,0,30,60
2023-07-04T03:57:13,61,0,30,60
2023-07-04T04:09:42,61,0,30,60
2023-07-04T04:25:27,61,0,30,60
2023-07-04T04:38:43,61,0,30,60
2023-07-04T04:52:12,61,0,30,60
2023-07-04T05:04:40,61,0,30,60
2023-07-04T05:17:06,61,0,30,60
2023-07-04T05:29:30,61,0,30,60
2023-07-04T05:41:54,61,0,30,60
2023-07-04T05:54:18,61,0,30,60
2023-07-04T06:06:42,61,0,30,60
2023-07-04T06:19:05,61,0,30,60
2023-07-04T06:31:30,61,0,30,60
2023-07-04T06:43:58,61,0,30,60
2023-07-04T06:56:26,61,0,30,60
2023-07-04T07:08:54,61,0,30,60
2023-07-04T07:21:21,61,0,30,60
2023-07-04T07:33:48,61,0,30,60
2023-07-04T07:46:17,61,0,30,60
2023-07-04T07:58:44,61,0,30,60
2023-07-04T08:11:11,61,0,30,60
2023-07-04T08:23:53,61,0,30,60
2023-07-04T08:36:20,61,0,30,60
2023-07-04T08:48:47,61,0,30,60
2023-07-04T09:01:14,61,0,30,60
2023-07-04T09:13:40,61,0,30,60
2023-07-04T09:26:07,61,0,30,60
2023-07-04T09:38:34,61,0,30,60
2023-07-04T09:51:02,61,0,30,60
2023-07-04T10:03:29,61,0,30,60
2023-07-04T10:15:55,61,0,30,60
2023-07-04T10:28:21,61,0,30,60
2023-07-04T10:40:46,61,0,30,60
2023-07-04T10:53:13,61,0,30,60
2023-07-04T11:05:48,61,0,30,60
2023-07-04T11:18:14,61,0,30,60
2023-07-04T11:30:40,61,0,30,60
2023-07-04T11:43:06,61,0,30,60
2023-07-04T11:55:33,61,0,30,60
2023-07-04T12:07:58,61,0,30,60
2023-07-04T12:20:24,61,0,30,60
2023-07-04T12:33:00,61,0,30,60
2023-07-04T12:45:25,61,0,30,60
2023-07-04T12:57:49,61,0,30,60
2023-07-04T13:10:13,61,0,30,60
2023-07-04T13:22:36,61,0,30,60
2023-07-04T13:35:00,61,0,30,60
2023-07-04T13:47:23,61,0,30,60
2023-07-04T13:59:46,61,0,30,60
2023-07-04T14:12:10,61,0,30,60
2023-07-04T14:24:33,61,0,30,60
2023-07-04T14:37:16,61,0,30,60
2023-07-04T14:49:40,61,0,30,60
2023-07-04T15:02:03,61,0,30,60
2023-07-04T15:14:27,61,0,30,60
2023-07-04T15:26:50,61,0,30,60
2023-07-04T15:39:14,61,0,30,60
2023-07-04T15:51:37,61,0,30,60
2023-07-04T16:04:01,61,0,30,60
2023-07-04T16:16:25,61,0,30,60
2023-07-04T16:28:48,61,0,30,60
2023-07-04T16:41:12,61,0,30,60
2023-07-04T16:53:46,61,0,30,60
2023-07-04T17:06:10,61,0,30,60
2023-07-04T17:18:35,61,0,30,60
2023-07-04T17:30:58,61,0,30,60
2023-07-04T17:43:22,61,0,30,60
2023-07-04T17:55:45,61,0,30,60
2023-07-04T18:08:09,61,0,30,60
2023-07-04T18:20:33,61,0,30,60
2023-07-04T18:32:56,61,0,30,60
2023-07-04T18:45:20,61,0,30,60
2023-07-04T18:57:44,61,0,30,60
2023-07-04T19:10:27,61,0,30,60
2023-07-04T19:22:51,61,0,30,60
2023-07-04T19:35:15,61,0,30,60
2023-07-04T19:47:38,61,0,30,60
2023-07-04T20:00:02,61,0,30,60
2023-07-04T20:12:26,61,0,31,60
2023-07-04T20:24:50,61,0,31,60
2023-07-04T20:37:13,61,0,31,60
2023-07-04T20:49:37,61,0,31,60
2023-07-04T21:02:01,61,0,31,60
2023-07-04T21:14:25,61,0,31,60
2023-07-04T21:26:48,61,0,31,60
2023-07-04T21:39:12,61,0,31,60
2023-07-04T21:51:35,61,0,31,60
2023-07-04T22:03:59,61,0,31,60
2023-07-04T22:16:33,61,0,31,60
2023-07-04T22:28:56,61,0,32,60
2023-07-04T22:41:20,61,0,32,60
2023-07-04T22:53:43,61,0,32,60
2023-07-04T23:06:08,61,0,32,60
2023-07-04T23:18:32,61,0,32,60
2023-07-04T23:30:57,61,0,32,60
2023-07-04T23:43:21,61,0,32,60
2023-07-04T23:55:45,61,0,32,60
2023-07-05T00:08:12,61,0,32,60
2023-07-05T00:20:40,61,0,32,60
2023-07-05T00:33:18,61,0,32,60
2023-07-05T00:45:44,61,0,32,60
2023-07-05T00:58:10,61,0,32,60
2023-07-05T01:10:37,61,0,32,60
2023-07-05T01:23:05,61,0,32,60
2023-07-05T01:35:34,61,0,32,60
2023-07-05T01:48:00,61,0,32,60
2023-07-05T02:00:28,61,0,32,60
2023-07-05T02:12:55,61,0,32,60
2023-07-05T02:25:23,61,0,32,60
2023-07-05T02:37:50,61,0,32,60
2023-07-05T02:50:20,61,0,32,60
2023-07-05T03:02:47,61,0,32,60
2023-07-05T03:15:17,61,0,32,60
2023-07-05T03:27:45,61,0,32,60
2023-07-05T03:40:33,61,0,32,60
2023-07-05T03:52:59,61,0,32,60
2023-07-05T04:15:48,61,0,32,60
2023-07-05T04:29:55,61,0,32,60
2023-07-05T04:42:23,61,0,32,60
2023-07-05T04:54:52,61,0,32,60
2023-07-05T05:07:19,61,0,32,60
2023-07-05T05:19:47,61,0,32,60
2023-07-05T05:32:16,61,0,32,60
2023-07-05T05:44:44,61,0,32,60
2023-07-05T05:57:09,61,0,32,60
2023-07-05T06:09:32,61,0,32,60
2023-07-05T06:21:55,61,0,32,60
2023-07-05T06:34:19,61,0,32,60
2023-07-05T06:46:42,61,0,32,60
2023-07-05T06:59:04,61,0,32,60
2023-07-05T07:11:27,61,0,32,60
2023-07-05T07:23:49,61,0,32,60
2023-07-05T07:36:09,61,0,32,60
2023-07-05T07:48:29,61,0,32,60
2023-07-05T08:00:49,61,0,32,60
2023-07-05T08:13:09,61,0,32,60
2023-07-05T08:25:40,61,0,32,60
2023-07-05T08:38:06,61,0,32,60
2023-07-05T08:50:30,61,0,32,60
2023-07-05T09:02:55,61,0,32,60
2023-07-05T09:15:19,61,0,32,60
2023-07-05T09:27:42,61,0,32,60
2023-07-05T09:40:08,61,0,32,60
2023-07-05T09:52:33,61,0,32,60
2023-07-05T10:04:57,61,0,32,60
2023-07-05T10:17:21,61,0,32,60
2023-07-05T10:29:45,61,0,32,60
2023-07-05T10:42:19,61,0,32,60
2023-07-05T10:54:43,61,0,32,60
2023-07-05T11:07:09,61,0,32,60
2023-07-05T11:19:34,61,0,32,60
2023-07-05T11:31:58,61,0,32,60
2023-07-05T11:44:23,61,0,32,60
2023-07-05T11:56:47,61,0,32,60
2023-07-05T12:09:12,61,0,32,60
2023-07-05T12:21:46,61,0,32,60
2023-07-05T12:34:11,61,0,32,60
2023-07-05T12:46:36,61,0,32,60
2023-07-05T12:59:00,61,0,32,60
2023-07-05T13:11:25,61,0,32,60
2023-07-05T13:23:49,61,0,32,60
2023-07-05T13:36:13,61,0,32,60
2023-07-05T13:48:51,61,0,32,60
2023-07-05T14:01:16,61,0,32,60
2023-07-05T14:13:40,61,0,32,60
2023-07-05T14:26:05,61,0,32,60
2023-07-05T14:38:30,61,0,32,60
2023-07-05T14:50:54,61,0,32,60
2023-07-05T15:03:18,61,0,32,60
2023-07-05T15:15:42,61,0,32,60
2023-07-05T15:28:07,61,0,32,60
2023-07-05T15:40:43,61,0,32,60
2023-07-05T15:53:07,61,0,32,60
2023-07-05T16:05:31,61,0,32,60
2023-07-05T16:17:56,61,0,32,60
2023-07-05T16:30:20,61,0,32,60
2023-07-05T16:42:44,61,0,32,60
2023-07-05T16:55:08,61,0,32,60
2023-07-05T17:07:33,61,0,32,60
2023-07-05T17:19:58,61,0,32,60
2023-07-05T17:32:23,61,0,32,60
2023-07-05T17:44:47,61,0,32,60
2023-07-05T17:57:22,61,0,32,60
2023-07-05T18:09:48,61,0,32,60
2023-07-05T18:22:12,61,0,32,60
2023-07-05T18:34:36,61,0,32,60
2023-07-05T18:47:00,61,0,32,60
2023-07-05T18:59:24,61,0,32,60
2023-07-05T19:11:50,61,0,32,60
2023-07-05T19:24:14,61,0,32,60
2023-07-05T19:36:39,61,0,32,60
2023-07-05T19:49:03,61,0,32,60
2023-07-05T20:01:27,61,0,32,60
2023-07-05T20:13:51,61,0,32,60
2023-07-05T20:26:25,61,0,32,60
2023-07-05T20:38:49,61,0,32,60
2023-07-05T20:51:14,61,0,32,60
2023-07-05T21:03:38,61,0,32,60
2023-07-05T21:16:02,61,0,32,60
2023-07-05T21:28:26,61,0,32,60
2023-07-05T21:40:50,61,0,32,60
2023-07-05T21:53:14,61,0,32,60
2023-07-05T22:05:38,61,0,32,60
2023-07-05T22:18:02,61,0,32,60
2023-07-05T22:30:26,61,0,32,60
2023-07-05T22:42:50,61,0,32,60
2023-07-05T22:55:14,61,0,32,60
2023-07-05T23:07:48,61,0,32,60
2023-07-05T23:20:12,61,0,32,60
2023-07-05T23:32:37,61,0,32,60
2023-07-05T23:45:01,61,0,32,60
2023-07-05T23:57:25,61,0,32,60
2023-07-06T00:09:53,61,0,32,60
2023-07-06T00:22:23,61,0,32,60
2023-07-06T00:34:50,61,0,32,60
2023-07-06T00:47:18,61,0,32,60
2023-07-06T00:59:47,61,0,32,60
2023-07-06T01:12:15,61,0,32,60
2023-07-06T01:24:43,61,0,32,60
2023-07-06T01:37:11,61,0,32,60
2023-07-06T01:49:40,61,0,32,60
2023-07-06T02:02:19,61,0,32,60
2023-07-06T02:14:45,61,0,32,60
2023-07-06T02:27:10,61,0,32,60
2023-07-06T02:39:36,61,0,32,60
2023-07-06T02:52:00,61,0,32,60
2023-07-06T03:04:25,61,0,32,60
2023-07-06T03:16:53,61,0,32,60
2023-07-06T03:29:19,61,0,32,60
2023-07-06T03:41:45,61,0,32,60
2023-07-06T03:54:11,61,0,32,60
2023-07-06T04:08:49,61,0,32,60
2023-07-06T04:25:37,61,0,32,60
2023-07-06T04:38:33,61,0,32,60
2023-07-06T04:51:02,61,0,32,60
2023-07-06T05:03:30,61,0,32,60
2023-07-06T05:15:56,61,0,32,60
2023-07-06T05:28:21,61,0,32,60
2023-07-06T05:40:45,61,0,32,60
2023-07-06T05:53:13,61,0,32,60
2023-07-06T06:05:42,61,0,32,60
2023-07-06T06:18:09,61,0,32,60
2023-07-06T06:30:36,61,0,32,60
2023-07-06T06:43:02,61,0,32,60
2023-07-06T06:55:29,61,0,32,60
2023-07-06T07:07:57,61,0,32,60
2023-07-06T07:20:25,61,0,32,60
2023-07-06T07:32:53,61,0,32,60
2023-07-06T07:45:20,61,0,32,60
2023-07-06T07:57:48,61,0,32,60
2023-07-06T08:10:18,61,0,32,60
2023-07-06T08:22:45,61,0,32,60
2023-07-06T08:35:12,61,0,32,60
2023-07-06T08:47:39,61,0,32,60
2023-07-06T09:00:15,61,0,32,60
2023-07-06T09:12:41,61,0,32,60
2023-07-06T09:25:07,61,0,32,60
2023-07-06T09:37:34,61,0,32,60
2023-07-06T09:50:00,61,0,32,60
2023-07-06T10:02:26,61,0,32,60
2023-07-06T10:14:52,61,0,32,60
2023-07-06T10:27:18,61,0,32,60
2023-07-06T10:39:44,61,0,32,60
2023-07-06T10:52:09,61,0,32,60
2023-07-06T11:04:46,61,0,32,60
2023-07-06T11:17:11,61,0,32,60
2023-07-06T11:29:36,61,0,32,60
2023-07-06T11:42:00,61,0,32,60
2023-07-06T11:54:25,61,0,32,60
2023-07-06T12:06:50,61,0,32,60
2023-07-06T12:19:15,61,0,32,60
2023-07-06T12:31:40,61,0,31,60
2023-07-06T12:44:15,61,0,31,60
2023-07-06T12:56:40,61,0,31,60
2023-07-06T13:09:05,61,0,31,60
2023-07-06T13:21:29,61,0,31,60
2023-07-06T13:33:54,61,0,31,60
2023-07-06T13:46:19,61,0,31,60
2023-07-06T13:58:43,61,0,31,60
2023-07-06T14:11:08,61,0,31,60
2023-07-06T14:23:45,61,0,31,60
2023-07-06T14:36:10,61,0,31,60
2023-07-06T14:48:35,61,0,31,60
2023-07-06T15:00:59,61,0,31,60
2023-07-06T15:13:24,61,0,31,60
2023-07-06T15:25:48,61,0,31,60
2023-07-06T15:38:14,61,0,31,60
2023-07-06T15:50:38,61,0,31,60
2023-07-06T16:03:13,61,0,31,60
2023-07-06T16:15:38,61,0,31,60
2023-07-06T16:28:03,61,0,31,60
2023-07-06T16:40:28,61,0,31,60
2023-07-06T16:52:53,61,0,31,60
2023-07-06T17:05:18,61,0,31,60
2023-07-06T17:17:45,61,0,31,60
2023-07-06T17:30:10,61,0,31,60
2023-07-06T17:42:48,61,0,31,60
2023-07-06T17:55:20,61,0,31,60
2023-07-06T18:07:45,61,0,31,60
2023-07-06T18:20:10,61,0,31,60
2023-07-06T18:32:34,61,0,31,60
2023-07-06T18:44:59,61,0,31,60
2023-07-06T18:57:24,61,0,31,60
2023-07-06T19:09:50,61,0,31,60
2023-07-06T19:22:15,61,0,31,60
2023-07-06T19:34:40,61,0,31,60
2023-07-06T19:47:05,61,0,31,60
2023-07-06T19:59:30,61,0,31,60
2023-07-06T20:12:06,61,0,31,60
2023-07-06T20:24:31,61,0,31,60
2023-07-06T20:36:56,61,0,31,60
2023-07-06T20:49:21,61,0,31,60
2023-07-06T21:01:46,61,0,31,60
2023-07-06T21:14:11,61,0,31,60
2023-07-06T21:26:36,61,0,31,60
2023-07-06T21:39:01,61,0,31,60
2023-07-06T21:51:27,61,0,31,60
2023-07-06T22:03:52,61,0,31,60
2023-07-06T22:16:17,61,0,31,60
2023-07-06T22:28:42,61,0,31,60
2023-07-06T22:41:07,61,0,31,60
2023-07-06T22:53:32,61,0,31,60
2023-07-06T23:06:08,61,0,31,60
2023-07-06T23:18:33,61,0,31,60
2023-07-06T23:30:58,61,0,31,60
2023-07-06T23:43:24,61,0,31,60
2023-07-06T23:55:50,61,0,31,60
2023-07-07T00:08:16,61,0,31,60
2023-07-07T00:20:49,61,0,31,60
2023-07-07T00:33:17,61,0,31,60
2023-07-07T00:45:46,61,0,31,60
2023-07-07T00:58:15,61,0,31,60
2023-07-07T01:10:44,61,0,31,60
2023-07-07T01:23:13,61,0,31,60
2023-07-07T01:35:43,61,0,31,60
2023-07-07T01:48:14,61,0,31,60
2023-07-07T02:00:42,61,0,31,60
2023-07-07T02:13:20,61,0,31,60
2023-07-07T02:25:50,61,0,31,60
2023-07-07T02:38:31,61,0,31,60
2023-07-07T02:51:01,61,0,31,60
2023-07-07T03:03:29,61,0,31,60
2023-07-07T03:15:57,61,0,31,60
2023-07-07T03:28:25,61,0,31,60
2023-07-07T03:40:53,61,0,31,60
2023-07-07T03:53:21,61,0,31,60
2023-07-07T04:05:48,61,0,31,60
2023-07-07T04:29:12,61,0,31,60
2023-07-07T04:42:01,61,0,31,60
2023-07-07T04:54:32,61,0,31,60
2023-07-07T05:07:00,61,0,31,60
2023-07-07T05:19:28,61,0,31,60
2023-07-07T05:31:58,61,0,31,60
2023-07-07T05:44:26,61,0,31,60
2023-07-07T05:56:55,61,0,31,60
2023-07-07T06:09:23,61,0,31,60
2023-07-07T06:21:51,61,0,31,60
2023-07-07T06:34:19,61,0,31,60
2023-07-07T06:46:47,61,0,31,60
2023-07-07T06:59:15,61,0,31,60
2023-07-07T07:11:44,61,0,31,60
2023-07-07T07:24:10,61,0,31,60
2023-07-07T07:36:36,61,0,31,60
2023-07-07T07:49:01,61,0,31,60
2023-07-07T08:01:26,61,0,31,60
2023-07-07T08:13:54,61,0,31,60
2023-07-07T08:26:20,61,0,31,60
2023-07-07T08:38:53,61,0,31,60
2023-07-07T08:51:18,61,0,31,60
2023-07-07T09:03:43,61,0,31,60
2023-07-07T09:16:08,61,0,31,60
2023-07-07T09:28:34,61,0,31,60
2023-07-07T09:40:59,61,0,31,60
2023-07-07T09:53:24,61,0,31,60
2023-07-07T10:05:49,61,0,31,60
2023-07-07T10:18:13,61,0,31,60
2023-07-07T10:30:38,61,0,31,60
2023-07-07T10:43:03,61,0,31,60
2023-07-07T10:55:28,61,0,31,60
2023-07-07T11:08:05,61,0,31,60
2023-07-07T11:20:29,61,0,31,60
2023-07-07T11:32:55,61,0,31,60
2023-07-07T11:45:19,61,0,31,60
2023-07-07T11:57:44,61,0,31,60
2023-07-07T12:10:09,61,0,31,60
2023-07-07T12:22:33,61,0,31,60
2023-07-07T12:34:58,61,0,31,60
2023-07-07T12:47:23,61,0,31,60
2023-07-07T12:59:47,61,0,31,60
2023-07-07T13:12:13,61,0,31,60
2023-07-07T13:24:38,61,0,31,60
2023-07-07T13:37:03,61,0,31,60
2023-07-07T13:49:41,61,0,31,60
2023-07-07T14:02:06,61,0,31,60
2023-07-07T14:14:30,61,0,31,60
2023-07-07T14:26:55,61,0,31,60
2023-07-07T14:39:20,61,0,31,60
2023-07-07T14:51:45,61,0,31,60
2023-07-07T15:04:11,61,0,31,60
2023-07-07T15:16:36,61,0,31,60
2023-07-07T15:29:00,61,0,31,60
2023-07-07T15:41:25,61,0,31,60
2023-07-07T15:53:49,61,0,31,60
2023-07-07T16:06:14,61,0,31,60
2023-07-07T16:18:39,61,0,31,60
2023-07-07T16:31:15,61,0,31,60
2023-07-07T16:43:40,61,0,31,60
2023-07-07T16:56:05,61,0,31,60
2023-07-07T17:08:31,61,0,31,60
2023-07-07T17:20:57,61,0,31,60
2023-07-07T17:33:22,61,0,31,60
2023-07-07T17:45:46,61,0,31,60
2023-07-07T17:58:10,61,0,31,60
2023-07-07T18:10:35,61,0,31,60
2023-07-07T18:23:00,61,0,31,60
2023-07-07T18:35:24,61,0,31,60
2023-07-07T18:47:59,61,0,31,60
2023-07-07T19:00:23,61,0,31,60
2023-07-07T19:12:49,61,0,31,60
2023-07-07T19:25:14,61,0,31,60
2023-07-07T19:37:39,61,0,31,60
2023-07-07T19:50:04,61,0,31,60
2023-07-07T20:02:30,61,0,31,60
2023-07-07T20:14:55,61,0,31,60
2023-07-07T20:27:20,61,0,31,60
2023-07-07T20:39:45,61,0,31,60
2023-07-07T20:52:10,61,0,31,60
2023-07-07T21:04:34,61,0,31,60
2023-07-07T21:17:02,61,0,31,60
2023-07-07T21:29:26,61,0,31,60
2023-07-07T21:41:51,61,0,31,60
2023-07-07T21:54:17,61,0,31,60
2023-07-07T22:06:41,61,0,31,60
2023-07-07T22:19:06,61,0,31,60
2023-07-07T22:31:42,61,0,31,60
2023-07-07T22:44:07,61,0,31,60
2023-07-07T22:56:32,61,0,31,60
2023-07-07T23:08:57,61,0,31,60
2023-07-07T23:21:23,61,0,31,60
2023-07-07T23:33:49,61,0,31,60
2023-07-07T23:46:13,61,0,31,60
2023-07-07T23:58:39,61,0,31,60
2023-07-08T00:11:06,61,0,31,60
2023-07-08T00:23:40,61,0,31,60
2023-07-08T00:36:09,61,0,31,60
2023-07-08T00:48:38,61,0,31,60
2023-07-08T01:01:07,61,0,31,60
2023-07-08T01:13:35,61,0,31,60
2023-07-08T01:26:04,61,0,31,60
2023-07-08T01:38:35,61,0,31,60
2023-07-08T01:51:05,61,0,31,60
2023-07-08T02:03:34,61,0,31,60
2023-07-08T02:16:13,61,0,31,60
2023-07-08T02:28:39,61,0,31,60
2023-07-08T02:41:05,61,0,31,60
2023-07-08T02:53:30,61,0,31,60
2023-07-08T03:05:55,61,0,31,60
2023-07-08T03:18:22,61,0,31,60
2023-07-08T03:30:49,61,0,31,60
2023-07-08T03:43:16,61,0,31,60
2023-07-08T03:55:44,61,0,31,60
2023-07-08T04:08:12,61,0,31,60
2023-07-08T04:27:58,61,0,31,60
2023-07-08T04:40:28,61,0,31,60
2023-07-08T04:52:55,61,0,31,60
2023-07-08T05:06:48,61,0,31,60
2023-07-08T05:19:37,61,0,31,60
2023-07-08T05:32:06,61,0,31,60
2023-07-08T05:44:35,61,0,31,60
2023-07-08T05:57:04,61,0,31,60
2023-07-08T06:09:34,61,0,31,60
2023-07-08T06:22:03,61,0,31,60
2023-07-08T06:34:31,61,0,31,60
2023-07-08T06:47:00,61,0,31,60
2023-07-08T06:59:29,61,0,31,60
2023-07-08T07:11:57,61,0,31,60
2023-07-08T07:24:24,61,0,31,60
2023-07-08T07:36:51,61,0,31,60
2023-07-08T07:49:29,61,0,31,60
2023-07-08T08:01:57,61,0,31,60
2023-07-08T08:14:26,61,0,31,60
2023-07-08T08:26:53,61,0,31,60
2023-07-08T08:39:21,61,0,31,60
2023-07-08T08:51:48,61,0,31,60
2023-07-08T09:04:16,61,0,31,60
2023-07-08T09:16:43,61,0,31,60
2023-07-08T09:29:11,61,0,31,60
2023-07-08T09:41:38,61,0,31,60
2023-07-08T09:54:06,61,0,31,60
2023-07-08T10:06:34,61,0,31,60
2023-07-08T10:19:01,61,0,31,60
2023-07-08T10:31:28,61,0,31,60
2023-07-08T10:43:55,61,0,31,60
2023-07-08T10:56:23,61,0,31,60
2023-07-08T11:08:49,61,0,31,60
2023-07-08T11:21:23,61,0,31,60
2023-07-08T11:33:47,61,0,31,60
2023-07-08T11:46:12,61,0,31,60
2023-07-08T11:58:36,61,0,31,60
2023-07-08T12:11:00,61,0,31,60
2023-07-08T12:23:24,61,0,31,60
2023-07-08T12:35:48,61,0,31,60
2023-07-08T12:48:13,61,0,31,60
2023-07-08T13:00:37,61,0,31,60
2023-07-08T13:13:02,61,0,31,60
2023-07-08T13:25:26,61,0,31,60
2023-07-08T13:37:51,61,0,31,60
2023-07-08T13:50:15,61,0,31,60
2023-07-08T14:02:41,61,0,31,60
2023-07-08T14:15:06,61,0,31,60
2023-07-08T14:27:30,61,0,31,60
2023-07-08T14:39:55,61,0,31,60
2023-07-08T14:52:19,61,0,31,60
2023-07-08T15:04:44,61,0,31,60
2023-07-08T15:17:18,61,0,31,60
2023-07-08T15:29:42,61,0,31,60
2023-07-08T15:42:06,61,0,31,60
2023-07-08T15:54:30,61,0,31,60
2023-07-08T16:06:54,61,0,31,60
2023-07-08T16:19:19,61,0,31,60
2023-07-08T16:31:44,61,0,31,60
2023-07-08T16:44:08,61,0,31,60
2023-07-08T16:56:33,61,0,31,60
2023-07-08T17:08:58,61,0,31,60
2023-07-08T17:21:24,61,0,31,60
2023-07-08T17:33:48,61,0,31,60
2023-07-08T17:46:13,61,0,31,60
2023-07-08T17:58:37,61,0,31,60
2023-07-08T18:11:01,61,0,31,60
2023-07-08T18:23:26,61,0,31,60
2023-07-08T18:35:50,61,0,31,60
2023-07-08T18:48:14,61,0,31,60
2023-07-08T19:00:39,61,0,31,60
2023-07-08T19:13:04,61,0,31,60
2023-07-08T19:25:39,61,0,31,60
2023-07-08T19:38:03,61,0,31,60
2023-07-08T19:50:28,61,0,31,60
2023-07-08T20:02:52,61,0,31,60
2023-07-08T20:15:17,61,0,31,60
2023-07-08T20:27:41,61,0,31,60
2023-07-08T20:40:06,61,0,31,60
2023-07-08T20:52:31,61,0,31,60
2023-07-08T21:04:55,61,0,31,60
2023-07-08T21:17:20,61,0,31,60
2023-07-08T21:29:45,61,0,31,60
2023-07-08T21:42:10,61,0,31,60
2023-07-08T21:54:35,61,0,31,60
2023-07-08T22:06:59,61,0,31,60
2023-07-08T22:19:24,61,0,31,60
2023-07-08T22:31:59,61,0,31,60
2023-07-08T22:44:24,61,0,31,60
2023-07-08T22:56:48,61,0,31,60
2023-07-08T23:09:14,61,0,31,60
2023-07-08T23:21:40,61,0,31,60
2023-07-08T23:34:05,61,0,31,60
2023-07-08T23:46:31,61,0,31,60
2023-07-08T23:58:56,61,0,31,60
2023-07-09T00:11:22,61,0,31,60
2023-07-09T00:23:53,61,0,31,60
2023-07-09T00:36:23,61,0,31,60
2023-07-09T00:48:53,61,0,31,60
2023-07-09T01:01:20,61,0,31,60
2023-07-09T01:13:57,61,0,31,60
2023-07-09T01:26:24,61,0,31,60
2023-07-09T01:38:54,61,0,31,60
2023-07-09T01:51:21,61,0,31,60
2023-07-09T02:03:49,61,0,31,60
2023-07-09T02:16:29,61,0,31,60
2023-07-09T02:28:56,61,0,31,60
2023-07-09T02:41:25,61,0,31,60
2023-07-09T02:53:52,61,0,31,60
2023-07-09T03:06:20,61,0,31,60
2023-07-09T03:18:48,61,0,31,60
2023-07-09T03:31:16,61,0,31,60
2023-07-09T03:43:44,61,0,31,60
2023-07-09T03:56:13,61,0,31,60
2023-07-09T04:08:41,61,0,31,60
2023-07-09T04:22:47,61,0,31,60
2023-07-09T04:35:17,61,0,31,60
2023-07-09T04:48:44,61,0,31,60
2023-07-09T05:02:01,61,0,31,60
2023-07-09T05:14:29,61,0,31,60
2023-07-09T05:26:58,61,0,31,60
2023-07-09T05:39:28,61,0,31,60
2023-07-09T05:51:57,61,0,31,60
2023-07-09T06:04:24,61,0,31,60
2023-07-09T06:16:51,61,0,31,60
2023-07-09T06:29:20,61,0,31,60
2023-07-09T06:41:47,61,0,31,60
2023-07-09T06:54:15,61,0,31,60
2023-07-09T07:06:42,61,0,31,60
2023-07-09T07:19:09,61,0,31,60
2023-07-09T07:31:35,61,0,31,60
2023-07-09T07:44:00,61,0,31,60
2023-07-09T07:56:26,61,0,31,60
2023-07-09T08:08:51,61,0,31,60
2023-07-09T08:21:16,61,0,31,60
2023-07-09T08:33:45,61,0,31,60
2023-07-09T08:46:11,61,0,31,60
2023-07-09T08:58:36,61,0,31,60
2023-07-09T09:11:01,61,0,31,60
2023-07-09T09:23:26,61,0,31,60
2023-07-09T09:35:53,61,0,31,60
2023-07-09T09:48:19,61,0,31,60
2023-07-09T10:00:45,61,0,31,60
2023-07-09T10:13:10,61,0,31,60
2023-07-09T10:25:45,61,0,31,60
2023-07-09T10:38:11,61,0,31,60
2023-07-09T10:50:37,61,0,31,60
2023-07-09T11:03:04,61,0,31,60
2023-07-09T11:15:31,61,0,31,60
2023-07-09T11:27:57,61,0,31,60
2023-07-09T11:40:22,61,0,31,60
2023-07-09T11:52:47,61,0,31,60
2023-07-09T12:05:12,61,0,31,60
2023-07-09T12:17:38,61,0,31,60
2023-07-09T12:30:03,61,0,31,60
2023-07-09T12:42:28,61,0,31,60
2023-07-09T12:54:54,61,0,31,60
2023-07-09T13:07:19,61,0,31,60
2023-07-09T13:19:43,61,0,31,60
2023-07-09T13:32:08,61,0,31,60
2023-07-09T13:44:33,61,0,31,60
2023-07-09T13:56:58,61,0,31,60
2023-07-09T14:09:22,61,0,31,60
2023-07-09T14:21:47,61,0,31,60
2023-07-09T14:34:22,61,0,31,60
2023-07-09T14:46:46,61,0,31,60
2023-07-09T14:59:11,61,0,31,60
2023-07-09T15:11:36,61,0,31,60
2023-07-09T15:24:00,61,0,31,60
2023-07-09T15:36:25,61,0,31,60
2023-07-09T15:48:49,61,0,31,60
2023-07-09T16:01:14,61,0,31,60
2023-07-09T16:13:39,61,0,31,60
2023-07-09T16:26:04,61,0,31,60
2023-07-09T16:38:29,61,0,31,60
2023-07-09T16:50:54,61,0,31,60
2023-07-09T17:03:19,61,0,31,60
2023-07-09T17:15:44,61,0,31,60
2023-07-09T17:28:21,61,0,31,60
2023-07-09T17:40:45,61,0,31,60
2023-07-09T17:53:10,61,0,31,60
2023-07-09T18:05:34,61,0,31,60
2023-07-09T18:17:58,61,0,31,60
2023-07-09T18:30:23,61,0,31,60
2023-07-09T18:42:49,61,0,31,60
2023-07-09T18:55:13,61,0,31,60
2023-07-09T19:07:40,61,0,31,60
2023-07-09T19:20:07,61,0,31,60
2023-07-09T19:32:33,61,0,31,60
2023-07-09T19:45:00,61,0,31,60
2023-07-09T19:57:26,61,0,31,60
2023-07-09T20:09:52,61,0,31,60
2023-07-09T20:22:17,61,0,31,60
2023-07-09T20:34:42,61,0,31,60
2023-07-09T20:47:07,61,0,31,60
2023-07-09T20:59:33,61,0,31,60
2023-07-09T21:12:09,61,0,31,60
2023-07-09T21:24:34,61,0,31,60
2023-07-09T21:37:00,61,0,31,60
2023-07-09T21:49:25,61,0,31,60
2023-07-09T22:01:50,61,0,31,60
2023-07-09T22:14:15,61,0,31,60
2023-07-09T22:26:40,61,0,31,60
2023-07-09T22:39:04,61,0,31,60
2023-07-09T22:51:29,61,0,31,60
2023-07-09T23:03:54,61,0,31,60
2023-07-09T23:16:20,61,0,31,60
2023-07-09T23:28:46,61,0,31,60
2023-07-09T23:41:22,61,0,31,60
2023-07-09T23:53:47,61,0,31,60
2023-07-10T00:06:14,61,0,31,60
2023-07-10T00:18:47,61,0,31,60
2023-07-10T00:31:21,61,0,31,60
2023-07-10T00:43:53,61,0,31,60
2023-07-10T00:56:22,61,0,31,60
2023-07-10T01:08:48,61,0,31,60
2023-07-10T01:21:16,61,0,31,60
2023-07-10T01:33:46,61,0,31,60
2023-07-10T01:46:16,61,0,31,60
2023-07-10T01:58:45,61,0,31,60
2023-07-10T02:11:23,61,0,31,60
2023-07-10T02:23:52,61,0,31,60
2023-07-10T02:36:21,61,0,31,60
2023-07-10T02:48:49,61,0,31,60
2023-07-10T03:01:17,61,0,31,60
2023-07-10T03:13:44,61,0,31,60
2023-07-10T03:26:13,61,0,31,60
2023-07-10T03:38:40,61,0,31,60
2023-07-10T03:51:07,61,0,31,60
2023-07-10T04:03:36,61,0,31,60
2023-07-10T04:18:13,61,0,31,60
2023-07-10T04:29:21,61,0,31,60
2023-07-10T04:41:51,61,0,31,60
2023-07-10T04:54:21,61,0,31,60
2023-07-10T05:06:51,61,0,31,60
2023-07-10T05:19:21,61,0,31,60
2023-07-10T05:31:50,61,0,31,60
2023-07-10T05:44:18,61,0,31,60
2023-07-10T05:56:46,61,0,31,60
2023-07-10T06:09:15,61,0,31,60
2023-07-10T06:21:44,61,0,31,60
2023-07-10T06:34:12,61,0,31,60
2023-07-10T06:46:40,61,0,31,60
2023-07-10T06:59:06,61,0,31,60
2023-07-10T07:11:34,61,0,31,60
2023-07-10T07:23:59,61,0,31,60
2023-07-10T07:36:24,61,0,31,60
2023-07-10T07:48:49,61,0,31,60
2023-07-10T08:01:14,61,0,31,60
2023-07-10T08:13:39,61,0,31,60
2023-07-10T08:26:04,61,0,31,60
2023-07-10T08:38:29,61,0,31,60
2023-07-10T08:50:54,61,0,31,60
2023-07-10T09:03:19,61,0,31,60
2023-07-10T09:15:44,61,0,31,60
2023-07-10T09:28:09,61,0,31,60
2023-07-10T09:40:35,61,0,31,60
2023-07-10T09:53:10,61,0,31,60
2023-07-10T10:05:35,61,0,31,60
2023-07-10T10:18:00,61,0,31,60
2023-07-10T10:30:25,61,0,31,60
2023-07-10T10:42:50,61,0,31,60
2023-07-10T10:55:14,61,0,31,60
2023-07-10T11:07:40,61,0,31,60
2023-07-10T11:20:04,61,0,31,60
2023-07-10T11:32:29,61,0,31,60
2023-07-10T11:44:57,61,0,31,60
2023-07-10T11:57:21,61,0,31,60
2023-07-10T12:09:46,61,0,31,60
2023-07-10T12:22:11,61,0,31,60
2023-07-10T12:34:45,61,0,31,60
2023-07-10T12:47:10,61,0,31,60
2023-07-10T12:59:34,61,0,31,60
2023-07-10T13:11:59,61,0,31,60
2023-07-10T13:24:24,61,0,31,60
2023-07-10T13:36:49,61,0,31,60
2023-07-10T13:49:14,61,0,31,60
2023-07-10T14:01:38,61,0,31,60
2023-07-10T14:14:04,61,0,31,60
2023-07-10T14:26:29,61,0,31,60
2023-07-10T14:38:54,61,0,31,60
2023-07-10T14:51:18,61,0,31,60
2023-07-10T15:03:55,61,0,31,60
2023-07-10T15:16:19,61,0,31,60
2023-07-10T15:28:44,61,0,31,60
2023-07-10T15:41:09,61,0,31,60
2023-07-10T15:53:33,61,0,31,60
2023-07-10T16:05:58,61,0,31,60
2023-07-10T16:18:22,61,0,31,60
2023-07-10T16:30:47,61,0,31,60
2023-07-10T16:43:12,61,0,31,60
2023-07-10T16:55:37,61,0,31,60
2023-07-10T17:08:02,61,0,31,60
2023-07-10T17:20:28,61,0,31,60
2023-07-10T17:33:03,61,0,31,60
2023-07-10T17:45:29,61,0,31,60
2023-07-10T17:57:54,61,0,31,60
2023-07-10T18:10:20,61,0,31,60
2023-07-10T18:22:44,61,0,31,60
2023-07-10T18:35:09,61,0,31,60
2023-07-10T18:47:33,61,0,31,60
2023-07-10T18:59:58,61,0,31,60
2023-07-10T19:12:24,61,0,31,60
2023-07-10T19:24:48,61,0,31,60
2023-07-10T19:37:13,61,0,31,60
2023-07-10T19:49:38,61,0,31,60
2023-07-10T20:02:03,61,0,31,60
2023-07-10T20:14:28,61,0,31,60
2023-07-10T20:27:03,61,0,31,60
2023-07-10T20:39:28,61,0,31,60
2023-07-10T20:51:53,61,0,31,60
2023-07-10T21:04:17,61,0,31,60
2023-07-10T21:16:42,61,0,31,60
2023-07-10T21:29:07,61,0,31,60
2023-07-10T21:41:32,61,0,31,60
2023-07-10T21:53:56,61,0,31,60
2023-07-10T22:06:21,61,0,31,60
2023-07-10T22:18:46,61,0,31,60
2023-07-10T22:31:11,61,0,31,60
2023-07-10T22:43:36,61,0,31,60
2023-07-10T22:56:01,61,0,31,60
2023-07-10T23:08:37,61,0,31,60
2023-07-10T23:21:03,61,0,31,60
2023-07-10T23:33:29,61,0,31,60
2023-07-10T23:45:55,61,0,31,60
2023-07-10T23:58:20,61,0,31,60
2023-07-11T00:10:47,61,0,31,60
2023-07-11T00:23:19,61,0,31,60
2023-07-11T00:35:48,61,0,31,60
2023-07-11T00:48:18,61,0,31,60
2023-07-11T01:00:47,61,0,31,60
2023-07-11T01:13:16,61,0,31,60
2023-07-11T01:25:44,61,0,31,60
2023-07-11T01:38:13,61,0,31,60
2023-07-11T01:50:43,61,0,31,60
2023-07-11T02:03:10,61,0,31,60
2023-07-11T02:15:38,61,0,31,60
2023-07-11T02:28:04,61,0,31,60
2023-07-11T02:40:42,61,0,31,60
2023-07-11T02:53:08,61,0,31,60
2023-07-11T03:05:33,61,0,31,60
2023-07-11T03:18:00,61,0,31,60
2023-07-11T03:30:28,61,0,31,60
2023-07-11T03:42:54,61,0,31,60
2023-07-11T03:55:21,61,0,31,60
2023-07-11T04:07:49,61,0,31,60
2023-07-11T04:26:12,61,0,31,60
2023-07-11T04:39:08,61,0,31,60
2023-07-11T04:51:38,61,0,31,60
2023-07-11T05:04:09,61,0,31,60
2023-07-11T05:18:56,61,0,31,60
2023-07-11T05:31:27,61,0,31,60
2023-07-11T05:43:56,61,0,31,60
2023-07-11T05:56:23,61,0,31,60
2023-07-11T06:08:52,61,0,31,60
2023-07-11T06:21:20,61,0,31,60
2023-07-11T06:33:47,61,0,31,60
2023-07-11T06:46:15,61,0,31,60
2023-07-11T06:58:43,61,0,31,60
2023-07-11T07:11:10,61,0,31,60
2023-07-11T07:23:37,61,0,31,60
2023-07-11T07:36:04,61,0,31,60
2023-07-11T07:48:30,61,0,31,60
2023-07-11T08:00:58,61,0,31,60
2023-07-11T08:13:26,61,0,31,60
2023-07-11T08:25:52,61,0,31,60
2023-07-11T08:38:21,61,0,31,60
2023-07-11T08:50:49,61,0,31,60
2023-07-11T09:03:15,61,0,31,60
2023-07-11T09:15:41,61,0,31,60
2023-07-11T09:28:23,61,0,31,60
2023-07-11T09:40:50,61,0,31,60
2023-07-11T09:53:16,61,0,31,60
2023-07-11T10:05:44,61,0,31,60
2023-07-11T10:18:11,61,0,31,60
2023-07-11T10:30:37,61,0,31,60
2023-07-11T10:43:02,61,0,31,60
2023-07-11T10:55:28,61,0,31,60
2023-07-11T11:07:53,61,0,31,60
2023-07-11T11:20:18,61,0,31,60
2023-07-11T11:32:44,61,0,31,60
2023-07-11T11:45:09,61,0,31,60
2023-07-11T11:57:46,61,0,31,60
2023-07-11T12:10:11,61,0,31,60
2023-07-11T12:22:36,61,0,31,60
2023-07-11T12:35:01,61,0,31,60
2023-07-11T12:47:26,61,0,31,60
2023-07-11T12:59:50,61,0,31,60
2023-07-11T13:12:15,61,0,31,60
2023-07-11T13:24:39,61,0,31,60
2023-07-11T13:37:16,61,0,31,60
2023-07-11T13:49:41,61,0,31,60
2023-07-11T14:02:06,61,0,31,60
2023-07-11T14:14:31,61,0,31,60
2023-07-11T14:26:56,61,0,31,60
2023-07-11T14:39:20,61,0,31,60
2023-07-11T14:51:45,61,0,31,60
2023-07-11T15:04:28,61,0,31,60
2023-07-11T15:16:52,61,0,31,60
2023-07-11T15:29:17,61,0,31,60
2023-07-11T15:41:43,61,0,31,60
2023-07-11T15:54:07,61,0,31,60
2023-07-11T16:06:31,61,0,31,60
2023-07-11T16:18:56,61,0,31,60
2023-07-11T16:31:21,61,0,31,60
2023-07-11T16:43:46,61,0,31,60
2023-07-11T16:56:13,61,0,31,60
2023-07-11T17:08:38,61,0,31,60
2023-07-11T17:21:04,61,0,31,60
2023-07-11T17:33:28,61,0,31,60
2023-07-11T17:46:03,61,0,31,60
2023-07-11T17:58:28,61,0,31,60
2023-07-11T18:10:53,61,0,31,60
2023-07-11T18:23:18,61,0,31,60
2023-07-11T18:35:42,61,0,31,60
2023-07-11T18:48:07,61,0,31,60
2023-07-11T19:00:32,61,0,31,60
2023-07-11T19:12:57,61,0,31,60
2023-07-11T19:25:21,61,0,31,60
2023-07-11T19:37:46,61,0,31,60
2023-07-11T19:50:11,61,0,31,60
2023-07-11T20:02:36,61,0,31,60
2023-07-11T20:15:01,61,0,31,60
2023-07-11T20:27:25,61,0,31,60
2023-07-11T20:39:50,61,0,31,60
2023-07-11T20:52:15,61,0,31,60
2023-07-11T21:04:51,61,0,31,60
2023-07-11T21:17:15,61,0,31,60
2023-07-11T21:29:40,61,0,31,60
2023-07-11T21:42:06,61,0,31,60
2023-07-11T21:54:31,61,0,31,60
2023-07-11T22:06:56,61,0,31,60
2023-07-11T22:19:21,61,0,31,60
2023-07-11T22:31:47,61,0,31,60
2023-07-11T22:44:12,61,0,31,60
2023-07-11T22:56:37,61,0,31,60
2023-07-11T23:09:03,61,0,31,60
2023-07-11T23:21:29,61,0,31,60
2023-07-11T23:33:55,61,0,31,60
2023-07-11T23:46:21,61,0,31,60
2023-07-11T23:58:46,61,0,31,60
2023-07-12T00:11:13,61,0,31,60
2023-07-12T00:23:44,61,0,31,60
2023-07-12T00:36:12,61,0,31,60
2023-07-12T00:48:51,61,0,31,60
2023-07-12T01:01:20,61,0,31,60
2023-07-12T01:13:49,61,0,31,60
2023-07-12T01:26:18,61,0,31,60
2023-07-12T01:38:47,61,0,31,60
2023-07-12T01:51:18,61,0,31,60
2023-07-12T02:03:46,61,0,31,60
2023-07-12T02:16:38,61,0,31,60
2023-07-12T02:29:08,61,0,31,60
2023-07-12T02:41:39,61,0,31,60
2023-07-12T02:54:07,61,0,31,60
2023-07-12T03:06:36,61,0,31,60
2023-07-12T03:19:04,61,0,31,60
2023-07-12T03:31:32,61,0,31,60
2023-07-12T03:44:00,61,0,31,60
2023-07-12T03:56:28,61,0,31,60
2023-07-12T04:08:56,61,0,31,60
2023-07-12T04:30:07,61,0,31,60
2023-07-12T04:43:52,61,0,31,60
2023-07-12T04:56:38,61,0,31,60
2023-07-12T05:09:07,61,0,31,60
2023-07-12T05:21:35,61,0,31,60
2023-07-12T05:34:03,61,0,31,60
2023-07-12T05:46:32,61,0,31,60
2023-07-12T05:59:03,61,0,31,60
2023-07-12T06:11:31,61,0,31,60
2023-07-12T06:23:59,61,0,31,60
2023-07-12T06:36:26,61,0,31,60
2023-07-12T06:48:55,61,0,31,60
2023-07-12T07:01:23,61,0,31,60
2023-07-12T07:13:53,61,0,31,60
2023-07-12T07:26:19,61,0,31,60
2023-07-12T07:38:46,61,0,31,60
2023-07-12T07:51:11,61,0,31,60
2023-07-12T08:03:36,61,0,31,60
2023-07-12T08:16:00,61,0,31,60
2023-07-12T08:28:26,61,0,31,60
2023-07-12T08:40:51,61,0,31,60
2023-07-12T08:53:16,61,0,31,60
2023-07-12T09:05:41,61,0,31,60
2023-07-12T09:18:15,61,0,31,60
2023-07-12T09:30:39,61,0,31,60
2023-07-12T09:43:04,61,0,31,60
2023-07-12T09:55:29,61,0,31,60
2023-07-12T10:07:53,61,0,31,60
2023-07-12T10:20:18,61,0,31,60
2023-07-12T10:32:43,61,0,31,60
2023-07-12T10:45:08,61,0,31,60
2023-07-12T10:57:33,61,0,31,60
2023-07-12T11:09:58,61,0,31,60
2023-07-12T11:22:22,61,0,31,60
2023-07-12T11:34:58,61,0,31,60
2023-07-12T11:47:23,61,0,31,60
2023-07-12T11:59:48,61,0,31,60
2023-07-12T12:12:12,61,0,31,60
2023-07-12T12:24:39,61,0,31,60
2023-07-12T12:37:03,61,0,31,60
2023-07-12T12:49:28,61,0,31,60
2023-07-12T13:01:53,61,0,31,60
2023-07-12T13:14:18,61,0,31,60
2023-07-12T13:26:43,61,0,31,60
2023-07-12T13:39:07,61,0,31,60
2023-07-12T13:51:51,61,0,31,60
2023-07-12T14:04:16,61,0,31,60
2023-07-12T14:16:41,61,0,31,60
2023-07-12T14:29:06,61,0,31,60
2023-07-12T14:41:31,61,0,31,60
2023-07-12T14:53:56,61,0,31,60
2023-07-12T15:06:21,61,0,31,60
2023-07-12T15:18:45,61,0,31,60
2023-07-12T15:31:10,61,0,31,60
2023-07-12T15:43:36,61,0,31,60
2023-07-12T15:56:01,61,0,31,60
2023-07-12T16:08:26,61,0,31,60
2023-07-12T16:21:02,61,0,31,60
2023-07-12T16:33:26,61,0,31,60
2023-07-12T16:45:51,61,0,31,60
2023-07-12T16:58:15,61,0,31,60
2023-07-12T17:10:41,61,0,31,60
2023-07-12T17:23:06,61,0,31,60
2023-07-12T17:35:31,61,0,31,60
2023-07-12T17:47:55,61,0,31,60
2023-07-12T18:00:19,61,0,31,60
2023-07-12T18:12:44,61,0,31,60
2023-07-12T18:25:08,61,0,31,60
2023-07-12T18:37:32,61,0,31,60
2023-07-12T18:49:56,61,0,31,60
2023-07-12T19:02:21,61,0,31,60
2023-07-12T19:14:45,61,0,31,60
2023-07-12T19:27:09,61,0,31,60
2023-07-12T19:39:47,61,0,31,60
2023-07-12T19:52:12,61,0,31,60
2023-07-12T20:04:36,61,0,31,60
2023-07-12T20:17:01,61,0,31,60
2023-07-12T20:29:25,61,0,31,60
2023-07-12T20:41:50,61,0,31,60
2023-07-12T20:54:14,61,0,31,60
2023-07-12T21:06:38,61,0,31,60
2023-07-12T21:19:03,61,0,31,60
2023-07-12T21:31:28,61,0,31,60
2023-07-12T21:43:52,61,0,31,60
2023-07-12T21:56:17,61,0,31,60
2023-07-12T22:08:41,61,0,31,60
2023-07-12T22:21:06,61,0,31,60
2023-07-12T22:33:31,61,0,31,60
2023-07-12T22:45:56,61,0,31,60
2023-07-12T22:58:21,61,0,31,60
2023-07-12T23:10:46,61,0,31,60
2023-07-12T23:23:31,61,0,31,60
2023-07-12T23:35:55,61,0,31,60
2023-07-12T23:48:21,61,0,31,60
2023-07-13T00:00:46,61,0,31,60
2023-07-13T00:13:16,61,0,31,60
2023-07-13T00:25:43,61,0,31,60
2023-07-13T00:38:12,61,0,31,60
2023-07-13T00:50:41,61,0,31,60
2023-07-13T01:03:10,61,0,31,60
2023-07-13T01:15:38,61,0,31,60
2023-07-13T01:28:05,61,0,31,60
2023-07-13T01:40:34,61,0,31,60
2023-07-13T01:53:03,61,0,31,60
2023-07-13T02:05:30,61,0,31,60
2023-07-13T02:17:57,61,0,31,60
2023-07-13T02:30:23,61,0,31,60
2023-07-13T02:42:48,61,0,31,60
2023-07-13T02:55:13,61,0,31,60
2023-07-13T03:07:38,61,0,31,60
2023-07-13T03:20:03,61,0,31,60
2023-07-13T03:32:28,61,0,31,60
2023-07-13T03:44:52,61,0,31,60
2023-07-13T03:57:16,61,0,31,60
2023-07-13T04:09:40,61,0,31,60
2023-07-13T04:29:17,61,0,31,60
2023-07-13T04:41:59,61,0,31,60
2023-07-13T04:54:26,61,0,31,60
2023-07-13T05:06:52,61,0,31,60
2023-07-13T05:19:17,61,0,31,60
2023-07-13T05:31:41,61,0,31,60
2023-07-13T05:44:09,61,0,31,60
2023-07-13T05:56:38,61,0,31,60
2023-07-13T06:09:10,61,0,31,60
2023-07-13T06:21:40,61,0,31,60
2023-07-13T06:34:11,61,0,31,60
2023-07-13T06:46:42,61,0,31,60
2023-07-13T06:59:12,61,0,31,60
2023-07-13T07:11:42,61,0,31,60
2023-07-13T07:24:10,61,0,31,60
2023-07-13T07:36:38,61,0,31,60
2023-07-13T07:49:06,61,0,31,60
2023-07-13T08:01:34,61,0,31,60
2023-07-13T08:14:02,61,0,31,60
2023-07-13T08:26:30,61,0,31,60
2023-07-13T08:38:58,61,0,31,60
2023-07-13T08:51:25,61,0,31,60
2023-07-13T09:03:51,61,0,31,60
2023-07-13T09:16:17,61,0,31,60
2023-07-13T09:29:02,61,0,31,60
2023-07-13T09:41:28,61,0,31,60
2023-07-13T09:53:55,61,0,31,60
2023-07-13T10:06:21,61,0,31,60
2023-07-13T10:18:46,61,0,31,60
2023-07-13T10:31:12,61,0,31,60
2023-07-13T10:43:38,61,0,31,60
2023-07-13T10:56:05,61,0,31,60
2023-07-13T11:08:31,61,0,31,60
2023-07-13T11:21:08,61,0,31,60
2023-07-13T11:33:34,61,0,31,60
2023-07-13T11:45:59,61,0,31,60
2023-07-13T11:58:26,61,0,31,60
2023-07-13T12:10:51,61,0,31,60
2023-07-13T12:23:15,61,0,31,60
2023-07-13T12:35:40,61,0,31,60
2023-07-13T12:48:04,61,0,31,60
2023-07-13T13:00:29,61,0,31,60
2023-07-13T13:12:54,61,0,31,60
2023-07-13T13:25:18,61,0,31,60
2023-07-13T13:37:53,61,0,31,60
2023-07-13T13:50:18,61,0,31,60
2023-07-13T14:02:42,61,0,31,60
2023-07-13T14:15:07,61,0,31,60
2023-07-13T14:27:31,61,0,31,60
2023-07-13T14:39:56,61,0,31,60
2023-07-13T14:52:20,61,0,31,60
2023-07-13T15:04:45,61,0,31,60
2023-07-13T15:17:09,61,0,31,60
2023-07-13T15:29:33,61,0,31,60
2023-07-13T15:41:57,61,0,31,60
2023-07-13T15:54:21,61,0,31,60
2023-07-13T16:06:57,61,0,31,60
2023-07-13T16:19:21,61,0,31,60
2023-07-13T16:31:46,61,0,31,60
2023-07-13T16:44:10,61,0,31,60
2023-07-13T16:56:34,61,0,31,60
2023-07-13T17:09:00,61,0,31,60
2023-07-13T17:21:25,61,0,31,60
2023-07-13T17:33:49,61,0,31,60
2023-07-13T17:46:13,61,0,31,60
2023-07-13T17:58:38,61,0,31,60
2023-07-13T18:11:02,61,0,31,60
2023-07-13T18:23:26,61,0,31,60
2023-07-13T18:35:50,61,0,31,60
2023-07-13T18:48:15,61,0,31,60
2023-07-13T19:00:58,61,0,31,60
2023-07-13T19:13:22,61,0,31,60
2023-07-13T19:25:46,61,0,31,60
2023-07-13T19:38:11,61,0,31,60
2023-07-13T19:50:35,61,0,31,60
2023-07-13T20:03:00,61,0,31,60
2023-07-13T20:15:25,61,0,31,60
2023-07-13T20:27:49,61,0,31,60
2023-07-13T20:40:14,61,0,31,60
2023-07-13T20:52:38,61,0,31,60
2023-07-13T21:05:03,61,0,31,60
2023-07-13T21:17:27,61,0,31,60
2023-07-13T21:29:52,61,0,31,60
2023-07-13T21:42:16,61,0,31,60
2023-07-13T21:54:41,61,0,31,60
2023-07-13T22:07:05,61,0,31,60
2023-07-13T22:19:29,61,0,31,60
2023-07-13T22:31:54,61,0,31,60
2023-07-13T22:44:18,61,0,31,60
2023-07-13T22:56:53,61,0,31,60
2023-07-13T23:09:18,61,0,31,60
2023-07-13T23:21:43,61,0,31,60
2023-07-13T23:34:08,61,0,31,60
2023-07-13T23:46:33,61,0,31,60
2023-07-13T23:58:58,61,0,31,60
2023-07-14T00:11:25,61,0,31,60
2023-07-14T00:23:55,61,0,31,60
2023-07-14T00:36:23,61,0,31,60
2023-07-14T00:48:52,61,0,31,60
2023-07-14T01:01:21,61,0,31,60
2023-07-14T01:13:50,61,0,31,60
2023-07-14T01:26:18,61,0,31,60
2023-07-14T01:38:47,61,0,31,60
2023-07-14T01:51:19,61,0,31,60
2023-07-14T02:03:48,61,0,31,60
2023-07-14T02:16:28,61,0,31,60
2023-07-14T02:28:58,61,0,31,60
2023-07-14T02:41:30,61,0,31,60
2023-07-14T02:53:59,61,0,31,60
2023-07-14T03:06:27,61,0,31,60
2023-07-14T03:18:55,61,0,31,60
2023-07-14T03:31:23,61,0,31,60
2023-07-14T03:43:50,61,0,31,60
2023-07-14T03:56:18,61,0,31,60
2023-07-14T04:08:46,61,0,31,60
2023-07-14T04:23:37,61,0,31,60
2023-07-14T04:36:10,61,0,31,60
2023-07-14T04:50:08,61,0,31,60
2023-07-14T05:02:37,61,0,31,60
2023-07-14T05:15:05,61,0,31,60
2023-07-14T05:27:32,61,0,31,60
2023-07-14T05:40:00,61,0,31,60
2023-07-14T05:52:28,61,0,31,60
2023-07-14T06:04:56,61,0,31,60
2023-07-14T06:17:24,61,0,31,60
2023-07-14T06:29:51,61,0,31,60
2023-07-14T06:42:20,61,0,31,60
2023-07-14T06:54:49,61,0,31,60
2023-07-14T07:07:17,61,0,31,60
2023-07-14T07:19:44,61,0,31,60
2023-07-14T07:32:11,61,0,31,60
2023-07-14T07:44:35,61,0,31,60
2023-07-14T07:56:59,61,0,31,60
2023-07-14T08:09:25,61,0,31,60
2023-07-14T08:21:50,61,0,31,60
2023-07-14T08:34:16,61,0,31,60
2023-07-14T08:46:41,61,0,31,60
2023-07-14T08:59:06,61,0,31,60
2023-07-14T09:11:31,61,0,31,60
2023-07-14T09:23:55,61,0,31,60
2023-07-14T09:36:20,61,0,31,60
2023-07-14T09:48:45,61,0,31,60
2023-07-14T10:01:21,61,0,31,60
2023-07-14T10:13:45,61,0,31,60
2023-07-14T10:26:10,61,0,31,60
2023-07-14T10:38:35,61,0,31,60
2023-07-14T10:51:00,61,0,31,60
2023-07-14T11:03:25,61,0,31,60
2023-07-14T11:15:50,61,0,31,60
2023-07-14T11:28:16,61,0,31,60
2023-07-14T11:40:41,61,0,31,60
2023-07-14T11:53:07,61,0,31,60
2023-07-14T12:05:32,61,0,31,60
2023-07-14T12:17:57,61,0,31,60
2023-07-14T12:30:23,61,0,31,60
2023-07-14T12:42:49,61,0,31,60
2023-07-14T12:55:14,61,0,31,60
2023-07-14T13:07:39,61,0,31,60
2023-07-14T13:20:04,61,0,31,60
2023-07-14T13:32:30,61,0,31,60
2023-07-14T13:45:07,61,0,31,60
2023-07-14T13:57:32,61,0,31,60
2023-07-14T14:09:58,61,0,31,60
2023-07-14T14:22:23,61,0,31,60
2023-07-14T14:34:48,61,0,31,60
2023-07-14T14:47:14,61,0,31,60
2023-07-14T14:59:39,61,0,31,60
2023-07-14T15:12:15,61,0,31,60
2023-07-14T15:24:40,61,0,31,60
2023-07-14T15:37:05,61,0,31,60
2023-07-14T15:49:31,61,0,31,60
2023-07-14T16:01:55,61,0,31,60
2023-07-14T16:14:21,61,0,31,60
2023-07-14T16:26:46,61,0,31,60
2023-07-14T16:39:12,61,0,31,60
2023-07-14T16:51:48,61,0,31,60
2023-07-14T17:04:14,61,0,31,60
2023-07-14T17:16:40,61,0,31,60
2023-07-14T17:29:05,61,0,31,60
2023-07-14T17:41:30,61,0,31,60
2023-07-14T17:53:55,61,0,31,60
2023-07-14T18:06:20,61,0,31,60
2023-07-14T18:18:45,61,0,31,60
2023-07-14T18:31:09,61,0,31,60
2023-07-14T18:43:35,61,0,31,60
2023-07-14T18:56:00,61,0,31,60
2023-07-14T19:08:25,61,0,31,60
2023-07-14T19:20:51,61,0,31,60
2023-07-14T19:33:16,61,0,31,60
2023-07-14T19:45:41,61,0,31,60
2023-07-14T19:58:06,61,0,31,60
2023-07-14T20:10:32,61,0,31,60
2023-07-14T20:22:57,61,0,31,60
2023-07-14T20:35:33,61,0,31,60
2023-07-14T20:47:58,61,0,31,60
2023-07-14T21:00:23,61,0,31,60
2023-07-14T21:12:49,61,0,31,60
2023-07-14T21:25:14,61,0,31,60
2023-07-14T21:37:39,61,0,31,60
2023-07-14T21:50:05,61,0,31,60
2023-07-14T22:02:30,61,0,31,60
2023-07-14T22:14:55,61,0,31,60
2023-07-14T22:27:20,61,0,31,60
2023-07-14T22:39:45,61,0,31,60
2023-07-14T22:52:12,61,0,31,60
2023-07-14T23:04:38,61,0,31,60
2023-07-14T23:17:04,61,0,31,60
2023-07-14T23:29:30,61,0,31,60
2023-07-14T23:41:56,61,0,31,60
2023-07-14T23:54:21,61,0,31,60
2023-07-15T00:06:48,61,0,31,60
2023-07-15T00:19:17,61,0,31,60
2023-07-15T00:31:58,61,0,31,60
2023-07-15T00:44:27,61,0,31,60
2023-07-15T00:56:57,61,0,31,60
2023-07-15T01:09:26,61,0,31,60
2023-07-15T01:21:55,61,0,31,60
2023-07-15T01:34:24,61,0,31,60
2023-07-15T01:46:57,61,0,31,60
2023-07-15T01:59:26,61,0,31,60
2023-07-15T02:11:53,61,0,31,60
2023-07-15T02:24:20,61,0,31,60
2023-07-15T02:36:48,61,0,31,60
2023-07-15T02:49:15,61,0,31,60
2023-07-15T03:01:40,61,0,31,60
2023-07-15T03:14:07,61,0,31,60
2023-07-15T03:26:35,61,0,31,60
2023-07-15T03:39:02,61,0,31,60
2023-07-15T03:51:29,61,0,31,60
2023-07-15T04:03:57,61,0,31,60
2023-07-15T04:28:47,61,0,31,60
2023-07-15T04:41:40,61,0,31,60
2023-07-15T04:54:11,61,0,31,60
2023-07-15T05:06:40,61,0,31,60
2023-07-15T05:19:08,61,0,31,60
2023-07-15T05:31:45,61,0,31,60
2023-07-15T05:44:14,61,0,31,60
2023-07-15T05:56:44,61,0,31,60
2023-07-15T06:09:15,61,0,31,60
2023-07-15T06:21:44,61,0,31,60
2023-07-15T06:34:13,61,0,31,60
2023-07-15T06:46:42,61,0,31,60
2023-07-15T06:59:13,61,0,31,60
2023-07-15T07:11:42,61,0,31,60
2023-07-15T07:24:10,61,0,31,60
2023-07-15T07:36:38,61,0,31,60
2023-07-15T07:49:06,61,0,31,60
2023-07-15T08:01:43,61,0,31,60
2023-07-15T08:14:12,61,0,31,60
2023-07-15T08:26:41,61,0,31,60
2023-07-15T08:39:09,61,0,31,60
2023-07-15T08:51:37,61,0,31,60
2023-07-15T09:04:05,61,0,31,60
2023-07-15T09:16:33,61,0,31,60
2023-07-15T09:29:01,61,0,31,60
2023-07-15T09:41:29,61,0,31,60
2023-07-15T09:53:57,61,0,31,60
2023-07-15T10:06:26,61,0,31,60
2023-07-15T10:18:54,61,0,31,60
2023-07-15T10:31:22,61,0,31,60
2023-07-15T10:43:50,61,0,31,60
2023-07-15T10:56:18,61,0,31,60
2023-07-15T11:08:53,61,0,31,60
2023-07-15T11:21:18,61,0,31,60
2023-07-15T11:33:44,61,0,31,60
2023-07-15T11:46:09,61,0,31,60
2023-07-15T11:58:34,61,0,31,60
2023-07-15T12:10:59,61,0,31,60
2023-07-15T12:23:25,61,0,31,60
2023-07-15T12:35:51,61,0,31,60
2023-07-15T12:48:16,61,0,31,60
2023-07-15T13:00:41,61,0,31,60
2023-07-15T13:13:06,61,0,31,60
2023-07-15T13:25:32,61,0,31,60
2023-07-15T13:37:57,61,0,31,60
2023-07-15T13:50:22,61,0,31,60
2023-07-15T14:02:47,61,0,31,60
2023-07-15T14:15:12,61,0,31,60
2023-07-15T14:27:36,61,0,31,60
2023-07-15T14:40:12,61,0,31,60
2023-07-15T14:52:37,61,0,31,60
2023-07-15T15:05:02,61,0,31,60
2023-07-15T15:17:27,61,0,31,60
2023-07-15T15:29:52,61,0,31,60
2023-07-15T15:42:17,61,0,31,60
2023-07-15T15:54:42,61,0,31,60
2023-07-15T16:07:07,61,0,31,60
2023-07-15T16:19:32,61,0,31,60
2023-07-15T16:31:57,61,0,31,60
2023-07-15T16:44:21,61,0,31,60
2023-07-15T16:56:46,61,0,31,60
2023-07-15T17:09:12,61,0,31,60
2023-07-15T17:21:37,61,0,31,60
2023-07-15T17:34:03,61,0,31,60
2023-07-15T17:46:28,61,0,31,60
2023-07-15T17:58:53,61,0,31,60
2023-07-15T18:11:18,61,0,31,60
2023-07-15T18:23:43,61,0,31,60
2023-07-15T18:36:08,61,0,31,60
2023-07-15T18:48:33,61,0,31,60
2023-07-15T19:01:08,61,0,31,60
2023-07-15T19:13:34,61,0,31,60
2023-07-15T19:25:58,61,0,31,60
2023-07-15T19:38:23,61,0,31,60
2023-07-15T19:50:48,61,0,31,60
2023-07-15T20:03:13,61,0,31,60
2023-07-15T20:15:38,61,0,31,60
2023-07-15T20:28:04,61,0,31,60
2023-07-15T20:40:29,61,0,31,60
2023-07-15T20:52:54,61,0,31,60
2023-07-15T21:05:19,61,0,31,60
2023-07-15T21:17:56,61,0,31,60
2023-07-15T21:30:21,61,0,31,60
2023-07-15T21:42:46,61,0,31,60
2023-07-15T21:55:11,61,0,31,60
2023-07-15T22:07:36,61,0,31,60
2023-07-15T22:20:01,61,0,31,60
2023-07-15T22:32:26,61,0,31,60
2023-07-15T22:44:51,61,0,31,60
2023-07-15T22:57:16,61,0,31,60
2023-07-15T23:09:42,61,0,31,60
2023-07-15T23:22:08,61,0,31,60
2023-07-15T23:34:33,61,0,31,60
2023-07-15T23:46:58,61,0,31,60
2023-07-15T23:59:23,61,0,31,60
2023-07-16T00:11:49,61,0,31,60
2023-07-16T00:24:16,61,0,31,60
2023-07-16T00:36:41,61,0,31,60
2023-07-16T00:49:07,61,0,31,60
2023-07-16T01:12:12,61,0,31,60
2023-07-16T01:24:52,61,0,31,60
2023-07-16T01:37:22,61,0,31,60
2023-07-16T01:49:54,61,0,31,60
2023-07-16T02:02:24,61,0,31,60
2023-07-16T02:14:55,61,0,31,60
2023-07-16T02:27:25,61,0,31,60
2023-07-16T02:39:54,61,0,31,60
2023-07-16T02:52:31,61,0,31,60
2023-07-16T03:05:00,61,0,31,60
2023-07-16T03:17:28,61,0,31,60
2023-07-16T03:29:57,61,0,31,60
2023-07-16T03:42:25,61,0,31,60
2023-07-16T03:54:53,61,0,31,60
2023-07-16T04:08:07,61,0,31,60
2023-07-16T04:19:37,61,0,31,60
2023-07-16T04:32:32,61,0,31,60
2023-07-16T04:45:02,61,0,31,60
2023-07-16T04:57:34,61,0,31,60
2023-07-16T05:10:03,61,0,31,60
2023-07-16T05:22:33,61,0,31,60
2023-07-16T05:35:02,61,0,31,60
2023-07-16T05:47:31,61,0,31,60
2023-07-16T06:00:00,61,0,31,60
2023-07-16T06:12:29,61,0,31,60
2023-07-16T06:24:57,61,0,31,60
2023-07-16T06:37:26,61,0,31,60
2023-07-16T06:49:55,61,0,31,60
2023-07-16T07:02:23,61,0,31,60
2023-07-16T07:14:50,61,0,31,60
2023-07-16T07:27:23,61,0,31,60
2023-07-16T07:39:51,61,0,31,60
2023-07-16T07:52:20,61,0,31,60
2023-07-16T08:04:53,61,0,31,60
2023-07-16T08:17:18,61,0,31,60
2023-07-16T08:29:44,61,0,31,60
2023-07-16T08:42:10,61,0,31,60
2023-07-16T08:54:35,61,0,31,60
2023-07-16T09:07:00,61,0,31,60
2023-07-16T09:19:26,61,0,31,60
2023-07-16T09:31:53,61,0,31,60
2023-07-16T09:44:18,61,0,31,60
2023-07-16T09:56:44,61,0,31,60
2023-07-16T10:09:10,61,0,31,60
2023-07-16T10:21:35,61,0,31,60
2023-07-16T10:34:10,61,0,31,60
2023-07-16T10:46:37,61,0,31,60
2023-07-16T10:59:02,61,0,31,60
2023-07-16T11:11:28,61,0,31,60
2023-07-16T11:23:54,61,0,31,60
2023-07-16T11:36:20,61,0,31,60
2023-07-16T11:48:46,61,0,31,60
2023-07-16T12:01:11,61,0,31,60
2023-07-16T12:13:37,61,0,31,60
2023-07-16T12:26:03,61,0,31,60
2023-07-16T12:38:28,61,0,31,60
2023-07-16T12:50:54,61,0,31,60
2023-07-16T13:03:19,61,0,31,60
2023-07-16T13:15:44,61,0,31,60
2023-07-16T13:28:09,61,0,31,60
2023-07-16T13:40:34,61,0,31,60
2023-07-16T13:53:10,61,0,31,60
2023-07-16T14:05:35,61,0,31,60
2023-07-16T14:18:00,61,0,31,60
2023-07-16T14:30:25,61,0,31,60
2023-07-16T14:42:50,61,0,31,60
2023-07-16T14:55:15,61,0,31,60
2023-07-16T15:07:41,61,0,31,60
2023-07-16T15:20:06,61,0,31,60
2023-07-16T15:32:31,61,0,31,60
2023-07-16T15:44:56,61,0,31,60
2023-07-16T15:57:21,61,0,31,60
2023-07-16T16:09:47,61,0,31,60
2023-07-16T16:22:13,61,0,31,60
2023-07-16T16:34:39,61,0,31,60
2023-07-16T16:47:04,61,0,31,60
2023-07-16T16:59:30,61,0,31,60
2023-07-16T17:11:56,61,0,31,60
2023-07-16T17:24:21,61,0,31,60
2023-07-16T17:36:47,61,0,31,60
2023-07-16T17:49:12,61,0,31,60
2023-07-16T18:01:37,61,0,31,60
2023-07-16T18:14:12,61,0,31,60
2023-07-16T18:26:38,61,0,31,60
2023-07-16T18:39:04,61,0,31,60
2023-07-16T18:51:29,61,0,31,60
2023-07-16T19:03:56,61,0,31,60
2023-07-16T19:16:23,61,0,31,60
2023-07-16T19:28:53,61,0,31,60
2023-07-16T19:41:19,61,0,31,60
2023-07-16T19:53:46,61,0,31,60
2023-07-16T20:06:12,61,0,31,60
2023-07-16T20:18:37,61,0,31,60
2023-07-16T20:31:03,61,0,31,60
2023-07-16T20:43:28,61,0,31,60
2023-07-16T20:55:54,61,0,31,60
2023-07-16T21:08:20,61,0,31,60
2023-07-16T21:20:45,61,0,31,60
2023-07-16T21:33:11,61,0,31,60
2023-07-16T21:45:37,61,0,31,60
2023-07-16T21:58:03,61,0,31,60
2023-07-16T22:10:29,61,0,31,60
2023-07-16T22:22:55,61,0,31,60
2023-07-16T22:35:22,61,0,31,60
2023-07-16T22:47:48,61,0,31,60
2023-07-16T23:00:25,61,0,31,60
2023-07-16T23:12:52,61,0,31,60
2023-07-16T23:25:17,61,0,31,60
2023-07-16T23:37:43,61,0,31,60
2023-07-16T23:50:11,61,0,31,60
2023-07-17T00:02:37,61,0,31,60
2023-07-17T00:15:05,61,0,31,60
2023-07-17T00:27:35,61,0,31,60
2023-07-17T00:40:09,61,0,31,60
2023-07-17T00:52:40,61,0,31,60
2023-07-17T01:05:10,61,0,31,60
2023-07-17T01:17:37,61,0,31,60
2023-07-17T01:30:03,61,0,31,60
2023-07-17T01:42:46,61,0,31,60
2023-07-17T01:55:18,61,0,31,60
2023-07-17T02:07:48,61,0,31,60
2023-07-17T02:20:19,61,0,31,60
2023-07-17T02:32:48,61,0,31,60
2023-07-17T02:45:27,61,0,31,60
2023-07-17T02:57:55,61,0,31,60
2023-07-17T03:10:25,61,0,31,60
2023-07-17T03:22:55,61,0,31,60
2023-07-17T03:35:24,61,0,31,60
2023-07-17T03:47:53,61,0,31,60
2023-07-17T04:00:21,61,0,31,60
2023-07-17T04:22:17,61,0,31,60
2023-07-17T04:36:11,61,0,31,60
2023-07-17T04:48:48,61,0,31,60
2023-07-17T05:01:20,61,0,31,60
2023-07-17T05:13:52,61,0,31,60
2023-07-17T05:26:22,61,0,31,60
2023-07-17T05:38:52,61,0,31,60
2023-07-17T05:51:21,61,0,31,60
2023-07-17T06:03:50,61,0,31,60
2023-07-17T06:16:20,61,0,31,60
2023-07-17T06:28:49,61,0,31,60
2023-07-17T06:41:18,61,0,31,60
2023-07-17T06:53:46,61,0,31,60
2023-07-17T07:06:15,61,0,31,60
2023-07-17T07:18:43,61,0,31,60
2023-07-17T07:31:14,61,0,31,60
2023-07-17T07:43:40,61,0,31,60
2023-07-17T07:56:07,61,0,31,60
2023-07-17T08:08:37,61,0,31,60
2023-07-17T08:21:03,61,0,31,60
2023-07-17T08:33:30,61,0,31,60
2023-07-17T08:45:55,61,0,31,60
2023-07-17T08:58:21,61,0,31,60
2023-07-17T09:10:47,61,0,31,60
2023-07-17T09:23:12,61,0,31,60
2023-07-17T09:35:37,61,0,31,60
2023-07-17T09:48:12,61,0,31,60
2023-07-17T10:00:37,61,0,31,60
2023-07-17T10:13:03,61,0,31,60
2023-07-17T10:25:28,61,0,31,60
2023-07-17T10:37:54,61,0,31,60
2023-07-17T10:50:19,61,0,31,60
2023-07-17T11:02:44,61,0,31,60
2023-07-17T11:15:09,61,0,31,60
2023-07-17T11:27:36,61,0,31,60
2023-07-17T11:40:02,61,0,31,60
2023-07-17T11:52:28,61,0,31,60
2023-07-17T12:04:55,61,0,31,60
2023-07-17T12:17:20,61,0,31,60
2023-07-17T12:29:59,61,0,31,60
2023-07-17T12:42:25,61,0,31,60
2023-07-17T12:54:51,61,0,31,60
2023-07-17T13:07:16,61,0,31,60
2023-07-17T13:19:42,61,0,31,60
2023-07-17T13:32:08,61,0,31,60
2023-07-17T13:44:35,61,0,31,60
2023-07-17T13:57:01,61,0,31,60
2023-07-17T14:09:27,61,0,31,60
2023-07-17T14:21:53,61,0,31,60
2023-07-17T14:34:20,61,0,31,60
2023-07-17T14:46:46,61,0,31,60
2023-07-17T14:59:24,61,0,31,60
2023-07-17T15:11:50,61,0,31,60
2023-07-17T15:24:16,61,0,31,60
2023-07-17T15:36:42,61,0,31,60
2023-07-17T15:49:08,61,0,31,60
2023-07-17T16:01:35,61,0,31,60
2023-07-17T16:14:01,61,0,31,60
2023-07-17T16:26:27,61,0,31,60
2023-07-17T16:38:55,61,0,31,60
2023-07-17T16:51:22,61,0,31,60
2023-07-17T17:03:59,61,0,31,60
2023-07-17T17:16:27,61,0,31,60
2023-07-17T17:28:53,61,0,31,60
2023-07-17T17:41:20,61,0,31,60
2023-07-17T17:53:46,61,0,31,60
2023-07-17T18:06:13,61,0,31,60
2023-07-17T18:18:39,61,0,31,60
2023-07-17T18:31:06,61,0,31,60
2023-07-17T18:43:32,61,0,31,60
2023-07-17T18:55:58,61,0,31,60
2023-07-17T19:08:26,61,0,31,60
2023-07-17T19:20:52,61,0,31,60
2023-07-17T19:33:19,61,0,31,60
2023-07-17T19:45:45,61,0,31,60
2023-07-17T19:58:12,61,0,31,60
2023-07-17T20:10:38,61,0,31,60
2023-07-17T20:23:15,61,0,31,60
2023-07-17T20:35:41,61,0,31,60
2023-07-17T20:48:08,61,0,31,60
2023-07-17T21:00:34,61,0,31,60
2023-07-17T21:13:01,61,0,31,60
2023-07-17T21:25:28,61,0,31,60
2023-07-17T21:37:54,61,0,31,60
2023-07-17T21:50:20,61,0,31,60
2023-07-17T22:02:47,61,0,31,60
2023-07-17T22:15:13,61,0,31,60
2023-07-17T22:27:40,61,0,31,60
2023-07-17T22:40:06,61,0,31,60
2023-07-17T22:52:32,61,0,31,60
2023-07-17T23:04:59,61,0,31,60
2023-07-17T23:17:26,61,0,31,60
2023-07-17T23:30:03,61,0,31,60
2023-07-17T23:42:31,61,0,31,60
2023-07-17T23:54:58,61,0,31,60
2023-07-18T00:07:26,61,0,31,60
2023-07-18T00:19:56,61,0,31,60
2023-07-18T00:32:28,61,0,31,60
2023-07-18T00:45:00,61,0,31,60
2023-07-18T00:57:31,61,0,31,60
2023-07-18T01:10:01,61,0,31,60
2023-07-18T01:22:31,61,0,31,60
2023-07-18T01:35:02,61,0,31,60
2023-07-18T01:47:33,61,0,31,60
2023-07-18T02:00:04,61,0,31,60
2023-07-18T02:12:34,61,0,31,60
2023-07-18T02:25:03,61,0,31,60
2023-07-18T02:37:31,61,0,31,60
2023-07-18T02:49:58,61,0,31,60
2023-07-18T03:02:24,61,0,31,60
2023-07-18T03:14:53,61,0,31,60
2023-07-18T03:27:22,61,0,31,60
2023-07-18T03:39:51,61,0,31,60
2023-07-18T03:52:20,61,0,31,60
2023-07-18T04:04:49,61,0,31,60
2023-07-18T04:34:00,61,0,31,60
2023-07-18T04:46:32,61,0,31,60
2023-07-18T05:00:32,61,0,31,60
2023-07-18T05:13:06,61,0,31,60
2023-07-18T05:25:36,61,0,31,60
2023-07-18T05:38:06,61,0,31,60
2023-07-18T05:50:35,61,0,31,60
2023-07-18T06:03:05,61,0,31,60
2023-07-18T06:15:36,61,0,31,60
2023-07-18T06:28:05,61,0,31,60
2023-07-18T06:40:34,61,0,31,60
2023-07-18T06:53:03,61,0,31,60
2023-07-18T07:05:34,61,0,31,60
2023-07-18T07:18:03,61,0,31,60
2023-07-18T07:30:32,61,0,31,60
2023-07-18T07:43:03,61,0,31,60
2023-07-18T07:55:30,61,0,31,60
2023-07-18T08:07:59,61,0,31,60
2023-07-18T08:20:28,61,0,31,60
2023-07-18T08:32:56,61,0,31,60
2023-07-18T08:45:24,61,0,31,60
2023-07-18T08:58:04,61,0,31,60
2023-07-18T09:10:33,61,0,31,60
2023-07-18T09:23:02,61,0,31,60
2023-07-18T09:35:29,61,0,31,60
2023-07-18T09:47:55,61,0,31,60
2023-07-18T10:00:21,61,0,31,60
2023-07-18T10:12:48,61,0,31,60
2023-07-18T10:25:15,61,0,31,60
2023-07-18T10:37:41,61,0,31,60
2023-07-18T10:50:07,61,0,31,60
2023-07-18T11:02:37,61,0,31,60
2023-07-18T11:15:04,61,0,31,60
2023-07-18T11:27:31,61,0,31,60
2023-07-18T11:39:58,61,0,31,60
2023-07-18T11:52:24,61,0,31,60
2023-07-18T12:04:51,61,0,31,60
2023-07-18T12:17:17,61,0,31,60
2023-07-18T12:29:56,61,0,31,60
2023-07-18T12:42:23,61,0,31,60
2023-07-18T12:54:49,61,0,31,60
2023-07-18T13:07:16,61,0,31,60
2023-07-18T13:19:43,61,0,31,60
2023-07-18T13:32:10,61,0,31,60
2023-07-18T13:44:36,61,0,31,60
2023-07-18T13:57:02,61,0,31,60
2023-07-18T14:09:28,61,0,31,60
2023-07-18T14:21:55,61,0,31,60
2023-07-18T14:34:22,61,0,31,60
2023-07-18T14:46:49,61,0,31,60
2023-07-18T14:59:16,61,0,31,60
2023-07-18T15:11:43,61,0,31,60
2023-07-18T15:24:11,61,0,31,60
2023-07-18T15:36:49,61,0,31,60
2023-07-18T15:49:15,61,0,31,60
2023-07-18T16:01:42,61,0,31,60
2023-07-18T16:14:08,61,0,31,60
2023-07-18T16:26:34,61,0,31,60
2023-07-18T16:39:01,61,0,31,60
2023-07-18T16:51:27,61,0,31,60
2023-07-18T17:03:54,61,0,31,60
2023-07-18T17:16:22,61,0,31,60
2023-07-18T17:28:48,61,0,31,60
2023-07-18T17:41:18,61,0,31,60
2023-07-18T17:53:45,61,0,31,60
2023-07-18T18:06:16,61,0,31,60
2023-07-18T18:18:42,61,0,31,60
2023-07-18T18:31:09,61,0,31,60
2023-07-18T18:43:47,61,0,31,60
2023-07-18T18:56:13,61,0,31,60
2023-07-18T19:08:40,61,0,31,60
2023-07-18T19:21:07,61,0,31,60
2023-07-18T19:33:33,61,0,31,60
2023-07-18T19:46:00,61,0,31,60
2023-07-18T19:58:27,61,0,31,60
2023-07-18T20:10:54,61,0,31,60
2023-07-18T20:23:21,61,0,31,60
2023-07-18T20:35:47,61,0,31,60
2023-07-18T20:48:14,61,0,31,60
2023-07-18T21:00:40,61,0,31,60
2023-07-18T21:13:16,61,0,31,60
2023-07-18T21:25:43,61,0,31,60
2023-07-18T21:38:09,61,0,31,60
2023-07-18T21:50:35,61,0,31,60
2023-07-18T22:03:02,61,0,31,60
2023-07-18T22:15:29,61,0,31,60
2023-07-18T22:27:55,61,0,31,60
2023-07-18T22:40:21,61,0,31,60
2023-07-18T22:52:47,61,0,31,60
2023-07-18T23:05:15,61,0,31,60
2023-07-18T23:17:42,61,0,31,60
2023-07-18T23:30:08,61,0,31,60
2023-07-18T23:42:35,61,0,31,60
2023-07-18T23:55:02,61,0,31,60
2023-07-19T00:07:31,61,0,31,60
2023-07-19T00:20:03,61,0,31,60
2023-07-19T00:32:32,61,0,31,60
2023-07-19T00:45:03,61,0,31,60
2023-07-19T00:57:33,61,0,31,60
2023-07-19T01:10:14,61,0,31,60
2023-07-19T01:22:44,61,0,31,60
2023-07-19T01:35:15,61,0,31,60
2023-07-19T01:47:46,61,0,31,60
2023-07-19T02:00:21,61,0,31,60
2023-07-19T02:12:52,61,0,31,60
2023-07-19T02:25:23,61,0,31,60
2023-07-19T02:37:54,61,0,31,60
2023-07-19T02:50:22,61,0,31,60
2023-07-19T03:02:51,61,0,31,60
2023-07-19T03:15:20,61,0,31,60
2023-07-19T03:27:50,61,0,31,60
2023-07-19T03:40:19,61,0,31,60
2023-07-19T03:52:48,61,0,31,60
2023-07-19T04:05:18,61,0,31,60
2023-07-19T04:22:57,61,0,31,60
2023-07-19T04:35:28,61,0,31,60
2023-07-19T04:47:59,61,0,31,60
2023-07-19T05:00:31,61,0,31,60
2023-07-19T05:13:01,61,0,31,60
2023-07-19T05:25:31,61,0,31,60
2023-07-19T05:38:00,61,0,31,60
2023-07-19T05:50:29,61,0,31,60
2023-07-19T06:02:59,61,0,31,60
2023-07-19T06:15:27,61,0,31,60
2023-07-19T06:27:56,61,0,31,60
2023-07-19T06:40:24,61,0,31,60
2023-07-19T06:52:52,61,0,31,60
2023-07-19T07:05:22,61,0,31,60
2023-07-19T07:17:50,61,0,31,60
2023-07-19T07:30:19,61,0,31,60
2023-07-19T07:42:47,61,0,31,60
2023-07-19T07:55:16,61,0,31,60
2023-07-19T08:07:45,61,0,31,60
2023-07-19T08:20:13,61,0,31,60
2023-07-19T08:32:41,61,0,31,60
2023-07-19T08:45:09,61,0,31,60
2023-07-19T08:57:35,61,0,31,60
2023-07-19T09:10:02,61,0,31,60
2023-07-19T09:22:30,61,0,31,60
2023-07-19T09:35:04,61,0,31,60
2023-07-19T09:47:30,61,0,31,60
2023-07-19T09:59:56,61,0,31,60
2023-07-19T10:12:22,61,0,31,60
2023-07-19T10:24:47,61,0,31,60
2023-07-19T10:37:13,61,0,31,60
2023-07-19T10:49:39,61,0,31,60
2023-07-19T11:02:06,61,0,31,60
2023-07-19T11:14:32,61,0,31,60
2023-07-19T11:26:58,61,0,31,60
2023-07-19T11:39:24,61,0,31,60
2023-07-19T11:51:51,61,0,31,60
2023-07-19T12:04:17,61,0,31,60
2023-07-19T12:16:56,61,0,31,60
2023-07-19T12:29:22,61,0,31,60
2023-07-19T12:41:48,61,0,31,60
2023-07-19T12:54:14,61,0,31,60
2023-07-19T13:06:40,61,0,31,60
2023-07-19T13:19:05,61,0,31,60
2023-07-19T13:31:31,61,0,31,60
2023-07-19T13:43:57,61,0,31,60
2023-07-19T13:56:23,61,0,31,60
2023-07-19T14:08:48,61,0,31,60
2023-07-19T14:21:14,61,0,31,60
2023-07-19T14:33:39,61,0,31,60
2023-07-19T14:46:15,61,0,31,60
2023-07-19T14:58:40,61,0,31,60
2023-07-19T15:11:06,61,0,31,60
2023-07-19T15:23:31,61,0,31,60
2023-07-19T15:35:57,61,0,31,60
2023-07-19T15:48:24,61,0,31,60
2023-07-19T16:00:50,61,0,31,60
2023-07-19T16:13:15,61,0,31,60
2023-07-19T16:25:41,61,0,31,60
2023-07-19T16:38:07,61,0,31,60
2023-07-19T16:50:33,61,0,31,60
2023-07-19T17:02:59,61,0,31,60
2023-07-19T17:15:34,61,0,31,60
2023-07-19T17:28:10,61,0,31,60
2023-07-19T17:40:37,61,0,31,60
2023-07-19T17:53:03,61,0,31,60
2023-07-19T18:05:29,61,0,31,60
2023-07-19T18:17:55,61,0,31,60
2023-07-19T18:30:21,61,0,31,60
2023-07-19T18:42:48,61,0,31,60
2023-07-19T18:55:14,61,0,31,60
2023-07-19T19:07:53,61,0,31,60
2023-07-19T19:20:20,61,0,31,60
2023-07-19T19:32:47,61,0,31,60
2023-07-19T19:45:14,61,0,31,60
2023-07-19T19:57:45,61,0,31,60
2023-07-19T20:10:12,61,0,31,60
2023-07-19T20:22:49,61,0,31,60
2023-07-19T20:35:15,61,0,31,60
2023-07-19T20:47:42,61,0,31,60
2023-07-19T21:00:08,61,0,31,60
2023-07-19T21:12:34,61,0,31,60
2023-07-19T21:25:00,61,0,31,60
2023-07-19T21:37:26,61,0,31,60
2023-07-19T21:49:53,61,0,31,60
2023-07-19T22:02:18,61,0,31,60
2023-07-19T22:14:44,61,0,31,60
2023-07-19T22:27:11,61,0,31,60
2023-07-19T22:39:36,61,0,31,60
2023-07-19T22:52:02,61,0,31,60
2023-07-19T23:04:28,61,0,31,60
2023-07-19T23:16:55,61,0,31,60
2023-07-19T23:29:22,61,0,31,60
2023-07-19T23:41:49,61,0,31,60
2023-07-19T23:54:26,61,0,31,60
2023-07-20T00:06:53,61,0,31,60
2023-07-20T00:19:24,61,0,31,60
2023-07-20T00:31:53,61,0,31,60
2023-07-20T00:44:25,61,0,31,60
2023-07-20T00:56:55,61,0,31,60
2023-07-20T01:09:27,61,0,31,60
2023-07-20T01:21:57,61,0,31,60
2023-07-20T01:34:27,61,0,31,60
2023-07-20T01:47:00,61,0,31,60
2023-07-20T01:59:30,61,0,31,60
2023-07-20T02:12:01,61,0,31,60
2023-07-20T02:24:31,61,0,31,60
2023-07-20T02:36:58,61,0,31,60
2023-07-20T02:49:24,61,0,31,60
2023-07-20T03:01:50,61,0,31,60
2023-07-20T03:14:19,61,0,31,60
2023-07-20T03:26:47,61,0,31,60
2023-07-20T03:39:15,61,0,31,60
2023-07-20T03:51:44,61,0,31,60
2023-07-20T04:04:14,61,0,31,60
2023-07-20T04:16:13,61,0,31,60
2023-07-20T04:28:46,61,0,31,60
2023-07-20T04:41:19,61,0,31,60
2023-07-20T04:53:50,61,0,31,60
2023-07-20T05:06:21,61,0,31,60
2023-07-20T05:18:51,61,0,31,60
2023-07-20T05:31:20,61,0,31,60
2023-07-20T05:43:50,61,0,31,60
2023-07-20T05:56:20,61,0,31,60
2023-07-20T06:08:49,61,0,31,60
2023-07-20T06:21:19,61,0,31,60
2023-07-20T06:33:47,61,0,31,60
2023-07-20T06:46:16,61,0,31,60
2023-07-20T06:58:44,61,0,31,60
2023-07-20T07:11:13,61,0,31,60
2023-07-20T07:23:41,61,0,31,60
2023-07-20T07:36:09,61,0,31,60
2023-07-20T07:48:36,61,0,31,60
2023-07-20T08:01:04,61,0,31,60
2023-07-20T08:13:32,61,0,31,60
2023-07-20T08:26:01,61,0,31,60
2023-07-20T08:38:33,61,0,31,60
2023-07-20T08:51:02,61,0,31,60
2023-07-20T09:03:30,61,0,31,60
2023-07-20T09:15:59,61,0,31,60
2023-07-20T09:28:37,61,0,31,60
2023-07-20T09:41:03,61,0,31,60
2023-07-20T09:53:29,61,0,31,60
2023-07-20T10:05:55,61,0,31,60
2023-07-20T10:18:22,61,0,31,60
2023-07-20T10:30:48,61,0,31,60
2023-07-20T10:43:15,61,0,31,60
2023-07-20T10:55:41,61,0,31,60
2023-07-20T11:08:07,61,0,31,60
2023-07-20T11:20:33,61,0,31,60
2023-07-20T11:32:59,61,0,31,60
2023-07-20T11:45:26,61,0,31,60
2023-07-20T11:57:52,61,0,31,60
2023-07-20T12:10:38,61,0,31,60
2023-07-20T12:23:04,61,0,31,60
2023-07-20T12:35:31,61,0,31,60
2023-07-20T12:47:57,61,0,31,60
2023-07-20T13:00:23,61,0,31,60
2023-07-20T13:12:50,61,0,31,60
2023-07-20T13:25:16,61,0,31,60
2023-07-20T13:37:43,61,0,31,60
2023-07-20T13:50:09,61,0,31,60
2023-07-20T14:02:35,61,0,31,60
2023-07-20T14:15:01,61,0,31,60
2023-07-20T14:27:27,61,0,31,60
2023-07-20T14:39:53,61,0,31,60
2023-07-20T14:52:37,61,0,31,60
2023-07-20T15:05:04,61,0,31,60
2023-07-20T15:17:29,61,0,31,60
2023-07-20T15:29:55,61,0,31,60
2023-07-20T15:42:21,61,0,31,60
2023-07-20T15:54:47,61,0,31,60
2023-07-20T16:07:13,61,0,31,60
2023-07-20T16:19:39,61,0,31,60
2023-07-20T16:32:05,61,0,31,60
2023-07-20T16:44:31,61,0,31,60
2023-07-20T16:56:57,61,0,31,60
2023-07-20T17:09:24,61,0,31,60
2023-07-20T17:21:51,61,0,31,60
2023-07-20T17:34:20,61,0,31,60
2023-07-20T17:46:57,61,0,31,60
2023-07-20T17:59:23,61,0,31,60
2023-07-20T18:11:49,61,0,31,60
2023-07-20T18:24:15,61,0,31,60
2023-07-20T18:36:41,61,0,31,60
2023-07-20T18:49:07,61,0,31,60
2023-07-20T19:01:34,61,0,31,60
2023-07-20T19:14:00,61,0,31,60
2023-07-20T19:26:27,61,0,31,60
2023-07-20T19:38:53,61,0,31,60
2023-07-20T19:51:20,61,0,31,60
2023-07-20T20:03:46,61,0,31,60
2023-07-20T20:16:12,61,0,31,60
2023-07-20T20:28:38,61,0,31,60
2023-07-20T20:41:04,61,0,31,60
2023-07-20T20:53:49,61,0,31,60
2023-07-20T21:06:15,61,0,31,60
2023-07-20T21:18:41,61,0,31,60
2023-07-20T21:31:08,61,0,31,60
2023-07-20T21:43:34,61,0,31,60
2023-07-20T21:56:00,61,0,31,60
2023-07-20T22:08:27,61,0,31,60
2023-07-20T22:20:52,61,0,31,60
2023-07-20T22:33:19,60,1,31,60
2023-07-20T22:45:45,60,1,32,60
2023-07-20T22:58:11,60,1,32,60
2023-07-20T23:10:38,60,1,32,60
2023-07-20T23:23:04,60,1,32,60
2023-07-20T23:35:32,60,1,32,60
2023-07-20T23:47:58,60,1,32,60
2023-07-21T00:00:25,60,1,32,60
2023-07-21T00:13:05,60,1,32,60
2023-07-21T00:25:37,60,1,32,60
2023-07-21T00:38:06,60,1,32,60
2023-07-21T00:50:37,60,1,32,60
2023-07-21T01:03:08,60,1,32,60
2023-07-21T01:15:37,60,1,32,60
2023-07-21T01:28:07,60,1,32,60
2023-07-21T01:40:38,60,1,32,60
2023-07-21T01:53:08,60,1,32,60
2023-07-21T02:05:37,60,1,32,60
2023-07-21T02:18:06,60,1,31,60
2023-07-21T02:30:32,60,1,31,60
2023-07-21T02:43:00,60,1,31,60
2023-07-21T02:55:28,60,1,31,60
2023-07-21T03:07:59,60,1,31,60
2023-07-21T03:20:30,60,1,31,60
2023-07-21T03:33:17,60,1,31,60
2023-07-21T03:45:48,60,1,31,60
2023-07-21T03:58:18,60,1,31,60
2023-07-21T04:16:52,60,1,31,60
2023-07-21T04:29:26,60,1,31,60
2023-07-21T04:41:58,60,1,31,60
2023-07-21T04:54:29,60,1,31,60
2023-07-21T05:06:59,60,1,31,60
2023-07-21T05:19:29,60,1,31,60
2023-07-21T05:32:00,60,1,31,60
2023-07-21T05:44:31,60,1,31,60
2023-07-21T05:57:01,60,1,31,60
2023-07-21T06:09:32,60,1,31,60
2023-07-21T06:22:01,60,1,31,60
2023-07-21T06:34:31,60,1,31,60
2023-07-21T06:47:01,60,1,31,60
2023-07-21T06:59:30,60,1,31,60
2023-07-21T07:12:01,60,1,31,60
2023-07-21T07:24:29,60,1,31,60
2023-07-21T07:36:57,60,1,31,60
2023-07-21T07:49:26,60,1,31,60
2023-07-21T08:01:55,60,1,31,60
2023-07-21T08:14:24,60,1,31,60
2023-07-21T08:26:53,60,1,31,60
2023-07-21T08:39:37,60,1,31,60
2023-07-21T08:52:04,60,1,31,60
2023-07-21T09:04:31,60,1,31,60
2023-07-21T09:16:57,60,1,31,60
2023-07-21T09:29:24,60,1,31,60
2023-07-21T09:41:51,60,1,31,60
2023-07-21T09:54:17,60,1,31,60
2023-07-21T10:06:44,60,1,31,60
2023-07-21T10:19:13,60,1,31,60
2023-07-21T10:31:39,60,1,31,60
2023-07-21T10:44:06,60,1,31,60
2023-07-21T10:56:32,60,1,31,60
2023-07-21T11:08:59,60,1,31,60
2023-07-21T11:21:25,60,1,31,60
2023-07-21T11:33:52,60,1,31,60
2023-07-21T11:46:19,60,1,31,60
2023-07-21T11:58:55,60,1,31,60
2023-07-21T12:11:22,60,1,31,60
2023-07-21T12:23:49,60,1,31,60
2023-07-21T12:36:16,60,1,31,60
2023-07-21T12:48:42,60,1,31,60
2023-07-21T13:01:08,60,1,32,60
2023-07-21T13:13:34,60,1,32,60
2023-07-21T13:26:02,60,1,32,60
2023-07-21T13:38:30,60,1,32,60
2023-07-21T13:50:57,60,1,32,60
2023-07-21T14:03:25,60,1,32,60
2023-07-21T14:15:54,60,1,32,60
2023-07-21T14:28:22,60,1,32,60
2023-07-21T14:41:02,60,1,32,60
2023-07-21T14:53:31,60,1,32,60
2023-07-21T15:05:59,60,1,32,60
2023-07-21T15:18:27,60,1,32,60
2023-07-21T15:30:51,60,1,32,60
2023-07-21T15:43:15,60,1,32,60
2023-07-21T15:55:39,60,1,32,60
2023-07-21T16:08:02,60,1,32,60
2023-07-21T16:20:28,60,1,32,60
2023-07-21T16:32:55,60,1,32,60
2023-07-21T16:45:22,60,1,32,60
2023-07-21T16:57:49,60,1,32,60
2023-07-21T17:10:40,60,1,32,60
2023-07-21T17:23:07,60,1,32,60
2023-07-21T17:35:34,60,1,32,60
2023-07-21T17:48:02,60,1,32,60
2023-07-21T18:00:29,60,1,32,60
2023-07-21T18:12:56,60,1,32,60
2023-07-21T18:25:23,60,1,32,60
2023-07-21T18:37:49,60,1,32,60
2023-07-21T18:50:16,60,1,32,60
2023-07-21T19:02:43,60,1,32,60
2023-07-21T19:15:09,60,1,32,60
2023-07-21T19:27:36,60,1,32,60
2023-07-21T19:40:13,60,1,32,60
2023-07-21T19:52:40,60,1,32,60
2023-07-21T20:05:06,60,1,32,60
2023-07-21T20:17:33,60,1,32,60
2023-07-21T20:30:00,60,1,32,60
2023-07-21T20:42:26,60,1,32,60
2023-07-21T20:54:53,60,1,32,60
2023-07-21T21:07:19,60,1,32,60
2023-07-21T21:19:46,60,1,32,60
2023-07-21T21:32:12,60,1,32,60
2023-07-21T21:44:39,60,1,32,60
2023-07-21T21:57:05,60,1,32,60
2023-07-21T22:09:32,60,1,32,60
2023-07-21T22:21:58,60,1,32,60
2023-07-21T22:34:26,61,0,31,60
2023-07-21T22:46:53,61,0,31,60
2023-07-21T22:59:19,61,0,31,60
2023-07-21T23:11:47,61,0,31,60
2023-07-21T23:24:25,61,0,31,60
2023-07-21T23:36:52,61,0,31,60
2023-07-21T23:49:19,61,0,31,60
2023-07-22T00:01:46,61,0,31,60
2023-07-22T00:14:20,61,0,31,60
2023-07-22T00:26:51,61,0,31,60
2023-07-22T00:39:21,61,0,31,60
2023-07-22T00:51:51,61,0,31,60
2023-07-22T01:04:22,61,0,31,60
2023-07-22T01:16:52,61,0,31,60
2023-07-22T01:29:22,61,0,31,60
2023-07-22T01:41:54,61,0,31,60
2023-07-22T01:54:25,61,0,31,60
2023-07-22T02:06:55,61,0,31,60
2023-07-22T02:19:24,61,0,31,60
2023-07-22T02:31:51,61,0,31,60
2023-07-22T02:44:18,61,0,31,60
2023-07-22T02:56:45,61,0,31,60
2023-07-22T03:09:14,61,0,31,60
2023-07-22T03:21:45,61,0,31,60
2023-07-22T03:34:15,61,0,31,60
2023-07-22T03:46:44,61,0,31,60
2023-07-22T03:59:23,61,0,31,60
2023-07-22T04:15:35,61,0,31,60
2023-07-22T04:28:07,61,0,31,60
2023-07-22T04:40:38,61,0,31,60
2023-07-22T04:53:09,61,0,31,60
2023-07-22T05:05:38,61,0,31,60
2023-07-22T05:18:05,61,0,31,60
2023-07-22T05:30:31,61,0,31,60
2023-07-22T05:42:58,61,0,31,60
2023-07-22T05:55:24,61,0,31,60
2023-07-22T06:07:50,61,0,31,60
2023-07-22T06:20:21,61,0,31,60
2023-07-22T06:32:51,61,0,31,60
2023-07-22T06:45:22,61,0,31,60
2023-07-22T06:57:53,61,0,31,60
2023-07-22T07:10:23,61,0,31,60
2023-07-22T07:22:52,61,0,31,60
2023-07-22T07:35:22,61,0,31,60
2023-07-22T07:47:51,61,0,31,60
2023-07-22T08:00:20,61,0,31,60
2023-07-22T08:12:51,61,0,31,60
2023-07-22T08:25:20,61,0,31,60
2023-07-22T08:37:49,61,0,31,60
2023-07-22T08:50:28,61,0,31,60
2023-07-22T09:02:58,61,0,31,60
2023-07-22T09:15:28,61,0,31,60
2023-07-22T09:27:58,61,0,31,60
2023-07-22T09:40:27,61,0,31,60
2023-07-22T09:52:57,61,0,31,60
2023-07-22T10:05:26,61,0,31,60
2023-07-22T10:17:56,61,0,31,60
2023-07-22T10:30:25,61,0,31,60
2023-07-22T10:42:55,61,0,31,60
2023-07-22T10:55:25,61,0,31,60
2023-07-22T11:07:54,61,0,31,60
2023-07-22T11:20:23,61,0,31,60
2023-07-22T11:32:53,61,0,31,60
2023-07-22T11:45:22,61,0,31,60
2023-07-22T11:57:51,61,0,31,60
2023-07-22T12:10:18,61,0,31,60
2023-07-22T12:22:44,61,0,31,60
2023-07-22T12:35:11,61,0,31,60
2023-07-22T12:47:37,61,0,31,60
2023-07-22T13:00:04,61,0,31,60
2023-07-22T13:12:30,61,0,31,60
2023-07-22T13:25:07,61,0,31,60
2023-07-22T13:37:33,61,0,31,60
2023-07-22T13:50:00,61,0,31,60
2023-07-22T14:02:26,61,0,31,60
2023-07-22T14:14:52,61,0,31,60
2023-07-22T14:27:19,61,0,31,60
2023-07-22T14:39:45,61,0,31,60
2023-07-22T14:52:12,61,0,31,60
2023-07-22T15:04:38,61,0,31,60
2023-07-22T15:17:07,61,0,31,60
2023-07-22T15:29:33,61,0,31,60
2023-07-22T15:41:59,61,0,31,60
2023-07-22T15:54:25,61,0,31,60
2023-07-22T16:06:51,61,0,31,60
2023-07-22T16:19:17,61,0,31,60
2023-07-22T16:31:44,61,0,31,60
2023-07-22T16:44:10,61,0,31,60
2023-07-22T16:56:46,61,0,31,60
2023-07-22T17:09:13,61,0,31,60
2023-07-22T17:21:40,61,0,31,60
2023-07-22T17:34:06,61,0,31,60
2023-07-22T17:46:33,61,0,31,60
2023-07-22T17:58:59,61,0,31,60
2023-07-22T18:11:25,61,0,31,60
2023-07-22T18:23:51,61,0,31,60
2023-07-22T18:36:18,61,0,31,60
2023-07-22T18:48:44,61,0,31,60
2023-07-22T19:01:10,61,0,31,60
2023-07-22T19:13:37,61,0,31,60
2023-07-22T19:26:03,61,0,31,60
2023-07-22T19:38:29,61,0,31,60
2023-07-22T19:50:56,61,0,31,60
2023-07-22T20:03:22,61,0,31,60
2023-07-22T20:15:48,61,0,31,60
2023-07-22T20:28:14,61,0,31,60
2023-07-22T20:40:40,61,0,31,60
2023-07-22T20:53:06,61,0,31,60
2023-07-22T21:05:33,61,0,31,60
2023-07-22T21:17:59,61,0,31,60
2023-07-22T21:30:36,61,0,31,60
2023-07-22T21:43:02,61,0,31,60
2023-07-22T21:55:28,61,0,31,60
2023-07-22T22:07:54,61,0,31,60
2023-07-22T22:20:21,61,0,31,60
2023-07-22T22:32:47,61,0,31,60
2023-07-22T22:45:13,61,0,31,60
2023-07-22T22:57:39,61,0,31,60
2023-07-22T23:10:06,61,0,31,60
2023-07-22T23:22:32,61,0,31,60
2023-07-22T23:34:59,61,0,31,60
2023-07-22T23:47:26,61,0,31,60
2023-07-22T23:59:53,61,0,31,60
2023-07-23T00:12:21,61,0,31,60
2023-07-23T00:24:52,61,0,31,60
2023-07-23T00:37:21,61,0,31,60
2023-07-23T00:49:51,61,0,31,60
2023-07-23T01:02:30,61,0,31,60
2023-07-23T01:14:58,61,0,31,60
2023-07-23T01:27:27,61,0,31,60
2023-07-23T01:39:56,61,0,31,60
2023-07-23T01:52:26,61,0,31,60
2023-07-23T02:04:56,61,0,31,60
2023-07-23T02:17:26,61,0,31,60
2023-07-23T02:29:56,61,0,31,60
2023-07-23T02:42:28,61,0,31,60
2023-07-23T02:54:57,61,0,31,60
2023-07-23T03:07:26,61,0,31,60
2023-07-23T03:19:55,61,0,31,60
2023-07-23T03:32:25,61,0,31,60
2023-07-23T03:44:54,61,0,31,60
2023-07-23T03:57:24,61,0,31,60
2023-07-23T04:20:39,61,0,31,60
2023-07-23T04:33:12,61,0,31,60
2023-07-23T04:45:44,61,0,31,60
2023-07-23T04:58:15,61,0,31,60
2023-07-23T05:10:44,61,0,31,60
2023-07-23T05:23:14,61,0,31,60
2023-07-23T05:35:45,61,0,31,60
2023-07-23T05:48:15,61,0,31,60
2023-07-23T06:00:45,61,0,31,60
2023-07-23T06:13:14,61,0,31,60
2023-07-23T06:25:43,61,0,31,60
2023-07-23T06:38:13,61,0,31,60
2023-07-23T06:50:43,61,0,31,60
2023-07-23T07:03:11,61,0,31,60
2023-07-23T07:15:37,61,0,31,60
2023-07-23T07:28:03,61,0,31,60
2023-07-23T07:40:30,61,0,31,60
2023-07-23T07:52:57,61,0,31,60
2023-07-23T08:05:23,61,0,31,60
2023-07-23T08:17:50,61,0,31,60
2023-07-23T08:30:17,61,0,31,60
2023-07-23T08:42:46,61,0,31,60
2023-07-23T08:55:12,61,0,31,60
2023-07-23T09:07:40,61,0,31,60
2023-07-23T09:20:06,61,0,31,60
2023-07-23T09:32:32,61,0,31,60
2023-07-23T09:45:00,61,0,31,60
2023-07-23T09:57:26,61,0,31,60
2023-07-23T10:09:53,61,0,31,60
2023-07-23T10:22:20,61,0,31,60
2023-07-23T10:34:47,61,0,31,60
2023-07-23T10:47:14,61,0,31,60
2023-07-23T10:59:41,61,0,31,60
2023-07-23T11:12:09,61,0,31,60
2023-07-23T11:24:37,61,0,31,60
2023-07-23T11:37:04,61,0,31,60
2023-07-23T11:49:30,61,0,31,60
2023-07-23T12:01:57,61,0,31,60
2023-07-23T12:14:24,61,0,31,60
2023-07-23T12:27:00,61,0,31,60
2023-07-23T12:39:27,61,0,31,60
2023-07-23T12:51:54,61,0,31,60
2023-07-23T13:04:20,61,0,31,60
2023-07-23T13:16:47,61,0,31,60
2023-07-23T13:29:13,61,0,31,60
2023-07-23T13:41:40,61,0,31,60
2023-07-23T13:54:06,61,0,31,60
2023-07-23T14:06:32,61,0,31,60
2023-07-23T14:18:58,61,0,31,60
2023-07-23T14:31:25,61,0,31,60
2023-07-23T14:43:51,61,0,31,60
2023-07-23T14:56:17,61,0,31,60
2023-07-23T15:08:43,61,0,31,60
2023-07-23T15:21:09,61,0,31,60
2023-07-23T15:33:35,61,0,31,60
2023-07-23T15:46:02,61,0,31,60
2023-07-23T15:58:28,61,0,31,60
2023-07-23T16:10:55,61,0,31,60
2023-07-23T16:23:22,61,0,31,60
2023-07-23T16:35:49,61,0,31,60
2023-07-23T16:48:15,61,0,31,60
2023-07-23T17:00:42,61,0,31,60
2023-07-23T17:13:19,61,0,31,60
2023-07-23T17:25:45,61,0,31,60
2023-07-23T17:38:11,61,0,31,60
2023-07-23T17:50:37,61,0,31,60
2023-07-23T18:03:04,61,0,31,60
2023-07-23T18:15:30,61,0,31,60
2023-07-23T18:27:56,61,0,31,60
2023-07-23T18:40:23,61,0,31,60
2023-07-23T18:52:49,61,0,31,60
2023-07-23T19:05:17,61,0,31,60
2023-07-23T19:17:45,61,0,31,60
2023-07-23T19:30:12,61,0,31,60
2023-07-23T19:42:38,61,0,31,60
2023-07-23T19:55:04,61,0,31,60
2023-07-23T20:07:31,61,0,31,60
2023-07-23T20:20:07,61,0,31,60
2023-07-23T20:32:33,61,0,31,60
2023-07-23T20:45:00,61,0,31,60
2023-07-23T20:57:26,61,0,31,60
2023-07-23T21:09:52,61,0,31,60
2023-07-23T21:22:19,61,0,31,60
2023-07-23T21:34:46,61,0,31,60
2023-07-23T21:47:13,61,0,31,60
2023-07-23T21:59:39,61,0,31,60
2023-07-23T22:12:06,61,0,31,60
2023-07-23T22:24:32,61,0,31,60
2023-07-23T22:36:59,61,0,31,60
2023-07-23T22:49:25,61,0,31,60
2023-07-23T23:01:52,61,0,31,60
2023-07-23T23:14:19,61,0,31,60
2023-07-23T23:26:47,61,0,31,60
2023-07-23T23:39:14,61,0,31,60
2023-07-23T23:51:40,61,0,31,60
2023-07-24T00:04:17,61,0,31,60
2023-07-24T00:16:53,61,0,31,60
2023-07-24T00:29:31,61,0,31,60
2023-07-24T00:42:07,61,0,31,60
2023-07-24T00:54:36,61,0,31,60
2023-07-24T01:07:03,61,0,31,60
2023-07-24T01:19:36,61,0,31,60
2023-07-24T01:32:07,61,0,31,60
2023-07-24T01:44:38,61,0,31,60
2023-07-24T01:57:09,61,0,31,60
2023-07-24T02:09:50,61,0,31,60
2023-07-24T02:22:19,61,0,31,60
2023-07-24T02:34:49,61,0,31,60
2023-07-24T02:47:17,61,0,31,60
2023-07-24T02:59:45,61,0,31,60
2023-07-24T03:12:15,61,0,31,60
2023-07-24T03:24:45,61,0,31,60
2023-07-24T03:37:14,61,0,31,60
2023-07-24T03:49:43,61,0,31,60
2023-07-24T04:02:13,61,0,31,60
2023-07-24T04:18:34,61,0,31,60
2023-07-24T04:31:07,61,0,31,60
2023-07-24T04:43:39,61,0,31,60
2023-07-24T04:56:10,61,0,31,60
2023-07-24T05:08:42,61,0,31,60
2023-07-24T05:21:12,61,0,31,60
2023-07-24T05:33:43,61,0,31,60
2023-07-24T05:46:14,61,0,31,60
2023-07-24T05:58:44,61,0,31,60
2023-07-24T06:11:13,61,0,31,60
2023-07-24T06:23:43,61,0,31,60
2023-07-24T06:36:13,61,0,31,60
2023-07-24T06:48:43,61,0,31,60
2023-07-24T07:01:12,61,0,31,60
2023-07-24T07:13:41,61,0,31,60
2023-07-24T07:26:08,61,0,31,60
2023-07-24T07:38:34,61,0,31,60
2023-07-24T07:51:01,61,0,31,60
2023-07-24T08:03:28,61,0,31,60
2023-07-24T08:15:54,61,0,31,60
2023-07-24T08:28:21,61,0,31,60
2023-07-24T08:40:48,61,0,31,60
2023-07-24T08:53:15,61,0,31,60
2023-07-24T09:05:42,61,0,31,60
2023-07-24T09:18:12,61,0,31,60
2023-07-24T09:30:47,61,0,31,60
2023-07-24T09:43:13,61,0,31,60
2023-07-24T09:55:40,61,0,31,60
2023-07-24T10:08:06,61,0,31,60
2023-07-24T10:20:33,61,0,31,60
2023-07-24T10:33:00,61,0,31,60
2023-07-24T10:45:26,61,0,31,60
2023-07-24T10:57:53,61,0,31,60
2023-07-24T11:10:19,61,0,31,60
2023-07-24T11:22:46,61,0,31,60
2023-07-24T11:35:13,61,0,31,60
2023-07-24T11:47:40,61,0,31,60
2023-07-24T12:00:07,61,0,31,60
2023-07-24T12:12:43,61,0,31,60
2023-07-24T12:25:11,61,0,31,60
2023-07-24T12:37:38,61,0,31,60
2023-07-24T12:50:05,61,0,31,60
2023-07-24T13:02:32,61,0,31,60
2023-07-24T13:14:58,61,0,31,60
2023-07-24T13:27:25,61,0,31,60
2023-07-24T13:39:51,61,0,31,60
2023-07-24T13:52:19,61,0,31,60
2023-07-24T14:04:48,61,0,31,60
2023-07-24T14:17:15,61,0,31,60
2023-07-24T14:29:52,61,0,31,60
2023-07-24T14:42:19,61,0,31,60
2023-07-24T14:54:46,61,0,31,60
2023-07-24T15:07:13,61,0,31,60
2023-07-24T15:19:41,61,0,31,60
2023-07-24T15:32:08,61,0,31,60
2023-07-24T15:44:35,61,0,31,60
2023-07-24T15:57:02,61,0,31,60
2023-07-24T16:09:28,61,0,31,60
2023-07-24T16:21:55,61,0,31,60
2023-07-24T16:34:22,61,0,31,60
2023-07-24T16:47:01,61,0,31,60
2023-07-24T16:59:28,61,0,31,60
2023-07-24T17:11:56,61,0,31,60
2023-07-24T17:24:23,61,0,31,60
2023-07-24T17:36:50,61,0,31,60
2023-07-24T17:49:17,61,0,31,60
2023-07-24T18:01:43,61,0,31,60
2023-07-24T18:14:10,61,0,31,60
2023-07-24T18:26:38,61,0,31,60
2023-07-24T18:39:05,61,0,31,60
2023-07-24T18:51:32,61,0,31,60
2023-07-24T19:03:59,61,0,31,60
2023-07-24T19:16:27,61,0,31,60
2023-07-24T19:28:54,61,0,31,60
2023-07-24T19:41:32,61,0,31,60
2023-07-24T19:53:59,61,0,31,60
2023-07-24T20:06:26,61,0,31,60
2023-07-24T20:18:53,61,0,31,60
2023-07-24T20:31:20,61,0,31,60
2023-07-24T20:43:47,61,0,31,60
2023-07-24T20:56:14,61,0,31,60
2023-07-24T21:08:41,61,0,31,60
2023-07-24T21:21:07,61,0,31,60
2023-07-24T21:33:34,61,0,31,60
2023-07-24T21:46:02,61,0,31,60
2023-07-24T21:58:28,61,0,31,60
2023-07-24T22:10:55,61,0,31,60
2023-07-24T22:23:22,61,0,31,60
2023-07-24T22:36:01,61,0,31,60
2023-07-24T22:48:27,61,0,31,60
2023-07-24T23:00:55,61,0,31,60
2023-07-24T23:13:22,61,0,31,60
2023-07-24T23:25:50,61,0,31,60
2023-07-24T23:38:18,61,0,31,60
2023-07-24T23:50:45,61,0,31,60
2023-07-25T00:03:13,61,0,31,60
2023-07-25T00:15:43,61,0,31,60
2023-07-25T00:28:16,61,0,31,60
2023-07-25T00:40:46,61,0,31,60
2023-07-25T00:53:17,61,0,31,60
2023-07-25T01:05:49,61,0,31,60
2023-07-25T01:18:18,61,0,31,60
2023-07-25T01:30:50,61,0,31,60
2023-07-25T01:43:19,61,0,31,60
2023-07-25T01:56:02,61,0,31,60
2023-07-25T02:08:33,61,0,31,60
2023-07-25T02:21:02,61,0,31,60
2023-07-25T02:33:31,61,0,31,60
2023-07-25T02:45:59,61,0,31,60
2023-07-25T02:58:26,61,0,31,60
2023-07-25T03:10:55,61,0,31,60
2023-07-25T03:23:23,61,0,31,60
2023-07-25T03:35:52,61,0,31,60
2023-07-25T03:48:22,61,0,31,60
2023-07-25T04:00:51,61,0,31,60
2023-07-25T04:17:08,61,0,31,60
2023-07-25T04:29:40,61,0,31,60
2023-07-25T04:42:12,61,0,31,60
2023-07-25T04:54:44,61,0,31,60
2023-07-25T05:07:15,61,0,31,60
2023-07-25T05:19:47,61,0,31,60
2023-07-25T05:32:16,61,0,31,60
2023-07-25T05:44:47,61,0,31,60
2023-07-25T05:57:16,61,0,31,60
2023-07-25T06:09:46,61,0,31,60
2023-07-25T06:22:17,61,0,31,60
2023-07-25T06:34:47,61,0,31,60
2023-07-25T06:47:17,61,0,31,60
2023-07-25T06:59:46,61,0,31,60
2023-07-25T07:12:15,61,0,31,60
2023-07-25T07:24:44,61,0,31,60
2023-07-25T07:37:12,61,0,31,60
2023-07-25T07:49:41,61,0,31,60
2023-07-25T08:02:09,61,0,31,60
2023-07-25T08:14:38,61,0,31,60
2023-07-25T08:27:07,61,0,31,60
2023-07-25T08:39:36,61,0,31,60
2023-07-25T08:52:14,61,0,31,60
2023-07-25T09:04:42,61,0,31,60
2023-07-25T09:17:13,61,0,31,60
2023-07-25T09:29:42,61,0,31,60
2023-07-25T09:42:13,61,0,31,60
2023-07-25T09:54:41,61,0,31,60
2023-07-25T10:07:09,61,0,31,60
2023-07-25T10:19:38,61,0,31,60
2023-07-25T10:32:05,61,0,31,60
2023-07-25T10:44:33,61,0,31,60
2023-07-25T10:57:10,61,0,31,60
2023-07-25T11:09:38,61,0,31,60
2023-07-25T11:22:05,61,0,31,60
2023-07-25T11:34:33,61,0,31,60
2023-07-25T11:47:00,61,0,31,60
2023-07-25T11:59:27,61,0,31,60
2023-07-25T12:11:55,61,0,31,60
2023-07-25T12:24:32,61,0,31,60
2023-07-25T12:36:59,61,0,31,60
2023-07-25T12:49:27,61,0,31,60
2023-07-25T13:01:54,61,0,31,60
2023-07-25T13:14:22,61,0,31,60
2023-07-25T13:26:49,61,0,31,60
2023-07-25T13:39:26,61,0,31,60
2023-07-25T13:51:54,61,0,31,60
2023-07-25T14:04:22,61,0,31,60
2023-07-25T14:16:50,61,0,31,60
2023-07-25T14:29:18,61,0,31,60
2023-07-25T14:41:47,61,0,31,60
2023-07-25T14:54:16,61,0,31,60
2023-07-25T15:06:44,61,0,31,60
2023-07-25T15:19:24,61,0,31,60
2023-07-25T15:31:53,61,0,31,60
2023-07-25T15:44:22,61,0,31,60
2023-07-25T15:56:51,61,0,31,60
2023-07-25T16:09:19,61,0,31,60
2023-07-25T16:21:48,61,0,31,60
2023-07-25T16:34:17,61,0,31,60
2023-07-25T16:46:46,61,0,31,60
2023-07-25T16:59:15,61,0,31,60
2023-07-25T17:11:56,61,0,31,60
2023-07-25T17:24:26,61,0,31,60
2023-07-25T17:36:55,61,0,31,60
2023-07-25T17:49:24,61,0,31,60
2023-07-25T18:01:52,61,0,31,60
2023-07-25T18:14:21,61,0,31,60
2023-07-25T18:26:50,61,0,31,60
2023-07-25T18:39:19,61,0,31,60
2023-07-25T18:51:48,61,0,31,60
2023-07-25T19:04:17,61,0,31,60
2023-07-25T19:16:57,61,0,31,60
2023-07-25T19:29:26,61,0,31,60
2023-07-25T19:41:55,61,0,31,60
2023-07-25T19:54:24,61,0,31,60
2023-07-25T20:06:53,61,0,31,60
2023-07-25T20:19:23,61,0,31,60
2023-07-25T20:31:51,61,0,31,60
2023-07-25T20:44:20,61,0,31,60
2023-07-25T20:56:49,61,0,31,60
2023-07-25T21:09:18,61,0,31,60
2023-07-25T21:21:47,61,0,31,60
2023-07-25T21:34:16,61,0,31,60
2023-07-25T21:46:44,61,0,31,60
2023-07-25T21:59:13,61,0,31,60
2023-07-25T22:11:43,61,0,31,60
2023-07-25T22:24:23,61,0,31,60
2023-07-25T22:36:53,61,0,31,60
2023-07-25T22:49:22,61,0,31,60
2023-07-25T23:01:51,61,0,31,60
2023-07-25T23:14:21,61,0,31,60
2023-07-25T23:26:51,61,0,31,60
2023-07-25T23:39:21,61,0,31,60
2023-07-25T23:51:50,61,0,31,60
2023-07-26T00:04:20,61,0,31,60
2023-07-26T00:16:55,61,0,31,60
2023-07-26T00:29:28,61,0,31,60
2023-07-26T00:42:00,61,0,31,60
2023-07-26T00:54:33,61,0,31,60
2023-07-26T01:07:07,61,0,31,60
2023-07-26T01:19:50,61,0,31,60
2023-07-26T01:32:23,61,0,31,60
2023-07-26T01:44:57,61,0,31,60
2023-07-26T01:57:34,61,0,31,60
2023-07-26T02:10:08,61,0,31,60
2023-07-26T02:22:42,61,0,31,60
2023-07-26T02:35:16,61,0,31,60
2023-07-26T02:47:47,61,0,31,60
2023-07-26T03:00:18,61,0,31,60
2023-07-26T03:12:52,61,0,31,60
2023-07-26T03:25:24,61,0,31,60
2023-07-26T03:37:56,61,0,31,60
2023-07-26T03:50:28,61,0,31,60
2023-07-26T04:03:01,61,0,31,60
2023-07-26T04:15:34,61,0,31,60
2023-07-26T04:29:44,61,0,31,60
2023-07-26T04:42:20,61,0,31,60
2023-07-26T04:54:54,61,0,31,60
2023-07-26T05:07:29,61,0,31,60
2023-07-26T05:20:01,61,0,31,60
2023-07-26T05:32:33,61,0,31,60
2023-07-26T05:45:05,61,0,31,60
2023-07-26T05:57:39,61,0,31,60
2023-07-26T06:10:10,61,0,31,60
2023-07-26T06:22:41,61,0,31,60
2023-07-26T06:35:12,61,0,31,60
2023-07-26T06:47:44,61,0,31,60
2023-07-26T07:00:15,61,0,31,60
2023-07-26T07:12:48,61,0,31,60
2023-07-26T07:25:16,61,0,31,60
2023-07-26T07:37:45,61,0,31,60
2023-07-26T07:50:16,61,0,31,60
2023-07-26T08:02:48,61,0,31,60
2023-07-26T08:15:20,61,0,31,60
2023-07-26T08:27:51,61,0,31,60
2023-07-26T08:40:22,61,0,31,60
2023-07-26T08:53:04,61,0,31,60
2023-07-26T09:05:33,61,0,31,60
2023-07-26T09:18:02,61,0,31,60
2023-07-26T09:30:31,61,0,31,60
2023-07-26T09:43:00,61,0,31,60
2023-07-26T09:55:30,61,0,31,60
2023-07-26T10:07:59,61,0,31,60
2023-07-26T10:20:28,61,0,31,60
2023-07-26T10:32:57,61,0,31,60
2023-07-26T10:45:26,61,0,31,60
2023-07-26T10:58:05,61,0,31,60
2023-07-26T11:10:34,61,0,31,60
2023-07-26T11:23:03,61,0,31,60
2023-07-26T11:35:32,61,0,31,60
2023-07-26T11:48:01,61,0,31,60
2023-07-26T12:00:30,61,0,31,60
2023-07-26T12:12:59,61,0,31,60
2023-07-26T12:25:28,61,0,31,60
2023-07-26T12:37:57,61,0,31,60
2023-07-26T12:50:26,61,0,31,60
2023-07-26T13:03:07,61,0,31,60
2023-07-26T13:15:36,61,0,31,60
2023-07-26T13:28:05,61,0,31,60
2023-07-26T13:40:33,61,0,31,60
2023-07-26T13:53:02,61,0,31,60
2023-07-26T14:05:41,61,0,31,60
2023-07-26T14:18:10,61,0,31,60
2023-07-26T14:30:38,61,0,31,60
2023-07-26T14:43:07,61,0,31,60
2023-07-26T14:55:36,61,0,31,60
2023-07-26T15:08:05,61,0,31,60
2023-07-26T15:20:34,61,0,31,60
2023-07-26T15:33:03,61,0,31,60
2023-07-26T15:45:44,61,0,31,60
2023-07-26T15:58:13,61,0,31,60
2023-07-26T16:10:41,61,0,31,60
2023-07-26T16:23:10,61,0,31,60
2023-07-26T16:35:39,61,0,31,60
2023-07-26T16:48:08,61,0,31,60
2023-07-26T17:00:36,61,0,31,60
2023-07-26T17:13:06,61,0,31,60
2023-07-26T17:25:35,61,0,31,60
2023-07-26T17:38:04,61,0,31,60
2023-07-26T17:50:44,61,0,31,60
2023-07-26T18:03:12,61,0,31,60
2023-07-26T18:15:41,61,0,31,60
2023-07-26T18:28:10,61,0,31,60
2023-07-26T18:40:39,61,0,31,60
2023-07-26T18:53:08,61,0,31,60
2023-07-26T19:05:37,61,0,31,60
2023-07-26T19:18:06,61,0,31,60
2023-07-26T19:30:35,61,0,31,60
2023-07-26T19:43:04,61,0,31,60
2023-07-26T19:55:33,61,0,31,60
2023-07-26T20:08:02,61,0,31,60
2023-07-26T20:20:42,61,0,31,60
2023-07-26T20:33:11,61,0,31,60
2023-07-26T20:45:40,61,0,31,60
2023-07-26T20:58:09,61,0,31,60
2023-07-26T21:10:38,61,0,31,60
2023-07-26T21:23:06,61,0,31,60
2023-07-26T21:35:35,61,0,31,60
2023-07-26T21:48:04,61,0,31,60
2023-07-26T22:00:33,61,0,31,60
2023-07-26T22:13:02,61,0,31,60
2023-07-26T22:25:31,61,0,31,60
2023-07-26T22:38:00,61,0,31,60
2023-07-26T22:50:29,61,0,31,60
2023-07-26T23:02:58,61,0,31,60
2023-07-26T23:15:37,61,0,31,60
2023-07-26T23:28:07,61,0,31,60
2023-07-26T23:40:36,61,0,31,60
2023-07-26T23:53:06,61,0,31,60
2023-07-27T00:05:36,61,0,31,60
2023-07-27T00:18:08,61,0,30,60
2023-07-27T00:30:41,61,0,30,60
2023-07-27T00:43:14,61,0,30,60
2023-07-27T00:55:47,61,0,30,60
2023-07-27T01:08:20,61,0,30,60
2023-07-27T01:20:53,61,0,30,60
2023-07-27T01:33:25,61,0,30,60
2023-07-27T01:45:59,61,0,30,60
2023-07-27T01:58:31,61,0,30,60
2023-07-27T02:11:02,61,0,30,60
2023-07-27T02:23:43,61,0,30,60
2023-07-27T02:36:14,61,0,30,60
2023-07-27T02:48:43,61,0,30,60
2023-07-27T03:01:12,61,0,30,60
2023-07-27T03:13:43,61,0,30,60
2023-07-27T03:26:14,61,0,30,60
2023-07-27T03:38:45,61,0,30,60
2023-07-27T03:51:16,61,0,30,60
2023-07-27T04:03:48,61,0,30,60
2023-07-27T04:19:13,61,0,30,60
2023-07-27T04:31:48,61,0,30,60
2023-07-27T04:44:22,61,0,30,60
2023-07-27T04:56:55,61,0,30,60
2023-07-27T05:09:28,61,0,30,60
2023-07-27T05:22:00,61,0,30,60
2023-07-27T05:34:34,61,0,30,60
2023-07-27T05:47:07,61,0,30,60
2023-07-27T05:59:39,61,0,30,60
2023-07-27T06:12:11,61,0,30,60
2023-07-27T06:24:43,61,0,30,60
2023-07-27T06:37:15,61,0,30,60
2023-07-27T06:49:46,61,0,30,60
2023-07-27T07:02:18,61,0,30,60
2023-07-27T07:14:58,61,0,30,60
2023-07-27T07:27:28,61,0,30,60
2023-07-27T07:39:59,61,0,30,60
2023-07-27T07:52:29,61,0,30,60
2023-07-27T08:05:01,61,0,30,60
2023-07-27T08:17:31,61,0,30,60
2023-07-27T08:30:02,61,0,30,60
2023-07-27T08:42:34,61,0,30,60
2023-07-27T08:55:05,61,0,30,60
2023-07-27T09:07:35,61,0,30,60
2023-07-27T09:20:05,61,0,30,60
2023-07-27T09:32:36,61,0,30,60
2023-07-27T09:45:07,61,0,30,60
2023-07-27T09:57:37,61,0,30,60
2023-07-27T10:10:16,61,0,30,60
2023-07-27T10:22:45,61,0,30,60
2023-07-27T10:35:14,61,0,30,60
2023-07-27T10:47:43,61,0,30,60
2023-07-27T11:00:12,61,0,30,60
2023-07-27T11:12:41,61,0,30,60
2023-07-27T11:25:09,61,0,30,60
2023-07-27T11:37:38,61,0,30,60
2023-07-27T11:50:07,61,0,30,60
2023-07-27T12:02:38,61,0,30,60
2023-07-27T12:15:07,61,0,30,60
2023-07-27T12:27:47,61,0,30,60
2023-07-27T12:40:15,61,0,30,60
2023-07-27T12:52:44,61,0,30,60
2023-07-27T13:05:13,61,0,30,60
2023-07-27T13:17:41,61,0,30,60
2023-07-27T13:30:10,61,0,30,60
2023-07-27T13:42:38,61,0,30,60
2023-07-27T13:55:07,61,0,30,60
2023-07-27T14:07:46,61,0,30,60
2023-07-27T14:21:07,61,0,30,60
2023-07-27T14:33:36,61,0,30,60
2023-07-27T14:46:05,61,0,30,60
2023-07-27T14:58:33,61,0,30,60
2023-07-27T15:11:02,61,0,30,60
2023-07-27T15:23:30,61,0,30,60
2023-07-27T15:35:58,61,0,30,60
2023-07-27T15:48:27,61,0,30,60
2023-07-27T16:00:55,61,0,30,60
2023-07-27T16:13:34,61,0,30,60
2023-07-27T16:26:03,61,0,30,60
2023-07-27T16:38:32,61,0,30,60
2023-07-27T16:51:01,61,0,30,60
2023-07-27T17:03:30,61,0,30,60
2023-07-27T17:16:00,61,0,30,60
2023-07-27T17:28:29,61,0,30,60
2023-07-27T17:40:58,61,0,30,60
2023-07-27T17:53:27,61,0,30,60
2023-07-27T18:05:56,61,0,30,60
2023-07-27T18:18:37,61,0,30,60
2023-07-27T18:31:06,61,0,30,60
2023-07-27T18:43:37,61,0,30,60
2023-07-27T18:56:16,61,0,30,60
2023-07-27T19:08:55,61,0,30,60
2023-07-27T19:21:24,61,0,30,60
2023-07-27T19:33:53,61,0,30,60
2023-07-27T19:46:22,61,0,30,60
2023-07-27T19:58:51,61,0,30,60
2023-07-27T20:11:20,61,0,30,60
2023-07-27T20:23:49,61,0,30,60
2023-07-27T20:36:27,61,0,30,60
2023-07-27T20:48:56,61,0,30,60
2023-07-27T21:01:25,61,0,30,60
2023-07-27T21:13:53,61,0,30,60
2023-07-27T21:26:22,61,0,30,60
2023-07-27T21:38:51,61,0,30,60
2023-07-27T21:51:20,61,0,30,60
2023-07-27T22:03:49,61,0,30,60
2023-07-27T22:16:29,61,0,30,60
2023-07-27T22:28:58,61,0,30,60
2023-07-27T22:41:27,61,0,30,60
2023-07-27T22:53:56,61,0,30,60
2023-07-27T23:06:26,61,0,30,60
2023-07-27T23:18:56,61,0,30,60
2023-07-27T23:31:26,61,0,30,60
2023-07-27T23:43:55,61,0,30,60
2023-07-27T23:56:25,61,0,30,60
2023-07-28T00:08:56,61,0,30,60
2023-07-28T00:21:32,61,0,30,60
2023-07-28T00:34:03,61,0,30,60
2023-07-28T00:46:36,61,0,30,60
2023-07-28T00:59:09,61,0,30,60
2023-07-28T01:11:54,61,0,30,60
2023-07-28T01:24:27,61,0,30,60
2023-07-28T01:37:01,61,0,30,60
2023-07-28T01:49:36,61,0,30,60
2023-07-28T02:02:12,61,0,30,60
2023-07-28T02:14:57,61,0,30,60
2023-07-28T02:27:30,61,0,30,60
2023-07-28T02:40:03,61,0,30,60
2023-07-28T02:52:35,61,0,30,60
2023-07-28T03:05:07,61,0,30,60
2023-07-28T03:17:39,61,0,30,60
2023-07-28T03:30:11,61,0,30,60
2023-07-28T03:42:43,61,0,30,60
2023-07-28T03:55:15,61,0,30,60
2023-07-28T04:07:47,61,0,30,60
2023-07-28T04:29:02,61,0,30,60
2023-07-28T04:41:38,61,0,30,60
2023-07-28T04:54:12,61,0,30,60
2023-07-28T05:06:47,61,0,30,60
2023-07-28T05:19:19,61,0,30,60
2023-07-28T05:31:52,61,0,30,60
2023-07-28T05:44:23,61,0,30,60
2023-07-28T05:56:56,61,0,30,60
2023-07-28T06:09:28,61,0,30,60
2023-07-28T06:21:59,61,0,30,60
2023-07-28T06:34:31,61,0,30,60
2023-07-28T06:47:03,61,0,30,60
2023-07-28T06:59:35,61,0,30,60
2023-07-28T07:12:06,61,0,30,60
2023-07-28T07:24:37,61,0,30,60
2023-07-28T07:37:07,61,0,30,60
2023-07-28T07:49:36,61,0,30,60
2023-07-28T08:02:05,61,0,30,60
2023-07-28T08:14:36,61,0,30,60
2023-07-28T08:27:05,61,0,30,60
2023-07-28T08:39:34,61,0,30,60
2023-07-28T08:52:03,61,0,30,60
2023-07-28T09:04:41,61,0,30,60
2023-07-28T09:17:09,61,0,30,60
2023-07-28T09:29:39,61,0,30,60
2023-07-28T09:42:09,61,0,30,60
2023-07-28T09:54:38,61,0,30,60
2023-07-28T10:07:07,61,0,30,60
2023-07-28T10:19:36,61,0,30,60
2023-07-28T10:32:06,61,0,30,60
2023-07-28T10:44:35,61,0,30,60
2023-07-28T10:57:14,61,0,30,60
2023-07-28T11:09:42,61,0,30,60
2023-07-28T11:22:11,61,0,30,60
2023-07-28T11:34:40,61,0,30,60
2023-07-28T11:47:09,61,0,30,60
2023-07-28T11:59:37,61,0,30,60
2023-07-28T12:12:06,61,0,30,60
2023-07-28T12:24:35,61,0,30,60
2023-07-28T12:37:04,61,0,30,60
2023-07-28T12:49:46,61,0,30,60
2023-07-28T13:02:15,61,0,30,60
2023-07-28T13:14:43,61,0,30,60
2023-07-28T13:27:12,61,0,30,60
2023-07-28T13:39:42,61,0,30,60
2023-07-28T13:52:11,61,0,30,60
2023-07-28T14:04:41,61,0,30,60
2023-07-28T14:17:10,61,0,30,60
2023-07-28T14:29:40,61,0,30,60
2023-07-28T14:42:19,61,0,30,60
2023-07-28T14:54:49,61,0,30,60
2023-07-28T15:07:34,61,0,30,60
2023-07-28T15:20:03,61,0,30,60
2023-07-28T15:32:32,61,0,30,60
2023-07-28T15:45:02,61,0,30,60
2023-07-28T15:57:31,61,0,30,60
2023-07-28T16:10:00,61,0,30,60
2023-07-28T16:22:30,61,0,30,60
2023-07-28T16:35:00,61,0,30,60
2023-07-28T16:47:30,61,0,30,60
2023-07-28T17:00:10,61,0,30,60
2023-07-28T17:12:41,61,0,30,60
2023-07-28T17:25:12,61,0,30,60
2023-07-28T17:37:42,61,0,30,60
2023-07-28T17:50:11,61,0,30,60
2023-07-28T18:02:41,61,0,30,60
2023-07-28T18:15:11,61,0,30,60
2023-07-28T18:27:41,61,0,30,60
2023-07-28T18:40:11,61,0,30,60
2023-07-28T18:52:40,61,0,30,60
2023-07-28T19:05:11,61,0,30,60
2023-07-28T19:17:40,61,0,30,60
2023-07-28T19:30:10,61,0,30,60
2023-07-28T19:42:51,61,0,30,60
2023-07-28T19:55:20,61,0,30,60
2023-07-28T20:07:50,61,0,30,60
2023-07-28T20:20:20,61,0,30,60
2023-07-28T20:32:49,61,0,30,60
2023-07-28T20:45:19,61,0,30,60
2023-07-28T20:57:48,61,0,30,60
2023-07-28T21:10:18,61,0,30,60
2023-07-28T21:22:48,61,0,30,60
2023-07-28T21:35:18,61,0,30,60
2023-07-28T21:47:47,61,0,30,60
2023-07-28T22:00:17,61,0,30,60
2023-07-28T22:12:46,61,0,30,60
2023-07-28T22:25:26,61,0,30,60
2023-07-28T22:37:56,61,0,30,60
2023-07-28T22:50:26,61,0,30,60
2023-07-28T23:02:56,61,0,30,60
2023-07-28T23:15:26,61,0,30,60
2023-07-28T23:27:57,61,0,30,60
2023-07-28T23:40:27,61,0,30,60
2023-07-28T23:52:57,61,0,30,60
2023-07-29T00:05:28,61,0,30,60
2023-07-29T00:18:04,61,0,30,60
2023-07-29T00:30:38,61,0,30,60
2023-07-29T00:43:12,61,0,30,60
2023-07-29T00:55:46,61,0,30,60
2023-07-29T01:08:20,61,0,30,60
2023-07-29T01:20:54,61,0,30,60
2023-07-29T01:33:39,61,0,30,60
2023-07-29T01:46:14,61,0,30,60
2023-07-29T01:58:47,61,0,30,60
2023-07-29T02:11:17,61,0,30,60
2023-07-29T02:23:47,61,0,30,60
2023-07-29T02:36:18,61,0,30,60
2023-07-29T02:48:47,61,0,30,60
2023-07-29T03:01:17,61,0,30,60
2023-07-29T03:13:49,61,0,30,60
2023-07-29T03:26:21,61,0,30,60
2023-07-29T03:38:54,61,0,30,60
2023-07-29T03:51:27,61,0,30,60
2023-07-29T04:04:01,61,0,30,60
2023-07-29T04:27:18,61,0,30,60
2023-07-29T04:39:53,61,0,30,60
2023-07-29T04:52:27,61,0,30,60
2023-07-29T05:05:01,61,0,30,60
2023-07-29T05:17:33,61,0,30,60
2023-07-29T05:30:04,61,0,30,60
2023-07-29T05:42:33,61,0,30,60
2023-07-29T05:55:03,61,0,30,60
2023-07-29T06:07:34,61,0,30,60
2023-07-29T06:20:04,61,0,30,60
2023-07-29T06:32:34,61,0,30,60
2023-07-29T06:45:04,61,0,30,60
2023-07-29T06:57:34,61,0,30,60
2023-07-29T07:10:08,61,0,30,60
2023-07-29T07:22:47,61,0,30,60
2023-07-29T07:35:22,61,0,30,60
2023-07-29T07:47:54,61,0,30,60
2023-07-29T08:00:28,61,0,30,60
2023-07-29T08:13:11,61,0,30,60
2023-07-29T08:25:44,61,0,30,60
2023-07-29T08:38:18,61,0,30,60
2023-07-29T08:50:50,61,0,30,60
2023-07-29T09:03:24,61,0,30,60
2023-07-29T09:15:56,61,0,30,60
2023-07-29T09:28:28,61,0,30,60
2023-07-29T09:41:02,61,0,30,60
2023-07-29T09:53:35,61,0,30,60
2023-07-29T10:06:08,61,0,30,60
2023-07-29T10:18:40,61,0,30,60
2023-07-29T10:31:12,61,0,30,60
2023-07-29T10:43:45,61,0,30,60
2023-07-29T10:56:29,61,0,30,60
2023-07-29T11:09:01,61,0,30,60
2023-07-29T11:21:33,61,0,30,60
2023-07-29T11:34:06,61,0,30,60
2023-07-29T11:46:40,61,0,30,60
2023-07-29T11:59:14,61,0,30,60
2023-07-29T12:11:47,61,0,30,60
2023-07-29T12:24:20,61,0,30,60
2023-07-29T12:36:53,61,0,30,60
2023-07-29T12:49:25,61,0,30,60
2023-07-29T13:01:58,61,0,30,60
2023-07-29T13:14:29,61,0,30,60
2023-07-29T13:26:59,61,0,30,60
2023-07-29T13:39:28,61,0,30,60
2023-07-29T13:51:57,61,0,30,60
2023-07-29T14:04:37,61,0,30,60
2023-07-29T14:17:07,61,0,30,60
2023-07-29T14:29:36,61,0,30,60
2023-07-29T14:42:06,61,0,30,60
2023-07-29T14:54:36,61,0,30,60
2023-07-29T15:07:06,61,0,30,60
2023-07-29T15:19:35,61,0,30,60
2023-07-29T15:32:04,61,0,30,60
2023-07-29T15:44:33,61,0,30,60
2023-07-29T15:57:04,61,0,30,60
2023-07-29T16:09:34,61,0,30,60
2023-07-29T16:22:03,61,0,30,60
2023-07-29T16:34:33,61,0,30,60
2023-07-29T16:47:02,61,0,30,60
2023-07-29T16:59:31,61,0,30,60
2023-07-29T17:12:11,61,0,30,60
2023-07-29T17:24:41,61,0,30,60
2023-07-29T17:37:11,61,0,30,60
2023-07-29T17:49:41,61,0,30,60
2023-07-29T18:02:11,61,0,30,60
2023-07-29T18:14:41,61,0,30,60
2023-07-29T18:27:11,61,0,30,60
2023-07-29T18:39:41,61,0,30,60
2023-07-29T18:52:10,61,0,30,60
2023-07-29T19:04:40,61,0,30,60
2023-07-29T19:17:11,61,0,30,60
2023-07-29T19:29:41,61,0,30,60
2023-07-29T19:42:11,61,0,30,60
2023-07-29T19:54:40,61,0,30,60
2023-07-29T20:07:10,61,0,30,60
2023-07-29T20:19:50,61,0,30,60
2023-07-29T20:32:19,61,0,30,60
2023-07-29T20:44:50,61,0,30,60
2023-07-29T20:57:19,61,0,30,60
2023-07-29T21:09:49,61,0,30,60
2023-07-29T21:22:20,61,0,30,60
2023-07-29T21:34:50,61,0,30,60
2023-07-29T21:47:19,61,0,30,60
2023-07-29T21:59:50,61,0,30,60
2023-07-29T22:12:19,61,0,30,60
2023-07-29T22:24:49,61,0,30,60
2023-07-29T22:37:19,61,0,30,60
2023-07-29T22:49:48,61,0,30,60
2023-07-29T23:02:18,61,0,30,60
2023-07-29T23:14:58,61,0,30,60
2023-07-29T23:27:28,61,0,30,60
2023-07-29T23:39:58,61,0,30,60
2023-07-29T23:52:28,61,0,30,60
2023-07-30T00:04:59,61,0,30,60
2023-07-30T00:17:32,61,0,30,60
2023-07-30T00:30:05,61,0,30,60
2023-07-30T00:42:38,61,0,30,60
2023-07-30T00:55:12,61,0,30,60
2023-07-30T01:07:45,61,0,30,60
2023-07-30T01:20:17,61,0,30,60
2023-07-30T01:32:51,61,0,30,60
2023-07-30T01:45:23,61,0,30,60
2023-07-30T01:57:56,61,0,30,60
2023-07-30T02:10:48,61,0,30,60
2023-07-30T02:23:23,61,0,30,60
2023-07-30T02:35:58,61,0,30,60
2023-07-30T02:48:41,61,0,30,60
2023-07-30T03:01:14,61,0,30,60
2023-07-30T03:13:46,61,0,30,60
2023-07-30T03:26:19,61,0,30,60
2023-07-30T03:38:53,61,0,30,60
2023-07-30T03:51:26,61,0,30,60
2023-07-30T04:04:00,61,0,30,60
2023-07-30T04:16:31,61,0,30,60
2023-07-30T04:29:07,61,0,30,60
2023-07-30T04:41:42,61,0,30,60
2023-07-30T04:54:16,61,0,30,60
2023-07-30T05:06:51,61,0,30,60
2023-07-30T05:19:24,61,0,30,60
2023-07-30T05:31:58,61,0,30,60
2023-07-30T05:44:32,61,0,30,60
2023-07-30T05:57:06,61,0,30,60
2023-07-30T06:09:38,61,0,30,60
2023-07-30T06:22:12,61,0,30,60
2023-07-30T06:35:13,61,0,30,60
2023-07-30T06:48:55,61,0,30,60
2023-07-30T07:01:27,61,0,30,60
2023-07-30T07:13:57,61,0,30,60
2023-07-30T07:26:27,61,0,30,60
2023-07-30T07:38:58,61,0,30,60
2023-07-30T07:51:28,61,0,30,60
2023-07-30T08:03:58,61,0,30,60
2023-07-30T08:16:29,61,0,30,60
2023-07-30T08:29:00,61,0,30,60
2023-07-30T08:41:43,61,0,30,60
2023-07-30T08:54:13,61,0,30,60
2023-07-30T09:06:42,61,0,30,60
2023-07-30T09:19:12,61,0,30,60
2023-07-30T09:31:42,61,0,30,60
2023-07-30T09:44:15,61,0,30,60
2023-07-30T09:56:45,61,0,30,60
2023-07-30T10:09:14,61,0,30,60
2023-07-30T10:21:44,61,0,30,60
2023-07-30T10:34:14,61,0,30,60
2023-07-30T10:46:44,61,0,30,60
2023-07-30T10:59:14,61,0,30,60
2023-07-30T11:11:44,61,0,30,60
2023-07-30T11:24:13,61,0,30,60
2023-07-30T11:36:43,61,0,30,60
2023-07-30T11:49:14,61,0,30,60
2023-07-30T12:01:44,61,0,30,60
2023-07-30T12:14:24,61,0,30,60
2023-07-30T12:26:54,61,0,30,60
2023-07-30T12:39:24,61,0,30,60
2023-07-30T12:51:54,61,0,30,60
2023-07-30T13:04:24,61,0,30,60
2023-07-30T13:16:54,61,0,30,60
2023-07-30T13:29:25,61,0,30,60
2023-07-30T13:41:55,61,0,30,60
2023-07-30T13:54:24,61,0,30,60
2023-07-30T14:06:54,61,0,30,60
2023-07-30T14:19:24,61,0,30,60
2023-07-30T14:31:54,61,0,30,60
2023-07-30T14:44:24,61,0,30,60
2023-07-30T14:57:04,61,0,30,60
2023-07-30T15:09:34,61,0,30,60
2023-07-30T15:22:03,61,0,30,60
2023-07-30T15:34:33,61,0,30,60
2023-07-30T15:47:02,61,0,30,60
2023-07-30T15:59:32,61,0,30,60
2023-07-30T16:12:04,61,0,30,60
2023-07-30T16:24:34,61,0,30,60
2023-07-30T16:37:05,61,0,30,60
2023-07-30T16:49:35,61,0,30,60
2023-07-30T17:02:05,61,0,30,60
2023-07-30T17:14:37,61,0,30,60
2023-07-30T17:27:07,61,0,30,60
2023-07-30T17:39:36,61,0,30,60
2023-07-30T17:52:06,61,0,30,60
2023-07-30T18:04:44,61,0,30,60
2023-07-30T18:17:14,61,0,30,60
2023-07-30T18:29:44,61,0,30,60
2023-07-30T18:42:13,61,0,30,60
2023-07-30T18:54:43,61,0,30,60
2023-07-30T19:07:15,61,0,30,60
2023-07-30T19:19:47,61,0,30,60
2023-07-30T19:32:18,61,0,30,60
2023-07-30T19:44:57,61,0,30,60
2023-07-30T19:57:26,61,0,30,60
2023-07-30T20:09:55,61,0,30,60
2023-07-30T20:22:25,61,0,30,60
2023-07-30T20:34:55,61,0,30,60
2023-07-30T20:47:24,61,0,30,60
2023-07-30T20:59:53,61,0,30,60
2023-07-30T21:12:24,61,0,30,60
2023-07-30T21:24:53,61,0,30,60
2023-07-30T21:37:24,61,0,30,60
2023-07-30T21:49:53,61,0,30,60
2023-07-30T22:02:23,61,0,30,60
2023-07-30T22:14:53,61,0,30,60
2023-07-30T22:27:32,61,0,30,60
2023-07-30T22:40:02,61,0,30,60
2023-07-30T22:52:32,61,0,30,60
2023-07-30T23:05:02,61,0,30,60
2023-07-30T23:17:34,61,0,30,60
2023-07-30T23:30:04,61,0,30,60
2023-07-30T23:42:35,61,0,30,60
2023-07-30T23:55:05,61,0,30,60
2023-07-31T00:07:37,61,0,30,60
2023-07-31T00:20:23,61,0,30,60
2023-07-31T00:33:13,61,0,30,60
2023-07-31T00:46:06,61,0,30,60
2023-07-31T00:58:43,61,0,30,60
2023-07-31T01:11:15,61,0,30,60
2023-07-31T01:23:48,61,0,30,60
2023-07-31T01:36:22,61,0,30,60
2023-07-31T01:48:54,61,0,30,60
2023-07-31T02:01:27,61,0,30,60
2023-07-31T02:14:12,61,0,30,60
2023-07-31T02:26:44,61,0,30,60
2023-07-31T02:39:17,61,0,30,60
2023-07-31T02:51:49,61,0,30,60
2023-07-31T03:04:21,61,0,30,60
2023-07-31T03:16:54,61,0,30,60
2023-07-31T03:29:28,61,0,30,60
2023-07-31T03:42:02,61,0,30,60
2023-07-31T03:54:36,61,0,30,60
2023-07-31T04:17:41,61,0,30,60
2023-07-31T04:30:21,61,0,30,60
2023-07-31T04:42:55,61,0,30,60
2023-07-31T04:55:29,61,0,30,60
2023-07-31T05:08:06,61,0,30,60
2023-07-31T05:20:39,61,0,30,60
2023-07-31T05:33:13,61,0,30,60
2023-07-31T05:45:46,61,0,30,60
2023-07-31T05:58:21,61,0,30,60
2023-07-31T06:10:54,61,0,30,60
2023-07-31T06:23:27,61,0,30,60
2023-07-31T06:36:10,61,0,30,60
2023-07-31T06:48:42,61,0,30,60
2023-07-31T07:01:14,61,0,30,60
2023-07-31T07:13:47,61,0,30,60
2023-07-31T07:26:16,61,0,30,60
2023-07-31T07:38:46,61,0,30,60
2023-07-31T07:51:18,61,0,30,60
2023-07-31T08:03:48,61,0,30,60
2023-07-31T08:16:17,61,0,30,60
2023-07-31T08:28:49,61,0,30,60
2023-07-31T08:42:39,61,0,30,60
2023-07-31T08:55:09,61,0,30,60
2023-07-31T09:07:39,61,0,30,60
2023-07-31T09:20:08,61,0,30,60
2023-07-31T09:32:38,61,0,30,60
2023-07-31T09:45:15,61,0,30,60
2023-07-31T09:57:45,61,0,30,60
2023-07-31T10:10:14,61,0,30,60
2023-07-31T10:22:44,61,0,30,60
2023-07-31T10:35:14,61,0,30,60
2023-07-31T10:47:55,61,0,30,60
2023-07-31T11:00:26,61,0,30,60
2023-07-31T11:13:57,61,0,30,60
2023-07-31T11:26:27,61,0,30,60
2023-07-31T11:45:56,61,0,30,60
2023-07-31T11:58:26,61,0,30,60
2023-07-31T12:10:56,61,0,30,60
2023-07-31T12:23:25,61,0,30,60
2023-07-31T12:36:06,61,0,30,60
2023-07-31T12:48:37,61,0,30,60
2023-07-31T13:01:06,61,0,30,60
2023-07-31T13:13:36,61,0,30,60
2023-07-31T13:26:06,61,0,30,60
2023-07-31T13:38:35,61,0,30,60
2023-07-31T13:51:04,61,0,30,60
2023-07-31T14:03:34,61,0,30,60
2023-07-31T14:16:15,61,0,30,60
2023-07-31T14:28:46,61,0,30,60
2023-07-31T14:41:15,61,0,30,60
2023-07-31T14:53:46,61,0,30,60
2023-07-31T15:06:20,61,0,30,60
2023-07-31T15:18:53,61,0,30,60
2023-07-31T15:31:26,61,0,30,60
2023-07-31T15:44:00,61,0,30,60
2023-07-31T15:56:46,61,0,30,60
2023-07-31T16:09:20,61,0,30,60
2023-07-31T16:21:54,61,0,30,60
2023-07-31T16:34:27,61,0,30,60
2023-07-31T16:47:01,61,0,30,60
2023-07-31T16:59:34,61,0,30,60
2023-07-31T17:12:09,61,0,30,60
2023-07-31T17:24:44,61,0,30,60
2023-07-31T17:37:28,61,0,30,60
2023-07-31T17:50:02,61,0,30,60
2023-07-31T18:02:36,61,0,30,60
2023-07-31T18:15:10,61,0,30,60
2023-07-31T18:27:45,61,0,30,60
2023-07-31T18:40:20,61,0,30,60
2023-07-31T18:52:54,61,0,30,60
2023-07-31T19:05:29,61,0,30,60
2023-07-31T19:18:03,61,0,30,60
2023-07-31T19:30:38,61,0,30,60
2023-07-31T19:43:12,61,0,30,60
2023-07-31T19:55:55,61,0,30,60
2023-07-31T20:08:30,61,0,30,60
2023-07-31T20:21:03,61,0,30,60
2023-07-31T20:33:37,61,0,30,60
2023-07-31T20:46:11,61,0,30,60
2023-07-31T20:58:44,61,0,30,60
2023-07-31T21:11:19,61,0,30,60
2023-07-31T21:23:52,61,0,30,60
2023-07-31T21:36:26,61,0,30,60
2023-07-31T21:49:00,61,0,30,60
2023-07-31T22:01:44,61,0,30,60
2023-07-31T22:14:17,61,0,30,60
2023-07-31T22:26:50,61,0,30,60
2023-07-31T22:39:24,61,0,30,60
2023-07-31T22:51:57,61,0,30,60
2023-07-31T23:04:31,61,0,30,60
2023-07-31T23:17:07,61,0,30,60
2023-07-31T23:29:42,61,0,30,60
2023-07-31T23:42:17,61,0,30,60
2023-07-31T23:54:51,61,0,30,60
2023-08-01T00:07:37,61,0,30,60
2023-08-01T00:20:15,61,0,30,60
2023-08-01T00:32:53,61,0,30,60
2023-08-01T00:45:31,61,0,30,60
2023-08-01T00:58:10,61,0,30,60
2023-08-01T01:10:46,61,0,30,60
2023-08-01T01:23:23,61,0,30,60
2023-08-01T01:36:03,61,0,30,60
2023-08-01T01:48:40,61,0,30,60
2023-08-01T02:01:18,61,0,30,60
2023-08-01T02:13:56,61,0,30,60
2023-08-01T02:26:33,61,0,30,60
2023-08-01T02:39:10,61,0,30,60
2023-08-01T02:51:46,61,0,30,60
2023-08-01T03:04:21,61,0,30,60
2023-08-01T03:16:58,61,0,30,60
2023-08-01T03:29:34,61,0,30,60
2023-08-01T03:42:10,61,0,30,60
2023-08-01T03:54:59,61,0,30,60
2023-08-01T04:07:36,61,0,30,60
2023-08-01T04:26:53,61,0,30,60
2023-08-01T04:39:32,61,0,30,60
2023-08-01T04:52:12,61,0,30,60
2023-08-01T05:04:49,61,0,30,60
2023-08-01T05:17:23,61,0,30,60
2023-08-01T05:29:56,61,0,30,60
2023-08-01T05:42:31,61,0,30,60
2023-08-01T05:55:28,61,0,30,60
2023-08-01T06:08:04,61,0,30,60
2023-08-01T06:20:44,61,0,30,60
2023-08-01T06:33:21,61,0,30,60
2023-08-01T06:45:57,61,0,30,60
2023-08-01T06:58:34,61,0,30,60
2023-08-01T07:11:12,61,0,30,60
2023-08-01T07:23:48,61,0,30,60
2023-08-01T07:36:24,61,0,30,60
2023-08-01T07:48:58,61,0,30,60
2023-08-01T08:01:32,61,0,30,60
2023-08-01T08:14:08,61,0,30,60
2023-08-01T08:26:44,61,0,30,60
2023-08-01T08:39:20,61,0,30,60
2023-08-01T08:52:07,61,0,30,60
2023-08-01T09:04:42,61,0,30,60
2023-08-01T09:17:17,61,0,30,60
2023-08-01T09:29:54,61,0,30,60
2023-08-01T09:42:30,61,0,30,60
2023-08-01T09:55:05,61,0,30,60
2023-08-01T10:07:40,61,0,30,60
2023-08-01T10:20:16,61,0,30,60
2023-08-01T10:32:53,61,0,30,60
2023-08-01T10:45:28,61,0,30,60
2023-08-01T10:58:03,61,0,30,60
2023-08-01T11:10:38,61,0,30,60
2023-08-01T11:23:24,61,0,30,60
2023-08-01T11:36:00,61,0,30,60
2023-08-01T11:48:35,61,0,30,60
2023-08-01T12:01:09,61,0,30,60
2023-08-01T12:13:43,61,0,30,60
2023-08-01T12:26:17,61,0,30,60
2023-08-01T12:38:52,61,0,30,60
2023-08-01T12:51:26,61,0,30,60
2023-08-01T13:04:07,61,0,30,60
2023-08-01T13:16:42,61,0,30,60
2023-08-01T13:29:26,61,0,30,60
2023-08-01T13:42:00,61,0,30,60
2023-08-01T13:54:34,61,0,30,60
2023-08-01T14:07:09,61,0,30,60
2023-08-01T14:19:44,61,0,30,60
2023-08-01T14:32:19,61,0,30,60
2023-08-01T14:44:54,61,0,30,60
2023-08-01T14:57:29,61,0,30,60
2023-08-01T15:10:03,61,0,30,60
2023-08-01T15:22:37,61,0,30,60
2023-08-01T15:35:22,61,0,30,60
2023-08-01T15:47:57,61,0,30,60
2023-08-01T16:00:30,61,0,30,60
2023-08-01T16:13:05,61,0,30,60
2023-08-01T16:25:40,61,0,30,60
2023-08-01T16:38:14,61,0,30,60
2023-08-01T16:50:49,61,0,30,60
2023-08-01T17:03:23,61,0,30,60
2023-08-01T17:15:59,61,0,30,60
2023-08-01T17:28:35,61,0,30,60
2023-08-01T17:41:10,61,0,30,60
2023-08-01T17:53:54,61,0,30,60
2023-08-01T18:06:29,61,0,30,60
2023-08-01T18:19:03,61,0,30,60
2023-08-01T18:31:38,61,0,30,60
2023-08-01T18:44:13,61,0,30,60
2023-08-01T18:56:47,61,0,30,60
2023-08-01T19:09:22,61,0,30,60
2023-08-01T19:21:56,61,0,30,60
2023-08-01T19:34:31,61,0,30,60
2023-08-01T19:47:05,61,0,30,60
2023-08-01T19:59:39,61,0,30,60
2023-08-01T20:12:15,61,0,30,60
2023-08-01T20:24:51,61,0,30,60
2023-08-01T20:37:35,61,0,30,60
2023-08-01T20:50:10,61,0,30,60
2023-08-01T21:02:45,61,0,30,60
2023-08-01T21:15:19,61,0,30,60
2023-08-01T21:27:53,61,0,30,60
2023-08-01T21:40:29,61,0,30,60
2023-08-01T21:53:03,61,0,30,60
2023-08-01T22:05:37,61,0,30,60
2023-08-01T22:18:12,61,0,30,60
2023-08-01T22:30:47,61,0,30,60
2023-08-01T22:43:22,61,0,30,60
2023-08-01T22:55:56,61,0,30,60
2023-08-01T23:08:32,61,0,30,60
2023-08-01T23:21:17,61,0,30,60
2023-08-01T23:33:53,61,0,30,60
2023-08-01T23:46:27,61,0,30,60
2023-08-01T23:59:02,61,0,30,60
2023-08-02T00:11:38,61,0,30,60
2023-08-02T00:24:19,61,0,30,60
2023-08-02T00:36:56,61,0,30,60
2023-08-02T00:49:34,61,0,30,60
2023-08-02T01:02:13,61,0,30,60
2023-08-02T01:14:52,61,0,30,60
2023-08-02T01:27:30,61,0,30,60
2023-08-02T01:40:09,61,0,30,60
2023-08-02T01:52:50,61,0,30,60
2023-08-02T02:05:30,61,0,30,60
2023-08-02T02:18:07,61,0,30,60
2023-08-02T02:30:44,61,0,30,60
2023-08-02T02:43:21,61,0,30,60
2023-08-02T02:55:58,61,0,30,60
2023-08-02T03:08:37,61,0,30,60
2023-08-02T03:21:15,61,0,30,60
2023-08-02T03:33:53,61,0,30,60
2023-08-02T03:46:31,61,0,30,60
2023-08-02T03:59:18,61,0,30,60
2023-08-02T04:11:56,61,0,30,60
2023-08-02T04:24:16,61,0,30,60
2023-08-02T04:36:55,61,0,30,60
2023-08-02T04:49:45,61,0,30,60
2023-08-02T05:02:31,61,0,30,60
2023-08-02T05:15:31,61,0,30,60
2023-08-02T05:28:08,61,0,30,60
2023-08-02T05:40:46,61,0,30,60
2023-08-02T05:53:23,61,0,30,60
2023-08-02T06:06:00,61,0,30,60
2023-08-02T06:18:38,61,0,30,60
2023-08-02T06:31:17,61,0,30,60
2023-08-02T06:43:55,61,0,30,60
2023-08-02T06:56:33,61,0,30,60
2023-08-02T07:09:20,61,0,30,60
2023-08-02T07:21:58,61,0,30,60
2023-08-02T07:34:35,61,0,30,60
2023-08-02T07:47:14,61,0,30,60
2023-08-02T07:59:52,61,0,30,60
2023-08-02T08:12:30,61,0,30,60
2023-08-02T08:25:07,61,0,30,60
2023-08-02T08:37:44,61,0,30,60
2023-08-02T08:50:23,61,0,30,60
2023-08-02T09:03:00,61,0,30,60
2023-08-02T09:15:36,61,0,30,60
2023-08-02T09:28:14,61,0,30,60
2023-08-02T09:40:50,61,0,30,60
2023-08-02T09:53:38,61,0,30,60
2023-08-02T10:06:19,61,0,30,60
2023-08-02T10:18:54,61,0,30,60
2023-08-02T10:31:30,61,0,30,60
2023-08-02T10:44:05,61,0,30,60
2023-08-02T10:56:40,61,0,30,60
2023-08-02T11:09:16,61,0,30,60
2023-08-02T11:22:08,61,0,30,60
2023-08-02T11:34:44,61,0,30,60
2023-08-02T11:47:19,61,0,30,60
2023-08-02T11:59:55,61,0,30,60
2023-08-02T12:12:30,61,0,30,60
2023-08-02T12:25:05,61,0,30,60
2023-08-02T12:37:41,61,0,30,60
2023-08-02T12:50:25,61,0,30,60
2023-08-02T13:03:01,61,0,30,60
2023-08-02T13:15:37,61,0,30,60
2023-08-02T13:28:12,61,0,30,60
2023-08-02T13:40:48,61,0,30,60
2023-08-02T13:53:24,61,0,30,60
2023-08-02T14:05:59,61,0,30,60
2023-08-02T14:19:00,61,0,30,60
2023-08-02T14:31:36,61,0,30,60
2023-08-02T14:44:11,61,0,30,60
2023-08-02T14:56:46,61,0,30,60
2023-08-02T15:09:22,61,0,30,60
2023-08-02T15:21:58,61,0,30,60
2023-08-02T15:34:35,61,0,30,60
2023-08-02T15:47:10,61,0,30,60
2023-08-02T15:59:54,61,0,30,60
2023-08-02T16:12:29,61,0,30,60
2023-08-02T16:25:06,61,0,30,60
2023-08-02T16:37:41,61,0,30,60
2023-08-02T16:50:17,61,0,30,60
2023-08-02T17:02:52,61,0,30,60
2023-08-02T17:15:29,61,0,30,60
2023-08-02T17:28:04,61,0,30,60
2023-08-02T17:40:39,61,0,30,60
2023-08-02T17:53:14,61,0,30,60
2023-08-02T18:06:00,61,0,30,60
2023-08-02T18:18:36,61,0,30,60
2023-08-02T18:31:11,61,0,30,60
2023-08-02T18:43:46,61,0,30,60
2023-08-02T18:56:21,61,0,30,60
2023-08-02T19:08:57,61,0,30,60
2023-08-02T19:21:43,61,0,30,60
2023-08-02T19:34:18,61,0,30,60
2023-08-02T19:46:54,61,0,30,60
2023-08-02T19:59:29,61,0,30,60
2023-08-02T20:12:04,61,0,30,60
2023-08-02T20:24:39,61,0,30,60
2023-08-02T20:37:14,61,0,30,60
2023-08-02T20:49:49,61,0,30,60
2023-08-02T21:02:24,61,0,30,60
2023-08-02T21:15:10,61,0,30,60
2023-08-02T21:27:45,61,0,30,60
2023-08-02T21:40:20,61,0,30,60
2023-08-02T21:52:56,61,0,30,60
2023-08-02T22:05:31,61,0,30,60
2023-08-02T22:18:07,61,0,30,60
2023-08-02T22:30:42,61,0,30,60
2023-08-02T22:43:17,61,0,30,60
2023-08-02T22:55:53,61,0,30,60
2023-08-02T23:08:31,61,0,30,60
2023-08-02T23:21:17,61,0,30,60
2023-08-02T23:33:54,61,0,30,60
2023-08-02T23:46:29,61,0,30,60
2023-08-02T23:59:04,61,0,30,60
2023-08-03T00:11:43,61,0,30,60
2023-08-03T00:24:27,61,0,30,60
2023-08-03T00:37:08,61,0,30,60
2023-08-03T00:49:47,61,0,30,60
2023-08-03T01:02:29,61,0,30,60
2023-08-03T01:15:08,61,0,30,60
2023-08-03T01:27:47,61,0,30,60
2023-08-03T01:40:27,61,0,30,60
2023-08-03T01:53:08,61,0,30,60
2023-08-03T02:05:48,61,0,30,60
2023-08-03T02:18:35,61,0,30,60
2023-08-03T02:31:12,61,0,30,60
2023-08-03T02:43:47,61,0,30,60
2023-08-03T02:56:23,61,0,30,60
2023-08-03T03:08:59,61,0,30,60
2023-08-03T03:21:36,61,0,30,60
2023-08-03T03:34:14,61,0,30,60
2023-08-03T03:46:52,61,0,30,60
2023-08-03T03:59:30,61,0,30,60
2023-08-03T04:21:26,61,0,30,60
2023-08-03T04:34:10,61,0,30,60
2023-08-03T04:46:50,61,0,30,60
2023-08-03T04:59:28,61,0,30,60
2023-08-03T05:12:05,61,0,30,60
2023-08-03T05:24:42,61,0,30,60
2023-08-03T05:37:38,61,0,30,60
2023-08-03T05:50:17,61,0,30,60
2023-08-03T06:02:57,61,0,30,60
2023-08-03T06:15:37,61,0,30,60
2023-08-03T06:28:15,61,0,30,60
2023-08-03T06:40:53,61,0,30,60
2023-08-03T06:53:32,61,0,30,60
2023-08-03T07:06:11,61,0,30,60
2023-08-03T07:18:48,61,0,30,60
2023-08-03T07:31:25,61,0,30,60
2023-08-03T07:44:01,61,0,30,60
2023-08-03T07:56:37,61,0,30,60
2023-08-03T08:09:29,61,0,30,60
2023-08-03T08:22:07,61,0,30,60
2023-08-03T08:34:45,61,0,30,60
2023-08-03T08:47:23,61,0,30,60
2023-08-03T09:00:00,61,0,30,60
2023-08-03T09:12:37,61,0,30,60
2023-08-03T09:25:15,61,0,30,60
2023-08-03T09:37:51,61,0,30,60
2023-08-03T09:50:30,61,0,30,60
2023-08-03T10:03:09,61,0,30,60
2023-08-03T10:15:47,61,0,30,60
2023-08-03T10:28:33,61,0,30,60
2023-08-03T10:41:10,61,0,30,60
2023-08-03T10:53:46,61,0,30,60
2023-08-03T11:06:23,61,0,30,60
2023-08-03T11:18:59,61,0,30,60
2023-08-03T11:31:36,61,0,30,60
2023-08-03T11:44:11,61,0,30,60
2023-08-03T11:56:48,61,0,30,60
2023-08-03T12:09:44,61,0,30,60
2023-08-03T12:22:21,61,0,30,60
2023-08-03T12:34:58,61,0,30,60
2023-08-03T12:47:33,61,0,30,60
2023-08-03T13:00:09,61,0,30,60
2023-08-03T13:12:44,61,0,30,60
2023-08-03T13:25:20,61,0,30,60
2023-08-03T13:37:57,61,0,30,60
2023-08-03T13:50:33,61,0,30,60
2023-08-03T14:03:28,61,0,30,60
2023-08-03T14:16:04,61,0,30,60
2023-08-03T14:28:41,61,0,30,60
2023-08-03T14:41:17,61,0,30,60
2023-08-03T14:53:53,61,0,30,60
2023-08-03T15:06:30,61,0,30,60
2023-08-03T15:19:05,61,0,30,60
2023-08-03T15:31:41,61,0,30,60
2023-08-03T15:44:27,61,0,30,60
2023-08-03T15:57:03,61,0,30,60
2023-08-03T16:09:39,61,0,30,60
2023-08-03T16:22:15,61,0,30,60
2023-08-03T16:34:51,61,0,30,60
2023-08-03T16:47:28,61,0,30,60
2023-08-03T17:00:04,61,0,30,60
2023-08-03T17:12:54,61,0,30,60
2023-08-03T17:25:31,61,0,30,60
2023-08-03T17:38:07,61,0,30,60
2023-08-03T17:50:44,61,0,30,60
2023-08-03T18:03:20,61,0,30,60
2023-08-03T18:15:56,61,0,30,60
2023-08-03T18:28:42,61,0,30,60
2023-08-03T18:41:18,61,0,30,60
2023-08-03T18:53:53,61,0,30,60
2023-08-03T19:06:29,61,0,30,60
2023-08-03T19:19:06,61,0,30,60
2023-08-03T19:31:43,61,0,30,60
2023-08-03T19:44:31,61,0,30,60
2023-08-03T19:57:07,61,0,30,60
2023-08-03T20:09:42,61,0,30,60
2023-08-03T20:22:18,61,0,30,60
2023-08-03T20:34:53,61,0,30,60
2023-08-03T20:47:30,61,0,30,60
2023-08-03T21:00:26,61,0,30,60
2023-08-03T21:13:03,61,0,30,60
2023-08-03T21:25:39,61,0,30,60
2023-08-03T21:38:16,61,0,30,60
2023-08-03T21:50:52,61,0,30,60
2023-08-03T22:03:37,61,0,30,60
2023-08-03T22:16:13,61,0,30,60
2023-08-03T22:28:49,61,0,30,60
2023-08-03T22:41:26,61,0,30,60
2023-08-03T22:54:01,61,0,30,60
2023-08-03T23:06:39,61,0,30,60
2023-08-03T23:19:16,61,0,30,60
2023-08-03T23:31:52,61,0,30,60
2023-08-03T23:44:40,61,0,30,60
2023-08-04T00:00:16,61,0,30,60
2023-08-04T00:12:58,61,0,30,60
2023-08-04T00:25:39,61,0,30,60
2023-08-04T00:38:18,61,0,30,60
2023-08-04T00:50:59,61,0,30,60
2023-08-04T01:03:39,61,0,30,60
2023-08-04T01:16:19,61,0,30,60
2023-08-04T01:29:11,61,0,30,60
2023-08-04T01:42:13,61,0,30,60
2023-08-04T01:55:21,61,0,30,60
2023-08-04T02:07:59,61,0,30,60
2023-08-04T02:20:54,61,0,30,60
2023-08-04T02:33:31,61,0,30,60
2023-08-04T02:46:07,61,0,30,60
2023-08-04T02:58:43,61,0,30,60
2023-08-04T03:11:19,61,0,30,60
2023-08-04T03:23:54,61,0,30,60
2023-08-04T03:36:29,61,0,30,60
2023-08-04T03:49:14,61,0,30,60
2023-08-04T04:01:50,61,0,30,60
2023-08-04T04:14:26,61,0,30,60
2023-08-04T04:27:15,61,0,30,60
2023-08-04T04:39:54,61,0,30,60
2023-08-04T04:52:32,61,0,30,60
2023-08-04T05:05:09,61,0,30,60
2023-08-04T05:17:47,61,0,30,60
2023-08-04T05:30:26,61,0,30,60
2023-08-04T05:43:07,61,0,30,60
2023-08-04T05:55:59,61,0,30,60
2023-08-04T06:08:41,61,0,30,60
2023-08-04T06:21:23,61,0,30,60
2023-08-04T06:34:04,61,0,30,60
2023-08-04T06:46:43,61,0,30,60
2023-08-04T06:59:23,61,0,30,60
2023-08-04T07:12:04,61,0,30,60
2023-08-04T07:24:43,61,0,30,60
2023-08-04T07:37:35,61,0,30,60
2023-08-04T07:50:14,61,0,30,60
2023-08-04T08:02:54,61,0,30,60
2023-08-04T08:15:33,61,0,30,60
2023-08-04T08:28:11,61,0,30,60
2023-08-04T08:40:50,61,0,30,60
2023-08-04T08:53:28,61,0,30,60
2023-08-04T09:06:06,61,0,30,60
2023-08-04T09:18:43,61,0,30,60
2023-08-04T09:31:22,61,0,30,60
2023-08-04T09:43:58,61,0,30,60
2023-08-04T09:56:36,61,0,30,60
2023-08-04T10:09:14,61,0,30,60
2023-08-04T10:21:52,61,0,30,60
2023-08-04T10:34:29,61,0,30,60
2023-08-04T10:47:18,61,0,30,60
2023-08-04T10:59:55,61,0,30,60
2023-08-04T11:12:33,61,0,30,60
2023-08-04T11:25:11,61,0,30,60
2023-08-04T11:37:47,61,0,30,60
2023-08-04T11:50:23,61,0,30,60
2023-08-04T12:03:00,61,0,30,60
2023-08-04T12:15:35,61,0,30,60
2023-08-04T12:28:11,61,0,30,60
2023-08-04T12:41:07,61,0,30,60
2023-08-04T12:53:45,61,0,30,60
2023-08-04T13:06:21,61,0,30,60
2023-08-04T13:18:56,61,0,30,60
2023-08-04T13:31:32,61,0,30,60
2023-08-04T13:44:11,61,0,30,60
2023-08-04T13:56:46,61,0,30,60
2023-08-04T14:09:22,61,0,30,60
2023-08-04T14:22:00,61,0,30,60
2023-08-04T14:34:48,61,0,30,60
2023-08-04T14:47:24,61,0,30,60
2023-08-04T15:00:01,61,0,30,60
2023-08-04T15:12:55,61,0,30,60
2023-08-04T15:25:39,61,0,30,60
2023-08-04T15:38:15,61,0,30,60
2023-08-04T15:50:50,61,0,30,60
2023-08-04T16:03:26,61,0,30,60
2023-08-04T16:16:02,61,0,30,60
2023-08-04T16:28:49,61,0,30,60
2023-08-04T16:41:25,61,0,30,60
2023-08-04T16:54:01,61,0,30,60
2023-08-04T17:06:37,61,0,30,60
2023-08-04T17:19:14,61,0,30,60
2023-08-04T17:31:49,61,0,30,60
2023-08-04T17:44:25,61,0,30,60
2023-08-04T17:57:00,61,0,30,60
2023-08-04T18:09:36,61,0,30,60
2023-08-04T18:22:12,61,0,30,60
2023-08-04T18:34:47,61,0,30,60
2023-08-04T18:47:41,61,0,30,60
2023-08-04T19:00:16,61,0,30,60
2023-08-04T19:12:52,61,0,30,60
2023-08-04T19:25:27,61,0,30,60
2023-08-04T19:38:03,61,0,30,60
2023-08-04T19:50:39,61,0,30,60
2023-08-04T20:03:16,61,0,30,60
2023-08-04T20:15:51,61,0,30,60
2023-08-04T20:28:27,61,0,30,60
2023-08-04T20:41:02,61,0,30,60
2023-08-04T20:53:49,61,0,30,60
2023-08-04T21:06:25,61,0,30,60
2023-08-04T21:19:00,61,0,30,60
2023-08-04T21:31:36,61,0,30,60
2023-08-04T21:44:12,61,0,30,60
2023-08-04T21:56:47,61,0,30,60
2023-08-04T22:09:22,61,0,30,60
2023-08-04T22:21:58,61,0,30,60
2023-08-04T22:34:34,61,0,30,60
2023-08-04T22:47:10,61,0,30,60
2023-08-04T22:59:45,61,0,30,60
2023-08-04T23:12:24,61,0,30,60
2023-08-04T23:25:00,61,0,30,60
2023-08-04T23:37:45,61,0,30,60
2023-08-04T23:50:22,61,0,30,60
2023-08-05T00:02:59,61,0,30,60
2023-08-05T00:15:41,61,0,30,60
2023-08-05T00:28:21,61,0,30,60
2023-08-05T00:41:02,61,0,30,60
2023-08-05T00:53:42,61,0,30,60
2023-08-05T01:06:22,61,0,30,60
2023-08-05T01:19:02,61,0,30,60
2023-08-05T01:31:42,61,0,30,60
2023-08-05T01:44:23,61,0,30,60
2023-08-05T01:57:05,61,0,30,60
2023-08-05T02:09:42,61,0,30,60
2023-08-05T02:22:19,61,0,30,60
2023-08-05T02:35:00,61,0,30,60
2023-08-05T02:47:55,61,0,30,60
2023-08-05T03:00:31,61,0,30,60
2023-08-05T03:13:08,61,0,30,60
2023-08-05T03:25:46,61,0,30,60
2023-08-05T03:38:24,61,0,30,60
2023-08-05T03:51:02,61,0,30,60
2023-08-05T04:03:41,61,0,30,60
2023-08-05T04:24:48,61,0,30,60
2023-08-05T04:37:30,61,0,30,60
2023-08-05T04:50:10,61,0,30,60
2023-08-05T05:02:49,61,0,30,60
2023-08-05T05:15:25,61,0,30,60
2023-08-05T05:28:00,61,0,30,60
2023-08-05T05:40:39,61,0,30,60
2023-08-05T05:53:38,61,0,30,60
2023-08-05T06:06:19,61,0,30,60
2023-08-05T06:18:58,61,0,30,60
2023-08-05T06:31:37,61,0,30,60
2023-08-05T06:44:16,61,0,30,60
2023-08-05T06:56:55,61,0,30,60
2023-08-05T07:09:34,61,0,30,60
2023-08-05T07:22:12,61,0,30,60
2023-08-05T07:34:51,61,0,30,60
2023-08-05T07:47:31,61,0,30,60
2023-08-05T08:00:11,61,0,30,60
2023-08-05T08:12:51,61,0,30,60
2023-08-05T08:25:38,61,0,30,60
2023-08-05T08:38:17,61,0,30,60
2023-08-05T08:50:56,61,0,30,60
2023-08-05T09:03:34,61,0,30,60
2023-08-05T09:16:12,61,0,30,60
2023-08-05T09:28:51,61,0,30,60
2023-08-05T09:41:30,61,0,30,60
2023-08-05T09:54:08,61,0,30,60
2023-08-05T10:06:47,61,0,30,60
2023-08-05T10:19:26,61,0,30,60
2023-08-05T10:32:04,61,0,30,60
2023-08-05T10:44:43,61,0,30,60
2023-08-05T10:57:31,61,0,30,60
2023-08-05T11:10:10,61,0,30,60
2023-08-05T11:22:48,61,0,30,60
2023-08-05T11:35:26,61,0,30,60
2023-08-05T11:48:02,61,0,30,60
2023-08-05T12:00:40,61,0,30,60
2023-08-05T12:13:18,61,0,30,60
2023-08-05T12:25:59,61,0,30,60
2023-08-05T12:38:36,61,0,30,60
2023-08-05T12:51:11,61,0,30,60
2023-08-05T13:03:46,61,0,30,60
2023-08-05T13:16:21,61,0,30,60
2023-08-05T13:29:06,61,0,30,60
2023-08-05T13:41:42,61,0,30,60
2023-08-05T13:54:16,61,0,30,60
2023-08-05T14:06:51,61,0,30,60
2023-08-05T14:19:27,61,0,30,60
2023-08-05T14:32:03,61,0,30,60
2023-08-05T14:44:38,61,0,30,60
2023-08-05T14:57:14,61,0,30,60
2023-08-05T15:09:50,61,0,30,60
2023-08-05T15:22:25,61,0,30,60
2023-08-05T15:35:00,61,0,30,60
2023-08-05T15:47:36,61,0,30,60
2023-08-05T16:00:11,61,0,30,60
2023-08-05T16:12:46,61,0,30,60
2023-08-05T16:25:31,61,0,30,60
2023-08-05T16:38:06,61,0,30,60
2023-08-05T16:50:41,61,0,30,60
2023-08-05T17:03:16,61,0,30,60
2023-08-05T17:15:53,61,0,30,60
2023-08-05T17:28:28,61,0,30,60
2023-08-05T17:41:03,61,0,30,60
2023-08-05T17:53:39,61,0,30,60
2023-08-05T18:06:15,61,0,30,60
2023-08-05T18:18:49,61,0,30,60
2023-08-05T18:31:24,61,0,30,60
2023-08-05T18:44:00,61,0,30,60
2023-08-05T18:56:35,61,0,30,60
2023-08-05T19:09:23,61,0,30,60
2023-08-05T19:21:59,61,0,30,60
2023-08-05T19:34:34,61,0,30,60
2023-08-05T19:47:09,61,0,30,60
2023-08-05T19:59:44,61,0,30,60
2023-08-05T20:12:19,61,0,30,60
2023-08-05T20:24:54,61,0,30,60
2023-08-05T20:37:29,61,0,30,60
2023-08-05T20:50:04,61,0,30,60
2023-08-05T21:02:41,61,0,30,60
2023-08-05T21:15:16,61,0,30,60
2023-08-05T21:27:51,61,0,30,60
2023-08-05T21:40:26,61,0,30,60
2023-08-05T21:53:01,61,0,30,60
2023-08-05T22:05:37,61,0,30,60
2023-08-05T22:18:22,61,0,30,60
2023-08-05T22:30:57,61,0,30,60
2023-08-05T22:43:33,61,0,30,60
2023-08-05T22:56:08,61,0,30,60
2023-08-05T23:08:47,61,0,30,60
2023-08-05T23:21:23,61,0,30,60
2023-08-05T23:33:59,61,0,30,60
2023-08-05T23:46:34,61,0,30,60
2023-08-05T23:59:09,61,0,30,60
2023-08-06T00:11:46,61,0,30,60
2023-08-06T00:24:26,61,0,30,60
2023-08-06T00:37:04,61,0,30,60
2023-08-06T00:49:40,61,0,30,60
2023-08-06T01:02:21,61,0,30,60
2023-08-06T01:15:02,61,0,30,60
2023-08-06T01:27:43,61,0,30,60
2023-08-06T01:40:23,61,0,30,60
2023-08-06T01:53:13,61,0,30,60
2023-08-06T02:06:03,61,0,30,60
2023-08-06T02:18:43,61,0,30,60
2023-08-06T02:31:24,61,0,30,60
2023-08-06T02:44:04,61,0,30,60
2023-08-06T02:56:42,61,0,30,60
2023-08-06T03:09:21,61,0,30,60
2023-08-06T03:22:00,61,0,30,60
2023-08-06T03:34:39,61,0,30,60
2023-08-06T03:47:18,61,0,30,60
2023-08-06T03:59:58,61,0,30,60
2023-08-06T04:12:37,61,0,30,60
2023-08-06T04:30:35,61,0,30,60
2023-08-06T04:43:16,61,0,30,60
2023-08-06T04:55:57,61,0,30,60
2023-08-06T05:08:40,61,0,30,60
2023-08-06T05:21:20,61,0,30,60
2023-08-06T05:33:59,61,0,30,60
2023-08-06T05:46:40,61,0,30,60
2023-08-06T05:59:19,61,0,30,60
2023-08-06T06:11:58,61,0,30,60
2023-08-06T06:24:37,61,0,30,60
2023-08-06T06:37:16,61,0,30,60
2023-08-06T06:49:55,61,0,30,60
2023-08-06T07:02:32,61,0,30,60
2023-08-06T07:15:10,61,0,30,60
2023-08-06T07:27:45,61,0,30,60
2023-08-06T07:40:22,61,0,30,60
2023-08-06T07:53:00,61,0,30,60
2023-08-06T08:05:40,61,0,30,60
2023-08-06T08:18:17,61,0,30,60
2023-08-06T08:30:54,61,0,30,60
2023-08-06T08:43:31,61,0,30,60
2023-08-06T08:56:09,61,0,30,60
2023-08-06T09:08:45,61,0,30,60
2023-08-06T09:21:21,61,0,30,60
2023-08-06T09:34:00,61,0,30,60
2023-08-06T09:46:37,61,0,30,60
2023-08-06T09:59:14,61,0,30,60
2023-08-06T10:12:03,61,0,30,60
2023-08-06T10:24:38,61,0,30,60
2023-08-06T10:37:14,61,0,30,60
2023-08-06T10:49:51,61,0,30,60
2023-08-06T11:02:29,61,0,30,60
2023-08-06T11:15:07,61,0,30,60
2023-08-06T11:27:44,61,0,30,60
2023-08-06T11:40:21,61,0,30,60
2023-08-06T11:52:58,61,0,30,60
2023-08-06T12:05:36,61,0,30,60
2023-08-06T12:18:13,61,0,30,60
2023-08-06T12:30:48,61,0,30,60
2023-08-06T12:43:24,61,0,30,60
2023-08-06T12:56:17,61,0,30,60
2023-08-06T13:08:53,61,0,31,60
2023-08-06T13:21:28,61,0,31,60
2023-08-06T13:34:03,61,0,31,60
2023-08-06T13:46:39,61,0,31,60
2023-08-06T13:59:14,61,0,31,60
2023-08-06T14:11:49,61,0,31,60
2023-08-06T14:24:24,61,0,31,60
2023-08-06T14:36:59,61,0,31,60
2023-08-06T14:49:34,61,0,31,60
2023-08-06T15:02:09,61,0,31,60
2023-08-06T15:14:42,61,0,31,60
2023-08-06T15:27:27,61,0,31,60
2023-08-06T15:40:04,61,0,31,60
2023-08-06T15:52:39,61,0,31,60
2023-08-06T16:05:15,61,0,31,60
2023-08-06T16:17:52,61,0,31,60
2023-08-06T16:30:28,61,0,31,60
2023-08-06T16:43:05,61,0,31,60
2023-08-06T16:55:40,61,0,31,60
2023-08-06T17:08:16,61,0,31,60
2023-08-06T17:20:52,61,0,31,60
2023-08-06T17:33:27,61,0,31,60
2023-08-06T17:46:03,61,0,31,60
2023-08-06T17:58:39,61,0,31,60
2023-08-06T18:11:25,61,0,31,60
2023-08-06T18:24:01,61,0,31,60
2023-08-06T18:36:36,61,0,31,60
2023-08-06T18:49:12,61,0,31,60
2023-08-06T19:01:49,61,0,31,60
2023-08-06T19:14:28,61,0,31,60
2023-08-06T19:27:05,61,0,31,60
2023-08-06T19:39:40,61,0,31,60
2023-08-06T19:52:16,61,0,31,60
2023-08-06T20:04:51,61,0,31,60
2023-08-06T20:17:27,61,0,31,60
2023-08-06T20:30:13,61,0,31,60
2023-08-06T20:42:48,61,0,31,60
2023-08-06T20:55:24,61,0,31,60
2023-08-06T21:07:59,61,0,31,60
2023-08-06T21:20:35,61,0,31,60
2023-08-06T21:33:11,61,0,31,60
2023-08-06T21:45:48,61,0,31,60
2023-08-06T21:58:25,61,0,31,60
2023-08-06T22:11:00,61,0,31,60
2023-08-06T22:23:46,61,0,31,60
2023-08-06T22:36:22,61,0,31,60
2023-08-06T22:48:58,61,0,31,60
2023-08-06T23:01:34,61,0,31,60
2023-08-06T23:14:12,61,0,31,60
2023-08-06T23:26:48,61,0,31,60
2023-08-06T23:39:25,61,0,31,60
2023-08-06T23:52:04,61,0,31,60
2023-08-07T00:04:52,61,0,31,60
2023-08-07T00:17:41,61,0,31,60
2023-08-07T00:30:24,61,0,31,60
2023-08-07T00:43:08,61,0,31,60
2023-08-07T00:55:48,61,0,31,60
2023-08-07T01:08:24,61,0,31,60
2023-08-07T01:21:03,61,0,31,60
2023-08-07T01:33:46,61,0,31,60
2023-08-07T01:46:25,61,0,31,60
2023-08-07T01:59:06,61,0,31,60
2023-08-07T02:11:47,61,0,31,60
2023-08-07T02:24:26,61,0,31,60
2023-08-07T02:37:07,61,0,31,60
2023-08-07T02:50:03,61,0,31,60
2023-08-07T03:02:41,61,0,31,60
2023-08-07T03:15:20,61,0,31,60
2023-08-07T03:28:00,61,0,31,60
2023-08-07T03:40:39,61,0,31,60
2023-08-07T03:53:18,61,0,31,60
2023-08-07T04:05:58,61,0,31,60
2023-08-07T04:18:37,61,0,31,60
2023-08-07T04:30:54,61,0,31,60
2023-08-07T04:43:36,61,0,31,60
2023-08-07T04:56:17,61,0,31,60
2023-08-07T05:08:57,61,0,31,60
2023-08-07T05:21:36,61,0,31,60
2023-08-07T05:34:16,61,0,31,60
2023-08-07T05:46:56,61,0,31,60
2023-08-07T05:59:35,61,0,31,60
2023-08-07T06:12:14,61,0,31,60
2023-08-07T06:24:52,61,0,31,60
2023-08-07T06:37:32,61,0,31,60
2023-08-07T06:50:14,61,0,31,60
2023-08-07T07:02:52,61,0,31,60
2023-08-07T07:15:29,61,0,31,60
2023-08-07T07:28:04,61,0,31,60
2023-08-07T07:40:40,61,0,31,60
2023-08-07T07:53:15,61,0,31,60
2023-08-07T08:05:51,61,0,31,60
2023-08-07T08:18:36,61,0,31,60
2023-08-07T08:31:13,61,0,31,60
2023-08-07T08:43:49,61,0,31,60
2023-08-07T08:56:25,61,0,31,60
2023-08-07T09:09:00,61,0,31,60
2023-08-07T09:21:35,61,0,31,60
2023-08-07T09:34:11,61,0,31,60
2023-08-07T09:46:48,61,0,31,60
2023-08-07T09:59:36,61,0,31,60
2023-08-07T10:12:12,61,0,31,60
2023-08-07T10:24:48,61,0,31,60
2023-08-07T10:37:24,61,0,31,60
2023-08-07T10:49:59,61,0,31,60
2023-08-07T11:02:35,61,0,31,60
2023-08-07T11:15:22,61,0,31,60
2023-08-07T11:27:58,61,0,31,60
2023-08-07T11:40:34,61,0,31,60
2023-08-07T11:53:10,61,0,31,60
2023-08-07T12:05:45,61,0,31,60
2023-08-07T12:18:31,61,0,31,60
2023-08-07T12:31:06,61,0,31,60
2023-08-07T12:43:42,61,0,31,60
2023-08-07T12:56:20,61,0,31,60
2023-08-07T13:08:56,61,0,31,60
2023-08-07T13:21:41,61,0,31,60
2023-08-07T13:34:17,61,0,31,60
2023-08-07T13:46:52,61,0,31,60
2023-08-07T13:59:27,61,0,31,60
2023-08-07T14:12:03,61,0,31,60
2023-08-07T14:24:38,61,0,31,60
2023-08-07T14:37:14,61,0,31,60
2023-08-07T14:50:01,61,0,31,60
2023-08-07T15:02:36,61,0,31,60
2023-08-07T15:15:13,61,0,31,60
2023-08-07T15:27:48,61,0,31,60
2023-08-07T15:40:25,61,0,31,60
2023-08-07T15:53:01,61,0,31,60
2023-08-07T16:05:38,61,0,31,60
2023-08-07T16:18:15,61,0,31,60
2023-08-07T16:31:01,61,0,31,60
2023-08-07T16:43:38,61,0,31,60
2023-08-07T16:56:16,61,0,31,60
2023-08-07T17:08:52,61,0,31,60
2023-08-07T17:21:30,61,0,31,60
2023-08-07T17:34:07,61,0,31,60
2023-08-07T17:46:44,61,0,31,60
2023-08-07T17:59:30,61,0,31,60
2023-08-07T18:12:07,61,0,31,60
2023-08-07T18:24:43,61,0,31,60
2023-08-07T18:37:21,61,0,31,60
2023-08-07T18:49:57,61,0,31,60
2023-08-07T19:02:33,61,0,31,60
2023-08-07T19:15:10,61,0,31,60
2023-08-07T19:27:58,61,0,31,60
2023-08-07T19:40:36,61,0,31,60
2023-08-07T19:53:12,61,0,31,60
2023-08-07T20:05:49,61,0,31,60
2023-08-07T20:18:26,61,0,31,60
2023-08-07T20:31:04,61,0,31,60
2023-08-07T20:43:40,61,0,31,60
2023-08-07T20:56:17,61,0,31,60
2023-08-07T21:08:54,61,0,31,60
2023-08-07T21:21:30,61,0,31,60
2023-08-07T21:34:19,61,0,31,60
2023-08-07T21:46:57,61,0,31,60
2023-08-07T21:59:33,61,0,31,60
2023-08-07T22:12:09,61,0,31,60
2023-08-07T22:24:46,61,0,31,60
2023-08-07T22:37:23,61,0,31,60
2023-08-07T22:50:01,61,0,31,60
2023-08-07T23:02:38,61,0,31,60
2023-08-07T23:15:31,61,0,31,60
2023-08-07T23:28:08,61,0,31,60
2023-08-07T23:40:45,61,0,31,60
2023-08-07T23:53:22,61,0,31,60
2023-08-08T00:06:01,61,0,31,60
2023-08-08T00:18:40,61,0,31,60
2023-08-08T00:31:27,61,0,31,60
2023-08-08T00:44:06,61,0,31,60
2023-08-08T00:56:44,61,0,31,60
2023-08-08T01:09:24,61,0,31,60
2023-08-08T01:22:01,61,0,31,60
2023-08-08T01:34:49,61,0,31,60
2023-08-08T01:47:25,61,0,31,60
2023-08-08T02:00:04,61,0,31,60
2023-08-08T02:12:41,61,0,31,60
2023-08-08T02:25:16,61,0,31,60
2023-08-08T02:37:51,61,0,31,60
2023-08-08T02:50:25,61,0,31,60
2023-08-08T03:02:58,61,0,31,60
2023-08-08T03:15:44,61,0,31,60
2023-08-08T03:28:20,61,0,31,60
2023-08-08T03:40:55,61,0,31,60
2023-08-08T03:53:31,61,0,31,60
2023-08-08T04:06:08,61,0,31,60
2023-08-08T04:27:55,61,0,31,60
2023-08-08T04:40:36,61,0,31,60
2023-08-08T04:53:18,61,0,31,60
2023-08-08T05:05:58,61,0,31,60
2023-08-08T05:18:37,61,0,31,60
2023-08-08T05:31:15,61,0,31,60
2023-08-08T05:43:53,61,0,31,60
2023-08-08T05:56:33,61,0,31,60
2023-08-08T06:09:13,61,0,31,60
2023-08-08T06:21:52,61,0,31,60
2023-08-08T06:34:32,61,0,31,60
2023-08-08T06:47:13,61,0,31,60
2023-08-08T06:59:53,61,0,31,60
2023-08-08T07:12:33,61,0,31,60
2023-08-08T07:25:13,61,0,31,60
2023-08-08T07:37:52,61,0,31,60
2023-08-08T07:50:30,61,0,31,60
2023-08-08T08:03:29,61,0,31,60
2023-08-08T08:16:08,61,0,31,60
2023-08-08T08:28:49,61,0,31,60
2023-08-08T08:41:28,61,0,31,60
2023-08-08T08:54:08,61,0,31,60
2023-08-08T09:06:46,61,0,31,60
2023-08-08T09:19:24,61,0,31,60
2023-08-08T09:32:02,61,0,31,60
2023-08-08T09:44:42,61,0,31,60
2023-08-08T09:57:29,61,0,31,60
2023-08-08T10:10:08,61,0,31,60
2023-08-08T10:22:46,61,0,31,60
2023-08-08T10:35:25,61,0,31,60
2023-08-08T10:48:04,61,0,31,60
2023-08-08T11:00:43,61,0,31,60
2023-08-08T11:13:32,61,0,31,60
2023-08-08T11:26:09,61,0,31,60
2023-08-08T11:38:46,61,0,31,60
2023-08-08T11:51:24,61,0,31,60
2023-08-08T12:04:02,61,0,31,60
2023-08-08T12:16:58,61,0,31,60
2023-08-08T12:29:35,61,0,31,60
2023-08-08T12:42:13,61,0,31,60
2023-08-08T12:54:49,61,0,31,60
2023-08-08T13:07:26,61,0,31,60
2023-08-08T13:20:03,61,0,31,60
2023-08-08T13:32:44,61,0,31,60
2023-08-08T13:45:29,61,0,31,60
2023-08-08T13:58:06,61,0,31,60
2023-08-08T14:10:44,61,0,31,60
2023-08-08T14:23:21,61,0,31,60
2023-08-08T14:35:58,61,0,31,60
2023-08-08T14:48:35,61,0,31,60
2023-08-08T15:01:12,61,0,31,60
2023-08-08T15:13:58,61,0,31,60
2023-08-08T15:26:37,61,0,31,60
2023-08-08T15:39:14,61,0,31,60
2023-08-08T15:51:51,61,0,31,60
2023-08-08T16:04:28,61,0,31,60
2023-08-08T16:17:04,61,0,31,60
2023-08-08T16:29:52,61,0,31,60
2023-08-08T16:42:29,61,0,31,60
2023-08-08T16:55:06,61,0,31,60
2023-08-08T17:07:43,61,0,31,60
2023-08-08T17:20:19,61,0,31,60
2023-08-08T17:32:56,61,0,31,60
2023-08-08T17:45:33,61,0,31,60
2023-08-08T17:58:30,61,0,31,60
2023-08-08T18:11:07,61,0,31,60
2023-08-08T18:23:44,61,0,31,60
2023-08-08T18:36:21,61,0,31,60
2023-08-08T18:48:58,61,0,31,60
2023-08-08T19:01:36,61,0,31,60
2023-08-08T19:14:14,61,0,31,60
2023-08-08T19:26:51,61,0,31,60
2023-08-08T19:39:39,61,0,31,60
2023-08-08T19:52:16,61,0,31,60
2023-08-08T20:04:55,61,0,31,60
2023-08-08T20:17:32,61,0,31,60
2023-08-08T20:30:09,61,0,31,60
2023-08-08T20:42:46,61,0,31,60
2023-08-08T20:55:23,61,0,31,60
2023-08-08T21:07:59,61,0,31,60
2023-08-08T21:20:47,61,0,31,60
2023-08-08T21:33:24,61,0,31,60
2023-08-08T21:46:01,61,0,31,60
2023-08-08T21:58:38,61,0,31,60
2023-08-08T22:11:15,61,0,31,60
2023-08-08T22:23:51,61,0,31,60
2023-08-08T22:36:28,61,0,31,60
2023-08-08T22:49:05,61,0,31,60
2023-08-08T23:01:52,61,0,31,60
2023-08-08T23:14:32,61,0,31,60
2023-08-08T23:27:09,61,0,31,60
2023-08-08T23:39:48,61,0,31,60
2023-08-08T23:52:25,61,0,31,60
2023-08-09T00:05:04,61,0,31,60
2023-08-09T00:17:46,61,0,31,60
2023-08-09T00:30:23,61,0,31,60
2023-08-09T00:43:01,61,0,31,60
2023-08-09T00:55:38,61,0,31,60
2023-08-09T01:08:31,61,0,31,60
2023-08-09T01:21:08,61,0,31,60
2023-08-09T01:33:45,61,0,31,60
2023-08-09T01:46:20,61,0,31,60
2023-08-09T01:58:59,61,0,31,60
2023-08-09T02:11:38,61,0,31,60
2023-08-09T02:24:16,61,0,31,60
2023-08-09T02:36:55,61,0,31,60
2023-08-09T02:49:32,61,0,31,60
2023-08-09T03:02:10,61,0,31,60
2023-08-09T03:14:50,61,0,31,60
2023-08-09T03:27:31,61,0,31,60
2023-08-09T03:40:11,61,0,31,60
2023-08-09T03:52:52,61,0,31,60
2023-08-09T04:05:44,61,0,31,60
2023-08-09T04:20:31,61,0,31,60
2023-08-09T04:33:14,61,0,31,60
2023-08-09T04:45:56,61,0,31,60
2023-08-09T04:58:36,61,0,31,60
2023-08-09T05:11:18,61,0,31,60
2023-08-09T05:23:57,61,0,31,60
2023-08-09T05:36:38,61,0,31,60
2023-08-09T05:49:19,61,0,31,60
2023-08-09T06:01:59,61,0,31,60
2023-08-09T06:14:39,61,0,31,60
2023-08-09T06:27:21,61,0,31,60
2023-08-09T06:40:02,61,0,31,60
2023-08-09T06:52:42,61,0,31,60
2023-08-09T07:05:22,61,0,31,60
2023-08-09T07:18:01,61,0,31,60
2023-08-09T07:30:39,61,0,31,60
2023-08-09T07:43:18,61,0,31,60
2023-08-09T07:55:57,61,0,31,60
2023-08-09T08:08:48,61,0,31,60
2023-08-09T08:21:26,61,0,31,60
2023-08-09T08:34:05,61,0,31,60
2023-08-09T08:46:43,61,0,31,60
2023-08-09T08:59:21,61,0,31,60
2023-08-09T09:11:59,61,0,31,60
2023-08-09T09:24:36,61,0,31,60
2023-08-09T09:37:13,61,0,31,60
2023-08-09T09:49:49,61,0,31,60
2023-08-09T10:02:26,61,0,31,60
2023-08-09T10:15:12,61,0,31,60
2023-08-09T10:27:48,61,0,31,60
2023-08-09T10:40:25,61,0,31,60
2023-08-09T10:53:01,61,0,31,60
2023-08-09T11:05:37,61,0,31,60
2023-08-09T11:18:14,61,0,31,60
2023-08-09T11:31:01,61,0,31,60
2023-08-09T11:43:38,61,0,31,60
2023-08-09T11:56:14,61,0,31,60
2023-08-09T12:09:00,61,0,31,60
2023-08-09T12:21:36,61,0,31,60
2023-08-09T12:34:24,61,0,31,60
2023-08-09T12:47:00,61,0,31,60
2023-08-09T12:59:36,61,0,31,60
2023-08-09T13:12:24,61,0,31,60
2023-08-09T13:25:00,61,0,31,60
2023-08-09T13:37:36,61,0,31,60
2023-08-09T13:50:22,61,0,31,60
2023-08-09T14:05:19,61,0,31,60
2023-08-09T14:18:23,61,0,31,60
2023-08-09T14:31:10,61,0,31,60
2023-08-09T14:43:47,61,0,31,60
2023-08-09T14:56:24,61,0,31,60
2023-08-09T15:09:02,61,0,31,60
2023-08-09T15:21:39,61,0,31,60
2023-08-09T15:34:16,61,0,31,60
2023-08-09T15:46:53,61,0,31,60
2023-08-09T15:59:39,61,0,31,60
2023-08-09T16:12:16,61,0,31,60
2023-08-09T16:24:54,61,0,31,60
2023-08-09T16:37:30,61,0,31,60
2023-08-09T16:50:07,61,0,31,60
2023-08-09T17:02:43,61,0,31,60
2023-08-09T17:15:21,61,0,31,60
2023-08-09T17:27:58,61,0,31,60
2023-08-09T17:40:44,61,0,31,60
2023-08-09T17:53:21,61,0,31,60
2023-08-09T18:05:58,61,0,31,60
2023-08-09T18:18:35,61,0,31,60
2023-08-09T18:31:12,61,0,31,60
2023-08-09T18:43:49,61,0,31,60
2023-08-09T18:56:27,61,0,31,60
2023-08-09T19:09:05,61,0,31,60
2023-08-09T19:21:41,61,0,31,60
2023-08-09T19:34:19,61,0,31,60
2023-08-09T19:46:56,61,0,31,60
2023-08-09T19:59:43,61,0,31,60
2023-08-09T20:12:19,61,0,31,60
2023-08-09T20:24:56,61,0,31,60
2023-08-09T20:37:32,61,0,31,60
2023-08-09T20:50:08,61,0,31,60
2023-08-09T21:02:45,61,0,31,60
2023-08-09T21:15:22,61,0,31,60
2023-08-09T21:27:58,61,0,31,60
2023-08-09T21:40:36,61,0,31,60
2023-08-09T21:53:15,61,0,31,60
2023-08-09T22:06:02,61,0,31,60
2023-08-09T22:18:39,61,0,31,60
2023-08-09T22:31:16,61,0,31,60
2023-08-09T22:43:53,61,0,31,60
2023-08-09T22:56:29,61,0,31,60
2023-08-09T23:09:08,61,0,31,60
2023-08-09T23:21:45,61,0,31,60
2023-08-09T23:34:23,61,0,31,60
2023-08-09T23:47:00,61,0,31,60
2023-08-09T23:59:38,61,0,31,60
2023-08-10T00:12:19,61,0,31,60
2023-08-10T00:25:01,61,0,31,60
2023-08-10T00:37:38,61,0,31,60
2023-08-10T00:50:17,61,0,31,60
2023-08-10T01:03:06,61,0,31,60
2023-08-10T01:15:44,61,0,31,60
2023-08-10T01:28:21,61,0,31,60
2023-08-10T01:40:58,61,0,31,60
2023-08-10T01:53:37,61,0,31,60
2023-08-10T02:06:14,61,0,31,60
2023-08-10T02:18:49,61,0,31,60
2023-08-10T02:31:24,61,0,31,60
2023-08-10T02:44:00,61,0,31,60
2023-08-10T02:56:38,61,0,31,60
2023-08-10T03:09:16,61,0,31,60
2023-08-10T03:21:55,61,0,31,60
2023-08-10T03:34:34,61,0,31,60
2023-08-10T03:47:13,61,0,31,60
2023-08-10T03:59:53,61,0,31,60
2023-08-10T04:14:56,61,0,31,60
2023-08-10T04:28:30,61,0,31,60
2023-08-10T04:41:35,61,0,31,60
2023-08-10T04:54:18,61,0,31,60
2023-08-10T05:06:58,61,0,31,60
2023-08-10T05:19:35,61,0,31,60
2023-08-10T05:32:16,61,0,31,60
2023-08-10T05:44:53,61,0,31,60
2023-08-10T05:57:47,61,0,31,60
2023-08-10T06:10:27,61,0,31,60
2023-08-10T06:23:08,61,0,31,60
2023-08-10T06:35:48,61,0,31,60
2023-08-10T06:48:29,61,0,31,60
2023-08-10T07:01:09,61,0,31,60
2023-08-10T07:13:52,61,0,31,60
2023-08-10T07:26:33,61,0,31,60
2023-08-10T07:39:12,61,0,31,60
2023-08-10T07:51:50,61,0,31,60
2023-08-10T08:04:28,61,0,31,60
2023-08-10T08:17:07,61,0,31,60
2023-08-10T08:29:47,61,0,31,60
2023-08-10T08:42:36,61,0,31,60
2023-08-10T08:55:14,61,0,31,60
2023-08-10T09:07:53,61,0,31,60
2023-08-10T09:20:32,61,0,31,60
2023-08-10T09:33:11,61,0,31,60
2023-08-10T09:45:49,61,0,31,60
2023-08-10T09:58:28,61,0,31,60
2023-08-10T10:11:07,61,0,31,60
2023-08-10T10:23:47,61,0,31,60
2023-08-10T10:36:26,61,0,31,60
2023-08-10T10:49:14,61,0,31,60
2023-08-10T11:01:50,61,0,31,60
2023-08-10T11:14:28,61,0,31,60
2023-08-10T11:27:05,61,0,31,60
2023-08-10T11:39:42,61,0,31,60
2023-08-10T11:52:19,61,0,31,60
2023-08-10T12:04:55,61,0,31,60
2023-08-10T12:17:32,61,0,31,60
2023-08-10T12:30:19,61,0,31,60
2023-08-10T12:42:57,61,0,31,60
2023-08-10T12:55:34,61,0,31,60
2023-08-10T13:08:10,61,0,31,60
2023-08-10T13:20:48,61,0,31,60
2023-08-10T13:33:26,61,0,31,60
2023-08-10T13:46:03,61,0,31,60
2023-08-10T13:58:41,61,0,31,60
2023-08-10T14:11:19,61,0,31,60
2023-08-10T14:24:08,61,0,31,60
2023-08-10T14:36:45,61,0,31,60
2023-08-10T14:49:22,61,0,31,60
2023-08-10T15:02:00,61,0,31,60
2023-08-10T15:14:38,61,0,31,60
2023-08-10T15:27:15,61,0,31,60
2023-08-10T15:39:53,61,0,31,60
2023-08-10T15:52:30,61,0,31,60
2023-08-10T16:05:18,61,0,31,60
2023-08-10T16:17:54,61,0,31,60
2023-08-10T16:30:31,61,0,31,60
2023-08-10T16:43:08,61,0,31,60
2023-08-10T16:55:45,61,0,31,60
2023-08-10T17:08:23,61,0,31,60
2023-08-10T17:21:04,61,0,31,60
2023-08-10T17:33:51,61,0,31,60
2023-08-10T17:46:28,61,0,31,60
2023-08-10T17:59:05,61,0,31,60
2023-08-10T18:11:43,61,0,31,60
2023-08-10T18:24:22,61,0,31,60
2023-08-10T18:37:00,61,0,31,60
2023-08-10T18:49:37,61,0,31,60
2023-08-10T19:02:16,61,0,31,60
2023-08-10T19:14:54,61,0,31,60
2023-08-10T19:27:32,61,0,31,60
2023-08-10T19:40:21,61,0,31,60
2023-08-10T19:52:58,61,0,31,60
2023-08-10T20:05:36,61,0,31,60
2023-08-10T20:18:15,61,0,31,60
2023-08-10T20:30:53,61,0,31,60
2023-08-10T20:43:31,61,0,31,60
2023-08-10T20:56:09,61,0,31,60
2023-08-10T21:08:47,61,0,31,60
2023-08-10T21:21:25,61,0,31,60
2023-08-10T21:34:02,61,0,31,60
2023-08-10T21:46:40,61,0,31,60
2023-08-10T21:59:17,61,0,31,60
2023-08-10T22:12:05,61,0,31,60
2023-08-10T22:24:42,61,0,31,60
2023-08-10T22:37:19,61,0,31,60
2023-08-10T22:49:56,61,0,31,60
2023-08-10T23:02:34,61,0,31,60
2023-08-10T23:15:16,61,0,31,60
2023-08-10T23:27:54,61,0,31,60
2023-08-10T23:40:31,61,0,31,60
2023-08-10T23:53:10,61,0,31,60
2023-08-11T00:05:51,61,0,31,60
2023-08-11T00:18:33,61,0,31,60
2023-08-11T00:31:14,61,0,31,60
2023-08-11T00:44:06,61,0,31,60
2023-08-11T00:56:48,61,0,31,60
2023-08-11T01:09:30,61,0,31,60
2023-08-11T01:22:11,61,0,31,60
2023-08-11T01:34:54,61,0,31,60
2023-08-11T01:47:36,61,0,31,60
2023-08-11T02:00:21,61,0,31,60
2023-08-11T02:13:00,61,0,31,60
2023-08-11T02:25:37,61,0,31,60
2023-08-11T02:38:16,61,0,31,60
2023-08-11T02:50:53,61,0,31,60
2023-08-11T03:03:31,61,0,31,60
2023-08-11T03:16:11,61,0,31,60
2023-08-11T03:28:51,61,0,31,60
2023-08-11T03:41:32,61,0,31,60
2023-08-11T03:54:13,61,0,31,60
2023-08-11T04:06:54,61,0,31,60
2023-08-11T04:19:47,61,0,31,60
2023-08-11T04:32:32,61,0,31,60
2023-08-11T04:47:02,61,0,31,60
2023-08-11T04:59:45,61,0,31,60
2023-08-11T05:12:28,61,0,31,60
2023-08-11T05:25:09,61,0,31,60
2023-08-11T05:37:52,61,0,31,60
2023-08-11T05:50:34,61,0,31,60
2023-08-11T06:03:15,61,0,31,60
2023-08-11T06:15:55,61,0,31,60
2023-08-11T06:28:36,61,0,31,60
2023-08-11T06:41:17,61,0,31,60
2023-08-11T06:53:57,61,0,31,60
2023-08-11T07:06:40,61,0,31,60
2023-08-11T07:19:20,61,0,31,60
2023-08-11T07:32:00,61,0,31,60
2023-08-11T07:44:38,61,0,31,60
2023-08-11T07:57:18,61,0,31,60
2023-08-11T08:09:58,61,0,31,60
2023-08-11T08:22:38,61,0,31,60
2023-08-11T08:35:19,61,0,31,60
2023-08-11T08:47:59,61,0,31,60
2023-08-11T09:00:37,61,0,31,60
2023-08-11T09:13:28,61,0,31,60
2023-08-11T09:26:07,61,0,31,60
2023-08-11T09:38:47,61,0,31,60
2023-08-11T09:51:26,61,0,31,60
2023-08-11T10:04:04,61,0,31,60
2023-08-11T10:16:43,61,0,31,60
2023-08-11T10:29:21,61,0,31,60
2023-08-11T10:41:58,61,0,31,60
2023-08-11T10:54:35,61,0,31,60
2023-08-11T11:07:12,61,0,31,60
2023-08-11T11:19:50,61,0,31,60
2023-08-11T11:32:28,61,0,31,60
2023-08-11T11:45:07,61,0,31,60
2023-08-11T11:57:52,61,0,31,60
2023-08-11T12:10:30,61,0,31,60
2023-08-11T12:23:07,61,0,31,60
2023-08-11T12:35:45,61,0,31,60
2023-08-11T12:48:22,61,0,31,60
2023-08-11T13:01:00,61,0,31,60
2023-08-11T13:13:37,61,0,31,60
2023-08-11T13:26:14,61,0,31,60
2023-08-11T13:38:51,61,0,31,60
2023-08-11T13:51:28,61,0,31,60
2023-08-11T14:04:16,61,0,31,60
2023-08-11T14:16:53,61,0,31,60
2023-08-11T14:29:30,61,0,31,60
2023-08-11T14:42:08,61,0,31,60
2023-08-11T14:54:46,61,0,31,60
2023-08-11T15:07:24,61,0,31,60
2023-08-11T15:20:01,61,0,31,60
2023-08-11T15:32:39,61,0,31,60
2023-08-11T15:45:16,61,0,31,60
2023-08-11T15:57:54,61,0,31,60
2023-08-11T16:10:42,61,0,31,60
2023-08-11T16:23:19,61,0,31,60
2023-08-11T16:35:57,61,0,31,60
2023-08-11T16:48:34,61,0,31,60
2023-08-11T17:01:12,61,0,31,60
2023-08-11T17:13:50,61,0,31,60
2023-08-11T17:26:27,61,0,31,60
2023-08-11T17:39:04,61,0,31,60
2023-08-11T17:51:42,61,0,31,60
2023-08-11T18:04:19,61,0,31,60
2023-08-11T18:16:56,61,0,31,60
2023-08-11T18:29:34,61,0,31,60
2023-08-11T18:42:11,61,0,31,60
2023-08-11T18:54:48,61,0,31,60
2023-08-11T19:07:38,61,0,31,60
2023-08-11T19:20:17,61,0,31,60
2023-08-11T19:32:55,61,0,31,60
2023-08-11T19:45:32,61,0,31,60
2023-08-11T19:58:10,61,0,31,60
2023-08-11T20:10:48,61,0,31,60
2023-08-11T20:23:25,61,0,31,60
2023-08-11T20:36:03,61,0,31,60
2023-08-11T20:48:41,61,0,31,60
2023-08-11T21:01:19,61,0,31,60
2023-08-11T21:13:57,61,0,31,60
2023-08-11T21:26:45,61,0,31,60
2023-08-11T21:39:23,61,0,31,60
2023-08-11T21:52:01,61,0,31,60
2023-08-11T22:04:40,61,0,31,60
2023-08-11T22:17:17,61,0,31,60
2023-08-11T22:29:55,61,0,31,60
2023-08-11T22:42:33,61,0,31,60
2023-08-11T22:55:11,61,0,31,60
2023-08-11T23:07:50,61,0,31,60
2023-08-11T23:20:28,61,0,31,60
2023-08-11T23:33:07,61,0,31,60
2023-08-11T23:45:46,61,0,31,60
2023-08-11T23:58:36,61,0,31,60
2023-08-12T00:11:16,61,0,31,60
2023-08-12T00:24:00,61,0,31,60
2023-08-12T00:36:42,61,0,31,60
2023-08-12T00:50:02,61,0,31,60
2023-08-12T01:02:45,61,0,31,60
2023-08-12T01:15:26,61,0,31,60
2023-08-12T01:28:08,61,0,31,60
2023-08-12T01:40:50,61,0,31,60
2023-08-12T01:53:34,61,0,31,60
2023-08-12T02:06:16,61,0,31,60
2023-08-12T02:18:55,61,0,31,60
2023-08-12T02:31:36,61,0,31,60
2023-08-12T02:44:16,61,0,31,60
2023-08-12T02:56:53,61,0,31,60
2023-08-12T03:09:32,61,0,31,60
2023-08-12T03:22:12,61,0,31,60
2023-08-12T03:34:51,61,0,31,60
2023-08-12T03:47:31,61,0,31,60
2023-08-12T04:00:21,61,0,31,60
2023-08-12T04:15:16,61,0,31,60
2023-08-12T04:29:06,61,0,31,60
2023-08-12T04:42:11,61,0,31,60
2023-08-12T04:54:53,61,0,31,60
2023-08-12T05:07:34,61,0,31,60
2023-08-12T05:20:13,61,0,31,60
2023-08-12T05:32:53,61,0,31,60
2023-08-12T05:45:31,61,0,31,60
2023-08-12T05:58:12,61,0,31,60
2023-08-12T06:10:53,61,0,31,60
2023-08-12T06:23:36,61,0,31,60
2023-08-12T06:36:17,61,0,31,60
2023-08-12T06:48:59,61,0,31,60
2023-08-12T07:01:40,61,0,31,60
2023-08-12T07:14:21,61,0,31,60
2023-08-12T07:27:01,61,0,31,60
2023-08-12T07:39:41,61,0,31,60
2023-08-12T07:52:21,61,0,31,60
2023-08-12T08:05:01,61,0,31,60
2023-08-12T08:17:50,61,0,31,60
2023-08-12T08:30:32,61,0,31,60
2023-08-12T08:43:13,61,0,31,60
2023-08-12T08:55:54,61,0,31,60
2023-08-12T09:08:35,61,0,31,60
2023-08-12T09:21:15,61,0,31,60
2023-08-12T09:33:55,61,0,31,60
2023-08-12T09:46:36,61,0,31,60
2023-08-12T09:59:17,61,0,31,60
2023-08-12T10:11:57,61,0,31,60
2023-08-12T10:24:51,61,0,31,60
2023-08-12T10:37:33,61,0,31,60
2023-08-12T10:50:13,61,0,31,60
2023-08-12T11:02:53,61,0,31,60
2023-08-12T11:15:34,61,0,31,60
2023-08-12T11:28:14,61,0,31,60
2023-08-12T11:40:54,61,0,31,60
2023-08-12T11:53:33,61,0,31,60
2023-08-12T12:06:13,61,0,31,60
2023-08-12T12:18:54,61,0,31,60
2023-08-12T12:31:34,61,0,31,60
2023-08-12T12:44:13,61,0,31,60
2023-08-12T12:56:51,61,0,31,60
2023-08-12T13:09:28,61,0,31,60
2023-08-12T13:22:06,61,0,31,60
2023-08-12T13:34:54,61,0,31,60
2023-08-12T13:47:31,61,0,31,60
2023-08-12T14:00:08,61,0,31,60
2023-08-12T14:12:46,61,0,31,60
2023-08-12T14:25:24,61,0,31,60
2023-08-12T14:38:01,61,0,31,60
2023-08-12T14:50:38,61,0,31,60
2023-08-12T15:03:16,61,0,31,60
2023-08-12T15:15:54,61,0,31,60
2023-08-12T15:28:32,61,0,31,60
2023-08-12T15:41:09,61,0,31,60
2023-08-12T15:53:47,61,0,31,60
2023-08-12T16:06:25,61,0,31,60
2023-08-12T16:19:02,61,0,31,60
2023-08-12T16:31:40,61,0,31,60
2023-08-12T16:44:17,61,0,31,60
2023-08-12T16:56:55,61,0,31,60
2023-08-12T17:09:44,61,0,31,60
2023-08-12T17:22:22,61,0,31,60
2023-08-12T17:35:00,61,0,31,60
2023-08-12T17:47:38,61,0,31,60
2023-08-12T18:00:17,61,0,31,60
2023-08-12T18:12:55,61,0,31,60
2023-08-12T18:25:33,61,0,31,60
2023-08-12T18:38:12,61,0,31,60
2023-08-12T18:50:49,61,0,31,60
2023-08-12T19:03:27,61,0,31,60
2023-08-12T19:16:06,61,0,31,60
2023-08-12T19:28:43,61,0,31,60
2023-08-12T19:41:21,61,0,31,60
2023-08-12T19:53:59,61,0,31,60
2023-08-12T20:06:37,61,0,31,60
2023-08-12T20:19:15,61,0,31,60
2023-08-12T20:32:03,61,0,31,60
2023-08-12T20:44:41,61,0,31,60
2023-08-12T20:57:18,61,0,31,60
2023-08-12T21:09:57,61,0,31,60
2023-08-12T21:22:35,61,0,31,60
2023-08-12T21:35:14,61,0,31,60
2023-08-12T21:47:51,61,0,31,60
2023-08-12T22:00:29,61,0,31,60
2023-08-12T22:13:06,61,0,31,60
2023-08-12T22:25:45,61,0,31,60
2023-08-12T22:38:22,61,0,31,60
2023-08-12T22:51:00,61,0,31,60
2023-08-12T23:03:38,61,0,31,60
2023-08-12T23:16:19,61,0,31,60
2023-08-12T23:28:56,61,0,31,60
2023-08-12T23:41:34,61,0,31,60
2023-08-12T23:54:12,61,0,31,60
2023-08-13T00:07:02,61,0,31,60
2023-08-13T00:19:44,61,0,31,60
2023-08-13T00:32:24,61,0,31,60
2023-08-13T00:45:04,61,0,31,60
2023-08-13T00:57:42,61,0,31,60
2023-08-13T01:10:20,61,0,31,60
2023-08-13T01:22:59,61,0,31,60
2023-08-13T01:35:36,61,0,31,60
2023-08-13T01:48:14,61,0,31,60
2023-08-13T02:00:53,61,0,31,60
2023-08-13T02:13:31,61,0,31,60
2023-08-13T02:26:09,61,0,31,60
2023-08-13T02:38:57,61,0,31,60
2023-08-13T02:51:40,61,0,31,60
2023-08-13T03:04:28,61,0,31,60
2023-08-13T03:17:25,61,0,31,60
2023-08-13T03:30:08,61,0,31,60
2023-08-13T03:43:04,61,0,31,60
2023-08-13T03:56:22,61,0,31,60
2023-08-13T04:17:57,61,0,31,60
2023-08-13T04:31:04,61,0,31,60
2023-08-13T04:43:52,61,0,31,60
2023-08-13T04:56:37,61,0,31,60
2023-08-13T05:09:20,61,0,31,60
2023-08-13T05:22:03,61,0,31,60
2023-08-13T05:34:45,61,0,31,60
2023-08-13T05:47:28,61,0,31,60
2023-08-13T06:00:11,61,0,31,60
2023-08-13T06:12:53,61,0,31,60
2023-08-13T06:25:36,61,0,31,60
2023-08-13T06:38:17,61,0,31,60
2023-08-13T06:50:58,61,0,31,60
2023-08-13T07:03:39,61,0,31,60
2023-08-13T07:16:19,61,0,31,60
2023-08-13T07:29:01,61,0,31,60
2023-08-13T07:41:42,61,0,31,60
2023-08-13T07:54:23,61,0,31,60
2023-08-13T08:07:07,61,0,31,60
2023-08-13T08:19:49,61,0,31,60
2023-08-13T08:32:30,61,0,31,60
2023-08-13T08:45:12,61,0,31,60
2023-08-13T08:57:50,61,0,31,60
2023-08-13T09:10:37,61,0,31,60
2023-08-13T09:23:15,61,0,31,60
2023-08-13T09:35:55,61,0,31,60
2023-08-13T09:48:33,61,0,31,60
2023-08-13T10:01:12,61,0,31,60
2023-08-13T10:13:51,61,0,31,60
2023-08-13T10:26:30,61,0,31,60
2023-08-13T10:39:10,61,0,31,60
2023-08-13T10:51:50,61,0,31,60
2023-08-13T11:04:29,61,0,31,60
2023-08-13T11:17:08,61,0,31,60
2023-08-13T11:29:46,61,0,31,60
2023-08-13T11:42:25,61,0,31,60
2023-08-13T11:55:13,61,0,31,60
2023-08-13T12:07:51,61,0,31,60
2023-08-13T12:20:30,61,0,31,60
2023-08-13T12:33:08,61,0,31,60
2023-08-13T12:45:47,61,0,31,60
2023-08-13T12:58:25,61,0,31,60
2023-08-13T13:11:02,61,0,31,60
2023-08-13T13:23:40,61,0,31,60
2023-08-13T13:36:18,61,0,31,60
2023-08-13T13:48:55,61,0,31,60
2023-08-13T14:01:34,61,0,31,60
2023-08-13T14:14:13,61,0,31,60
2023-08-13T14:27:01,61,0,31,60
2023-08-13T14:39:39,61,0,31,60
2023-08-13T14:52:17,61,0,31,60
2023-08-13T15:04:55,61,0,31,60
2023-08-13T15:17:33,61,0,31,60
2023-08-13T15:30:11,61,0,31,60
2023-08-13T15:42:48,61,0,31,60
2023-08-13T15:55:25,61,0,31,60
2023-08-13T16:08:04,61,0,31,60
2023-08-13T16:20:43,61,0,31,60
2023-08-13T16:33:22,61,0,31,60
2023-08-13T16:46:12,61,0,31,60
2023-08-13T16:58:50,61,0,31,60
2023-08-13T17:11:29,61,0,31,60
2023-08-13T17:24:07,61,0,31,60
2023-08-13T17:36:45,61,0,31,60
2023-08-13T17:49:23,61,0,31,60
2023-08-13T18:02:00,61,0,31,60
2023-08-13T18:14:39,61,0,31,60
2023-08-13T18:27:17,61,0,31,60
2023-08-13T18:39:54,61,0,31,60
2023-08-13T18:52:32,61,0,31,60
2023-08-13T19:05:22,61,0,31,60
2023-08-13T19:18:02,61,0,31,60
2023-08-13T19:30:40,61,0,31,60
2023-08-13T19:43:17,61,0,31,60
2023-08-13T19:55:55,61,0,31,60
2023-08-13T20:08:33,61,0,31,60
2023-08-13T20:21:11,61,0,31,60
2023-08-13T20:33:48,61,0,31,60
2023-08-13T20:46:25,61,0,31,60
2023-08-13T20:59:03,61,0,31,60
2023-08-13T21:11:41,61,0,31,60
2023-08-13T21:24:29,61,0,31,60
2023-08-13T21:37:08,61,0,31,60
2023-08-13T21:49:47,61,0,31,60
2023-08-13T22:02:26,61,0,31,60
2023-08-13T22:15:03,61,0,31,60
2023-08-13T22:27:42,61,0,31,60
2023-08-13T22:40:20,61,0,31,60
2023-08-13T22:52:57,61,0,31,60
2023-08-13T23:05:36,61,0,31,60
2023-08-13T23:18:16,61,0,31,60
2023-08-13T23:31:07,61,0,31,60
2023-08-13T23:43:44,61,0,31,60
2023-08-13T23:56:22,61,0,31,60
2023-08-14T00:09:04,61,0,31,60
2023-08-14T00:21:58,61,0,31,60
2023-08-14T00:34:50,61,0,31,60
2023-08-14T00:47:32,61,0,31,60
2023-08-14T01:00:11,61,0,31,60
2023-08-14T01:12:53,61,0,31,60
2023-08-14T01:25:38,61,0,31,60
2023-08-14T01:38:30,61,0,31,60
2023-08-14T01:51:12,61,0,31,60
2023-08-14T02:04:02,61,0,31,60
2023-08-14T02:16:47,61,0,31,60
2023-08-14T02:29:28,61,0,31,60
2023-08-14T02:42:08,61,0,31,60
2023-08-14T02:54:49,61,0,31,60
2023-08-14T03:07:28,61,0,31,60
2023-08-14T03:20:10,61,0,31,60
2023-08-14T03:32:52,61,0,31,60
2023-08-14T03:45:31,61,0,31,60
2023-08-14T03:58:12,61,0,31,60
2023-08-14T04:17:27,61,0,31,60
2023-08-14T04:30:37,61,0,31,60
2023-08-14T04:43:19,61,0,31,60
2023-08-14T04:56:01,61,0,31,60
2023-08-14T05:08:45,61,0,31,60
2023-08-14T05:21:26,61,0,31,60
2023-08-14T05:34:08,61,0,31,60
2023-08-14T05:46:51,61,0,31,60
2023-08-14T05:59:33,61,0,31,60
2023-08-14T06:12:14,61,0,31,60
2023-08-14T06:24:58,61,0,31,60
2023-08-14T06:37:40,61,0,31,60
2023-08-14T06:50:21,61,0,31,60
2023-08-14T07:03:02,61,0,31,60
2023-08-14T07:15:41,61,0,31,60
2023-08-14T07:28:19,61,0,31,60
2023-08-14T07:40:58,61,0,31,60
2023-08-14T07:53:47,61,0,31,60
2023-08-14T08:06:25,61,0,31,60
2023-08-14T08:19:03,61,0,31,60
2023-08-14T08:31:42,61,0,31,60
2023-08-14T08:44:20,61,0,31,60
2023-08-14T08:56:58,61,0,31,60
2023-08-14T09:09:36,61,0,31,60
2023-08-14T09:22:14,61,0,31,60
2023-08-14T09:34:51,61,0,31,60
2023-08-14T09:47:39,61,0,31,60
2023-08-14T10:00:17,61,0,31,60
2023-08-14T10:12:55,61,0,31,60
2023-08-14T10:25:33,61,0,31,60
2023-08-14T10:38:12,61,0,31,60
2023-08-14T10:51:00,61,0,31,60
2023-08-14T11:03:39,61,0,31,60
2023-08-14T11:16:18,61,0,31,60
2023-08-14T11:28:56,61,0,31,60
2023-08-14T11:41:34,61,0,31,60
2023-08-14T11:54:12,61,0,31,60
2023-08-14T12:07:00,61,0,31,60
2023-08-14T12:19:37,61,0,31,60
2023-08-14T12:32:15,61,0,31,60
2023-08-14T12:44:53,61,0,31,60
2023-08-14T12:57:31,61,0,31,60
2023-08-14T13:10:18,61,0,31,60
2023-08-14T13:22:57,61,0,31,60
2023-08-14T13:35:35,61,0,31,60
2023-08-14T13:48:13,61,0,31,60
2023-08-14T14:01:04,61,0,31,60
2023-08-14T14:13:42,61,0,31,60
2023-08-14T14:26:20,61,0,31,60
2023-08-14T14:38:59,61,0,31,60
2023-08-14T14:51:38,61,0,31,60
2023-08-14T15:04:17,61,0,31,60
2023-08-14T15:17:06,61,0,31,60
2023-08-14T15:29:44,61,0,31,60
2023-08-14T15:42:22,61,0,31,60
2023-08-14T15:55:02,61,0,31,60
2023-08-14T16:07:40,61,0,31,60
2023-08-14T16:20:18,61,0,31,60
2023-08-14T16:33:08,61,0,31,60
2023-08-14T16:45:47,61,0,31,60
2023-08-14T16:58:27,61,0,31,60
2023-08-14T17:11:05,61,0,31,60
2023-08-14T17:23:45,61,0,31,60
2023-08-14T17:36:24,61,0,31,60
2023-08-14T17:49:02,61,0,31,60
2023-08-14T18:01:41,61,0,31,60
2023-08-14T18:14:20,61,0,31,60
2023-08-14T18:27:09,61,0,31,60
2023-08-14T18:39:47,61,0,31,60
2023-08-14T18:52:25,61,0,31,60
2023-08-14T19:05:04,61,0,31,60
2023-08-14T19:17:43,61,0,31,60
2023-08-14T19:30:21,61,0,31,60
2023-08-14T19:43:10,61,0,31,60
2023-08-14T19:55:48,61,0,31,60
2023-08-14T20:08:26,61,0,31,60
2023-08-14T20:21:04,61,0,31,60
2023-08-14T20:33:42,61,0,31,60
2023-08-14T20:46:31,61,0,31,60
2023-08-14T20:59:10,61,0,31,60
2023-08-14T21:11:49,61,0,31,60
2023-08-14T21:24:27,61,0,31,60
2023-08-14T21:37:06,61,0,31,60
2023-08-14T21:49:45,61,0,31,60
2023-08-14T22:02:22,61,0,31,60
2023-08-14T22:15:11,61,0,31,60
2023-08-14T22:27:50,61,0,31,60
2023-08-14T22:40:28,61,0,31,60
2023-08-14T22:53:07,61,0,31,60
2023-08-14T23:05:47,61,0,31,60
2023-08-14T23:18:27,61,0,31,60
2023-08-14T23:31:07,61,0,31,60
2023-08-14T23:43:46,61,0,31,60
2023-08-14T23:56:25,61,0,31,60
2023-08-15T00:09:07,61,0,31,60
2023-08-15T00:21:58,61,0,31,60
2023-08-15T00:34:41,61,0,31,60
2023-08-15T00:47:23,61,0,31,60
2023-08-15T01:00:07,61,0,31,60
2023-08-15T01:12:50,61,0,31,60
2023-08-15T01:25:31,61,0,31,60
2023-08-15T01:38:14,61,0,31,60
2023-08-15T01:50:56,61,0,31,60
2023-08-15T02:03:41,61,0,31,60
2023-08-15T02:16:22,61,0,31,60
2023-08-15T02:29:02,61,0,31,60
2023-08-15T02:41:44,61,0,31,60
2023-08-15T02:54:23,61,0,31,60
2023-08-15T03:07:02,61,0,31,60
2023-08-15T03:19:43,61,0,31,60
2023-08-15T03:32:23,61,0,31,60
2023-08-15T03:45:03,61,0,31,60
2023-08-15T03:57:45,61,0,31,60
2023-08-15T04:12:32,61,0,31,60
2023-08-15T04:37:02,61,0,31,60
2023-08-15T04:49:49,61,0,31,60
2023-08-15T05:02:32,61,0,31,60
2023-08-15T05:15:13,61,0,31,60
2023-08-15T05:27:55,61,0,31,60
2023-08-15T05:40:33,61,0,31,60
2023-08-15T05:53:12,61,0,31,60
2023-08-15T06:05:50,61,0,31,60
2023-08-15T06:18:32,61,0,31,60
2023-08-15T06:31:14,61,0,31,60
2023-08-15T06:43:55,61,0,31,60
2023-08-15T06:56:37,61,0,31,60
2023-08-15T07:09:26,61,0,31,60
2023-08-15T07:22:08,61,0,31,60
2023-08-15T07:34:48,61,0,31,60
2023-08-15T07:47:36,61,0,31,60
2023-08-15T08:00:17,61,0,31,60
2023-08-15T08:12:58,61,0,31,60
2023-08-15T08:25:38,61,0,31,60
2023-08-15T08:38:20,61,0,31,60
2023-08-15T08:51:01,61,0,31,60
2023-08-15T09:03:44,61,0,31,60
2023-08-15T09:16:26,61,0,31,60
2023-08-15T09:29:12,61,0,31,60
2023-08-15T09:41:54,61,0,31,60
2023-08-15T09:54:37,61,0,31,60
2023-08-15T10:07:31,61,0,31,60
2023-08-15T10:20:13,61,0,31,60
2023-08-15T10:32:58,61,0,31,60
2023-08-15T10:45:39,61,0,31,60
2023-08-15T10:58:21,61,0,31,60
2023-08-15T11:11:00,61,0,31,60
2023-08-15T11:23:40,61,0,31,60
2023-08-15T11:36:20,61,0,31,60
2023-08-15T11:49:01,61,0,31,60
2023-08-15T12:01:39,61,0,31,60
2023-08-15T12:14:29,61,0,31,60
2023-08-15T12:27:07,61,0,31,60
2023-08-15T12:39:45,61,0,31,60
2023-08-15T12:52:24,61,0,31,60
2023-08-15T13:05:02,61,0,31,60
2023-08-15T13:17:40,61,0,31,60
2023-08-15T13:30:19,61,0,31,60
2023-08-15T13:43:08,61,0,31,60
2023-08-15T13:55:47,61,0,31,60
2023-08-15T14:08:27,61,0,31,60
2023-08-15T14:21:05,61,0,31,60
2023-08-15T14:33:46,61,0,31,60
2023-08-15T14:46:25,61,0,31,60
2023-08-15T14:59:04,61,0,31,60
2023-08-15T15:11:44,61,0,31,60
2023-08-15T15:24:32,61,0,31,60
2023-08-15T15:37:11,61,0,31,60
2023-08-15T15:49:51,61,0,31,60
2023-08-15T16:02:30,61,0,31,60
2023-08-15T16:15:09,61,0,31,60
2023-08-15T16:27:49,61,0,31,60
2023-08-15T16:40:28,61,0,31,60
2023-08-15T16:53:07,61,0,31,60
2023-08-15T17:05:58,61,0,31,60
2023-08-15T17:18:38,61,0,31,60
2023-08-15T17:31:17,61,0,31,60
2023-08-15T17:43:55,61,0,31,60
2023-08-15T17:56:33,61,0,31,60
2023-08-15T18:09:13,61,0,31,60
2023-08-15T18:21:51,61,0,31,60
2023-08-15T18:34:30,61,0,31,60
2023-08-15T18:47:08,61,0,31,60
2023-08-15T18:59:56,61,0,31,60
2023-08-15T19:12:36,61,0,31,60
2023-08-15T19:25:15,61,0,31,60
2023-08-15T19:37:54,61,0,31,60
2023-08-15T19:50:33,61,0,31,60
2023-08-15T20:03:11,61,0,31,60
2023-08-15T20:15:50,61,0,31,60
2023-08-15T20:28:28,61,0,31,60
2023-08-15T20:41:07,61,0,31,60
2023-08-15T20:53:45,61,0,31,60
2023-08-15T21:06:34,61,0,31,60
2023-08-15T21:19:12,61,0,31,60
2023-08-15T21:31:50,61,0,31,60
2023-08-15T21:44:29,61,0,31,60
2023-08-15T21:57:07,61,0,31,60
2023-08-15T22:09:47,61,0,31,60
2023-08-15T22:22:26,61,0,31,60
2023-08-15T22:35:04,61,0,31,60
2023-08-15T22:47:43,61,0,31,60
2023-08-15T23:00:33,61,0,31,60
2023-08-15T23:13:13,61,0,31,60
2023-08-15T23:25:52,61,0,31,60
2023-08-15T23:38:31,61,0,31,60
2023-08-15T23:51:11,61,0,31,60
2023-08-16T00:03:50,61,0,31,60
2023-08-16T00:16:34,61,0,31,60
2023-08-16T00:29:16,61,0,31,60
2023-08-16T00:41:59,61,0,31,60
2023-08-16T00:54:42,61,0,31,60
2023-08-16T01:07:37,61,0,31,60
2023-08-16T01:20:20,61,0,31,60
2023-08-16T01:33:03,61,0,31,60
2023-08-16T01:45:47,61,0,31,60
2023-08-16T01:58:30,61,0,31,60
2023-08-16T02:11:21,61,0,31,60
2023-08-16T02:24:01,61,0,31,60
2023-08-16T02:36:40,61,0,31,60
2023-08-16T02:49:20,61,0,31,60
2023-08-16T03:02:10,61,0,31,60
2023-08-16T03:14:49,61,0,31,60
2023-08-16T03:27:28,61,0,31,60
2023-08-16T03:40:07,61,0,31,60
2023-08-16T03:52:49,61,0,31,60
2023-08-16T04:05:32,61,0,31,60
2023-08-16T04:26:51,61,0,31,60
2023-08-16T04:39:59,61,0,31,60
2023-08-16T04:52:47,61,0,31,60
2023-08-16T05:05:30,61,0,31,60
2023-08-16T05:18:12,61,0,31,60
2023-08-16T05:31:02,61,0,31,60
2023-08-16T05:43:46,61,0,31,60
2023-08-16T05:56:29,61,0,31,60
2023-08-16T06:09:21,61,0,31,60
2023-08-16T06:22:04,61,0,31,60
2023-08-16T06:34:47,61,0,31,60
2023-08-16T06:47:29,61,0,31,60
2023-08-16T07:00:21,61,0,31,60
2023-08-16T07:13:03,61,0,31,60
2023-08-16T07:25:44,61,0,31,60
2023-08-16T07:38:24,61,0,31,60
2023-08-16T07:51:05,61,0,31,60
2023-08-16T08:03:55,61,0,31,60
2023-08-16T08:16:35,61,0,31,60
2023-08-16T08:29:16,61,0,31,60
2023-08-16T08:41:57,61,0,31,60
2023-08-16T08:54:47,61,0,31,60
2023-08-16T09:07:26,61,0,31,60
2023-08-16T09:20:08,61,0,31,60
2023-08-16T09:32:55,61,0,31,60
2023-08-16T09:45:34,61,0,31,60
2023-08-16T09:58:12,61,0,31,60
2023-08-16T10:10:51,61,0,31,60
2023-08-16T10:23:38,61,0,31,60
2023-08-16T10:36:17,61,0,31,60
2023-08-16T10:48:56,61,0,31,60
2023-08-16T11:01:43,61,0,31,60
2023-08-16T11:14:21,61,0,31,60
2023-08-16T11:26:59,61,0,31,60
2023-08-16T11:39:47,61,0,31,60
2023-08-16T11:52:26,61,0,31,60
2023-08-16T12:05:05,61,0,31,60
2023-08-16T12:17:54,61,0,31,60
2023-08-16T12:30:32,61,0,31,60
2023-08-16T12:43:10,61,0,31,60
2023-08-16T12:55:58,61,0,31,60
2023-08-16T13:08:37,61,0,31,60
2023-08-16T13:21:15,61,0,31,60
2023-08-16T13:33:53,61,0,31,60
2023-08-16T13:46:35,61,0,31,60
2023-08-16T13:59:15,61,0,31,60
2023-08-16T14:11:53,61,0,31,60
2023-08-16T14:24:31,61,0,31,60
2023-08-16T14:37:19,61,0,31,60
2023-08-16T14:49:58,61,0,31,60
2023-08-16T15:02:36,61,0,31,60
2023-08-16T15:15:16,61,0,31,60
2023-08-16T15:27:56,61,0,31,60
2023-08-16T15:40:35,61,0,31,60
2023-08-16T15:53:14,61,0,31,60
2023-08-16T16:05:53,61,0,31,60
2023-08-16T16:18:32,61,0,31,60
2023-08-16T16:31:21,61,0,31,60
2023-08-16T16:44:01,61,0,31,60
2023-08-16T16:56:40,61,0,31,60
2023-08-16T17:09:19,61,0,31,60
2023-08-16T17:21:58,61,0,31,60
2023-08-16T17:34:37,61,0,31,60
2023-08-16T17:47:16,61,0,31,60
2023-08-16T17:59:54,61,0,31,60
2023-08-16T18:12:33,61,0,31,60
2023-08-16T18:25:22,61,0,31,60
2023-08-16T18:38:01,61,0,31,60
2023-08-16T18:50:40,61,0,31,60
2023-08-16T19:03:19,61,0,31,60
2023-08-16T19:16:01,61,0,31,60
2023-08-16T19:28:40,61,0,31,60
2023-08-16T19:41:20,61,0,31,60
2023-08-16T19:54:00,61,0,31,60
2023-08-16T20:06:39,61,0,31,60
2023-08-16T20:19:18,61,0,31,60
2023-08-16T20:32:08,61,0,31,60
2023-08-16T20:44:46,61,0,31,60
2023-08-16T20:57:26,61,0,31,60
2023-08-16T21:10:05,61,0,31,60
2023-08-16T21:22:44,61,0,31,60
2023-08-16T21:35:24,61,0,31,60
2023-08-16T21:48:03,61,0,31,60
2023-08-16T22:00:43,61,0,31,60
2023-08-16T22:13:22,61,0,31,60
2023-08-16T22:26:00,61,0,31,60
2023-08-16T22:38:48,61,0,31,60
2023-08-16T22:51:28,61,0,31,60
2023-08-16T23:04:07,61,0,31,60
2023-08-16T23:16:49,61,0,31,60
2023-08-16T23:29:28,61,0,31,60
2023-08-16T23:42:09,61,0,31,60
2023-08-16T23:54:49,61,0,31,60
2023-08-17T00:07:30,61,0,31,60
2023-08-17T00:20:16,61,0,31,60
2023-08-17T00:33:00,61,0,31,60
2023-08-17T00:45:43,61,0,31,60
2023-08-17T00:58:37,61,0,31,60
2023-08-17T01:11:21,61,0,31,60
2023-08-17T01:24:03,61,0,31,60
2023-08-17T01:36:47,61,0,31,60
2023-08-17T01:49:30,61,0,31,60
2023-08-17T02:02:13,61,0,31,60
2023-08-17T02:14:54,61,0,31,60
2023-08-17T02:27:34,61,0,31,60
2023-08-17T02:40:15,61,0,31,60
2023-08-17T02:52:54,61,0,31,60
2023-08-17T03:05:40,61,0,31,60
2023-08-17T03:18:23,61,0,31,60
2023-08-17T03:31:08,61,0,31,60
2023-08-17T03:43:50,61,0,31,60
2023-08-17T03:56:33,61,0,31,60
2023-08-17T04:19:41,61,0,31,60
2023-08-17T04:32:51,61,0,31,60
2023-08-17T04:45:36,61,0,31,60
2023-08-17T04:58:19,61,0,31,60
2023-08-17T05:11:04,61,0,31,60
2023-08-17T05:23:48,61,0,31,60
2023-08-17T05:36:31,61,0,31,60
2023-08-17T05:49:15,61,0,31,60
2023-08-17T06:01:57,61,0,31,60
2023-08-17T06:14:40,61,0,31,60
2023-08-17T06:27:22,61,0,31,60
2023-08-17T06:40:07,61,0,31,60
2023-08-17T06:52:50,61,0,31,60
2023-08-17T07:05:33,61,0,31,60
2023-08-17T07:18:18,61,0,31,60
2023-08-17T07:31:13,61,0,31,60
2023-08-17T07:43:53,61,0,31,60
2023-08-17T07:56:43,61,0,31,60
2023-08-17T08:09:23,61,0,31,60
2023-08-17T08:22:02,61,0,31,60
2023-08-17T08:34:41,61,0,31,60
2023-08-17T08:47:21,61,0,31,60
2023-08-17T09:00:00,61,0,31,60
2023-08-17T09:12:40,61,0,31,60
2023-08-17T09:25:19,61,0,31,60
2023-08-17T09:37:58,61,0,31,60
2023-08-17T09:50:40,61,0,31,60
2023-08-17T10:03:20,61,0,31,60
2023-08-17T10:16:12,61,0,31,60
2023-08-17T10:28:51,61,0,31,60
2023-08-17T10:41:30,61,0,31,60
2023-08-17T10:54:09,61,0,31,60
2023-08-17T11:06:48,61,0,31,60
2023-08-17T11:19:27,61,0,31,60
2023-08-17T11:32:06,61,0,31,60
2023-08-17T11:44:46,61,0,31,60
2023-08-17T11:57:25,61,0,31,60
2023-08-17T12:10:14,61,0,31,60
2023-08-17T12:22:52,61,0,31,60
2023-08-17T12:35:32,61,0,31,60
2023-08-17T12:48:11,61,0,31,60
2023-08-17T13:00:51,61,0,31,60
2023-08-17T13:13:29,61,0,31,60
2023-08-17T13:26:08,61,0,31,60
2023-08-17T13:38:47,61,0,31,60
2023-08-17T13:51:37,61,0,31,60
2023-08-17T14:04:16,61,0,31,60
2023-08-17T14:16:55,61,0,31,60
2023-08-17T14:29:34,61,0,31,60
2023-08-17T14:42:14,61,0,31,60
2023-08-17T14:54:53,61,0,31,60
2023-08-17T15:07:32,61,0,31,60
2023-08-17T15:20:11,61,0,31,60
2023-08-17T15:32:51,61,0,31,60
2023-08-17T15:45:31,61,0,31,60
2023-08-17T15:58:22,61,0,31,60
2023-08-17T16:11:02,61,0,31,60
2023-08-17T16:23:41,61,0,31,60
2023-08-17T16:36:21,61,0,31,60
2023-08-17T16:49:01,61,0,31,60
2023-08-17T17:01:41,61,0,31,60
2023-08-17T17:14:21,61,0,31,60
2023-08-17T17:27:01,61,0,31,60
2023-08-17T17:39:51,61,0,31,60
2023-08-17T17:52:31,61,0,31,60
2023-08-17T18:05:10,61,0,31,60
2023-08-17T18:17:50,61,0,31,60
2023-08-17T18:30:30,61,0,31,60
2023-08-17T18:43:10,61,0,31,60
2023-08-17T18:55:51,61,0,31,60
2023-08-17T19:08:31,61,0,31,60
2023-08-17T19:21:11,61,0,31,60
2023-08-17T19:34:03,61,0,31,60
2023-08-17T19:46:44,61,0,31,60
2023-08-17T19:59:24,61,0,31,60
2023-08-17T20:12:04,61,0,31,60
2023-08-17T20:24:45,61,0,31,60
2023-08-17T20:37:24,61,0,31,60
2023-08-17T20:50:04,61,0,31,60
2023-08-17T21:02:44,61,0,31,60
2023-08-17T21:15:24,61,0,31,60
2023-08-17T21:28:04,61,0,31,60
2023-08-17T21:40:44,61,0,31,60
2023-08-17T21:53:24,61,0,31,60
2023-08-17T22:06:14,61,0,31,60
2023-08-17T22:18:54,61,0,31,60
2023-08-17T22:31:34,61,0,31,60
2023-08-17T22:44:15,61,0,31,60
2023-08-17T22:56:55,61,0,31,60
2023-08-17T23:09:39,61,0,31,60
2023-08-17T23:22:20,61,0,31,60
2023-08-17T23:35:01,61,0,31,60
2023-08-17T23:47:42,61,0,31,60
2023-08-18T00:00:23,61,0,31,60
2023-08-18T00:13:12,61,0,31,60
2023-08-18T00:26:00,61,0,31,60
2023-08-18T00:38:55,61,0,31,60
2023-08-18T00:51:38,61,0,31,60
2023-08-18T01:04:24,61,0,31,60
2023-08-18T01:17:08,61,0,31,60
2023-08-18T01:29:53,61,0,31,60
2023-08-18T01:42:38,61,0,31,60
2023-08-18T01:55:22,61,0,31,60
2023-08-18T02:08:09,61,0,31,60
2023-08-18T02:21:14,61,0,31,60
2023-08-18T02:33:59,61,0,31,60
2023-08-18T02:46:43,61,0,31,60
2023-08-18T02:59:27,61,0,31,60
2023-08-18T03:12:12,61,0,31,60
2023-08-18T03:24:55,61,0,31,60
2023-08-18T03:37:40,61,0,31,60
2023-08-18T03:50:24,61,0,31,60
2023-08-18T04:03:07,61,0,31,60
2023-08-18T04:23:13,61,0,31,60
2023-08-18T04:36:00,61,0,31,60
2023-08-18T04:50:24,61,0,31,60
2023-08-18T05:03:11,61,0,31,60
2023-08-18T05:15:56,61,0,31,60
2023-08-18T05:28:39,61,0,31,60
2023-08-18T05:41:23,61,0,31,60
2023-08-18T05:54:07,61,0,31,60
2023-08-18T06:06:51,61,0,31,60
2023-08-18T06:19:36,61,0,31,60
2023-08-18T06:32:21,61,0,31,60
2023-08-18T06:45:03,61,0,31,60
2023-08-18T06:57:44,61,0,31,60
2023-08-18T07:10:26,61,0,31,60
2023-08-18T07:23:06,61,0,31,60
2023-08-18T07:35:47,61,0,31,60
2023-08-18T07:48:26,61,0,31,60
2023-08-18T08:01:06,61,0,31,60
2023-08-18T08:13:47,61,0,31,60
2023-08-18T08:26:28,61,0,31,60
2023-08-18T08:39:08,61,0,31,60
2023-08-18T08:51:48,61,0,31,60
2023-08-18T09:04:28,61,0,31,60
2023-08-18T09:17:07,61,0,31,60
2023-08-18T09:29:47,61,0,31,60
2023-08-18T09:42:38,61,0,31,60
2023-08-18T09:55:18,61,0,31,60
2023-08-18T10:07:58,61,0,31,60
2023-08-18T10:20:37,61,0,31,60
2023-08-18T10:33:17,61,0,31,60
2023-08-18T10:45:57,61,0,31,60
2023-08-18T10:58:37,61,0,31,60
2023-08-18T11:11:16,61,0,31,60
2023-08-18T11:23:56,61,0,31,60
2023-08-18T11:36:47,61,0,31,60
2023-08-18T11:49:27,61,0,31,60
2023-08-18T12:02:06,61,0,31,60
2023-08-18T12:14:46,61,0,31,60
2023-08-18T12:27:25,61,0,31,60
2023-08-18T12:40:05,61,0,31,60
2023-08-18T12:52:44,61,0,31,60
2023-08-18T13:05:23,61,0,31,60
2023-08-18T13:18:03,61,0,31,60
2023-08-18T13:30:43,61,0,31,60
2023-08-18T13:43:33,61,0,31,60
2023-08-18T13:56:13,61,0,31,60
2023-08-18T14:08:53,61,0,31,60
2023-08-18T14:21:33,61,0,31,60
2023-08-18T14:34:12,61,0,31,60
2023-08-18T14:46:52,61,0,31,60
2023-08-18T14:59:32,61,0,31,60
2023-08-18T15:12:12,61,0,31,60
2023-08-18T15:24:51,61,0,31,60
2023-08-18T15:37:41,61,0,31,60
2023-08-18T15:50:21,61,0,31,60
2023-08-18T16:03:01,61,0,31,60
2023-08-18T16:15:42,61,0,31,60
2023-08-18T16:28:22,61,0,31,60
2023-08-18T16:41:02,61,0,31,60
2023-08-18T16:53:41,61,0,31,60
2023-08-18T17:06:21,61,0,31,60
2023-08-18T17:19:01,61,0,31,60
2023-08-18T17:31:40,61,0,31,60
2023-08-18T17:44:32,61,0,31,60
2023-08-18T17:57:12,61,0,31,60
2023-08-18T18:09:51,61,0,31,60
2023-08-18T18:22:31,61,0,31,60
2023-08-18T18:35:11,61,0,31,60
2023-08-18T18:47:50,61,0,31,60
2023-08-18T19:00:30,61,0,31,60
2023-08-18T19:13:10,61,0,31,60
2023-08-18T19:25:51,61,0,31,60
2023-08-18T19:38:31,61,0,31,60
2023-08-18T19:51:11,61,0,31,60
2023-08-18T20:03:51,61,0,31,60
2023-08-18T20:16:41,61,0,31,60
2023-08-18T20:29:22,61,0,31,60
2023-08-18T20:42:02,61,0,31,60
2023-08-18T20:54:42,61,0,31,60
2023-08-18T21:07:22,61,0,31,60
2023-08-18T21:20:02,61,0,31,60
2023-08-18T21:32:42,61,0,31,60
2023-08-18T21:45:22,61,0,31,60
2023-08-18T21:58:02,61,0,31,60
2023-08-18T22:10:42,61,0,31,60
2023-08-18T22:23:23,61,0,31,60
2023-08-18T22:36:02,61,0,31,60
2023-08-18T22:48:43,61,0,31,60
2023-08-18T23:01:23,61,0,31,60
2023-08-18T23:14:06,61,0,31,60
2023-08-18T23:26:47,61,0,31,60
2023-08-18T23:39:28,61,0,31,60
2023-08-18T23:52:09,61,0,31,60
2023-08-19T00:05:03,61,0,31,60
2023-08-19T00:17:49,61,0,31,60
2023-08-19T00:30:33,61,0,31,60
2023-08-19T00:43:17,61,0,31,60
2023-08-19T00:56:02,61,0,31,60
2023-08-19T01:08:47,61,0,31,60
2023-08-19T01:21:32,61,0,31,60
2023-08-19T01:34:16,61,0,31,60
2023-08-19T01:47:00,61,0,31,60
2023-08-19T01:59:47,61,0,31,60
2023-08-19T02:12:28,61,0,31,60
2023-08-19T02:25:09,61,0,31,60
2023-08-19T02:37:51,61,0,31,60
2023-08-19T02:50:32,61,0,31,60
2023-08-19T03:03:15,61,0,31,60
2023-08-19T03:15:59,61,0,31,60
2023-08-19T03:28:54,61,0,31,60
2023-08-19T03:41:47,61,0,31,60
2023-08-19T03:54:32,61,0,31,60
2023-08-19T04:07:17,61,0,31,60
2023-08-19T04:26:02,61,0,31,60
2023-08-19T04:39:14,61,0,31,60
2023-08-19T04:51:59,61,0,31,60
2023-08-19T05:04:46,61,0,31,60
2023-08-19T05:17:29,61,0,31,60
2023-08-19T05:30:13,61,0,31,60
2023-08-19T05:42:58,61,0,31,60
2023-08-19T05:55:43,61,0,31,60
2023-08-19T06:08:29,61,0,31,60
2023-08-19T06:21:13,61,0,31,60
2023-08-19T06:33:57,61,0,31,60
2023-08-19T06:46:40,61,0,31,60
2023-08-19T06:59:24,61,0,31,60
2023-08-19T07:12:07,61,0,31,60
2023-08-19T07:25:00,61,0,31,60
2023-08-19T07:37:44,61,0,31,60
2023-08-19T07:50:27,61,0,31,60
2023-08-19T08:03:12,61,0,31,60
2023-08-19T08:15:55,61,0,31,60
2023-08-19T08:28:38,61,0,31,60
2023-08-19T08:41:21,61,0,31,60
2023-08-19T08:54:03,61,0,31,60
2023-08-19T09:06:46,61,0,31,60
2023-08-19T09:19:37,61,0,31,60
2023-08-19T09:32:18,61,0,31,60
2023-08-19T09:45:01,61,0,31,60
2023-08-19T09:57:43,61,0,31,60
2023-08-19T10:10:24,61,0,31,60
2023-08-19T10:23:04,61,0,31,60
2023-08-19T10:35:44,61,0,31,60
2023-08-19T10:48:24,61,0,31,60
2023-08-19T11:01:05,61,0,31,60
2023-08-19T11:13:46,61,0,31,60
2023-08-19T11:26:26,61,0,31,60
2023-08-19T11:39:06,61,0,31,60
2023-08-19T11:51:46,61,0,31,60
2023-08-19T12:04:36,61,0,31,60
2023-08-19T12:17:16,61,0,31,60
2023-08-19T12:29:56,61,0,31,60
2023-08-19T12:42:36,61,0,31,60
2023-08-19T12:55:16,61,0,31,60
2023-08-19T13:07:58,61,0,31,60
2023-08-19T13:20:38,61,0,31,60
2023-08-19T13:33:18,61,0,31,60
2023-08-19T13:45:58,61,0,31,60
2023-08-19T13:58:38,61,0,31,60
2023-08-19T14:11:30,61,0,31,60
2023-08-19T14:24:09,61,0,31,60
2023-08-19T14:36:50,61,0,31,60
2023-08-19T14:49:30,61,0,31,60
2023-08-19T15:02:10,61,0,31,60
2023-08-19T15:14:50,61,0,31,60
2023-08-19T15:27:31,61,0,31,60
2023-08-19T15:40:10,61,0,31,60
2023-08-19T15:53:00,61,0,31,60
2023-08-19T16:05:40,61,0,31,60
2023-08-19T16:18:20,61,0,31,60
2023-08-19T16:31:01,61,0,31,60
2023-08-19T16:43:41,61,0,31,60
2023-08-19T16:56:21,61,0,31,60
2023-08-19T17:09:02,61,0,31,60
2023-08-19T17:21:42,61,0,31,60
2023-08-19T17:34:31,61,0,31,60
2023-08-19T17:47:11,61,0,31,60
2023-08-19T17:59:51,61,0,31,60
2023-08-19T18:12:31,61,0,31,60
2023-08-19T18:25:11,61,0,31,60
2023-08-19T18:37:50,61,0,31,60
2023-08-19T18:50:30,61,0,31,60
2023-08-19T19:03:10,61,0,31,60
2023-08-19T19:16:00,61,0,31,60
2023-08-19T19:28:41,61,0,31,60
2023-08-19T19:41:21,61,0,31,60
2023-08-19T19:54:01,61,0,31,60
2023-08-19T20:06:41,61,0,31,60
2023-08-19T20:19:21,61,0,31,60
2023-08-19T20:32:01,61,0,31,60
2023-08-19T20:44:42,61,0,31,60
2023-08-19T20:57:30,61,0,31,60
2023-08-19T21:10:11,61,0,31,60
2023-08-19T21:22:52,61,0,31,60
2023-08-19T21:35:32,61,0,31,60
2023-08-19T21:48:12,61,0,31,60
2023-08-19T22:00:53,61,0,31,60
2023-08-19T22:13:34,61,0,31,60
2023-08-19T22:26:14,61,0,31,60
2023-08-19T22:38:54,61,0,31,60
2023-08-19T22:51:44,61,0,32,60
2023-08-19T23:04:25,61,0,32,60
2023-08-19T23:17:08,61,0,32,60
2023-08-19T23:29:49,61,0,32,60
2023-08-19T23:42:29,61,0,32,60
2023-08-19T23:55:10,61,0,32,60
2023-08-20T00:07:51,61,0,32,60
2023-08-20T00:20:34,61,0,32,60
2023-08-20T00:33:15,61,0,32,60
2023-08-20T00:58:15,61,0,32,60
2023-08-20T01:10:58,61,0,32,60
2023-08-20T01:23:39,61,0,32,60
2023-08-20T01:36:20,61,0,32,60
2023-08-20T01:49:00,61,0,32,60
2023-08-20T02:01:41,61,0,32,60
2023-08-20T02:14:22,61,0,32,60
2023-08-20T02:27:04,61,0,32,60
2023-08-20T02:39:45,61,0,32,60
2023-08-20T02:52:25,61,0,32,60
2023-08-20T03:05:05,61,0,32,60
2023-08-20T03:17:45,61,0,32,60
2023-08-20T03:30:29,61,0,32,60
2023-08-20T03:43:09,61,0,32,60
2023-08-20T03:55:52,61,0,32,60
2023-08-20T04:16:37,61,0,32,60
2023-08-20T04:29:47,61,0,32,60
2023-08-20T04:42:46,61,0,32,60
2023-08-20T04:56:57,61,0,32,60
2023-08-20T05:09:46,61,0,32,60
2023-08-20T05:22:31,61,0,32,60
2023-08-20T05:35:15,61,0,32,60
2023-08-20T05:48:01,61,0,32,60
2023-08-20T06:00:46,61,0,32,60
2023-08-20T06:13:31,61,0,32,60
2023-08-20T06:26:15,61,0,32,60
2023-08-20T06:38:59,61,0,32,60
2023-08-20T06:51:46,61,0,32,60
2023-08-20T07:04:30,61,0,32,60
2023-08-20T07:17:15,61,0,32,60
2023-08-20T07:30:00,61,0,32,60
2023-08-20T07:42:44,61,0,32,60
2023-08-20T07:55:28,61,0,32,60
2023-08-20T08:08:14,61,0,32,60
2023-08-20T08:20:57,61,0,32,60
2023-08-20T08:33:50,61,0,32,60
2023-08-20T08:46:32,61,0,32,60
2023-08-20T08:59:15,61,0,32,60
2023-08-20T09:11:58,61,0,32,60
2023-08-20T09:24:41,61,0,32,60
2023-08-20T09:37:21,61,0,32,60
2023-08-20T09:50:02,61,0,32,60
2023-08-20T10:02:42,61,0,32,60
2023-08-20T10:15:25,61,0,32,60
2023-08-20T10:28:05,61,0,32,60
2023-08-20T10:40:46,61,0,32,60
2023-08-20T10:53:27,61,0,32,60
2023-08-20T11:06:08,61,0,32,60
2023-08-20T11:18:49,61,0,32,60
2023-08-20T11:31:31,61,0,32,60
2023-08-20T11:44:22,61,0,32,60
2023-08-20T11:57:02,61,0,32,60
2023-08-20T12:09:44,61,0,32,60
2023-08-20T12:22:25,61,0,32,60
2023-08-20T12:35:06,61,0,32,60
2023-08-20T12:47:47,61,0,32,60
2023-08-20T13:00:27,61,0,32,60
2023-08-20T13:13:07,61,0,32,60
2023-08-20T13:25:47,61,0,32,60
2023-08-20T13:38:26,61,0,32,60
2023-08-20T13:51:06,61,0,32,60
2023-08-20T14:03:55,61,0,32,60
2023-08-20T14:16:36,61,0,32,60
2023-08-20T14:29:16,61,0,32,60
2023-08-20T14:41:55,61,0,32,60
2023-08-20T14:54:35,61,0,32,60
2023-08-20T15:07:14,61,0,32,60
2023-08-20T15:19:54,61,0,32,60
2023-08-20T15:32:33,61,0,32,60
2023-08-20T15:45:14,61,0,32,60
2023-08-20T15:57:54,61,0,32,60
2023-08-20T16:10:44,61,0,32,60
2023-08-20T16:23:26,61,0,32,60
2023-08-20T16:36:07,61,0,32,60
2023-08-20T16:48:47,61,0,32,60
2023-08-20T17:01:27,61,0,32,60
2023-08-20T17:14:08,61,0,32,60
2023-08-20T17:26:49,61,0,32,60
2023-08-20T17:39:29,61,0,32,60
2023-08-20T17:52:09,61,0,32,60
2023-08-20T18:04:49,61,0,32,60
2023-08-20T18:17:29,61,0,32,60
2023-08-20T18:30:09,61,0,32,60
2023-08-20T18:42:59,61,0,32,60
2023-08-20T18:55:39,61,0,32,60
2023-08-20T19:08:23,61,0,32,60
2023-08-20T19:21:04,61,0,32,60
2023-08-20T19:33:44,61,0,32,60
2023-08-20T19:46:24,61,0,32,60
2023-08-20T19:59:04,61,0,32,60
2023-08-20T20:11:44,61,0,32,60
2023-08-20T20:24:25,61,0,32,60
2023-08-20T20:37:05,61,0,32,60
2023-08-20T20:49:54,61,0,32,60
2023-08-20T21:02:35,61,0,32,60
2023-08-20T21:15:14,61,0,32,60
2023-08-20T21:27:54,61,0,32,60
2023-08-20T21:40:36,61,0,32,60
2023-08-20T21:53:17,61,0,32,60
2023-08-20T22:05:57,61,0,32,60
2023-08-20T22:18:36,61,0,32,60
2023-08-20T22:31:16,61,0,32,60
2023-08-20T22:44:05,61,0,32,60
2023-08-20T22:56:45,61,0,32,60
2023-08-20T23:09:29,61,0,32,60
2023-08-20T23:22:09,61,0,32,60
2023-08-20T23:34:50,61,0,32,60
2023-08-20T23:47:30,61,0,32,60
2023-08-21T00:00:11,61,0,32,60
2023-08-21T00:12:58,61,0,32,60
2023-08-21T00:25:48,61,0,32,60
2023-08-21T00:38:34,61,0,32,60
2023-08-21T00:51:41,61,0,32,60
2023-08-21T01:04:26,61,0,32,60
2023-08-21T01:17:11,61,0,32,60
2023-08-21T01:29:55,61,0,32,60
2023-08-21T01:42:39,61,0,32,60
2023-08-21T01:55:21,61,0,32,60
2023-08-21T02:08:05,61,0,32,60
2023-08-21T02:20:47,61,0,32,60
2023-08-21T02:33:30,61,0,32,60
2023-08-21T02:46:11,61,0,32,60
2023-08-21T02:58:53,61,0,32,60
2023-08-21T03:11:37,61,0,32,60
2023-08-21T03:24:21,61,0,32,60
2023-08-21T03:37:03,61,0,32,60
2023-08-21T03:49:57,61,0,32,60
2023-08-21T04:04:18,61,0,32,60
2023-08-21T04:23:29,61,0,32,60
2023-08-21T04:36:37,61,0,32,60
2023-08-21T04:49:25,61,0,32,60
2023-08-21T05:02:10,61,0,32,60
2023-08-21T05:14:55,61,0,32,60
2023-08-21T05:27:41,61,0,32,60
2023-08-21T05:40:25,61,0,32,60
2023-08-21T05:53:09,61,0,32,60
2023-08-21T06:05:52,61,0,32,60
2023-08-21T06:18:34,61,0,32,60
2023-08-21T06:31:18,61,0,32,60
2023-08-21T06:44:00,61,0,32,60
2023-08-21T06:56:43,61,0,32,60
2023-08-21T07:09:26,61,0,32,60
2023-08-21T07:22:07,61,0,32,60
2023-08-21T07:34:55,61,0,32,60
2023-08-21T07:47:34,61,0,32,60
2023-08-21T08:00:14,61,0,32,60
2023-08-21T08:12:55,61,0,32,60
2023-08-21T08:25:36,61,0,32,60
2023-08-21T08:38:18,61,0,32,60
2023-08-21T08:50:58,61,0,32,60
2023-08-21T09:03:39,61,0,32,60
2023-08-21T09:16:21,61,0,32,60
2023-08-21T09:29:02,61,0,32,60
2023-08-21T09:41:44,61,0,32,60
2023-08-21T09:54:35,61,0,32,60
2023-08-21T10:07:16,61,0,32,60
2023-08-21T10:19:57,61,0,32,60
2023-08-21T10:32:39,61,0,32,60
2023-08-21T10:45:21,61,0,32,60
2023-08-21T10:58:03,61,0,32,60
2023-08-21T11:10:45,61,0,32,60
2023-08-21T11:23:27,61,0,32,60
2023-08-21T11:36:18,61,0,32,60
2023-08-21T11:49:00,61,0,32,60
2023-08-21T12:01:41,61,0,32,60
2023-08-21T12:14:23,61,0,32,60
2023-08-21T12:27:05,61,0,32,60
2023-08-21T12:39:47,61,0,32,60
2023-08-21T12:52:39,61,0,32,60
2023-08-21T13:05:21,61,0,32,60
2023-08-21T13:18:02,61,0,32,60
2023-08-21T13:30:44,61,0,32,60
2023-08-21T13:43:26,61,0,32,60
2023-08-21T13:56:07,61,0,32,60
2023-08-21T14:08:49,61,0,32,60
2023-08-21T14:21:41,61,0,32,60
2023-08-21T14:34:23,61,0,32,60
2023-08-21T14:47:05,61,0,32,60
2023-08-21T14:59:47,61,99,32,160
2023-08-21T15:12:28,61,99,32,160
2023-08-21T15:25:10,61,239,32,300
2023-08-21T15:37:53,61,239,32,300
2023-08-21T15:50:43,61,239,32,300
2023-08-21T16:03:26,61,239,32,300
2023-08-21T16:16:08,61,239,32,300
2023-08-21T16:28:50,61,239,32,300
2023-08-21T16:41:33,61,239,32,300
2023-08-21T16:54:15,61,239,32,300
2023-08-21T17:06:58,61,239,32,300
2023-08-21T17:19:41,61,239,32,300
2023-08-21T17:32:32,61,239,32,300
2023-08-21T17:45:14,61,239,32,300
2023-08-21T17:57:56,61,239,32,300
2023-08-21T18:10:39,61,239,32,300
2023-08-21T18:23:21,61,239,32,300
2023-08-21T18:36:05,61,239,32,300
2023-08-21T18:48:47,61,239,32,300
2023-08-21T19:01:39,61,239,32,300
2023-08-21T19:14:22,61,239,32,300
2023-08-21T19:27:04,61,239,32,300
2023-08-21T19:39:48,61,239,32,300
2023-08-21T19:52:31,61,239,32,300
2023-08-21T20:05:15,61,239,32,300
2023-08-21T20:18:06,61,239,32,300
2023-08-21T20:30:49,61,239,32,300
2023-08-21T20:43:31,61,239,32,300
2023-08-21T20:56:14,61,239,32,300
2023-08-21T21:08:56,61,239,32,300
2023-08-21T21:21:40,61,239,32,300
2023-08-21T21:34:22,61,239,32,300
2023-08-21T21:47:05,61,239,32,300
2023-08-21T21:59:47,61,239,32,300
2023-08-21T22:12:29,61,239,32,300
2023-08-21T22:25:12,61,239,32,300
2023-08-21T22:38:05,61,239,32,300
2023-08-21T22:50:46,61,239,32,300
2023-08-21T23:03:29,61,239,32,300
2023-08-21T23:16:13,61,239,32,300
2023-08-21T23:28:57,61,239,32,300
2023-08-21T23:41:41,61,239,32,300
2023-08-21T23:54:23,61,239,32,300
2023-08-22T00:07:09,61,239,32,300
2023-08-22T00:19:57,61,239,32,300
2023-08-22T00:32:46,61,239,32,300
2023-08-22T00:45:33,61,239,32,300
2023-08-22T00:58:21,61,239,32,300
2023-08-22T01:11:07,61,239,32,300
2023-08-22T01:23:52,61,239,32,300
2023-08-22T01:36:38,61,239,32,300
2023-08-22T01:49:35,61,239,32,300
2023-08-22T02:02:22,61,239,32,300
2023-08-22T02:15:08,61,239,32,300
2023-08-22T02:27:52,61,239,32,300
2023-08-22T02:40:37,61,239,32,300
2023-08-22T02:53:22,61,239,32,300
2023-08-22T03:06:11,61,239,32,300
2023-08-22T03:18:59,61,239,32,300
2023-08-22T03:31:45,61,239,32,300
2023-08-22T03:44:32,61,239,32,300
2023-08-22T03:57:20,61,239,32,300
2023-08-22T04:10:07,61,239,32,300
2023-08-22T04:23:38,61,239,32,300
2023-08-22T04:36:50,61,239,32,300
2023-08-22T04:49:37,61,239,32,300
2023-08-22T05:02:24,61,239,32,300
2023-08-22T05:15:14,61,239,32,300
2023-08-22T05:28:02,61,239,32,300
2023-08-22T05:40:49,61,239,32,300
2023-08-22T05:53:36,61,239,32,300
2023-08-22T06:06:22,61,239,32,300
2023-08-22T06:19:07,61,239,32,300
2023-08-22T06:31:52,61,239,32,300
2023-08-22T06:44:38,61,239,32,300
2023-08-22T06:57:23,61,239,32,300
2023-08-22T07:10:08,61,239,32,300
2023-08-22T07:22:52,61,239,32,300
2023-08-22T07:35:36,61,239,32,300
2023-08-22T07:48:18,61,239,32,300
2023-08-22T08:01:03,61,239,32,300
2023-08-22T08:13:45,61,239,32,300
2023-08-22T08:26:28,61,239,32,300
2023-08-22T08:39:10,61,239,32,300
2023-08-22T08:51:57,61,239,32,300
2023-08-22T09:04:51,61,239,32,300
2023-08-22T09:17:33,61,239,32,300
2023-08-22T09:30:16,61,239,32,300
2023-08-22T09:43:01,61,239,32,300
2023-08-22T09:55:44,61,239,32,300
2023-08-22T10:08:27,61,239,32,300
2023-08-22T10:21:10,61,239,32,300
2023-08-22T10:33:55,61,239,32,300
2023-08-22T10:46:38,61,239,32,300
2023-08-22T10:59:22,61,239,32,300
2023-08-22T11:12:16,61,239,32,300
2023-08-22T11:24:59,61,239,32,300
2023-08-22T11:37:43,61,239,32,300
2023-08-22T11:50:26,61,239,32,300
2023-08-22T12:03:10,61,239,32,300
2023-08-22T12:15:53,61,239,32,300
2023-08-22T12:28:37,61,239,32,300
2023-08-22T12:41:21,61,239,32,300
2023-08-22T12:54:16,61,239,32,300
2023-08-22T13:07:00,61,239,32,300
2023-08-22T13:19:43,61,239,32,300
2023-08-22T13:32:26,61,239,32,300
2023-08-22T13:45:12,61,239,32,300
2023-08-22T13:57:55,61,239,32,300
2023-08-22T14:10:51,61,239,32,300
2023-08-22T14:23:34,61,239,32,300
2023-08-22T14:36:17,61,239,32,300
2023-08-22T14:49:01,61,239,32,300
2023-08-22T15:01:45,61,239,32,300
2023-08-22T15:14:29,61,239,32,300
2023-08-22T15:27:13,61,239,32,300
2023-08-22T15:40:06,61,239,32,300
2023-08-22T15:52:49,61,239,32,300
2023-08-22T16:05:33,61,239,32,300
2023-08-22T16:18:16,61,239,32,300
2023-08-22T16:30:59,61,239,32,300
2023-08-22T16:43:42,61,239,32,300
2023-08-22T16:56:26,61,239,32,300
2023-08-22T17:09:12,61,239,32,300
2023-08-22T17:21:56,61,239,32,300
2023-08-22T17:34:52,61,239,32,300
2023-08-22T17:47:35,61,239,32,300
2023-08-22T18:00:18,61,239,32,300
2023-08-22T18:13:01,61,239,32,300
2023-08-22T18:25:45,61,239,32,300
2023-08-22T18:38:28,61,239,32,300
2023-08-22T18:51:12,61,239,32,300
2023-08-22T19:03:58,61,239,32,300
2023-08-22T19:16:41,61,239,32,300
2023-08-22T19:29:25,61,239,32,300
2023-08-22T19:42:19,61,239,32,300
2023-08-22T19:55:02,61,239,32,300
2023-08-22T20:07:45,61,239,32,300
2023-08-22T20:20:28,61,239,32,300
2023-08-22T20:33:11,61,239,32,300
2023-08-22T20:45:54,61,239,32,300
2023-08-22T20:58:48,61,239,32,300
2023-08-22T21:11:32,61,239,32,300
2023-08-22T21:24:16,61,239,32,300
2023-08-22T21:36:59,61,239,32,300
2023-08-22T21:49:43,61,239,32,300
2023-08-22T22:02:26,61,239,32,300
2023-08-22T22:15:09,61,239,32,300
2023-08-22T22:27:52,61,239,32,300
2023-08-22T22:40:36,61,239,32,300
2023-08-22T22:53:30,61,239,32,300
2023-08-22T23:06:16,61,239,32,300
2023-08-22T23:19:00,61,239,32,300
2023-08-22T23:31:44,61,239,32,300
2023-08-22T23:44:27,61,239,32,300
2023-08-22T23:57:11,61,239,32,300
2023-08-23T00:09:57,61,239,32,300
2023-08-23T00:22:42,61,239,32,300
2023-08-23T00:35:29,61,239,32,300
2023-08-23T00:48:17,61,239,32,300
2023-08-23T01:01:04,61,239,32,300
2023-08-23T01:13:52,61,239,32,300
2023-08-23T01:26:45,61,239,32,300
2023-08-23T01:39:33,61,239,32,300
2023-08-23T01:52:21,61,239,32,300
2023-08-23T02:05:08,61,239,32,300
2023-08-23T02:18:03,61,239,32,300
2023-08-23T02:30:47,61,239,32,300
2023-08-23T02:43:43,61,239,32,300
2023-08-23T02:56:36,61,239,32,300
2023-08-23T03:09:24,61,239,32,300
2023-08-23T03:22:21,61,239,32,300
2023-08-23T03:35:19,61,239,32,300
2023-08-23T03:48:05,61,239,32,300
2023-08-23T04:00:52,61,239,32,300
2023-08-23T04:13:39,61,239,32,300
2023-08-23T04:26:10,61,239,32,300
2023-08-23T04:38:59,61,239,32,300
2023-08-23T04:53:26,61,239,32,300
2023-08-23T05:06:15,61,239,32,300
2023-08-23T05:19:05,61,239,32,300
2023-08-23T05:31:53,61,239,32,300
2023-08-23T05:44:47,61,239,32,300
2023-08-23T05:57:34,61,239,32,300
2023-08-23T06:10:22,61,239,32,300
2023-08-23T06:23:17,61,239,32,300
2023-08-23T06:36:04,61,239,32,300
2023-08-23T06:48:50,61,239,32,300
2023-08-23T07:01:37,61,239,32,300
2023-08-23T07:14:31,61,239,32,300
2023-08-23T07:27:15,61,239,32,300
2023-08-23T07:40:00,61,239,32,300
2023-08-23T07:52:44,61,239,32,300
2023-08-23T08:05:26,61,239,32,300
2023-08-23T08:18:09,61,239,32,300
2023-08-23T08:30:53,61,239,32,300
2023-08-23T08:43:37,61,239,32,300
2023-08-23T08:56:30,61,239,32,300
2023-08-23T09:09:15,61,239,32,300
2023-08-23T09:21:58,61,239,32,300
2023-08-23T09:34:43,61,239,32,300
2023-08-23T09:47:25,61,239,32,300
2023-08-23T10:00:08,61,239,32,300
2023-08-23T10:12:51,61,239,32,300
2023-08-23T10:25:35,61,239,32,300
2023-08-23T10:38:18,61,239,32,300
2023-08-23T10:51:01,61,239,32,300
2023-08-23T11:03:57,61,239,32,300
2023-08-23T11:16:40,61,239,32,300
2023-08-23T11:29:32,61,239,32,300
2023-08-23T11:42:16,61,239,32,300
2023-08-23T11:55:00,61,239,32,300
2023-08-23T12:07:45,61,239,32,300
2023-08-23T12:20:29,61,239,32,300
2023-08-23T12:33:13,61,239,32,300
2023-08-23T12:46:10,61,239,32,300
2023-08-23T12:58:54,61,239,32,300
2023-08-23T13:11:39,61,239,32,300
2023-08-23T13:24:22,61,239,32,300
2023-08-23T13:37:06,61,239,32,300
2023-08-23T13:49:49,61,239,32,300
2023-08-23T14:02:33,61,239,32,300
2023-08-23T14:15:18,61,239,32,300
2023-08-23T14:28:03,61,239,32,300
2023-08-23T14:40:57,61,239,32,300
2023-08-23T14:53:41,61,239,32,300
2023-08-23T15:06:25,61,239,32,300
2023-08-23T15:19:09,61,239,32,300
2023-08-23T15:31:54,61,239,32,300
2023-08-23T15:44:38,61,239,32,300
2023-08-23T15:57:23,61,239,32,300
2023-08-23T16:10:07,61,239,32,300
2023-08-23T16:22:51,61,239,32,300
2023-08-23T16:35:48,61,239,32,300
2023-08-23T16:48:33,61,239,32,300
2023-08-23T17:01:16,61,239,32,300
2023-08-23T17:14:01,61,239,32,300
2023-08-23T17:26:45,61,239,32,300
2023-08-23T17:39:29,61,239,32,300
2023-08-23T17:52:13,61,239,32,300
2023-08-23T18:04:58,61,239,32,300
2023-08-23T18:17:42,61,239,32,300
2023-08-23T18:30:36,61,239,32,300
2023-08-23T18:43:20,61,239,32,300
2023-08-23T18:56:03,61,239,32,300
2023-08-23T19:08:49,61,239,32,300
2023-08-23T19:21:32,61,239,32,300
2023-08-23T19:34:16,61,239,32,300
2023-08-23T19:47:00,61,239,32,300
2023-08-23T19:59:44,61,239,32,300
2023-08-23T20:12:28,61,239,32,300
2023-08-23T20:25:22,61,239,32,300
2023-08-23T20:38:05,61,239,32,300
2023-08-23T20:50:49,61,239,32,300
2023-08-23T21:03:33,61,239,32,300
2023-08-23T21:16:18,61,239,32,300
2023-08-23T21:29:02,61,239,32,300
2023-08-23T21:41:45,61,239,32,300
2023-08-23T21:54:29,61,239,32,300
2023-08-23T22:07:13,61,239,32,300
2023-08-23T22:19:57,61,239,32,300
2023-08-23T22:32:51,61,239,32,300
2023-08-23T22:45:35,61,239,32,300
2023-08-23T22:58:18,61,239,32,300
2023-08-23T23:11:07,61,239,32,300
2023-08-23T23:23:52,61,239,32,300
2023-08-23T23:36:38,61,239,32,300
2023-08-23T23:49:22,61,239,32,300
2023-08-24T00:02:08,61,239,32,300
2023-08-24T00:14:57,61,239,32,300
2023-08-24T00:27:46,61,239,32,300
2023-08-24T00:40:34,61,239,32,300
2023-08-24T00:53:23,61,239,32,300
2023-08-24T01:06:12,61,239,32,300
2023-08-24T01:19:00,61,239,32,300
2023-08-24T01:31:59,61,239,32,300
2023-08-24T01:44:47,61,239,32,300
2023-08-24T01:57:35,61,239,32,300
2023-08-24T02:10:22,61,239,32,300
2023-08-24T02:23:08,61,239,32,300
2023-08-24T02:35:55,61,239,32,300
2023-08-24T02:48:41,61,239,32,300
2023-08-24T03:01:38,61,239,32,300
2023-08-24T03:14:27,61,239,32,300
2023-08-24T03:27:16,61,239,32,300
2023-08-24T03:40:04,61,239,32,300
2023-08-24T03:52:52,61,239,32,300
2023-08-24T04:05:39,61,239,32,300
2023-08-24T04:22:31,61,239,32,300
2023-08-24T04:36:50,61,239,32,300
2023-08-24T04:49:40,61,239,32,300
2023-08-24T05:02:28,61,239,32,300
2023-08-24T05:15:18,61,239,32,300
2023-08-24T05:28:07,61,239,32,300
2023-08-24T05:40:56,61,239,32,300
2023-08-24T05:53:45,61,239,32,300
2023-08-24T06:06:33,61,239,32,300
2023-08-24T06:19:20,61,239,32,300
2023-08-24T06:32:07,61,239,32,300
2023-08-24T06:44:54,61,239,32,300
2023-08-24T06:57:42,61,239,32,300
2023-08-24T07:10:29,61,239,32,300
2023-08-24T07:23:14,61,239,32,300
2023-08-24T07:35:58,61,239,32,300
2023-08-24T07:48:41,61,239,32,300
2023-08-24T08:01:25,61,239,32,300
2023-08-24T08:14:09,61,239,32,300
2023-08-24T08:26:55,61,239,32,300
2023-08-24T08:39:38,61,239,32,300
2023-08-24T08:52:22,61,239,32,300
2023-08-24T09:05:16,61,239,32,300
2023-08-24T09:17:59,61,239,32,300
2023-08-24T09:30:53,61,239,32,300
2023-08-24T09:43:37,61,239,32,300
2023-08-24T09:56:21,61,239,32,300
2023-08-24T10:09:15,61,239,32,300
2023-08-24T10:22:08,61,239,32,300
2023-08-24T10:34:52,61,239,32,300
2023-08-24T10:47:44,61,239,32,300
2023-08-24T11:00:29,61,239,32,300
2023-08-24T11:13:22,61,239,32,300
2023-08-24T11:26:16,61,239,32,300
2023-08-24T11:39:11,61,239,32,300
2023-08-24T11:51:56,61,239,32,300
2023-08-24T12:04:53,61,239,32,300
2023-08-24T12:17:47,61,239,32,300
2023-08-24T12:30:31,61,239,32,300
2023-08-24T12:43:24,61,239,32,300
2023-08-24T12:56:08,61,239,32,300
2023-08-24T13:09:02,61,239,32,300
2023-08-24T13:21:45,61,239,32,300
2023-08-24T13:34:41,61,239,32,300
2023-08-24T13:47:25,61,239,32,300
2023-08-24T14:00:19,61,239,32,300
2023-08-24T14:13:04,61,239,32,300
2023-08-24T14:25:57,61,239,32,300
2023-08-24T14:38:50,61,239,32,300
2023-08-24T14:51:45,61,239,32,300
2023-08-24T15:04:30,61,239,32,300
2023-08-24T15:17:14,61,239,32,300
2023-08-24T15:30:08,61,239,32,300
2023-08-24T15:42:52,61,239,32,300
2023-08-24T15:55:37,61,239,32,300
2023-08-24T16:08:32,61,239,32,300
2023-08-24T16:21:16,61,239,32,300
2023-08-24T16:34:00,61,239,32,300
2023-08-24T16:46:44,61,239,32,300
2023-08-24T16:59:27,61,239,32,300
2023-08-24T17:12:14,61,239,32,300
2023-08-24T17:24:59,61,239,32,300
2023-08-24T17:37:43,61,239,32,300
2023-08-24T17:50:37,61,239,32,300
2023-08-24T18:03:22,61,239,32,300
2023-08-24T18:16:06,61,239,32,300
2023-08-24T18:28:51,61,239,32,300
2023-08-24T18:41:36,61,239,32,300
2023-08-24T18:54:21,61,239,32,300
2023-08-24T19:07:07,61,239,32,300
2023-08-24T19:19:51,61,239,32,300
2023-08-24T19:32:35,61,239,32,300
2023-08-24T19:45:32,61,239,32,300
2023-08-24T19:58:16,61,239,32,300
2023-08-24T20:11:00,61,239,32,300
2023-08-24T20:23:44,61,239,32,300
2023-08-24T20:36:28,61,239,32,300
2023-08-24T20:49:14,61,239,32,300
2023-08-24T21:01:58,61,239,32,300
2023-08-24T21:14:43,61,239,32,300
2023-08-24T21:27:27,61,239,32,300
2023-08-24T21:40:12,61,239,32,300
2023-08-24T21:53:06,61,239,32,300
2023-08-24T22:05:50,61,239,32,300
2023-08-24T22:18:47,61,239,32,300
2023-08-24T22:31:32,61,239,32,300
2023-08-24T22:44:17,61,239,32,300
2023-08-24T22:57:01,61,239,32,300
2023-08-24T23:09:49,61,239,32,300
2023-08-24T23:22:33,61,239,32,300
2023-08-24T23:35:18,61,239,32,300
2023-08-24T23:48:12,61,239,32,300
2023-08-25T00:00:56,61,239,32,300
2023-08-25T00:13:45,61,239,32,300
2023-08-25T00:26:34,61,239,32,300
2023-08-25T00:39:22,61,239,32,300
2023-08-25T00:52:11,61,239,32,300
2023-08-25T01:05:00,61,239,32,300
2023-08-25T01:17:50,61,239,32,300
2023-08-25T01:30:40,61,239,32,300
2023-08-25T01:43:29,61,239,32,300
2023-08-25T01:56:17,61,239,32,300
2023-08-25T02:09:06,61,239,32,300
2023-08-25T02:22:03,61,239,32,300
2023-08-25T02:34:53,61,239,32,300
2023-08-25T02:47:50,61,239,32,300
2023-08-25T03:00:37,61,239,32,300
2023-08-25T03:13:25,61,239,32,300
2023-08-25T03:26:13,61,239,32,300
2023-08-25T03:39:00,61,239,32,300
2023-08-25T03:51:48,61,239,32,300
2023-08-25T04:04:36,61,239,32,300
2023-08-25T04:17:23,61,239,32,300
2023-08-25T04:28:40,61,239,32,300
2023-08-25T04:41:30,61,239,32,300
2023-08-25T04:56:02,61,239,32,300
2023-08-25T05:08:55,61,239,32,300
2023-08-25T05:21:43,61,239,32,300
2023-08-25T05:34:32,61,239,32,300
2023-08-25T05:47:21,61,239,32,300
2023-08-25T06:00:10,61,239,32,300
2023-08-25T06:12:59,61,239,32,300
2023-08-25T06:25:47,61,239,32,300
2023-08-25T06:38:35,61,239,32,300
2023-08-25T06:51:21,61,239,32,300
2023-08-25T07:04:05,61,239,32,300
2023-08-25T07:16:50,61,239,32,300
2023-08-25T07:29:34,61,239,32,300
2023-08-25T07:42:27,61,239,32,300
2023-08-25T07:55:12,61,239,32,300
2023-08-25T08:07:58,61,239,32,300
2023-08-25T08:20:42,61,239,32,300
2023-08-25T08:33:26,61,239,32,300
2023-08-25T08:46:10,61,239,32,300
2023-08-25T08:58:54,61,239,32,300
2023-08-25T09:11:40,61,239,32,300
2023-08-25T09:24:24,61,239,32,300
2023-08-25T09:37:19,61,239,32,300
2023-08-25T09:50:03,61,239,32,300
2023-08-25T10:02:48,61,239,32,300
2023-08-25T10:15:32,61,239,32,300
2023-08-25T10:28:16,61,239,32,300
2023-08-25T10:41:00,61,239,32,300
2023-08-25T10:53:45,61,239,32,300
2023-08-25T11:06:30,61,239,32,300
2023-08-25T11:19:24,61,239,32,300
2023-08-25T11:32:08,61,239,32,300
2023-08-25T11:44:52,61,239,32,300
2023-08-25T11:57:36,61,239,32,300
2023-08-25T12:10:20,61,239,32,300
2023-08-25T12:23:04,61,239,32,300
2023-08-25T12:35:49,61,239,32,300
2023-08-25T12:48:44,61,239,32,300
2023-08-25T13:01:29,61,239,32,300
2023-08-25T13:14:14,61,239,32,300
2023-08-25T13:26:58,61,239,32,300
2023-08-25T13:39:43,61,239,32,300
2023-08-25T13:52:27,61,239,32,300
2023-08-25T14:05:11,61,239,32,300
2023-08-25T14:18:05,61,239,32,300
2023-08-25T14:30:50,61,239,32,300
2023-08-25T14:43:37,61,239,32,300
2023-08-25T14:56:21,61,239,32,300
2023-08-25T15:09:06,61,239,32,300
2023-08-25T15:21:50,61,239,32,300
2023-08-25T15:34:37,61,239,32,300
2023-08-25T15:47:29,61,239,32,300
2023-08-25T16:00:13,61,239,32,300
2023-08-25T16:12:57,61,239,32,300
2023-08-25T16:25:41,61,239,32,300
2023-08-25T16:38:25,61,239,32,300
2023-08-25T16:51:10,61,239,32,300
2023-08-25T17:03:55,61,239,32,300
2023-08-25T17:16:50,61,239,32,300
2023-08-25T17:29:34,61,239,32,300
2023-08-25T17:42:18,61,239,32,300
2023-08-25T17:55:02,61,239,32,300
2023-08-25T18:07:45,61,239,32,300
2023-08-25T18:20:29,61,239,32,300
2023-08-25T18:33:13,61,239,32,300
2023-08-25T18:45:56,61,239,32,300
2023-08-25T18:58:50,61,239,32,300
2023-08-25T19:11:35,61,239,32,300
2023-08-25T19:24:19,61,239,32,300
2023-08-25T19:37:06,61,239,32,300
2023-08-25T19:49:51,61,239,32,300
2023-08-25T20:02:34,61,239,32,300
2023-08-25T20:15:18,61,239,32,300
2023-08-25T20:28:03,61,239,32,300
2023-08-25T20:40:47,61,239,32,300
2023-08-25T20:53:40,61,239,32,300
2023-08-25T21:06:24,61,239,32,300
2023-08-25T21:19:08,61,239,32,300
2023-08-25T21:31:52,61,239,32,300
2023-08-25T21:44:36,61,239,32,300
2023-08-25T21:57:20,61,239,32,300
2023-08-25T22:10:05,61,239,32,300
2023-08-25T22:22:48,61,239,32,300
2023-08-25T22:35:32,61,239,32,300
2023-08-25T22:48:16,61,239,32,300
2023-08-25T23:01:11,61,239,32,300
2023-08-25T23:13:57,61,239,32,300
2023-08-25T23:26:42,61,239,32,300
2023-08-25T23:39:27,61,239,32,300
2023-08-25T23:52:12,61,239,32,300
2023-08-26T00:04:59,61,239,32,300
2023-08-26T00:17:49,61,239,32,300
2023-08-26T00:30:39,61,239,32,300
2023-08-26T00:43:27,61,239,32,300
2023-08-26T00:56:27,61,239,32,300
2023-08-26T01:09:15,61,239,32,300
2023-08-26T01:22:04,61,239,32,300
2023-08-26T01:34:53,61,239,32,300
2023-08-26T01:47:41,61,239,32,300
2023-08-26T02:00:29,61,239,32,300
2023-08-26T02:13:14,61,239,32,300
2023-08-26T02:25:59,61,239,32,300
2023-08-26T02:38:44,61,239,32,300
2023-08-26T02:51:29,61,239,32,300
2023-08-26T03:04:13,61,239,32,300
2023-08-26T03:17:01,61,239,32,300
2023-08-26T03:29:49,61,239,32,300
2023-08-26T03:42:48,61,239,32,300
2023-08-26T03:55:36,61,239,32,300
2023-08-26T04:08:23,61,239,32,300
2023-08-26T04:28:34,61,239,32,300
2023-08-26T04:42:59,61,239,32,300
2023-08-26T04:55:51,61,239,32,300
2023-08-26T05:08:40,61,239,32,300
2023-08-26T05:21:28,61,239,32,300
2023-08-26T05:34:18,61,239,32,300
2023-08-26T05:47:05,61,239,32,300
2023-08-26T05:59:52,61,239,32,300
2023-08-26T06:12:41,61,239,32,300
2023-08-26T06:25:29,61,239,32,300
2023-08-26T06:38:19,61,239,32,300
2023-08-26T06:51:08,61,239,32,300
2023-08-26T07:04:10,61,239,32,300
2023-08-26T07:16:57,61,239,32,300
2023-08-26T07:29:44,61,239,32,300
2023-08-26T07:42:31,61,239,32,300
2023-08-26T07:55:19,61,239,32,300
2023-08-26T08:08:06,61,239,32,300
2023-08-26T08:20:54,61,239,32,300
2023-08-26T08:33:42,61,239,32,300
2023-08-26T08:46:29,61,239,32,300
2023-08-26T08:59:31,61,239,32,300
2023-08-26T09:12:17,61,239,32,300
2023-08-26T09:25:04,61,239,32,300
2023-08-26T09:37:51,61,239,32,300
2023-08-26T09:50:38,61,239,32,300
2023-08-26T10:03:24,61,239,32,300
2023-08-26T10:16:09,61,239,32,300
2023-08-26T10:28:55,61,239,32,300
2023-08-26T10:41:40,61,239,32,300
2023-08-26T10:54:25,61,239,32,300
2023-08-26T11:07:09,61,239,32,300
2023-08-26T11:19:53,61,239,32,300
2023-08-26T11:32:37,61,239,32,300
2023-08-26T11:45:30,61,239,32,300
2023-08-26T11:58:13,61,239,32,300
2023-08-26T12:10:57,61,239,32,300
2023-08-26T12:23:40,61,239,32,300
2023-08-26T12:36:25,61,239,32,300
2023-08-26T12:49:08,61,239,32,300
2023-08-26T13:01:52,61,239,32,300
2023-08-26T13:14:36,61,239,32,300
2023-08-26T13:27:20,61,239,32,300
2023-08-26T13:40:03,61,239,32,300
2023-08-26T13:53:11,61,239,32,300
2023-08-26T14:05:55,61,239,32,300
2023-08-26T14:18:38,61,239,32,300
2023-08-26T14:31:23,61,239,32,300
2023-08-26T14:44:08,61,239,32,300
2023-08-26T14:56:51,61,239,32,300
2023-08-26T15:09:35,61,239,32,300
2023-08-26T15:22:18,61,239,32,300
2023-08-26T15:35:02,61,239,32,300
2023-08-26T15:47:45,61,239,32,300
2023-08-26T16:00:37,61,239,32,300
2023-08-26T16:13:21,61,239,32,300
2023-08-26T16:26:05,61,239,32,300
2023-08-26T16:38:49,61,239,32,300
2023-08-26T16:51:32,61,239,32,300
2023-08-26T17:04:16,61,239,32,300
2023-08-26T17:17:01,61,239,32,300
2023-08-26T17:29:44,61,239,32,300
2023-08-26T17:42:28,61,239,32,300
2023-08-26T17:55:12,61,239,32,300
2023-08-26T18:08:15,61,239,32,300
2023-08-26T18:20:59,61,239,32,300
2023-08-26T18:33:43,61,239,32,300
2023-08-26T18:46:27,61,239,32,300
2023-08-26T18:59:11,61,239,32,300
2023-08-26T19:11:56,61,239,32,300
2023-08-26T19:24:41,61,239,32,300
2023-08-26T19:37:24,61,239,32,300
2023-08-26T19:50:07,61,239,32,300
2023-08-26T20:03:00,61,239,32,300
2023-08-26T20:15:44,61,239,32,300
2023-08-26T20:28:27,61,239,32,300
2023-08-26T20:41:12,61,239,32,300
2023-08-26T20:53:56,61,239,32,300
2023-08-26T21:06:40,61,239,32,300
2023-08-26T21:19:24,61,239,32,300
2023-08-26T21:32:07,61,239,32,300
2023-08-26T21:45:08,61,239,32,300
2023-08-26T21:57:52,61,239,32,300
2023-08-26T22:10:36,61,239,32,300
2023-08-26T22:23:19,61,239,32,300
2023-08-26T22:36:03,61,239,32,300
2023-08-26T22:48:47,61,239,32,300
2023-08-26T23:01:32,61,239,32,300
2023-08-26T23:14:17,61,239,32,300
2023-08-26T23:27:02,61,239,32,300
2023-08-26T23:39:47,61,239,32,300
2023-08-26T23:52:41,61,239,32,300
2023-08-27T00:05:27,61,239,32,300
2023-08-27T00:18:18,61,239,32,300
2023-08-27T00:31:05,61,239,32,300
2023-08-27T00:43:54,61,239,32,300
2023-08-27T00:56:41,61,239,32,300
2023-08-27T01:09:28,61,239,32,300
2023-08-27T01:22:15,61,239,32,300
2023-08-27T01:35:03,61,239,32,300
2023-08-27T01:47:49,61,239,32,300
2023-08-27T02:00:37,61,239,32,300
2023-08-27T02:13:44,61,239,32,300
2023-08-27T02:26:32,61,239,32,300
2023-08-27T02:39:20,61,239,32,300
2023-08-27T02:52:07,61,239,32,300
2023-08-27T03:04:54,61,239,32,300
2023-08-27T03:17:41,61,239,32,300
2023-08-27T03:30:30,61,239,32,300
2023-08-27T03:43:17,61,239,32,300
2023-08-27T03:56:04,61,239,32,300
2023-08-27T04:08:52,61,239,32,300
2023-08-27T04:24:20,61,239,32,300
2023-08-27T04:38:32,61,239,32,300
2023-08-27T04:51:39,61,239,32,300
2023-08-27T05:04:28,61,239,32,300
2023-08-27T05:17:15,61,239,32,300
2023-08-27T05:30:04,61,239,32,300
2023-08-27T05:42:52,61,239,32,300
2023-08-27T05:55:41,61,239,32,300
2023-08-27T06:08:30,61,239,32,300
2023-08-27T06:21:16,61,239,32,300
2023-08-27T06:34:02,61,239,32,300
2023-08-27T06:46:47,61,239,32,300
2023-08-27T06:59:31,61,239,32,300
2023-08-27T07:12:18,61,239,32,300
2023-08-27T07:25:02,61,239,32,300
2023-08-27T07:37:47,61,239,32,300
2023-08-27T07:50:38,61,239,32,300
2023-08-27T08:03:23,61,239,32,300
2023-08-27T08:16:08,61,239,32,300
2023-08-27T08:28:53,61,239,32,300
2023-08-27T08:41:37,61,239,32,300
2023-08-27T08:54:21,61,239,32,300
2023-08-27T09:07:05,61,239,32,300
2023-08-27T09:19:49,61,239,32,300
2023-08-27T09:32:33,61,239,32,300
2023-08-27T09:45:18,61,239,32,300
2023-08-27T09:58:03,61,239,32,300
2023-08-27T10:10:47,61,239,32,300
2023-08-27T10:23:44,61,239,32,300
2023-08-27T10:36:28,61,239,32,300
2023-08-27T10:49:13,61,239,32,300
2023-08-27T11:02:00,61,239,32,300
2023-08-27T11:14:46,61,239,32,300
2023-08-27T11:27:31,61,239,32,300
2023-08-27T11:40:17,61,239,32,300
2023-08-27T11:53:01,61,239,32,300
2023-08-27T12:05:44,61,239,32,300
2023-08-27T12:18:28,61,239,32,300
2023-08-27T12:31:21,61,239,32,300
2023-08-27T12:44:04,61,239,32,300
2023-08-27T12:56:48,61,239,32,300
2023-08-27T13:09:33,61,239,32,300
2023-08-27T13:22:17,61,239,32,300
2023-08-27T13:35:01,61,239,32,300
2023-08-27T13:47:45,61,239,32,300
2023-08-27T14:00:29,61,239,32,300
2023-08-27T14:13:22,61,239,32,300
2023-08-27T14:26:05,61,239,32,300
2023-08-27T14:38:49,61,239,32,300
2023-08-27T14:51:34,61,239,32,300
2023-08-27T15:04:18,61,239,32,300
2023-08-27T15:17:01,61,239,32,300
2023-08-27T15:29:44,61,239,32,300
2023-08-27T15:42:28,61,239,32,300
2023-08-27T15:55:19,61,239,32,300
2023-08-27T16:08:03,61,239,32,300
2023-08-27T16:20:48,61,239,32,300
2023-08-27T16:33:32,61,239,32,300
2023-08-27T16:46:16,61,239,32,300
2023-08-27T16:59:00,61,239,32,300
2023-08-27T17:11:45,61,239,32,300
2023-08-27T17:24:46,61,239,32,300
2023-08-27T17:37:30,61,239,32,300
2023-08-27T17:50:13,61,239,32,300
2023-08-27T18:02:57,61,239,32,300
2023-08-27T18:15:41,61,239,32,300
2023-08-27T18:28:25,61,239,32,300
2023-08-27T18:41:09,61,239,32,300
2023-08-27T18:54:03,61,239,32,300
2023-08-27T19:06:50,61,239,32,300
2023-08-27T19:19:35,61,239,32,300
2023-08-27T19:32:18,61,239,32,300
2023-08-27T19:45:02,61,239,32,300
2023-08-27T19:57:46,61,239,32,300
2023-08-27T20:10:29,61,239,32,300
2023-08-27T20:23:29,61,239,32,300
2023-08-27T20:36:12,61,239,32,300
2023-08-27T20:48:56,61,239,32,300
2023-08-27T21:01:39,61,239,32,300
2023-08-27T21:14:23,61,239,32,300
2023-08-27T21:27:07,61,239,32,300
2023-08-27T21:39:52,61,239,32,300
2023-08-27T21:52:46,61,239,32,300
2023-08-27T22:05:30,61,239,32,300
2023-08-27T22:18:13,61,239,32,300
2023-08-27T22:30:57,61,239,32,300
2023-08-27T22:43:40,61,239,32,300
2023-08-27T22:50:33,61,239,32,300
2023-08-27T23:03:16,61,239,32,300
2023-08-27T23:16:12,61,239,32,300
2023-08-27T23:28:56,61,239,32,300
2023-08-27T23:41:41,61,239,32,300
2023-08-27T23:54:25,61,239,32,300
2023-08-28T00:07:12,61,239,32,300
2023-08-28T00:20:05,61,239,32,300
2023-08-28T00:33:14,61,239,32,300
2023-08-28T00:46:00,61,239,32,300
2023-08-28T00:58:47,61,239,32,300
2023-08-28T01:11:39,61,239,32,300
2023-08-28T01:24:32,61,239,32,300
2023-08-28T01:37:21,61,239,32,300
2023-08-28T01:50:17,61,239,32,300
2023-08-28T02:03:04,61,239,32,300
2023-08-28T02:16:01,61,239,32,300
2023-08-28T02:28:47,61,239,32,300
2023-08-28T02:41:33,61,239,32,300
2023-08-28T02:54:20,61,239,32,300
2023-08-28T03:07:06,61,239,32,300
2023-08-28T03:19:53,61,239,32,300
2023-08-28T03:32:41,61,239,32,300
2023-08-28T03:45:27,61,239,32,300
2023-08-28T03:58:13,61,239,32,300
2023-08-28T04:11:00,61,239,32,300
2023-08-28T04:27:21,61,239,32,300
2023-08-28T04:40:35,61,239,32,300
2023-08-28T04:53:24,61,239,32,300
2023-08-28T05:06:16,61,239,32,300
2023-08-28T05:19:04,61,239,32,300
2023-08-28T05:31:53,61,239,32,300
2023-08-28T05:44:41,61,239,32,300
2023-08-28T05:57:30,61,239,32,300
2023-08-28T06:10:18,61,239,32,300
2023-08-28T06:23:04,61,239,32,300
2023-08-28T06:35:52,61,239,32,300
2023-08-28T06:48:38,61,239,32,300
2023-08-28T07:01:24,61,239,32,300
2023-08-28T07:14:10,61,239,32,300
2023-08-28T07:26:54,61,239,32,300
2023-08-28T07:39:47,61,239,32,300
2023-08-28T07:52:31,61,239,32,300
2023-08-28T08:05:17,61,239,32,300
2023-08-28T08:18:03,61,239,32,300
2023-08-28T08:30:50,63,237,32,300
2023-08-28T08:43:39,66,234,32,300
2023-08-28T08:56:28,66,234,32,300
2023-08-28T09:09:30,69,231,32,300
2023-08-28T09:22:18,70,230,32,300
2023-08-28T09:35:14,76,224,32,300
2023-08-28T09:48:00,82,218,32,300
2023-08-28T10:00:47,85,215,32,300
2023-08-28T10:13:47,89,211,32,300
2023-08-28T10:26:34,94,206,32,300
2023-08-28T10:39:22,95,205,32,300
2023-08-28T10:52:10,99,201,32,300
2023-08-28T11:05:10,101,199,32,300
2023-08-28T11:17:54,103,197,32,300
2023-08-28T11:30:46,107,193,32,300
2023-08-28T11:43:45,115,185,32,300
2023-08-28T11:56:31,115,185,32,300
2023-08-28T12:09:18,117,183,32,300
2023-08-28T12:22:06,120,180,33,300
2023-08-28T12:35:04,123,177,33,300
2023-08-28T12:47:50,127,173,33,300
2023-08-28T13:00:38,127,173,33,300
2023-08-28T13:13:25,131,169,33,300
2023-08-28T13:26:24,132,168,33,300
2023-08-28T13:39:09,133,167,33,300
2023-08-28T13:51:57,141,159,33,300
2023-08-28T14:04:43,144,156,34,300
2023-08-28T14:17:40,147,153,36,300
2023-08-28T14:30:25,149,151,37,300
2023-08-28T14:43:09,153,147,37,300
2023-08-28T14:55:54,153,147,37,300
2023-08-28T15:08:48,154,146,37,300
2023-08-28T15:21:33,155,145,37,300
2023-08-28T15:34:19,157,143,37,300
2023-08-28T15:47:06,157,143,37,300
2023-08-28T16:00:02,157,143,37,300
2023-08-28T16:12:50,157,143,37,300
2023-08-28T16:25:37,159,141,36,300
2023-08-28T16:38:24,159,141,35,300
2023-08-28T16:51:21,159,141,35,300
2023-08-28T17:04:09,159,141,35,300
2023-08-28T17:16:58,159,141,35,300
2023-08-28T17:29:44,159,141,35,300
2023-08-28T17:42:31,159,141,35,300
2023-08-28T17:55:18,159,141,35,300
2023-08-28T18:08:17,160,140,35,300
2023-08-28T18:21:04,160,140,35,300
2023-08-28T18:33:51,160,140,35,300
2023-08-28T18:46:38,160,140,35,300
2023-08-28T18:59:25,160,140,35,300
2023-08-28T19:12:23,160,140,35,300
2023-08-28T19:25:10,160,140,35,300
2023-08-28T19:37:58,160,140,35,300
2023-08-28T19:50:46,160,140,35,300
2023-08-28T20:03:33,160,140,35,300
2023-08-28T20:16:31,160,140,35,300
2023-08-28T20:29:17,160,140,35,300
2023-08-28T20:42:04,160,140,35,300
2023-08-28T20:54:51,160,140,35,300
2023-08-28T21:07:38,160,140,35,300
2023-08-28T21:20:36,160,140,35,300
2023-08-28T21:33:23,160,140,35,300
2023-08-28T21:46:10,160,140,35,300
2023-08-28T21:58:57,161,139,35,300
2023-08-28T22:11:44,162,138,35,300
2023-08-28T22:24:41,162,138,35,300
2023-08-28T22:37:28,162,138,35,300
2023-08-28T22:50:16,162,138,35,300
2023-08-28T23:03:04,161,139,35,300
2023-08-28T23:15:53,161,139,35,300
2023-08-28T23:28:51,161,139,35,300
2023-08-28T23:41:40,161,139,35,300
2023-08-28T23:54:28,161,139,35,300
2023-08-29T00:07:19,161,139,35,300
2023-08-29T00:20:23,162,138,35,300
2023-08-29T00:33:14,162,138,35,300
2023-08-29T00:46:03,162,138,35,300
2023-08-29T00:59:03,162,138,35,300
2023-08-29T01:11:52,162,138,35,300
2023-08-29T01:24:43,162,138,35,300
2023-08-29T01:37:32,162,138,35,300
2023-08-29T01:50:22,162,138,35,300
2023-08-29T02:03:12,162,138,35,300
2023-08-29T02:16:03,162,138,35,300
2023-08-29T02:28:53,162,138,35,300
2023-08-29T02:41:43,162,138,35,300
2023-08-29T02:54:41,162,138,35,300
2023-08-29T03:07:31,162,138,35,300
2023-08-29T03:20:23,162,138,35,300
2023-08-29T03:33:14,162,138,35,300
2023-08-29T03:46:05,162,138,35,300
2023-08-29T03:58:56,162,138,35,300
2023-08-29T04:11:48,162,138,35,300
2023-08-29T04:24:42,162,138,35,300
2023-08-29T04:37:35,162,138,35,300
2023-08-29T04:52:05,162,138,35,300
2023-08-29T05:05:20,162,138,35,300
2023-08-29T05:18:13,162,138,35,300
2023-08-29T05:31:04,162,138,35,300
2023-08-29T05:43:56,162,138,35,300
2023-08-29T05:56:47,162,138,35,300
2023-08-29T06:09:38,162,138,35,300
2023-08-29T06:22:28,162,138,35,300
2023-08-29T06:35:22,162,138,35,300
2023-08-29T06:48:12,162,138,35,300
2023-08-29T07:01:06,162,138,35,300
2023-08-29T07:14:04,162,0,35,0
2023-08-29T07:26:54,162,138,35,300
2023-08-29T07:39:43,162,138,35,300
2023-08-29T07:52:32,162,138,35,300
2023-08-29T08:05:25,162,138,35,300
2023-08-29T08:18:19,163,137,35,300
2023-08-29T08:31:12,163,137,35,300
2023-08-29T08:44:05,163,137,35,300
2023-08-29T08:57:10,163,137,35,300
2023-08-29T09:10:04,163,137,35,300
2023-08-29T09:23:01,163,137,35,300
2023-08-29T09:35:54,163,137,35,300
2023-08-29T09:48:58,163,137,35,300
2023-08-29T10:01:58,163,137,35,300
2023-08-29T10:14:52,163,137,35,300
2023-08-29T10:27:47,163,137,35,300
2023-08-29T10:40:58,163,137,35,300
2023-08-29T10:53:59,163,137,35,300
2023-08-29T11:06:56,163,137,34,300
2023-08-29T11:20:02,164,136,34,300
2023-08-29T11:33:04,164,136,34,300
2023-08-29T11:45:59,164,136,34,300
2023-08-29T11:59:07,164,136,34,300
2023-08-29T12:12:11,164,136,34,300
2023-08-29T12:25:07,164,136,34,300
2023-08-29T12:38:13,164,136,34,300
2023-08-29T12:51:09,164,136,34,300
2023-08-29T13:04:07,164,136,34,300
2023-08-29T13:17:11,164,136,34,300
2023-08-29T13:30:05,164,136,34,300
2023-08-29T13:43:04,164,136,34,300
2023-08-29T13:55:59,164,136,34,300
2023-08-29T14:09:06,164,136,34,300
2023-08-29T14:22:05,164,136,34,300
2023-08-29T14:35:02,164,136,34,300
2023-08-29T14:48:09,164,136,34,300
2023-08-29T15:01:08,164,136,34,300
2023-08-29T15:14:13,164,136,34,300
2023-08-29T15:27:07,164,136,34,300
2023-08-29T15:40:03,164,136,34,300
2023-08-29T15:53:12,164,136,34,300
2023-08-29T16:06:13,164,136,34,300
2023-08-29T16:19:08,164,136,34,300
2023-08-29T16:32:20,164,136,34,300
2023-08-29T16:45:16,164,136,34,300
2023-08-29T16:58:10,164,136,34,300
2023-08-29T17:11:11,164,136,34,300
2023-08-29T17:24:19,164,136,34,300
2023-08-29T17:37:10,164,136,34,300
2023-08-29T17:50:04,164,136,34,300
2023-08-29T18:03:21,164,136,34,300
2023-08-29T18:16:16,164,136,34,300
2023-08-29T18:29:16,164,136,34,300
2023-08-29T18:42:15,164,136,34,300
2023-08-29T18:55:19,164,136,34,300
2023-08-29T19:08:12,164,136,34,300
2023-08-29T19:21:06,164,136,34,300
2023-08-29T19:33:57,164,136,34,300
2023-08-29T19:47:03,164,136,34,300
2023-08-29T19:59:54,164,136,34,300
2023-08-29T20:12:49,164,136,34,300
2023-08-29T20:25:39,164,136,34,300
2023-08-29T20:38:38,164,136,34,300
2023-08-29T20:51:25,164,136,34,300
2023-08-29T21:04:12,164,136,34,300
2023-08-29T21:16:59,164,136,34,300
2023-08-29T21:29:58,164,136,34,300
2023-08-29T21:42:45,164,136,34,300
2023-08-29T21:55:32,164,136,34,300
2023-08-29T22:08:19,164,136,34,300
2023-08-29T22:21:19,164,136,34,300
2023-08-29T22:34:06,164,136,34,300
2023-08-29T22:46:54,164,136,34,300
2023-08-29T22:59:42,164,136,34,300
2023-08-29T23:12:31,164,136,34,300
2023-08-29T23:25:30,164,136,34,300
2023-08-29T23:38:17,164,136,34,300
2023-08-29T23:51:05,164,136,34,300
2023-08-30T00:03:54,164,136,34,300
2023-08-30T00:16:46,164,136,34,300
2023-08-30T00:29:37,164,136,34,300
2023-08-30T00:42:40,164,136,34,300
2023-08-30T00:55:32,164,136,34,300
2023-08-30T01:08:25,164,136,34,300
2023-08-30T01:21:17,164,136,34,300
2023-08-30T01:34:09,164,136,34,300
2023-08-30T01:46:59,164,136,34,300
2023-08-30T01:59:50,164,136,34,300
2023-08-30T02:12:42,164,136,34,300
2023-08-30T02:25:43,164,136,34,300
2023-08-30T02:38:32,164,136,34,300
2023-08-30T02:51:21,164,136,34,300
2023-08-30T03:04:09,164,136,34,300
2023-08-30T03:17:00,164,136,34,300
2023-08-30T03:29:51,164,136,34,300
2023-08-30T03:42:42,164,136,34,300
2023-08-30T03:55:33,164,136,34,300
2023-08-30T04:08:26,164,136,34,300
2023-08-30T06:30:00,164,136,34,300
2023-08-30T06:42:51,164,136,34,300
2023-08-30T06:55:41,164,136,34,300
2023-08-30T07:08:32,164,136,34,300
2023-08-30T07:21:21,164,136,34,300
2023-08-30T07:34:10,164,136,34,300
2023-08-30T07:46:58,164,136,34,300
2023-08-30T07:59:48,165,135,33,300
2023-08-30T08:12:37,165,135,33,300
2023-08-30T08:25:27,165,135,33,300
2023-08-30T08:38:15,165,135,33,300
2023-08-30T08:51:03,165,135,33,300
2023-08-30T09:03:50,165,135,33,300
2023-08-30T09:16:47,165,135,33,300
2023-08-30T09:29:34,165,135,33,300
2023-08-30T09:42:22,166,134,33,300
2023-08-30T09:55:09,166,134,33,300
2023-08-30T10:07:57,167,133,33,300
2023-08-30T10:20:46,167,133,33,300
2023-08-30T10:33:34,167,133,33,300
2023-08-30T10:46:25,167,133,33,300
2023-08-30T10:59:22,167,133,33,300
2023-08-30T11:12:11,167,133,33,300
2023-08-30T11:25:00,167,133,33,300
2023-08-30T11:37:48,167,133,33,300
2023-08-30T11:50:37,167,133,33,300
2023-08-30T12:03:25,167,133,33,300
2023-08-30T12:16:13,167,133,33,300
2023-08-30T12:29:10,167,133,33,300
2023-08-30T12:41:58,167,133,33,300
2023-08-30T12:54:46,167,133,33,300
2023-08-30T13:07:34,167,133,33,300
2023-08-30T13:20:22,168,132,33,300
2023-08-30T13:33:12,168,132,33,300
2023-08-30T13:46:10,168,132,33,300
2023-08-30T13:59:00,168,132,33,300
2023-08-30T14:11:50,168,132,33,300
2023-08-30T14:24:38,168,132,33,300
2023-08-30T14:37:27,168,132,33,300
2023-08-30T14:50:15,168,132,33,300
2023-08-30T15:03:03,168,132,33,300
2023-08-30T15:16:02,168,132,33,300
2023-08-30T15:28:50,168,132,33,300
2023-08-30T15:41:38,168,132,33,300
2023-08-30T15:54:27,168,132,33,300
2023-08-30T16:07:15,168,132,33,300
2023-08-30T16:20:04,168,132,33,300
2023-08-30T16:32:53,168,132,33,300
2023-08-30T16:45:52,168,132,33,300
2023-08-30T16:58:40,168,132,33,300
2023-08-30T17:11:30,168,132,33,300
2023-08-30T17:24:20,168,132,33,300
2023-08-30T17:37:08,168,132,33,300
2023-08-30T17:49:57,168,132,33,300
2023-08-30T18:02:46,168,132,33,300
2023-08-30T18:15:44,168,132,33,300
2023-08-30T18:28:33,168,132,33,300
2023-08-30T18:41:22,168,132,33,300
2023-08-30T18:54:11,168,132,33,300
2023-08-30T19:07:01,168,132,33,300
2023-08-30T19:19:49,168,132,33,300
2023-08-30T19:32:38,168,132,33,300
2023-08-30T19:45:28,168,132,33,300
2023-08-30T19:58:26,168,132,33,300
2023-08-30T20:11:16,168,132,33,300
2023-08-30T20:24:05,168,132,33,300
2023-08-30T20:36:53,168,132,33,300
2023-08-30T20:49:42,168,132,33,300
2023-08-30T21:02:31,168,132,33,300
2023-08-30T21:15:20,168,132,33,300
2023-08-30T21:28:09,168,132,33,300
2023-08-30T21:41:07,168,132,33,300
2023-08-30T21:53:56,168,132,33,300
2023-08-30T22:06:44,168,132,33,300
2023-08-30T22:19:33,169,131,33,300
2023-08-30T22:32:25,169,131,33,300
2023-08-30T22:45:14,169,131,33,300
2023-08-30T22:58:03,169,131,33,300
2023-08-30T23:10:52,169,131,33,300
2023-08-30T23:23:50,169,131,33,300
2023-08-30T23:36:39,169,131,33,300
2023-08-30T23:49:29,169,131,33,300
2023-08-31T00:02:18,170,130,33,300
2023-08-31T00:15:29,170,130,33,300
2023-08-31T00:28:23,170,130,33,300
2023-08-31T00:41:14,170,130,33,300
2023-08-31T00:54:04,170,130,33,300
2023-08-31T01:06:56,170,130,33,300
2023-08-31T01:19:47,170,130,33,300
2023-08-31T01:32:40,170,130,33,300
2023-08-31T01:45:32,170,130,33,300
2023-08-31T01:58:35,170,130,33,300
2023-08-31T02:11:28,170,130,33,300
2023-08-31T02:24:19,170,130,33,300
2023-08-31T02:37:10,170,130,33,300
2023-08-31T02:50:00,170,130,33,300
2023-08-31T03:02:53,170,130,33,300
2023-08-31T03:15:53,170,130,33,300
2023-08-31T03:28:46,170,130,33,300
2023-08-31T03:41:37,170,130,33,300
2023-08-31T03:54:30,170,130,33,300
2023-08-31T04:07:22,170,130,33,300
2023-08-31T04:23:08,170,130,33,300
2023-08-31T04:37:17,170,130,33,300
2023-08-31T04:50:29,170,130,33,300
2023-08-31T05:03:24,170,130,33,300
2023-08-31T05:16:19,170,130,33,300
2023-08-31T05:29:13,170,130,33,300
2023-08-31T05:42:06,170,130,33,300
2023-08-31T05:55:00,170,130,33,300
2023-08-31T06:07:52,170,130,33,300
2023-08-31T06:20:45,170,130,33,300
2023-08-31T06:33:36,170,130,33,300
2023-08-31T06:46:29,170,130,33,300
2023-08-31T06:59:21,170,130,33,300
2023-08-31T07:12:14,170,130,33,300
2023-08-31T07:25:05,170,130,33,300
2023-08-31T07:37:55,170,130,33,300
2023-08-31T07:50:44,170,130,33,300
2023-08-31T08:03:36,170,130,33,300
2023-08-31T08:16:25,170,130,33,300
2023-08-31T08:29:25,170,130,34,300
2023-08-31T08:42:15,172,128,34,300
2023-08-31T08:55:04,172,128,34,300
2023-08-31T09:07:54,173,127,34,300
2023-08-31T09:20:45,173,127,34,300
2023-08-31T09:33:35,173,127,34,300
2023-08-31T09:46:25,174,126,34,300
2023-08-31T09:59:27,175,125,34,300
2023-08-31T10:12:19,178,122,34,300
2023-08-31T10:25:09,177,123,35,300
2023-08-31T10:37:59,182,118,34,300
2023-08-31T10:50:51,185,115,34,300
2023-08-31T11:03:42,187,113,34,300
2023-08-31T11:16:42,187,113,34,300
2023-08-31T11:29:33,187,113,34,300
2023-08-31T11:42:24,188,112,34,300
2023-08-31T11:55:14,188,112,34,300
2023-08-31T12:08:04,188,112,34,300
2023-08-31T12:21:05,188,112,34,300
2023-08-31T12:33:58,188,112,34,300
2023-08-31T12:46:49,189,111,34,300
2023-08-31T12:59:41,189,111,34,300
2023-08-31T13:12:33,192,108,35,300
2023-08-31T13:25:35,194,106,35,300
2023-08-31T13:38:26,195,105,35,300
2023-08-31T13:51:18,196,104,36,300
2023-08-31T14:04:09,197,103,36,300
2023-08-31T14:17:00,197,103,36,300
2023-08-31T14:29:49,197,103,36,300
2023-08-31T14:42:48,197,103,36,300
2023-08-31T14:55:38,197,103,36,300
2023-08-31T15:08:28,198,102,35,300
2023-08-31T15:21:18,198,102,35,300
2023-08-31T15:34:10,198,102,35,300
2023-08-31T15:47:08,198,102,35,300
2023-08-31T15:59:58,198,102,35,300
2023-08-31T16:12:47,198,102,35,300
2023-08-31T16:25:37,198,102,35,300
2023-08-31T16:38:28,198,102,35,300
2023-08-31T16:51:17,198,102,35,300
2023-08-31T17:04:16,198,102,35,300
2023-08-31T17:17:07,198,102,35,300
2023-08-31T17:29:56,198,102,35,300
2023-08-31T17:42:45,198,102,35,300
2023-08-31T17:55:34,198,102,35,300
2023-08-31T18:08:23,198,102,35,300
2023-08-31T18:21:11,198,102,35,300
2023-08-31T18:34:01,198,102,35,300
2023-08-31T18:47:01,198,102,35,300
2023-08-31T18:59:50,198,102,35,300
2023-08-31T19:12:39,198,102,35,300
2023-08-31T19:25:28,198,102,35,300
2023-08-31T19:38:18,198,102,35,300
2023-08-31T19:51:07,198,102,35,300
2023-08-31T20:03:56,198,102,35,300
2023-08-31T20:16:55,199,101,35,300
2023-08-31T20:29:44,199,101,35,300
2023-08-31T20:42:33,199,101,35,300
2023-08-31T20:55:22,199,101,35,300
2023-08-31T21:08:12,199,101,35,300
2023-08-31T21:21:01,199,101,35,300
2023-08-31T21:33:50,199,101,35,300
2023-08-31T21:46:49,199,101,35,300
2023-08-31T21:59:37,199,101,35,300
2023-08-31T22:12:26,199,101,35,300
2023-08-31T22:25:16,199,101,35,300
2023-08-31T22:38:05,199,101,35,300
2023-08-31T22:50:54,199,101,35,300
2023-08-31T23:03:43,199,101,35,300
2023-08-31T23:16:33,199,101,35,300
2023-08-31T23:29:33,199,101,35,300
2023-08-31T23:42:22,199,101,35,300
2023-08-31T23:55:12,199,101,35,300
2023-09-01T00:08:03,199,101,35,300
2023-09-01T00:21:03,199,101,35,300
2023-09-01T00:33:56,199,101,35,300
2023-09-01T00:46:49,199,101,35,300
2023-09-01T00:59:43,199,101,35,300
2023-09-01T01:12:37,199,101,35,300
2023-09-01T01:25:30,199,101,35,300
2023-09-01T01:38:36,199,101,35,300
2023-09-01T01:51:32,199,101,35,300
2023-09-01T02:04:26,199,101,35,300
2023-09-01T02:17:18,199,101,35,300
2023-09-01T02:30:10,199,101,35,300
2023-09-01T02:43:04,199,101,35,300
2023-09-01T02:55:55,199,101,35,300
2023-09-01T03:08:48,199,101,35,300
2023-09-01T03:21:43,199,101,35,300
2023-09-01T03:34:37,199,101,35,300
2023-09-01T03:47:31,199,101,35,300
2023-09-01T04:00:24,199,101,35,300
2023-09-01T04:24:53,199,101,35,300
2023-09-01T04:38:13,199,101,35,300
2023-09-01T04:51:08,199,101,35,300
2023-09-01T05:04:03,199,101,35,300
2023-09-01T05:16:57,199,101,35,300
2023-09-01T05:29:50,199,101,35,300
2023-09-01T05:42:45,199,101,35,300
2023-09-01T05:55:40,199,101,35,300
2023-09-01T06:08:34,199,101,35,300
2023-09-01T06:21:27,199,101,35,300
2023-09-01T06:34:20,199,101,35,300
2023-09-01T06:47:13,200,100,35,300
2023-09-01T07:00:06,200,100,35,300
2023-09-01T07:12:58,200,100,35,300
2023-09-01T07:25:53,200,100,35,300
2023-09-01T07:38:45,201,99,35,300
2023-09-01T07:51:45,202,98,35,300
2023-09-01T08:04:35,202,98,35,300
2023-09-01T08:17:26,202,98,35,300
2023-09-01T08:30:19,202,98,35,300
2023-09-01T08:43:15,202,98,35,300
2023-09-01T08:56:06,202,98,35,300
2023-09-01T09:09:05,202,98,35,300
2023-09-01T09:22:15,202,98,35,300
2023-09-01T09:35:09,202,98,35,300
2023-09-01T09:48:03,202,98,35,300
2023-09-01T10:00:58,202,98,35,300
2023-09-01T10:13:55,202,98,35,300
2023-09-01T10:26:59,202,98,35,300
2023-09-01T10:39:55,202,98,35,300
2023-09-01T10:52:54,202,98,35,300
2023-09-01T11:05:49,202,98,35,300
2023-09-01T11:18:43,202,98,35,300
2023-09-01T11:31:53,202,98,35,300
2023-09-01T11:44:48,203,97,35,300
2023-09-01T11:57:42,203,97,35,300
2023-09-01T12:10:40,203,97,35,300
2023-09-01T12:23:45,203,97,35,300
2023-09-01T12:36:39,203,97,35,300
2023-09-01T12:49:31,203,97,35,300
2023-09-01T13:02:30,203,97,35,300
2023-09-01T13:15:25,203,97,35,300
2023-09-01T13:28:29,203,97,35,300
2023-09-01T13:41:28,203,97,35,300
2023-09-01T13:54:22,203,97,35,300
2023-09-01T14:07:21,203,97,35,300
2023-09-01T14:20:33,203,97,35,300
2023-09-01T14:33:28,203,97,35,300
2023-09-01T14:46:22,203,97,35,300
2023-09-01T14:59:29,203,97,35,300
2023-09-01T15:12:30,203,97,35,300
2023-09-01T15:25:29,203,97,35,300
2023-09-01T15:38:25,203,97,35,300
2023-09-01T15:51:37,203,97,35,300
2023-09-01T16:04:34,203,97,35,300
2023-09-01T16:17:28,203,97,35,300
2023-09-01T16:30:23,203,97,35,300
2023-09-01T16:43:29,203,97,35,300
2023-09-01T16:56:23,203,97,35,300
2023-09-01T17:09:19,203,97,35,300
2023-09-01T17:22:20,203,97,35,300
2023-09-01T19:22:24,203,97,35,300
2023-09-01T19:35:16,203,97,35,300
2023-09-01T19:48:09,203,97,35,300
2023-09-01T20:01:03,203,97,35,300
2023-09-01T20:14:08,203,97,35,300
2023-09-01T20:27:00,203,97,35,300
2023-09-01T20:39:51,203,97,35,300
2023-09-01T20:52:41,203,97,35,300
2023-09-01T21:05:42,203,97,35,300
2023-09-01T21:18:33,203,97,35,300
2023-09-01T21:31:23,203,97,35,300
2023-09-01T21:44:14,203,97,35,300
2023-09-01T21:57:05,203,97,35,300
2023-09-01T22:10:07,203,97,35,300
2023-09-01T22:22:58,203,97,35,300
2023-09-01T22:35:48,203,97,35,300
2023-09-01T22:48:39,203,97,35,300
2023-09-01T23:01:29,203,97,35,300
2023-09-01T23:14:22,203,97,35,300
2023-09-01T23:27:23,203,97,35,300
2023-09-01T23:40:15,203,97,35,300
2023-09-01T23:53:06,203,97,35,300
2023-09-02T00:06:00,203,97,35,300
2023-09-02T00:18:59,203,97,35,300
2023-09-02T00:31:54,203,97,35,300
2023-09-02T00:44:59,203,97,35,300
2023-09-02T00:57:54,203,97,35,300
2023-09-02T01:10:48,203,97,35,300
2023-09-02T01:23:42,203,97,35,300
2023-09-02T01:36:40,203,97,35,300
2023-09-02T01:49:36,203,97,35,300
2023-09-02T02:02:31,203,97,35,300
2023-09-02T02:15:25,203,97,35,300
2023-09-02T02:28:17,203,97,35,300
2023-09-02T02:41:21,203,97,35,300
2023-09-02T02:54:14,203,97,35,300
2023-09-02T03:07:06,203,97,35,300
2023-09-02T03:20:01,203,97,35,300
2023-09-02T03:32:55,203,97,35,300
2023-09-02T03:45:48,203,97,35,300
2023-09-02T03:58:43,203,97,35,300
2023-09-02T04:22:09,203,97,35,300
2023-09-02T04:37:17,203,97,35,300
2023-09-02T04:50:16,203,97,35,300
2023-09-02T05:03:14,203,97,35,300
2023-09-02T05:16:10,203,97,35,300
2023-09-02T05:29:05,203,97,35,300
2023-09-02T05:42:01,203,97,35,300
2023-09-02T05:54:56,203,97,35,300
2023-09-02T06:07:51,203,97,35,300
2023-09-02T06:20:45,203,97,35,300
2023-09-02T06:33:40,203,97,35,300
2023-09-02T06:46:35,203,97,35,300
2023-09-02T06:59:30,203,97,35,300
2023-09-02T07:12:26,203,97,35,300
2023-09-02T07:25:21,203,97,35,300
2023-09-02T07:38:15,203,97,35,300
2023-09-02T07:51:08,203,97,35,300
2023-09-02T08:04:02,203,97,35,300
2023-09-02T08:17:05,203,97,35,300
2023-09-02T08:30:01,203,97,35,300
2023-09-02T08:42:55,203,97,35,300
2023-09-02T08:55:50,203,97,35,300
2023-09-02T09:08:45,203,97,35,300
2023-09-02T09:21:39,203,97,35,300
2023-09-02T09:34:33,203,97,35,300
2023-09-02T09:47:25,203,97,35,300
2023-09-02T10:00:19,203,97,35,300
2023-09-02T10:13:12,203,97,35,300
2023-09-02T10:26:06,203,97,35,300
2023-09-02T10:39:09,203,97,35,300
2023-09-02T10:52:02,203,97,35,300
2023-09-02T11:04:56,203,97,35,300
2023-09-02T11:17:47,203,97,35,300
2023-09-02T11:30:39,203,97,35,300
2023-09-02T11:43:30,203,97,35,300
2023-09-02T11:56:21,203,97,35,300
2023-09-02T12:09:12,203,97,35,300
2023-09-02T12:22:04,203,97,35,300
2023-09-02T12:34:56,203,97,35,300
2023-09-02T12:47:56,203,97,35,300
2023-09-02T13:00:47,203,97,35,300
2023-09-02T13:13:38,203,97,35,300
2023-09-02T13:26:29,203,97,35,300
2023-09-02T13:39:20,203,97,35,300
2023-09-02T13:52:12,203,97,35,300
2023-09-02T14:05:03,202,98,35,300
2023-09-02T14:17:54,202,98,35,300
2023-09-02T14:30:45,202,98,35,300
2023-09-02T14:43:47,202,98,35,300
2023-09-02T14:56:39,202,98,35,300
2023-09-02T15:09:30,202,98,35,300
2023-09-02T15:22:21,202,98,35,300
2023-09-02T15:35:12,202,98,35,300
2023-09-02T15:48:05,202,98,35,300
2023-09-02T16:00:56,202,98,35,300
2023-09-02T16:13:47,202,98,35,300
2023-09-02T16:26:39,202,98,35,300
2023-09-02T16:39:30,202,98,35,300
2023-09-02T16:52:21,202,98,35,300
2023-09-02T17:05:24,202,98,35,300
2023-09-02T17:18:16,202,98,35,300
2023-09-02T17:31:08,202,98,35,300
2023-09-02T17:43:59,202,98,35,300
2023-09-02T17:56:49,202,98,35,300
2023-09-02T18:09:42,202,98,35,300
2023-09-02T18:22:32,202,98,35,300
2023-09-02T18:35:24,202,98,35,300
2023-09-02T18:48:14,202,98,35,300
2023-09-02T19:01:05,202,98,35,300
2023-09-02T19:13:57,202,98,35,300
2023-09-02T19:26:48,202,98,35,300
2023-09-02T19:39:48,203,97,35,300
2023-09-02T19:52:39,203,97,35,300
2023-09-02T20:05:30,203,97,35,300
2023-09-02T20:18:21,203,97,35,300
2023-09-02T20:31:12,203,97,35,300
2023-09-02T20:44:03,203,97,35,300
2023-09-02T20:56:55,203,97,35,300
2023-09-02T21:09:45,203,97,35,300
2023-09-02T21:22:36,203,97,35,300
2023-09-02T21:35:27,203,97,35,300
2023-09-02T21:48:27,203,97,35,300
2023-09-02T22:01:18,203,97,35,300
2023-09-02T22:14:09,203,97,35,300
2023-09-02T22:27:00,203,97,35,300
2023-09-02T22:39:51,203,97,35,300
2023-09-02T22:52:42,203,97,35,300
2023-09-02T23:05:33,203,97,35,300
2023-09-02T23:18:26,203,97,35,300
2023-09-02T23:31:18,203,97,35,300
2023-09-02T23:44:11,203,97,35,300
2023-09-02T23:57:02,203,97,35,300
2023-09-03T00:09:55,203,97,35,300
2023-09-03T00:23:04,203,97,35,300
2023-09-03T00:35:59,203,97,35,300
2023-09-03T00:48:53,203,97,35,300
2023-09-03T01:01:48,203,97,35,300
2023-09-03T01:14:41,203,97,35,300
2023-09-03T01:27:34,203,97,35,300
2023-09-03T01:40:29,203,97,35,300
2023-09-03T01:53:22,203,97,35,300
2023-09-03T02:06:26,203,97,35,300
2023-09-03T02:19:22,203,97,35,300
2023-09-03T02:32:17,203,97,35,300
2023-09-03T02:45:11,203,97,35,300
2023-09-03T02:58:05,203,97,35,300
2023-09-03T03:10:59,203,97,35,300
2023-09-03T03:23:54,203,97,35,300
2023-09-03T03:36:49,203,97,35,300
2023-09-03T03:49:53,203,97,35,300
2023-09-03T04:02:49,203,97,35,300
2023-09-03T04:21:15,203,97,35,300
2023-09-03T04:34:11,203,97,35,300
2023-09-03T04:48:29,203,97,35,300
2023-09-03T05:01:41,203,97,35,300
2023-09-03T05:14:36,203,97,35,300
2023-09-03T05:27:32,203,97,35,300
2023-09-03T05:40:27,203,97,35,300
2023-09-03T05:53:25,203,97,35,300
2023-09-03T06:06:20,203,97,35,300
2023-09-03T06:19:14,203,97,35,300
2023-09-03T06:32:06,203,97,35,300
2023-09-03T06:44:58,203,97,35,300
2023-09-03T06:57:49,203,97,35,300
2023-09-03T07:10:42,203,97,35,300
2023-09-03T07:23:33,203,97,35,300
2023-09-03T07:36:24,203,97,35,300
2023-09-03T07:49:16,203,97,35,300
2023-09-03T08:02:08,203,97,35,300
2023-09-03T08:14:59,203,97,35,300
2023-09-03T08:27:52,203,97,35,300
2023-09-03T08:41:00,203,97,35,300
2023-09-03T08:53:51,203,97,35,300
2023-09-03T09:06:42,203,97,35,300
2023-09-03T09:19:34,203,97,35,300
2023-09-03T09:32:25,203,97,35,300
2023-09-03T09:45:17,203,97,35,300
2023-09-03T09:58:08,203,97,35,300
2023-09-03T10:11:00,203,97,35,300
2023-09-03T10:23:53,203,97,35,300
2023-09-03T10:36:46,203,97,35,300
2023-09-03T10:49:38,203,97,35,300
2023-09-03T11:02:30,203,97,35,300
2023-09-03T11:15:30,202,98,35,300
2023-09-03T11:28:21,202,98,35,300
2023-09-03T11:41:14,202,98,35,300
2023-09-03T11:54:06,202,98,35,300
2023-09-03T12:06:56,202,98,35,300
2023-09-03T12:19:47,202,98,35,300
2023-09-03T12:32:39,202,98,35,300
2023-09-03T12:45:30,202,98,35,300
2023-09-03T12:58:20,202,98,35,300
2023-09-03T13:11:11,202,98,35,300
2023-09-03T13:24:02,202,98,35,300
2023-09-03T13:37:03,202,98,35,300
2023-09-03T13:49:53,202,98,35,300
2023-09-03T14:02:43,202,98,35,300
2023-09-03T14:15:34,202,98,35,300
2023-09-03T14:28:25,202,98,35,300
2023-09-03T14:41:16,202,98,35,300
2023-09-03T14:54:06,202,98,35,300
2023-09-03T15:06:57,202,98,35,300
2023-09-03T15:19:48,202,98,35,300
2023-09-03T15:32:38,202,98,35,300
2023-09-03T15:45:29,202,98,35,300
2023-09-03T15:58:21,202,98,35,300
2023-09-03T16:11:22,202,98,35,300
2023-09-03T16:24:13,202,98,35,300
2023-09-03T16:37:04,202,98,35,300
2023-09-03T16:49:56,202,98,35,300
2023-09-03T17:02:46,202,98,35,300
2023-09-03T17:15:38,202,98,35,300
2023-09-03T17:28:29,202,98,35,300
2023-09-03T17:41:19,202,98,35,300
2023-09-03T17:54:27,202,98,35,300
2023-09-03T18:07:17,202,98,35,300
2023-09-03T18:20:08,202,98,35,300
2023-09-03T18:32:58,202,98,35,300
2023-09-03T18:45:49,202,98,35,300
2023-09-03T18:58:39,202,98,35,300
2023-09-03T19:11:34,202,98,35,300
2023-09-03T19:24:25,202,98,35,300
2023-09-03T19:37:15,202,98,35,300
2023-09-03T19:50:05,202,98,35,300
2023-09-03T20:02:56,202,98,35,300
2023-09-03T20:15:47,202,98,35,300
2023-09-03T20:28:47,202,98,35,300
2023-09-03T20:41:38,202,98,35,300
2023-09-03T20:54:28,202,98,35,300
2023-09-03T21:07:19,202,98,35,300
2023-09-03T21:20:10,202,98,35,300
2023-09-03T21:33:01,202,98,35,300
2023-09-03T21:45:53,202,98,35,300
2023-09-03T21:58:44,202,98,35,300
2023-09-03T22:11:35,202,98,35,300
2023-09-03T22:24:27,202,98,35,300
2023-09-03T22:37:36,202,98,35,300
2023-09-03T22:50:26,202,98,35,300
2023-09-03T23:03:18,202,98,35,300
2023-09-03T23:16:12,202,98,35,300
2023-09-03T23:29:04,202,98,35,300
2023-09-03T23:41:55,202,98,35,300
2023-09-03T23:54:46,202,98,35,300
2023-09-04T00:07:40,202,98,35,300
2023-09-04T00:20:41,202,98,35,300
2023-09-04T00:33:46,202,98,35,300
2023-09-04T00:46:52,202,98,35,300
2023-09-04T00:59:47,202,98,35,300
2023-09-04T01:12:40,202,98,35,300
2023-09-04T01:25:35,202,98,35,300
2023-09-04T01:38:31,202,98,35,300
2023-09-04T01:51:28,202,98,35,300
2023-09-04T02:04:26,202,98,35,300
2023-09-04T02:17:21,202,98,35,300
2023-09-04T02:30:14,202,98,35,300
2023-09-04T02:43:06,202,98,35,300
2023-09-04T02:55:59,202,98,35,300
2023-09-04T03:08:52,202,98,35,300
2023-09-04T03:21:46,202,98,35,300
2023-09-04T03:34:42,202,98,35,300
2023-09-04T03:47:37,202,98,35,300
2023-09-04T04:00:30,202,98,35,300
2023-09-04T04:13:25,202,98,35,300
2023-09-04T04:29:28,202,98,35,300
2023-09-04T04:43:47,202,98,35,300
2023-09-04T04:56:49,202,98,35,300
2023-09-04T05:09:49,202,98,35,300
2023-09-04T05:22:43,202,98,35,300
2023-09-04T05:35:40,202,98,35,300
2023-09-04T05:48:36,202,98,35,300
2023-09-04T06:01:32,202,98,35,300
2023-09-04T06:14:27,202,98,35,300
2023-09-04T06:27:19,202,98,35,300
2023-09-04T06:40:12,202,98,35,300
2023-09-04T06:53:05,202,98,35,300
2023-09-04T07:05:57,202,98,35,300
2023-09-04T07:18:49,202,98,35,300
2023-09-04T07:31:39,202,98,35,300
2023-09-04T07:44:30,202,98,35,300
2023-09-04T07:57:20,202,98,35,300
2023-09-04T08:10:10,202,98,35,300
2023-09-04T08:23:01,202,98,35,300
2023-09-04T08:35:54,202,98,35,300
2023-09-04T08:48:44,202,98,35,300
2023-09-04T09:01:35,202,98,35,300
2023-09-04T09:14:25,202,98,35,300
2023-09-04T09:27:16,202,98,35,300
2023-09-04T09:40:15,202,98,35,300
2023-09-04T09:53:05,202,98,35,300
2023-09-04T10:05:56,202,98,35,300
2023-09-04T10:18:47,202,98,35,300
2023-09-04T10:31:37,202,98,35,300
2023-09-04T10:44:27,202,98,35,300
2023-09-04T10:57:18,202,98,35,300
2023-09-04T11:10:08,202,98,35,300
2023-09-04T11:22:59,202,98,35,300
2023-09-04T11:35:51,202,98,35,300
2023-09-04T11:48:41,202,98,35,300
2023-09-04T12:01:32,202,98,35,300
2023-09-04T12:14:22,202,98,35,300
2023-09-04T12:27:23,202,98,35,300
2023-09-04T12:40:13,202,98,35,300
2023-09-04T12:53:04,202,98,35,300
2023-09-04T13:05:55,202,98,35,300
2023-09-04T13:18:45,202,98,35,300
2023-09-04T13:31:37,202,98,35,300
2023-09-04T13:44:27,202,98,35,300
2023-09-04T13:57:17,202,98,35,300
2023-09-04T14:10:08,202,98,35,300
2023-09-04T14:22:59,202,98,35,300
2023-09-04T14:36:01,202,98,35,300
2023-09-04T14:48:53,202,98,35,300
2023-09-04T15:01:44,202,98,35,300
2023-09-04T15:14:36,202,98,35,300
2023-09-04T15:27:27,202,98,35,300
2023-09-04T15:40:18,202,98,35,300
2023-09-04T15:53:09,202,98,35,300
2023-09-04T16:05:59,202,98,35,300
2023-09-04T16:18:49,202,98,35,300
2023-09-04T16:31:41,202,98,35,300
2023-09-04T16:44:43,202,98,35,300
2023-09-04T16:57:34,202,98,35,300
2023-09-04T17:10:26,202,98,35,300
2023-09-04T17:23:17,202,98,35,300
2023-09-04T17:36:08,202,98,35,300
2023-09-04T17:48:58,202,98,35,300
2023-09-04T18:01:48,202,98,35,300
2023-09-04T18:14:39,202,98,35,300
2023-09-04T18:27:29,202,98,35,300
2023-09-04T18:40:19,202,98,35,300
2023-09-04T18:53:10,202,98,35,300
2023-09-04T19:06:01,202,98,35,300
2023-09-04T19:19:02,202,98,35,300
2023-09-04T19:31:53,202,98,35,300
2023-09-04T19:44:44,202,98,35,300
2023-09-04T19:57:34,202,98,35,300
2023-09-04T20:10:25,202,98,35,300
2023-09-04T20:23:16,202,98,35,300
2023-09-04T20:36:07,202,98,35,300
2023-09-04T20:48:58,202,98,35,300
2023-09-04T21:01:49,202,98,35,300
2023-09-04T21:14:43,202,98,35,300
2023-09-04T21:27:44,202,98,35,300
2023-09-04T21:40:34,202,98,35,300
2023-09-04T21:53:25,202,98,35,300
2023-09-04T22:06:16,202,98,35,300
2023-09-04T22:19:06,202,98,35,300
2023-09-04T22:31:57,202,98,35,300
2023-09-04T22:44:47,202,98,35,300
2023-09-04T22:57:37,202,98,35,300
2023-09-04T23:10:32,202,98,35,300
2023-09-04T23:23:24,202,98,35,300
2023-09-04T23:36:26,202,98,35,300
2023-09-04T23:49:18,202,98,35,300
2023-09-05T00:02:10,202,98,35,300
2023-09-05T00:15:03,202,98,35,300
2023-09-05T00:28:00,202,98,35,300
2023-09-05T00:40:54,202,98,35,300
2023-09-05T00:53:49,202,98,35,300
2023-09-05T01:06:41,202,98,35,300
2023-09-05T01:19:36,202,98,35,300
2023-09-05T01:32:31,202,98,35,300
2023-09-05T01:45:27,202,98,35,300
2023-09-05T01:58:21,202,98,35,300
2023-09-05T02:11:16,202,98,35,300
2023-09-05T02:24:10,202,98,35,300
2023-09-05T02:37:06,202,98,35,300
2023-09-05T02:50:11,202,98,35,300
2023-09-05T03:03:04,202,98,35,300
2023-09-05T03:15:57,202,98,35,300
2023-09-05T03:28:51,202,98,35,300
2023-09-05T03:41:46,202,98,35,300
2023-09-05T03:54:39,202,98,35,300
2023-09-05T04:07:34,202,98,35,300
2023-09-05T04:21:49,202,98,35,300
2023-09-05T04:36:26,202,98,35,300
2023-09-05T04:49:23,202,98,35,300
2023-09-05T05:02:19,202,98,35,300
2023-09-05T05:15:17,202,98,35,300
2023-09-05T05:28:12,202,98,35,300
2023-09-05T05:41:06,202,98,35,300
2023-09-05T05:54:02,202,98,35,300
2023-09-05T06:06:56,202,98,35,300
2023-09-05T06:19:51,202,98,35,300
2023-09-05T06:32:44,202,98,35,300
2023-09-05T06:45:37,202,98,35,300
2023-09-05T06:58:28,202,98,35,300
2023-09-05T07:11:19,202,98,35,300
2023-09-05T07:24:11,202,98,35,300
2023-09-05T07:37:02,202,98,35,300
2023-09-05T07:49:54,202,98,35,300
2023-09-05T08:02:45,202,98,35,300
2023-09-05T08:15:36,202,98,35,300
2023-09-05T08:28:28,202,98,35,300
2023-09-05T08:41:19,202,98,35,300
2023-09-05T08:54:19,202,98,35,300
2023-09-05T09:07:11,202,98,35,300
2023-09-05T09:20:05,202,98,35,300
2023-09-05T09:32:57,202,98,35,300
2023-09-05T09:45:48,202,98,35,300
2023-09-05T09:58:41,202,98,35,300
2023-09-05T10:11:32,202,98,35,300
2023-09-05T10:24:23,202,98,35,300
2023-09-05T10:37:28,202,98,35,300
2023-09-05T10:50:20,202,98,35,300
2023-09-05T11:03:12,202,98,35,300
2023-09-05T11:16:04,202,98,35,300
2023-09-05T11:28:56,202,98,35,300
2023-09-05T11:41:49,202,98,35,300
2023-09-05T11:54:41,202,98,35,300
2023-09-05T12:07:43,202,98,35,300
2023-09-05T12:20:36,202,98,35,300
2023-09-05T12:33:29,202,98,35,300
2023-09-05T12:46:20,202,98,35,300
2023-09-05T12:59:12,202,98,35,300
2023-09-05T13:12:03,202,98,35,300
2023-09-05T13:24:55,202,98,35,300
2023-09-05T13:37:57,202,98,35,300
2023-09-05T13:50:49,202,98,35,300
2023-09-05T14:03:41,202,98,35,300
2023-09-05T14:16:34,202,98,35,300
2023-09-05T14:29:27,202,98,35,300
2023-09-05T14:42:20,202,98,35,300
2023-09-05T14:55:12,202,98,35,300
2023-09-05T15:08:14,202,98,35,300
2023-09-05T15:21:06,202,98,35,300
2023-09-05T15:33:59,202,98,35,300
2023-09-05T15:46:52,203,97,35,300
2023-09-05T15:59:47,203,97,35,300
2023-09-05T16:12:39,203,97,35,300
2023-09-05T16:25:30,203,97,35,300
2023-09-05T16:38:33,203,97,35,300
2023-09-05T16:51:26,203,97,35,300
2023-09-05T17:04:19,203,97,35,300
2023-09-05T17:17:15,203,97,35,300
2023-09-05T17:30:07,203,97,35,300
2023-09-05T17:43:11,203,97,35,300
2023-09-05T17:56:05,204,96,35,300
2023-09-05T18:08:57,204,96,35,300
2023-09-05T18:21:50,204,96,35,300
2023-09-05T18:34:42,204,96,35,300
2023-09-05T18:47:46,204,96,35,300
2023-09-05T19:00:38,204,96,35,300
2023-09-05T19:13:31,204,96,35,300
2023-09-05T19:26:23,204,96,35,300
2023-09-05T19:39:16,204,96,35,300
2023-09-05T19:52:19,204,96,35,300
2023-09-05T20:05:11,204,96,35,300
2023-09-05T20:18:04,204,96,35,300
2023-09-05T20:30:56,204,96,35,300
2023-09-05T20:43:58,204,96,35,300
2023-09-05T20:56:50,205,95,35,300
2023-09-05T21:09:43,205,95,35,300
2023-09-05T21:22:36,205,95,35,300
2023-09-05T21:35:38,205,95,35,300
2023-09-05T21:48:31,205,95,35,300
2023-09-05T22:01:24,205,95,35,300
2023-09-05T22:14:17,205,95,35,300
2023-09-05T22:27:10,205,95,35,300
2023-09-05T22:40:12,205,95,35,300
2023-09-05T22:53:06,205,95,35,300
2023-09-05T23:05:59,205,95,35,300
2023-09-05T23:18:54,205,95,35,300
2023-09-05T23:31:47,205,95,35,300
2023-09-05T23:44:42,205,95,35,300
2023-09-05T23:57:36,205,95,35,300
2023-09-06T00:10:33,205,95,35,300
2023-09-06T00:23:34,205,95,35,300
2023-09-06T00:36:41,205,95,35,300
2023-09-06T00:49:40,205,95,35,300
2023-09-06T01:02:39,205,95,35,300
2023-09-06T01:15:37,205,95,35,300
2023-09-06T01:28:34,205,95,35,300
2023-09-06T01:41:35,205,95,35,300
2023-09-06T01:54:34,205,95,35,300
2023-09-06T02:07:33,205,95,35,300
2023-09-06T02:20:28,205,95,35,300
2023-09-06T02:33:24,205,95,35,300
2023-09-06T02:46:19,205,95,35,300
2023-09-06T02:59:13,205,95,35,300
2023-09-06T03:13:44,205,95,35,300
2023-09-06T03:26:45,205,95,35,300
2023-09-06T03:39:42,205,95,35,300
2023-09-06T03:52:39,205,95,35,300
2023-09-06T04:05:37,205,95,35,300
2023-09-06T04:28:16,205,95,35,300
2023-09-06T04:41:39,205,95,35,300
2023-09-06T04:54:36,205,95,35,300
2023-09-06T05:07:34,205,95,35,300
2023-09-06T05:20:31,205,95,35,300
2023-09-06T05:33:27,205,95,35,300
2023-09-06T05:46:24,205,95,35,300
2023-09-06T05:59:19,205,95,35,300
2023-09-06T06:12:15,205,95,35,300
2023-09-06T06:25:12,205,95,35,300
2023-09-06T06:38:19,205,95,35,300
2023-09-06T06:51:17,205,95,35,300
2023-09-06T07:04:19,205,95,35,300
2023-09-06T07:17:26,205,95,35,300
2023-09-06T07:30:26,205,95,35,300
2023-09-06T07:43:21,205,95,35,300
2023-09-06T07:56:17,205,95,35,300
2023-09-06T08:09:14,205,95,35,300
2023-09-06T08:22:11,205,95,35,300
2023-09-06T08:35:07,205,95,35,300
2023-09-06T08:48:03,205,95,35,300
2023-09-06T09:00:57,205,95,35,300
2023-09-06T09:14:03,205,95,35,300
2023-09-06T09:26:58,205,95,35,300
2023-09-06T09:39:56,205,95,35,300
2023-09-06T09:52:53,205,95,35,300
2023-09-06T10:05:50,205,95,35,300
2023-09-06T10:18:58,205,95,35,300
2023-09-06T10:31:54,205,95,35,300
2023-09-06T10:44:49,205,95,35,300
2023-09-06T10:57:57,205,95,35,300
2023-09-06T11:10:52,205,95,35,300
2023-09-06T11:23:46,205,95,35,300
2023-09-06T11:36:40,205,95,35,300
2023-09-06T11:49:45,205,95,35,300
2023-09-06T12:02:39,205,95,35,300
2023-09-06T12:15:35,205,95,35,300
2023-09-06T12:28:30,205,95,35,300
2023-09-06T12:41:25,205,95,35,300
2023-09-06T12:54:30,205,95,35,300
2023-09-06T13:07:24,205,95,35,300
2023-09-06T13:20:18,205,95,35,300
2023-09-06T13:33:13,205,95,35,300
2023-09-06T13:46:08,205,95,35,300
2023-09-06T13:59:14,205,95,35,300
2023-09-06T14:12:09,205,95,35,300
2023-09-06T14:25:05,205,95,35,300
2023-09-06T14:38:00,205,95,35,300
2023-09-06T14:50:56,205,95,35,300
2023-09-06T15:03:51,205,95,35,300
2023-09-06T15:16:59,205,95,35,300
2023-09-06T15:29:55,205,95,35,300
2023-09-06T15:42:49,205,95,35,300
2023-09-06T15:55:43,205,95,35,300
2023-09-06T16:08:37,205,95,35,300
2023-09-06T16:21:31,205,95,35,300
2023-09-06T16:34:36,205,95,35,300
2023-09-06T16:47:28,205,95,35,300
2023-09-06T17:00:23,205,95,35,300
2023-09-06T17:13:19,205,95,35,300
2023-09-06T17:26:12,205,95,35,300
2023-09-06T17:39:06,205,95,35,300
2023-09-06T17:51:59,205,95,35,300
2023-09-06T18:05:03,205,95,35,300
2023-09-06T18:17:57,205,95,35,300
2023-09-06T18:30:50,205,95,35,300
2023-09-06T18:43:43,205,95,35,300
2023-09-06T18:56:36,205,95,35,300
2023-09-06T19:09:30,205,95,35,300
2023-09-06T19:22:23,205,95,35,300
2023-09-06T19:35:16,205,95,35,300
2023-09-06T19:48:21,205,95,35,300
2023-09-06T20:01:13,205,95,35,300
2023-09-06T20:14:07,205,95,35,300
2023-09-06T20:27:01,205,95,35,300
2023-09-06T20:39:54,205,95,35,300
2023-09-06T20:52:48,205,95,35,300
2023-09-06T21:05:42,205,95,35,300
2023-09-06T21:18:35,205,95,35,300
2023-09-06T21:31:40,205,95,35,300
2023-09-06T21:44:33,205,95,35,300
2023-09-06T21:57:27,205,95,35,300
2023-09-06T22:10:20,205,95,35,300
2023-09-06T22:23:15,205,95,35,300
2023-09-06T22:36:10,217,83,23,300
2023-09-06T22:49:04,224,76,15,300
2023-09-06T23:02:08,224,76,15,300
2023-09-06T23:15:04,224,76,15,300
2023-09-06T23:27:58,224,76,15,300
2023-09-06T23:40:52,224,76,15,300
2023-09-06T23:53:46,224,76,15,300
2023-09-07T00:06:42,227,73,14,300
2023-09-07T00:19:45,227,73,14,300
2023-09-07T00:32:52,227,73,14,300
2023-09-07T00:45:50,227,73,14,300
2023-09-07T00:58:47,227,73,14,300
2023-09-07T01:11:44,227,73,14,300
2023-09-07T01:24:40,227,73,14,300
2023-09-07T01:37:37,227,73,14,300
2023-09-07T01:50:34,227,73,14,300
2023-09-07T02:03:30,227,73,14,300
2023-09-07T02:16:25,227,73,14,300
2023-09-07T02:29:20,227,73,14,300
2023-09-07T02:42:28,227,73,14,300
2023-09-07T02:55:23,227,73,14,300
2023-09-07T03:08:23,227,73,14,300
2023-09-07T03:21:21,227,73,14,300
2023-09-07T03:34:16,227,73,14,300
2023-09-07T03:47:12,227,73,14,300
2023-09-07T04:00:08,227,73,14,300
2023-09-07T04:13:04,227,73,14,300
2023-09-07T04:24:19,227,73,14,300
2023-09-07T04:38:41,227,73,14,300
2023-09-07T04:51:52,227,73,14,300
2023-09-07T05:04:51,227,73,14,300
2023-09-07T05:17:51,227,73,14,300
2023-09-07T05:30:49,227,73,14,300
2023-09-07T05:43:47,227,73,14,300
2023-09-07T05:56:45,227,73,14,300
2023-09-07T06:09:42,227,73,14,300
2023-09-07T06:22:40,227,73,14,300
2023-09-07T06:35:36,227,73,14,300
2023-09-07T06:48:34,227,73,14,300
2023-09-07T07:01:31,227,73,14,300
2023-09-07T07:14:29,227,73,14,300
2023-09-07T07:27:25,227,73,14,300
2023-09-07T07:40:20,227,73,14,300
2023-09-07T07:53:17,227,73,14,300
2023-09-07T08:06:21,227,73,14,300
2023-09-07T08:19:17,226,74,14,300
2023-09-07T08:32:14,226,74,14,300
2023-09-07T08:45:10,226,74,14,300
2023-09-07T08:58:06,226,74,14,300
2023-09-07T09:11:02,226,74,14,300
2023-09-07T09:23:59,226,74,14,300
2023-09-07T09:36:55,226,74,14,300
2023-09-07T09:50:02,226,74,14,300
2023-09-07T10:02:56,226,74,14,300
2023-09-07T10:15:50,226,74,14,300
2023-09-07T10:28:46,226,74,15,300
2023-09-07T10:41:41,226,74,15,300
2023-09-07T10:54:36,226,74,15,300
2023-09-07T11:07:43,226,74,15,300
2023-09-07T11:20:37,226,74,15,300
2023-09-07T11:33:32,226,74,15,300
2023-09-07T11:46:26,226,74,15,300
2023-09-07T11:59:20,226,74,15,300
2023-09-07T12:12:25,226,74,15,300
2023-09-07T12:25:20,226,74,15,300
2023-09-07T12:38:15,226,74,15,300
2023-09-07T12:51:09,226,74,15,300
2023-09-07T13:04:05,226,74,15,300
2023-09-07T13:17:00,226,74,15,300
2023-09-07T13:30:04,226,74,15,300
2023-09-07T13:42:58,227,73,15,300
2023-09-07T13:55:53,227,73,15,300
2023-09-07T14:08:47,227,73,15,300
2023-09-07T14:21:41,227,73,15,300
2023-09-07T14:34:35,227,73,15,300
2023-09-07T14:47:40,227,73,15,300
2023-09-07T15:00:33,227,73,15,300
2023-09-07T15:13:26,227,73,15,300
2023-09-07T15:26:21,227,73,15,300
2023-09-07T15:39:15,227,73,15,300
2023-09-07T15:52:09,227,73,15,300
2023-09-07T16:05:13,227,73,15,300
2023-09-07T16:18:06,227,73,15,300
2023-09-07T16:31:00,227,73,15,300
2023-09-07T16:43:53,227,73,15,300
2023-09-07T16:56:46,227,73,15,300
2023-09-07T17:09:40,227,73,15,300
2023-09-07T17:22:44,227,73,15,300
2023-09-07T17:35:38,227,73,15,300
2023-09-07T17:48:31,227,73,15,300
2023-09-07T18:01:25,227,73,15,300
2023-09-07T18:14:18,227,73,15,300
2023-09-07T18:27:11,227,73,15,300
2023-09-07T18:40:06,227,73,15,300
2023-09-07T18:52:59,227,73,15,300
2023-09-07T19:06:03,227,73,15,300
2023-09-07T19:18:57,227,73,15,300
2023-09-07T19:31:50,227,73,15,300
2023-09-07T19:44:43,227,73,15,300
2023-09-07T19:57:37,227,73,15,300
2023-09-07T20:10:31,227,73,15,300
2023-09-07T20:23:24,227,73,15,300
2023-09-07T20:36:27,227,73,15,300
2023-09-07T20:49:20,227,73,15,300
2023-09-07T21:02:12,227,73,15,300
2023-09-07T21:15:06,227,73,15,300
2023-09-07T21:27:59,227,73,15,300
2023-09-07T21:40:52,227,73,15,300
2023-09-07T21:53:46,227,73,15,300
2023-09-07T22:06:39,227,73,15,300
2023-09-07T22:19:34,227,73,15,300
2023-09-07T22:32:40,227,73,15,300
2023-09-07T22:45:34,227,73,15,300
2023-09-07T22:58:27,227,73,15,300
2023-09-07T23:11:22,227,73,15,300
2023-09-07T23:24:16,227,73,15,300
2023-09-07T23:37:11,227,73,15,300
2023-09-07T23:50:06,227,73,15,300
2023-09-08T00:03:01,227,73,15,300
2023-09-08T00:16:22,228,72,15,300
2023-09-08T00:29:20,228,72,15,300
2023-09-08T00:42:18,228,72,15,300
2023-09-08T00:55:16,228,72,15,300
2023-09-08T01:08:14,228,72,15,300
2023-09-08T01:21:13,228,72,15,300
2023-09-08T01:34:10,228,72,15,300
2023-09-08T01:47:08,228,72,15,300
2023-09-08T02:00:06,228,72,15,300
2023-09-08T02:13:03,228,72,15,300
2023-09-08T02:25:59,228,72,15,300
2023-09-08T02:38:56,228,72,15,300
2023-09-08T02:51:52,228,72,15,300
2023-09-08T03:04:47,228,72,15,300
2023-09-08T03:17:44,228,72,15,300
2023-09-08T03:30:41,228,72,15,300
2023-09-08T03:43:47,228,72,15,300
2023-09-08T03:56:44,228,72,15,300
2023-09-08T04:20:23,228,72,15,300
2023-09-08T04:33:46,228,72,15,300
2023-09-08T04:46:46,228,72,15,300
2023-09-08T04:59:43,228,72,15,300
2023-09-08T05:12:39,228,72,15,300
2023-09-08T05:25:38,228,72,15,300
2023-09-08T05:38:38,228,72,15,300
2023-09-08T05:51:36,228,72,15,300
2023-09-08T06:04:37,228,72,15,300
2023-09-08T06:17:34,228,72,15,300
2023-09-08T06:30:30,228,72,15,300
2023-09-08T06:43:27,228,72,15,300
2023-09-08T06:56:25,228,72,15,300
2023-09-08T07:09:23,228,72,15,300
2023-09-08T07:22:21,228,72,15,300
2023-09-08T07:35:19,228,72,15,300
2023-09-08T07:48:23,228,72,15,300
2023-09-08T08:01:18,228,72,15,300
2023-09-08T08:14:14,228,72,15,300
2023-09-08T08:27:09,228,72,15,300
2023-09-08T08:40:06,228,72,15,300
2023-09-08T08:53:02,228,72,15,300
2023-09-08T09:05:59,228,72,15,300
2023-09-08T09:18:55,228,72,15,300
2023-09-08T09:31:52,228,72,15,300
2023-09-08T09:44:48,228,72,15,300
2023-09-08T09:57:44,228,72,15,300
2023-09-08T10:10:40,228,72,15,300
2023-09-08T10:23:36,228,72,15,300
2023-09-08T10:36:44,228,72,15,300
2023-09-08T10:49:38,228,72,15,300
2023-09-08T11:02:33,228,72,15,300
2023-09-08T11:15:28,228,72,15,300
2023-09-08T11:28:24,228,72,15,300
2023-09-08T11:41:19,228,72,15,300
2023-09-08T11:54:14,228,72,15,300
2023-09-08T12:07:20,228,72,15,300
2023-09-08T12:20:14,228,72,15,300
2023-09-08T12:33:10,228,72,15,300
2023-09-08T12:46:04,228,72,15,300
2023-09-08T12:58:59,228,72,15,300
2023-09-08T13:11:53,228,72,15,300
2023-09-08T13:24:49,228,72,15,300
2023-09-08T13:37:44,228,72,15,300
2023-09-08T13:50:49,228,72,15,300
2023-09-08T14:03:44,228,72,15,300
2023-09-08T14:16:41,228,72,15,300
2023-09-08T14:29:35,228,72,15,300
2023-09-08T14:42:31,228,72,15,300
2023-09-08T14:55:25,228,72,15,300
2023-09-08T15:08:32,228,72,15,300
2023-09-08T15:21:27,228,72,15,300
2023-09-08T15:34:22,228,72,15,300
2023-09-08T15:47:17,228,72,15,300
2023-09-08T16:00:12,228,72,15,300
2023-09-08T16:13:07,228,72,15,300
2023-09-08T16:26:02,228,72,15,300
2023-09-08T16:39:08,228,72,15,300
2023-09-08T16:52:02,228,72,15,300
2023-09-08T17:04:57,228,72,15,300
2023-09-08T17:17:53,228,72,15,300
2023-09-08T17:30:48,228,72,15,300
2023-09-08T17:43:43,228,72,15,300
2023-09-08T17:56:40,228,72,15,300
2023-09-08T18:09:36,228,72,15,300
2023-09-08T18:22:33,228,72,15,300
2023-09-08T18:35:38,228,72,15,300
2023-09-08T18:48:34,228,72,15,300
2023-09-08T19:01:30,228,72,15,300
2023-09-08T19:14:26,228,72,15,300
2023-09-08T19:27:21,228,72,15,300
2023-09-08T19:40:16,228,72,15,300
2023-09-08T19:53:12,228,72,15,300
2023-09-08T20:06:07,228,72,15,300
2023-09-08T20:19:02,228,72,15,300
2023-09-08T20:31:57,228,72,15,300
2023-09-08T20:44:52,228,72,15,300
2023-09-08T20:57:59,228,72,15,300
2023-09-08T21:10:54,228,72,15,300
2023-09-08T21:23:49,228,72,15,300
2023-09-08T21:36:44,228,72,15,300
2023-09-08T21:49:38,228,72,15,300
2023-09-08T22:02:34,228,72,15,300
2023-09-08T22:15:28,228,72,15,300
2023-09-08T22:28:23,228,72,15,300
2023-09-08T22:41:28,228,72,15,300
2023-09-08T22:54:23,228,72,15,300
2023-09-08T23:07:19,228,72,15,300
2023-09-08T23:20:14,228,72,15,300
2023-09-08T23:33:10,228,72,15,300
2023-09-08T23:46:06,229,71,15,300
2023-09-08T23:59:02,229,71,15,300
2023-09-09T00:12:01,229,71,15,300
2023-09-09T00:25:02,229,71,15,300
2023-09-09T00:38:01,229,71,15,300
2023-09-09T00:51:01,229,71,15,300
2023-09-09T01:04:00,229,71,15,300
2023-09-09T01:16:59,229,71,15,300
2023-09-09T01:30:11,229,71,15,300
2023-09-09T01:43:11,229,71,15,300
2023-09-09T01:56:11,229,71,15,300
2023-09-09T02:09:10,229,71,15,300
2023-09-09T02:22:06,229,71,15,300
2023-09-09T02:35:05,229,71,15,300
2023-09-09T02:48:01,229,71,15,300
2023-09-09T03:00:56,229,71,15,300
2023-09-09T03:13:52,229,71,15,300
2023-09-09T03:26:50,229,71,15,300
2023-09-09T03:39:46,229,71,15,300
2023-09-09T03:52:43,229,71,15,300
2023-09-09T04:23:04,229,71,15,300
2023-09-09T04:36:07,229,71,15,300
2023-09-09T04:49:08,229,71,15,300
2023-09-09T05:02:09,229,71,15,300
2023-09-09T05:15:13,229,71,15,300
2023-09-09T05:28:13,229,71,15,300
2023-09-09T05:41:12,229,71,15,300
2023-09-09T05:54:11,229,71,15,300
2023-09-09T06:07:08,229,71,15,300
2023-09-09T06:20:08,229,71,15,300
2023-09-09T06:33:07,229,71,15,300
2023-09-09T06:46:06,229,71,15,300
2023-09-09T06:59:05,229,71,15,300
2023-09-09T07:12:04,229,71,15,300
2023-09-09T07:25:03,229,71,15,300
2023-09-09T07:38:00,229,71,15,300
2023-09-09T07:50:57,229,71,15,300
2023-09-09T08:04:04,229,71,15,300
2023-09-09T08:17:03,229,71,15,300
2023-09-09T08:30:01,229,71,15,300
2023-09-09T08:42:59,229,71,15,300
2023-09-09T08:55:57,229,71,15,300
2023-09-09T09:08:56,229,71,15,300
2023-09-09T09:21:55,229,71,15,300
2023-09-09T09:34:53,229,71,15,300
2023-09-09T09:47:50,229,71,15,300
2023-09-09T10:00:48,229,71,15,300
2023-09-09T10:13:46,229,71,15,300
2023-09-09T10:26:43,229,71,15,300
2023-09-09T10:39:40,229,71,15,300
2023-09-09T10:52:48,229,71,15,300
2023-09-09T11:05:46,229,71,15,300
2023-09-09T11:18:42,229,71,15,300
2023-09-09T11:31:37,229,71,15,300
2023-09-09T11:44:32,229,71,15,300
2023-09-09T11:57:28,229,71,15,300
2023-09-09T12:10:24,229,71,15,300
2023-09-09T12:23:19,229,71,15,300
2023-09-09T12:36:14,229,71,15,300
2023-09-09T12:49:09,229,71,15,300
2023-09-09T13:02:05,229,71,15,300
2023-09-09T13:15:00,229,71,15,300
2023-09-09T13:27:55,229,71,15,300
2023-09-09T13:41:00,229,71,15,300
2023-09-09T13:53:56,229,71,15,300
2023-09-09T14:06:52,229,71,15,300
2023-09-09T14:19:47,229,71,15,300
2023-09-09T14:32:42,229,71,15,300
2023-09-09T14:45:37,229,71,15,300
2023-09-09T14:58:33,229,71,15,300
2023-09-09T15:11:28,229,71,15,300
2023-09-09T15:24:22,229,71,15,300
2023-09-09T15:37:17,229,71,15,300
2023-09-09T15:50:13,229,71,15,300
2023-09-09T16:03:07,229,71,15,300
2023-09-09T16:16:02,229,71,15,300
2023-09-09T16:29:07,229,71,15,300
2023-09-09T16:42:02,229,71,15,300
2023-09-09T16:54:58,229,71,15,300
2023-09-09T17:07:53,229,71,15,300
2023-09-09T17:20:48,229,71,15,300
2023-09-09T17:33:43,229,71,15,300
2023-09-09T17:46:38,229,71,15,300
2023-09-09T17:59:34,229,71,15,300
2023-09-09T18:12:30,229,71,15,300
2023-09-09T18:25:25,229,71,15,300
2023-09-09T18:38:20,229,71,15,300
2023-09-09T18:51:15,229,71,15,300
2023-09-09T19:04:10,229,71,15,300
2023-09-09T19:17:14,229,71,15,300
2023-09-09T19:30:09,229,71,15,300
2023-09-09T19:43:05,229,71,15,300
2023-09-09T19:56:00,229,71,15,300
2023-09-09T20:08:55,229,71,15,300
2023-09-09T20:21:51,229,71,15,300
2023-09-09T20:34:46,229,71,15,300
2023-09-09T20:47:41,229,71,15,300
2023-09-09T21:00:37,229,71,15,300
2023-09-09T21:13:32,229,71,15,300
2023-09-09T21:26:27,229,71,15,300
2023-09-09T21:39:22,229,71,15,300
2023-09-09T21:52:17,229,71,15,300
2023-09-09T22:05:22,229,71,15,300
2023-09-09T22:18:17,229,71,15,300
2023-09-09T22:31:13,229,71,15,300
2023-09-09T22:44:08,229,71,15,300
2023-09-09T22:57:04,229,71,15,300
2023-09-09T23:10:00,229,71,15,300
2023-09-09T23:22:57,229,71,15,300
2023-09-09T23:35:52,229,71,15,300
2023-09-09T23:48:47,229,71,15,300
2023-09-10T00:01:43,229,71,15,300
2023-09-10T00:14:42,229,71,15,300
2023-09-10T00:27:52,229,71,15,300
2023-09-10T00:40:49,229,71,15,300
2023-09-10T00:53:44,229,71,15,300
2023-09-10T01:06:39,229,71,15,300
2023-09-10T01:19:34,229,71,15,300
2023-09-10T01:32:39,229,71,15,300
2023-09-10T01:45:34,229,71,15,300
2023-09-10T01:58:30,229,71,15,300
2023-09-10T02:11:26,229,71,15,300
2023-09-10T02:24:24,229,71,15,300
2023-09-10T02:37:28,229,71,15,300
2023-09-10T02:50:29,229,71,15,300
2023-09-10T03:03:30,229,71,15,300
2023-09-10T03:16:54,229,71,15,300
2023-09-10T03:29:55,229,71,15,300
2023-09-10T03:43:04,229,71,15,300
2023-09-10T03:56:04,229,71,15,300
2023-09-10T04:09:04,229,71,15,300
2023-09-10T04:24:18,229,71,15,300
2023-09-10T04:37:42,229,71,15,300
2023-09-10T04:50:50,229,71,15,300
2023-09-10T05:03:53,229,71,15,300
2023-09-10T05:16:53,229,71,15,300
2023-09-10T05:29:52,229,71,15,300
2023-09-10T05:42:51,229,71,15,300
2023-09-10T05:55:50,229,71,15,300
2023-09-10T06:08:50,229,71,15,300
2023-09-10T06:21:58,229,71,15,300
2023-09-10T06:34:58,229,71,15,300
2023-09-10T06:47:58,229,71,15,300
2023-09-10T07:00:56,229,71,15,300
2023-09-10T07:13:53,229,71,15,300
2023-09-10T07:26:54,229,71,15,300
2023-09-10T07:39:53,229,71,15,300
2023-09-10T07:52:50,229,71,15,300
2023-09-10T08:05:50,229,71,15,300
2023-09-10T08:18:48,229,71,15,300
2023-09-10T08:31:51,229,71,15,300
2023-09-10T08:44:48,229,71,15,300
2023-09-10T08:57:46,229,71,15,300
2023-09-10T09:10:44,229,71,15,300
2023-09-10T09:23:45,229,71,15,300
2023-09-10T09:36:43,229,71,15,300
2023-09-10T09:49:41,229,71,15,300
2023-09-10T10:02:39,229,71,15,300
2023-09-10T10:15:47,229,71,15,300
2023-09-10T10:28:45,229,71,15,300
2023-09-10T10:41:41,229,71,15,300
2023-09-10T10:54:36,229,71,15,300
2023-09-10T11:07:31,229,71,15,300
2023-09-10T11:20:26,229,71,15,300
2023-09-10T11:33:21,229,71,15,300
2023-09-10T11:46:16,229,71,15,300
2023-09-10T11:59:11,229,71,15,300
2023-09-10T12:12:06,229,71,15,300
2023-09-10T12:25:01,229,71,15,300
2023-09-10T12:37:56,229,71,15,300
2023-09-10T12:50:51,229,71,15,300
2023-09-10T13:03:56,229,71,15,300
2023-09-10T13:16:52,229,71,15,300
2023-09-10T13:29:47,229,71,15,300
2023-09-10T13:42:43,229,71,15,300
2023-09-10T13:55:38,229,71,15,300
2023-09-10T14:08:33,229,71,15,300
2023-09-10T14:21:28,229,71,15,300
2023-09-10T14:34:23,229,71,15,300
2023-09-10T14:47:18,229,71,15,300
2023-09-10T15:00:14,229,71,15,300
2023-09-10T15:13:09,229,71,15,300
2023-09-10T15:26:13,229,71,15,300
2023-09-10T15:39:08,229,71,15,300
2023-09-10T15:52:03,229,71,15,300
2023-09-10T16:04:58,229,71,15,300
2023-09-10T16:17:54,229,71,15,300
2023-09-10T16:30:50,229,71,15,300
2023-09-10T16:43:45,229,71,15,300
2023-09-10T16:56:40,229,71,15,300
2023-09-10T17:09:36,229,71,15,300
2023-09-10T17:22:31,229,71,15,300
2023-09-10T17:35:27,229,71,15,300
2023-09-10T17:48:22,229,71,15,300
2023-09-10T18:01:17,229,71,15,300
2023-09-10T18:14:23,229,71,15,300
2023-09-10T18:27:19,229,71,15,300
2023-09-10T18:40:16,229,71,15,300
2023-09-10T18:53:12,229,71,15,300
2023-09-10T19:06:11,229,71,15,300
2023-09-10T19:19:07,229,71,15,300
2023-09-10T19:32:03,229,71,15,300
2023-09-10T19:44:59,229,71,15,300
2023-09-10T19:57:56,229,71,15,300
2023-09-10T20:10:51,229,71,15,300
2023-09-10T20:23:46,229,71,15,300
2023-09-10T20:36:41,229,71,15,300
2023-09-10T20:49:47,229,71,15,300
2023-09-10T21:02:42,229,71,15,300
2023-09-10T21:15:38,229,71,15,300
2023-09-10T21:28:35,229,71,15,300
2023-09-10T21:41:31,229,71,15,300
2023-09-10T21:54:28,229,71,15,300
2023-09-10T22:07:25,229,71,15,300
2023-09-10T22:20:21,229,71,15,300
2023-09-10T22:33:17,229,71,15,300
2023-09-10T22:46:12,229,71,15,300
2023-09-10T22:59:08,229,71,15,300
2023-09-10T23:12:17,229,71,15,300
2023-09-10T23:25:14,229,71,15,300
2023-09-10T23:38:10,229,71,15,300
2023-09-10T23:51:06,229,71,15,300
2023-09-11T00:04:03,229,71,15,300
2023-09-11T00:17:00,229,71,15,300
2023-09-11T00:30:06,229,71,15,300
2023-09-11T00:43:10,229,71,15,300
2023-09-11T00:56:13,229,71,15,300
2023-09-11T01:09:12,229,71,15,300
2023-09-11T01:22:08,229,71,15,300
2023-09-11T01:35:14,229,71,15,300
2023-09-11T01:48:14,229,71,15,300
2023-09-11T02:01:15,229,71,15,300
2023-09-11T02:14:18,229,71,15,300
2023-09-11T02:27:18,229,71,15,300
2023-09-11T02:40:17,229,71,15,300
2023-09-11T02:53:16,229,71,15,300
2023-09-11T03:06:26,229,71,15,300
2023-09-11T03:19:26,229,71,15,300
2023-09-11T03:32:26,229,71,15,300
2023-09-11T03:45:26,229,71,15,300
2023-09-11T03:58:26,229,71,15,300
2023-09-11T04:11:27,229,71,15,300
2023-09-11T04:29:21,229,71,15,300
2023-09-11T04:42:46,229,71,15,300
2023-09-11T04:55:48,229,71,15,300
2023-09-11T05:08:59,229,71,15,300
2023-09-11T05:21:59,229,71,15,300
2023-09-11T05:34:59,229,71,15,300
2023-09-11T05:48:00,229,71,15,300
2023-09-11T06:00:59,229,71,15,300
2023-09-11T06:14:00,229,71,15,300
2023-09-11T06:27:00,229,71,15,300
2023-09-11T06:40:01,229,71,15,300
2023-09-11T06:53:00,229,71,15,300
2023-09-11T07:05:59,229,71,15,300
2023-09-11T07:18:55,229,71,15,300
2023-09-11T07:31:51,229,71,15,300
2023-09-11T07:44:46,229,71,15,300
2023-09-11T07:57:41,229,71,15,300
2023-09-11T08:10:40,229,71,15,300
2023-09-11T08:23:36,229,71,15,300
2023-09-11T08:36:41,229,71,15,300
2023-09-11T08:49:37,229,71,15,300
2023-09-11T09:02:34,229,71,15,300
2023-09-11T09:15:31,229,71,15,300
2023-09-11T09:28:28,229,71,15,300
2023-09-11T09:41:25,229,71,15,300
2023-09-11T09:54:22,229,71,15,300
2023-09-11T10:07:31,229,71,15,300
2023-09-11T10:20:27,229,71,15,300
2023-09-11T10:33:23,229,71,15,300
2023-09-11T10:46:23,229,71,15,300
2023-09-11T10:59:20,229,71,15,300
2023-09-11T11:12:15,229,71,15,300
2023-09-11T11:25:22,229,71,15,300
2023-09-11T11:38:19,229,71,15,300
2023-09-11T11:51:15,229,71,15,300
2023-09-11T12:04:11,229,71,15,300
2023-09-11T12:17:06,229,71,15,300
2023-09-11T12:30:13,229,71,15,300
2023-09-11T12:43:10,229,71,15,300
2023-09-11T12:56:05,229,71,15,300
2023-09-11T13:09:01,229,71,15,300
2023-09-11T13:22:00,229,71,15,300
2023-09-11T13:34:57,229,71,15,300
2023-09-11T13:48:03,229,71,15,300
2023-09-11T14:00:59,229,71,15,300
2023-09-11T14:13:56,229,71,15,300
2023-09-11T14:26:54,229,71,15,300
2023-09-11T14:39:51,229,71,15,300
2023-09-11T14:52:49,229,71,15,300
2023-09-11T15:05:56,229,71,15,300
2023-09-11T15:18:53,229,71,15,300
2023-09-11T15:31:50,229,71,15,300
2023-09-11T15:44:47,229,71,15,300
2023-09-11T15:57:43,229,71,15,300
2023-09-11T16:10:41,229,71,15,300
2023-09-11T16:23:38,229,71,15,300
2023-09-11T16:36:46,229,53,15,250
2023-09-11T16:49:44,229,53,15,250
2023-09-11T17:02:41,228,53,15,250
2023-09-11T17:15:40,227,53,15,250
2023-09-11T17:28:49,227,52,15,250
2023-09-11T17:41:46,227,51,15,250
2023-09-11T17:54:43,227,51,15,250
2023-09-11T18:07:42,227,51,15,250
2023-09-11T18:20:39,227,51,15,250
2023-09-11T18:33:46,227,51,15,250
2023-09-11T18:46:42,227,51,15,250
2023-09-11T18:59:37,227,51,15,250
2023-09-11T19:12:36,226,51,15,250
2023-09-11T19:25:32,226,51,15,250
2023-09-11T19:38:28,226,51,15,250
2023-09-11T19:51:25,226,51,15,250
2023-09-11T20:04:39,226,51,15,250
2023-09-11T20:17:35,226,51,15,250
2023-09-11T20:30:31,226,51,15,250
2023-09-11T20:43:28,226,51,15,250
2023-09-11T20:56:24,226,51,15,250
2023-09-11T21:09:21,226,51,15,250
2023-09-11T21:22:28,226,51,15,250
2023-09-11T21:35:25,226,51,15,250
2023-09-11T21:48:21,226,51,15,250
2023-09-11T22:01:19,226,51,15,250
2023-09-11T22:14:15,226,51,15,250
2023-09-11T22:27:11,227,50,14,250
2023-09-11T22:40:08,227,50,14,250
2023-09-11T22:53:04,227,50,14,250
2023-09-11T23:06:14,227,50,14,250
2023-09-11T23:19:10,227,50,14,250
2023-09-11T23:32:07,227,50,14,250
2023-09-11T23:45:04,227,50,14,250
2023-09-11T23:58:00,227,50,14,250
2023-09-12T00:10:59,227,50,14,250
2023-09-12T00:24:06,227,50,14,250
2023-09-12T00:37:07,227,50,14,250
2023-09-12T00:50:08,227,50,14,250
2023-09-12T01:03:21,227,50,14,250
2023-09-12T01:16:21,227,50,14,250
2023-09-12T01:29:21,227,50,14,250
2023-09-12T01:42:23,226,50,14,250
2023-09-12T01:55:24,226,50,14,250
2023-09-12T02:08:25,226,50,14,250
2023-09-12T02:21:23,226,50,14,250
2023-09-12T02:34:22,226,50,14,250
2023-09-12T02:47:21,226,50,14,250
2023-09-12T03:00:17,226,50,14,250
2023-09-12T03:13:16,226,50,14,250
2023-09-12T03:26:15,226,50,14,250
2023-09-12T03:39:15,226,50,14,250
2023-09-12T03:52:14,226,50,14,250
2023-09-12T04:05:13,226,50,14,250
2023-09-12T04:18:26,226,50,14,250
2023-09-12T04:30:46,226,50,14,250
2023-09-12T04:45:10,227,49,14,250
2023-09-12T04:58:32,227,49,14,250
2023-09-12T05:11:36,227,49,14,250
2023-09-12T05:24:37,227,49,14,250
2023-09-12T05:37:39,227,49,14,250
2023-09-12T05:50:40,227,49,14,250
2023-09-12T06:03:40,227,48,14,250
2023-09-12T06:16:39,227,48,14,250
2023-09-12T06:29:39,227,48,14,250
2023-09-12T06:42:41,227,48,14,250
2023-09-12T06:55:42,227,48,14,250
2023-09-12T07:08:43,227,48,14,250
2023-09-12T07:21:43,227,48,14,250
2023-09-12T07:34:42,227,48,14,250
2023-09-12T07:47:40,227,48,14,250
2023-09-12T08:00:40,227,48,14,250
2023-09-12T08:13:39,227,48,14,250
2023-09-12T08:26:50,227,48,14,250
2023-09-12T08:39:50,227,48,14,250
2023-09-12T08:52:49,227,48,14,250
2023-09-12T09:05:48,227,48,14,250
2023-09-12T09:18:49,226,49,14,250
2023-09-12T09:31:46,226,49,14,250
2023-09-12T09:44:43,226,49,14,250
2023-09-12T09:57:40,226,49,14,250
2023-09-12T10:10:50,226,49,14,250
2023-09-12T10:23:46,226,49,14,250
2023-09-12T10:36:44,226,49,14,250
2023-09-12T10:49:42,226,49,14,250
2023-09-12T11:02:40,226,49,14,250
2023-09-12T11:15:36,226,49,14,250
2023-09-12T11:28:33,226,49,14,250
2023-09-12T11:41:42,226,49,14,250
2023-09-12T11:54:39,226,49,14,250
2023-09-12T12:07:37,226,49,14,250
2023-09-12T12:20:34,226,49,14,250
2023-09-12T12:33:32,226,49,14,250
2023-09-12T12:46:39,226,49,14,250
2023-09-12T12:59:36,226,49,14,250
2023-09-12T13:12:33,226,48,14,250
2023-09-12T13:25:30,226,48,14,250
2023-09-12T13:38:27,226,48,14,250
2023-09-12T13:51:25,226,48,14,250
2023-09-12T14:04:24,226,48,14,250
2023-09-12T14:17:33,226,48,14,250
2023-09-12T14:30:31,226,48,14,250
2023-09-12T14:43:28,226,48,14,250
2023-09-12T14:56:25,226,48,14,250
2023-09-12T15:09:24,226,48,14,250
2023-09-12T15:22:33,226,48,14,250
2023-09-12T15:35:31,226,48,14,250
2023-09-12T15:48:28,226,48,14,250
2023-09-12T16:01:26,226,48,14,250
2023-09-12T16:14:23,226,48,14,250
2023-09-12T16:27:20,226,48,14,250
2023-09-12T16:40:28,226,48,14,250
2023-09-12T16:53:26,226,48,14,250
2023-09-12T17:06:23,226,48,14,250
2023-09-12T17:19:21,226,48,14,250
2023-09-12T17:32:18,226,48,14,250
2023-09-12T17:45:16,226,48,14,250
2023-09-12T17:58:12,226,48,14,250
2023-09-12T18:11:21,226,48,14,250
2023-09-12T18:24:18,226,48,14,250
2023-09-12T18:37:15,226,48,14,250
2023-09-12T18:50:11,226,48,14,250
2023-09-12T19:03:09,226,48,14,250
2023-09-12T19:16:09,226,48,14,250
2023-09-12T19:29:17,226,48,14,250
2023-09-12T19:42:15,226,48,14,250
2023-09-12T19:55:12,226,48,14,250
2023-09-12T20:08:09,226,48,14,250
2023-09-12T20:21:07,226,48,14,250
2023-09-12T20:34:05,226,48,14,250
2023-09-12T20:47:03,226,48,14,250
2023-09-12T20:59:59,226,48,14,250
2023-09-12T21:13:08,226,47,14,250
2023-09-12T21:26:06,226,46,14,250
2023-09-12T21:39:03,226,46,14,250
2023-09-12T21:52:00,226,46,14,250
2023-09-12T22:04:57,226,46,14,250
2023-09-12T22:17:54,226,46,14,250
2023-09-12T22:30:52,226,46,14,250
2023-09-12T22:44:02,226,46,14,250
2023-09-12T22:56:58,226,46,14,250
2023-09-12T23:09:56,226,46,14,250
2023-09-12T23:22:54,226,46,14,250
2023-09-12T23:35:52,226,46,14,250
2023-09-12T23:48:50,226,46,14,250
2023-09-13T00:01:47,226,46,14,250
2023-09-13T00:14:58,226,46,14,250
2023-09-13T00:27:58,226,46,14,250
2023-09-13T00:40:59,226,46,14,250
2023-09-13T00:54:01,226,46,14,250
2023-09-13T01:07:04,226,46,14,250
2023-09-13T01:20:08,226,46,14,250
2023-09-13T01:33:11,226,46,14,250
2023-09-13T01:46:13,226,46,14,250
2023-09-13T01:59:14,226,46,14,250
2023-09-13T02:12:18,226,46,14,250
2023-09-13T02:25:19,226,46,14,250
2023-09-13T02:38:29,226,46,14,250
2023-09-13T02:51:31,226,46,14,250
2023-09-13T03:04:32,226,46,14,250
2023-09-13T03:17:36,226,46,14,250
2023-09-13T03:30:40,226,46,14,250
2023-09-13T03:43:40,226,46,14,250
2023-09-13T03:56:42,226,46,14,250
2023-09-13T04:09:46,226,46,14,250
2023-09-13T04:25:02,226,46,14,250
2023-09-13T04:38:23,226,46,14,250
2023-09-13T04:51:28,226,46,14,250
2023-09-13T05:04:34,226,46,14,250
2023-09-13T05:17:37,226,46,14,250
2023-09-13T05:30:38,226,46,14,250
2023-09-13T05:43:40,226,46,14,250
2023-09-13T05:56:42,226,46,14,250
2023-09-13T06:09:43,226,46,14,250
2023-09-13T06:22:43,226,46,14,250
2023-09-13T06:35:44,226,46,14,250
2023-09-13T06:48:45,226,46,14,250
2023-09-13T07:01:46,226,46,14,250
2023-09-13T07:14:46,226,46,14,250
2023-09-13T07:27:49,226,46,14,250
2023-09-13T07:40:50,226,46,14,250
2023-09-13T07:53:48,226,46,14,250
2023-09-13T08:06:49,226,46,14,250
2023-09-13T08:19:58,226,46,14,250
2023-09-13T08:32:59,226,46,14,250
2023-09-13T08:46:00,226,46,14,250
2023-09-13T08:58:59,226,46,14,250
2023-09-13T09:11:59,226,46,14,250
2023-09-13T09:24:59,226,46,14,250
2023-09-13T09:37:57,226,46,14,250
2023-09-13T09:50:55,226,46,14,250
2023-09-13T10:03:53,226,46,14,250
2023-09-13T10:17:03,226,46,14,250
2023-09-13T10:30:00,204,46,13,250
2023-09-13T10:42:58,204,46,13,250
2023-09-13T10:55:56,204,46,13,250
2023-09-13T11:08:54,204,46,13,250
2023-09-13T11:21:52,204,46,13,250
2023-09-13T11:37:43,204,46,13,250
2023-09-13T11:50:51,204,46,14,250
2023-09-13T12:03:49,205,45,15,250
2023-09-13T12:16:47,205,45,15,250
2023-09-13T12:29:46,205,45,16,250
2023-09-13T12:42:43,206,45,16,250
2023-09-13T12:55:41,207,44,17,250
2023-09-13T13:08:49,207,44,17,250
2023-09-13T13:21:46,207,44,17,250
2023-09-13T13:34:44,207,44,17,250
2023-09-13T13:47:41,207,44,17,250
2023-09-13T14:00:39,207,44,18,250
2023-09-13T14:13:37,207,44,18,250
2023-09-13T14:26:34,208,43,18,250
2023-09-13T14:39:31,208,43,18,250
2023-09-13T14:52:39,209,42,18,250
2023-09-13T15:05:36,209,42,18,250
2023-09-13T15:18:33,209,42,18,250
2023-09-13T15:31:30,209,42,18,250
2023-09-13T15:44:27,210,41,18,250
2023-09-13T15:57:29,210,41,18,250
2023-09-13T16:10:37,210,41,18,250
2023-09-13T16:23:35,210,41,18,250
2023-09-13T16:36:32,210,41,18,250
2023-09-13T16:49:30,210,41,18,250
2023-09-13T17:02:27,210,41,18,250
2023-09-13T17:15:26,210,41,18,250
2023-09-13T17:28:23,210,41,18,250
2023-09-13T17:41:20,210,41,18,250
2023-09-13T17:54:26,210,41,18,250
2023-09-13T18:07:23,210,41,18,250
2023-09-13T18:20:20,210,41,18,250
2023-09-13T18:33:18,210,41,18,250
2023-09-13T18:46:16,210,41,18,250
2023-09-13T18:59:13,210,41,18,250
2023-09-13T19:12:11,210,41,18,250
2023-09-13T19:25:09,210,41,18,250
2023-09-13T19:38:16,210,41,18,250
2023-09-13T19:51:13,210,41,18,250
2023-09-13T20:04:11,210,41,18,250
2023-09-13T20:17:08,210,41,18,250
2023-09-13T20:30:06,210,41,18,250
2023-09-13T20:43:03,210,41,18,250
2023-09-13T20:56:00,210,41,18,250
2023-09-13T21:08:57,211,40,18,250
2023-09-13T21:21:54,211,40,18,250
2023-09-13T21:35:01,211,40,18,250
2023-09-13T21:48:00,212,39,18,250
2023-09-13T22:00:58,212,39,18,250
2023-09-13T22:13:55,212,39,18,250
2023-09-13T22:26:52,212,39,18,250
2023-09-13T22:39:51,212,39,18,250
2023-09-13T22:52:49,212,39,19,250
2023-09-13T23:05:46,212,39,19,250
2023-09-13T23:18:55,212,39,19,250
2023-09-13T23:31:53,212,39,19,250
2023-09-13T23:44:51,212,39,19,250
2023-09-13T23:57:48,212,39,19,250
2023-09-14T00:10:47,212,39,19,250
2023-09-14T00:23:50,213,38,19,250
2023-09-14T00:36:50,213,38,19,250
2023-09-14T00:49:52,213,38,19,250
2023-09-14T01:02:55,213,38,19,250
2023-09-14T01:15:57,213,38,19,250
2023-09-14T01:29:07,213,38,19,250
2023-09-14T01:42:08,213,38,19,250
2023-09-14T01:55:11,213,38,19,250
2023-09-14T02:08:13,213,38,19,250
2023-09-14T02:21:12,213,38,19,250
2023-09-14T02:34:11,213,38,19,250
2023-09-14T02:47:11,213,38,19,250
2023-09-14T03:00:08,213,38,19,250
2023-09-14T03:13:07,213,38,19,250
2023-09-14T03:26:07,213,38,19,250
2023-09-14T03:39:07,213,38,19,250
2023-09-14T03:52:07,213,38,19,250
2023-09-14T04:05:11,213,38,19,250
2023-09-14T04:18:23,213,38,19,250
2023-09-14T04:29:49,213,38,19,250
2023-09-14T04:44:05,213,38,19,250
2023-09-14T04:57:23,213,38,19,250
2023-09-14T05:10:27,213,38,19,250
2023-09-14T05:23:30,213,38,19,250
2023-09-14T05:36:34,213,38,19,250
2023-09-14T05:49:35,213,38,19,250
2023-09-14T06:02:37,213,38,19,250
2023-09-14T06:15:38,213,38,19,250
2023-09-14T06:28:40,212,39,19,250
2023-09-14T06:41:41,212,39,19,250
2023-09-14T06:54:41,212,39,19,250
2023-09-14T07:07:43,212,39,19,250
2023-09-14T07:20:47,212,39,19,250
2023-09-14T07:33:47,212,39,19,250
2023-09-14T07:46:46,212,39,19,250
2023-09-14T07:59:47,213,39,18,250
2023-09-14T08:12:47,215,39,17,250
2023-09-14T08:25:56,215,39,17,250
2023-09-14T08:38:57,216,39,16,250
2023-09-14T08:51:57,216,39,16,250
2023-09-14T09:04:59,216,39,16,250
2023-09-14T09:17:56,216,39,17,250
2023-09-14T09:30:55,216,39,17,250
2023-09-14T09:43:53,216,39,17,250
2023-09-14T09:56:52,216,39,17,250
2023-09-14T10:09:51,216,39,17,250
2023-09-14T10:22:58,216,39,17,250
2023-09-14T10:35:57,216,39,17,250
2023-09-14T10:48:56,217,38,17,250
2023-09-14T11:01:54,217,38,17,250
2023-09-14T11:14:54,217,38,17,250
2023-09-14T11:27:53,217,38,17,250
2023-09-14T11:40:52,217,38,18,250
2023-09-14T11:54:03,217,38,18,250
2023-09-14T12:07:01,217,38,18,250
2023-09-14T12:19:59,217,38,18,250
2023-09-14T12:32:58,217,38,18,250
2023-09-14T12:45:57,217,38,18,250
2023-09-14T12:58:55,217,38,18,250
2023-09-14T13:11:54,218,37,18,250
2023-09-14T13:24:52,218,37,18,250
2023-09-14T13:38:01,218,37,18,250
2023-09-14T13:51:00,219,36,19,250
2023-09-14T14:04:00,219,36,19,250
2023-09-14T14:16:58,219,36,19,250
2023-09-14T14:29:56,219,36,19,250
2023-09-14T14:42:58,219,36,19,250
2023-09-14T14:55:57,220,35,19,250
2023-09-14T15:09:07,220,35,19,250
2023-09-14T15:22:05,220,35,19,250
2023-09-14T15:35:03,220,35,19,250
2023-09-14T15:48:03,220,35,19,250
2023-09-14T16:01:01,220,35,19,250
2023-09-14T16:13:59,220,35,19,250
2023-09-14T16:27:08,220,35,19,250
2023-09-14T16:40:08,220,35,19,250
2023-09-14T16:53:06,220,35,19,250
2023-09-14T17:06:05,220,35,19,250
2023-09-14T17:19:03,220,35,19,250
2023-09-14T17:32:02,220,35,19,250
2023-09-14T17:45:00,220,35,19,250
2023-09-14T17:57:59,220,35,19,250
2023-09-14T18:11:08,220,35,19,250
2023-09-14T18:24:05,220,35,19,250
2023-09-14T18:37:04,220,35,19,250
2023-09-14T18:50:02,220,35,19,250
2023-09-14T19:03:01,220,35,19,250
2023-09-14T19:15:59,220,35,19,250
2023-09-14T19:28:59,220,35,19,250
2023-09-14T19:41:58,220,35,19,250
2023-09-14T19:55:06,220,35,19,250
2023-09-14T20:08:05,220,35,19,250
2023-09-14T20:21:04,220,35,19,250
2023-09-14T20:34:02,220,35,19,250
2023-09-14T20:47:01,220,35,19,250
2023-09-14T20:59:59,220,35,19,250
2023-09-14T21:12:57,220,35,19,250
2023-09-14T21:25:55,220,35,19,250
2023-09-14T21:38:54,220,35,19,250
2023-09-14T21:52:03,220,35,19,250
2023-09-14T22:05:02,220,35,19,250
2023-09-14T22:18:00,220,35,19,250
2023-09-14T22:30:59,220,35,19,250
2023-09-14T22:43:56,220,35,19,250
2023-09-14T22:56:54,220,35,19,250
2023-09-14T23:09:53,220,35,19,250
2023-09-14T23:22:51,220,35,19,250
2023-09-14T23:36:00,220,35,19,250
2023-09-14T23:48:59,220,35,19,250
2023-09-15T00:01:59,220,35,19,250
2023-09-15T00:15:01,221,35,19,250
2023-09-15T00:28:04,221,35,19,250
2023-09-15T00:41:07,221,35,19,250
2023-09-15T00:54:10,221,35,19,250
2023-09-15T01:07:13,221,35,19,250
2023-09-15T01:20:16,221,35,19,250
2023-09-15T01:33:57,221,35,19,250
2023-09-15T01:47:01,221,35,19,250
2023-09-15T02:00:03,221,35,19,250
2023-09-15T02:13:05,221,35,19,250
2023-09-15T02:26:16,221,35,19,250
2023-09-15T02:39:17,221,35,19,250
2023-09-15T02:52:17,221,35,19,250
2023-09-15T03:05:17,221,35,19,250
2023-09-15T03:18:20,221,35,19,250
2023-09-15T03:31:24,221,35,19,250
2023-09-15T03:44:27,221,35,19,250
2023-09-15T03:57:29,221,35,19,250
2023-09-15T04:10:32,221,35,19,250
2023-09-15T04:23:09,221,35,19,250
2023-09-15T04:36:31,221,35,19,250
2023-09-15T04:49:34,221,35,19,250
2023-09-15T05:02:37,221,35,19,250
2023-09-15T05:15:42,221,35,19,250
2023-09-15T05:28:45,221,35,19,250
2023-09-15T05:41:47,221,35,19,250
2023-09-15T05:54:49,221,35,19,250
2023-09-15T06:07:53,221,35,19,250
2023-09-15T06:20:57,221,35,19,250
2023-09-15T06:33:59,221,35,19,250
2023-09-15T06:47:01,221,35,19,250
2023-09-15T07:00:02,221,35,19,250
2023-09-15T07:13:04,221,35,19,250
2023-09-15T07:26:08,221,35,19,250
2023-09-15T07:39:08,221,35,19,250
2023-09-15T07:52:21,222,35,18,250
2023-09-15T08:05:22,222,35,18,250
2023-09-15T08:18:23,222,35,18,250
2023-09-15T08:31:24,222,35,18,250
2023-09-15T08:44:23,222,35,18,250
2023-09-15T08:57:21,222,35,18,250
2023-09-15T09:10:19,222,35,18,250
2023-09-15T09:23:18,222,35,18,250
2023-09-15T09:36:16,222,35,18,250
2023-09-15T09:49:15,222,35,18,250
2023-09-15T10:02:14,222,35,18,250
2023-09-15T10:15:12,222,35,18,250
2023-09-15T10:28:21,222,35,18,250
2023-09-15T10:41:20,222,35,18,250
2023-09-15T10:54:18,222,35,18,250
2023-09-15T11:07:17,222,35,18,250
2023-09-15T11:20:17,222,35,18,250
2023-09-15T11:33:17,222,35,18,250
2023-09-15T11:46:16,223,34,17,250
2023-09-15T11:59:27,223,34,17,250
2023-09-15T12:12:26,223,34,17,250
2023-09-15T12:25:26,223,34,17,250
2023-09-15T12:38:24,223,34,17,250
2023-09-15T12:51:24,223,34,17,250
2023-09-15T13:04:23,223,34,17,250
2023-09-15T13:17:23,224,33,17,250
2023-09-15T13:30:32,224,33,17,250
2023-09-15T13:43:32,224,33,17,250
2023-09-15T13:56:30,224,33,17,250
2023-09-15T14:09:31,224,33,17,250
2023-09-15T14:22:30,224,33,17,250
2023-09-15T14:35:29,224,33,17,250
2023-09-15T14:48:29,224,33,17,250
2023-09-15T15:01:38,224,33,17,250
2023-09-15T15:14:37,224,33,17,250
2023-09-15T15:27:37,224,33,17,250
2023-09-15T15:40:37,224,33,17,250
2023-09-15T15:53:37,224,33,17,250
2023-09-15T16:06:36,224,33,17,250
2023-09-15T16:19:35,224,33,17,250
2023-09-15T16:32:45,224,33,17,250
2023-09-15T16:45:44,224,33,17,250
2023-09-15T16:58:43,224,33,17,250
2023-09-15T17:11:43,224,33,17,250
2023-09-15T17:24:42,224,33,17,250
2023-09-15T17:37:42,224,33,17,250
2023-09-15T17:50:41,224,33,17,250
2023-09-15T18:03:40,225,32,17,250
2023-09-15T18:16:48,225,32,17,250
2023-09-15T18:29:47,225,32,17,250
2023-09-15T18:42:46,225,32,17,250
2023-09-15T18:55:44,225,32,17,250
2023-09-15T19:08:43,225,32,17,250
2023-09-15T19:21:42,225,32,17,250
2023-09-15T19:34:42,225,32,17,250
2023-09-15T19:47:41,225,32,17,250
2023-09-15T20:00:50,225,32,17,250
2023-09-15T20:13:49,225,32,17,250
2023-09-15T20:26:47,225,32,17,250
2023-09-15T20:39:47,225,32,17,250
2023-09-15T20:52:46,225,32,17,250
2023-09-15T21:05:45,225,32,17,250
2023-09-15T21:18:45,225,32,17,250
2023-09-15T21:31:43,225,32,17,250
2023-09-15T21:44:42,225,32,17,250
2023-09-15T21:57:41,225,32,17,250
2023-09-15T22:10:50,225,32,17,250
2023-09-15T22:23:49,225,32,17,250
2023-09-15T22:36:47,225,32,17,250
2023-09-15T22:49:46,225,32,17,250
2023-09-15T23:02:45,225,32,17,250
2023-09-15T23:15:44,225,32,17,250
2023-09-15T23:28:44,225,32,17,250
2023-09-15T23:41:43,225,32,17,250
2023-09-15T23:54:44,225,32,17,250
2023-09-16T00:07:55,225,32,17,250
2023-09-16T00:21:01,225,32,17,250
2023-09-16T00:34:05,225,32,17,250
2023-09-16T00:47:09,225,32,17,250
2023-09-16T01:00:14,225,32,17,250
2023-09-16T01:13:18,225,32,17,250
2023-09-16T01:26:21,226,32,16,250
2023-09-16T01:39:25,226,32,16,250
2023-09-16T01:52:30,226,32,16,250
2023-09-16T02:05:36,226,32,16,250
2023-09-16T02:18:36,226,32,16,250
2023-09-16T02:31:37,226,32,16,250
2023-09-16T02:44:38,226,32,16,250
2023-09-16T02:57:38,226,32,16,250
2023-09-16T03:10:39,226,32,16,250
2023-09-16T03:23:51,226,32,16,250
2023-09-16T03:36:53,226,32,16,250
2023-09-16T03:49:57,226,32,16,250
2023-09-16T04:03:00,226,32,16,250
2023-09-16T04:16:10,226,32,16,250
2023-09-16T04:30:36,226,32,16,250
2023-09-16T04:43:59,226,32,16,250
2023-09-16T04:57:05,226,32,16,250
2023-09-16T05:10:09,226,32,16,250
2023-09-16T05:23:11,226,32,16,250
2023-09-16T05:36:14,226,32,16,250
2023-09-16T05:49:17,226,32,16,250
2023-09-16T06:02:20,226,32,16,250
2023-09-16T06:15:23,226,32,16,250
2023-09-16T06:28:25,226,32,16,250
2023-09-16T06:41:28,226,32,16,250
2023-09-16T06:54:32,226,32,16,250
2023-09-16T07:07:34,226,32,16,250
2023-09-16T07:20:35,226,32,16,250
2023-09-16T07:33:40,226,32,16,250
2023-09-16T07:46:41,226,32,16,250
2023-09-16T07:59:53,226,32,16,250
2023-09-16T08:12:55,226,32,16,250
2023-09-16T08:25:57,226,32,16,250
2023-09-16T08:39:01,226,32,16,250
2023-09-16T08:52:12,226,32,16,250
2023-09-16T09:05:14,226,32,16,250
2023-09-16T09:18:17,226,32,16,250
2023-09-16T09:31:19,226,32,16,250
2023-09-16T09:44:22,226,32,16,250
2023-09-16T09:57:33,226,32,16,250
2023-09-16T10:10:36,226,32,16,250
2023-09-16T10:23:38,226,32,16,250
2023-09-16T10:36:50,226,32,16,250
2023-09-16T10:49:51,227,32,15,250
2023-09-16T11:02:53,227,32,15,250
2023-09-16T11:15:55,227,32,15,250
2023-09-16T11:28:56,227,32,15,250
2023-09-16T11:41:54,227,32,15,250
2023-09-16T11:54:53,227,32,15,250
2023-09-16T12:07:53,227,32,15,250
2023-09-16T12:20:52,227,32,15,250
2023-09-16T12:34:00,227,32,15,250
2023-09-16T12:46:58,227,32,15,250
2023-09-16T12:59:58,227,32,15,250
2023-09-16T13:12:57,227,32,15,250
2023-09-16T13:25:57,227,32,15,250
2023-09-16T13:38:56,227,32,15,250
2023-09-16T13:51:54,227,32,15,250
2023-09-16T14:04:54,227,32,15,250
2023-09-16T14:17:53,227,32,15,250
2023-09-16T14:30:52,227,32,15,250
2023-09-16T14:44:02,227,32,15,250
2023-09-16T14:57:01,227,32,15,250
2023-09-16T15:10:01,227,32,15,250
2023-09-16T15:23:00,227,32,15,250
2023-09-16T15:35:59,227,32,15,250
2023-09-16T15:48:58,227,32,15,250
2023-09-16T16:01:58,227,32,15,250
2023-09-16T16:14:56,227,32,15,250
2023-09-16T16:27:55,227,32,15,250
2023-09-16T16:40:54,227,32,15,250
2023-09-16T16:53:52,227,32,15,250
2023-09-16T17:07:02,227,32,15,250
2023-09-16T17:20:01,227,32,15,250
2023-09-16T17:33:00,227,32,15,250
2023-09-16T17:46:00,227,32,15,250
2023-09-16T17:58:59,227,32,15,250
2023-09-16T18:11:58,227,32,15,250
2023-09-16T18:24:56,227,32,15,250
2023-09-16T18:37:55,227,32,15,250
2023-09-16T18:50:54,227,32,15,250
2023-09-16T19:03:54,227,32,15,250
2023-09-16T19:16:53,227,32,15,250
2023-09-16T19:29:53,227,32,15,250
2023-09-16T19:43:02,227,32,15,250
2023-09-16T19:56:02,227,32,15,250
2023-09-16T20:09:01,227,32,15,250
2023-09-16T20:22:00,227,32,15,250
2023-09-16T20:34:59,227,32,15,250
2023-09-16T20:47:58,227,32,15,250
2023-09-16T21:00:57,227,32,15,250
2023-09-16T21:13:56,227,32,15,250
2023-09-16T21:26:56,227,32,15,250
2023-09-16T21:39:55,227,32,15,250
2023-09-16T21:52:53,227,32,15,250
2023-09-16T22:05:52,227,32,15,250
2023-09-16T22:18:52,227,32,15,250
2023-09-16T22:32:02,227,32,15,250
2023-09-16T22:45:00,227,32,15,250
2023-09-16T22:57:58,227,32,15,250
2023-09-16T23:10:58,227,32,15,250
2023-09-16T23:23:58,227,32,15,250
2023-09-16T23:36:56,227,32,15,250
2023-09-16T23:49:55,227,32,15,250
2023-09-17T00:02:55,227,32,15,250
2023-09-17T00:15:55,227,32,15,250
2023-09-17T00:28:56,227,32,15,250
2023-09-17T00:54:53,227,32,15,250
2023-09-17T01:07:52,227,32,15,250
2023-09-17T01:20:51,227,32,15,250
2023-09-17T01:33:49,227,32,15,250
2023-09-17T01:46:51,227,32,15,250
2023-09-17T01:59:55,227,32,15,250
2023-09-17T02:13:00,227,32,15,250
2023-09-17T02:26:20,227,32,15,250
2023-09-17T02:39:26,227,32,15,250
2023-09-17T02:52:49,227,32,15,250
2023-09-17T03:05:50,227,32,15,250
2023-09-17T03:18:54,227,32,15,250
2023-09-17T03:31:56,227,32,15,250
2023-09-17T03:45:00,227,32,15,250
2023-09-17T03:58:04,227,32,15,250
2023-09-17T04:20:37,227,32,15,250
2023-09-17T04:33:42,227,32,15,250
2023-09-17T04:48:22,227,32,15,250
2023-09-17T05:01:28,227,32,15,250
2023-09-17T05:14:34,227,32,15,250
2023-09-17T05:27:36,227,32,15,250
2023-09-17T05:40:38,227,32,15,250
2023-09-17T05:53:39,227,32,15,250
2023-09-17T06:06:41,227,32,15,250
2023-09-17T06:19:46,227,32,15,250
2023-09-17T06:32:48,227,32,15,250
2023-09-17T06:45:48,227,32,15,250
2023-09-17T06:58:47,227,32,15,250
2023-09-17T07:11:46,227,32,15,250
2023-09-17T07:24:45,227,32,15,250
2023-09-17T07:37:45,227,32,15,250
2023-09-17T07:50:44,227,32,15,250
2023-09-17T08:03:44,227,32,15,250
2023-09-17T08:16:45,227,32,15,250
2023-09-17T08:29:49,227,32,15,250
2023-09-17T08:42:58,227,32,15,250
2023-09-17T08:56:08,227,32,15,250
2023-09-17T09:09:10,227,32,15,250
2023-09-17T09:22:25,227,32,15,250
2023-09-17T09:35:31,227,32,15,250
2023-09-17T09:48:38,227,32,15,250
2023-09-17T10:01:47,227,32,15,250
2023-09-17T10:14:52,227,32,15,250
2023-09-17T10:27:55,227,32,15,250
2023-09-17T10:41:08,227,32,15,250
2023-09-17T10:54:06,227,32,15,250
2023-09-17T11:07:06,227,32,15,250
2023-09-17T11:20:05,227,32,15,250
2023-09-17T11:33:04,227,32,15,250
2023-09-17T11:46:03,227,32,15,250
2023-09-17T11:59:01,227,32,15,250
2023-09-17T12:12:00,227,32,15,250
2023-09-17T12:24:58,227,32,15,250
2023-09-17T12:37:56,227,32,15,250
2023-09-17T12:51:04,227,32,15,250
2023-09-17T13:04:02,227,32,15,250
2023-09-17T13:17:01,227,32,15,250
2023-09-17T13:29:59,227,32,15,250
2023-09-17T13:42:58,227,32,15,250
2023-09-17T13:55:57,227,32,15,250
2023-09-17T14:08:56,227,32,15,250
2023-09-17T14:21:55,227,32,15,250
2023-09-17T14:34:53,227,32,15,250
2023-09-17T14:48:01,227,32,15,250
2023-09-17T15:01:00,227,32,15,250
2023-09-17T15:13:58,227,32,15,250
2023-09-17T15:26:56,227,32,15,250
2023-09-17T15:39:55,227,32,15,250
2023-09-17T15:52:54,227,32,15,250
2023-09-17T16:05:52,227,32,15,250
2023-09-17T16:18:52,227,32,14,250
2023-09-17T16:31:51,228,32,14,250
2023-09-17T16:44:50,228,32,14,250
2023-09-17T16:57:49,228,32,14,250
2023-09-17T17:10:58,228,32,14,250
2023-09-17T17:23:57,228,32,14,250
2023-09-17T17:36:58,228,32,14,250
2023-09-17T17:49:57,228,32,14,250
2023-09-17T18:02:55,228,32,14,250
2023-09-17T18:15:53,228,32,14,250
2023-09-17T18:28:52,228,32,14,250
2023-09-17T18:41:52,228,32,14,250
2023-09-17T18:54:51,228,32,14,250
2023-09-17T19:07:52,228,32,14,250
2023-09-17T19:20:52,228,32,14,250
2023-09-17T19:34:03,228,32,14,250
2023-09-17T19:47:02,228,32,14,250
2023-09-17T20:00:01,228,32,14,250
2023-09-17T20:13:01,228,32,14,250
2023-09-17T20:26:00,228,32,14,250
2023-09-17T20:39:00,228,32,14,250
2023-09-17T20:51:58,228,32,14,250
2023-09-17T21:04:57,228,32,14,250
2023-09-17T21:17:57,228,32,14,250
2023-09-17T21:31:09,228,32,14,250
2023-09-17T21:44:10,228,32,14,250
2023-09-17T21:57:10,228,32,14,250
2023-09-17T22:10:10,228,32,14,250
2023-09-17T22:23:09,228,32,14,250
2023-09-17T22:36:09,228,32,14,250
2023-09-17T22:49:08,228,32,14,250
2023-09-17T23:02:08,228,32,14,250
2023-09-17T23:15:07,228,32,14,250
2023-09-17T23:28:07,228,32,14,250
2023-09-17T23:41:18,228,32,14,250
2023-09-17T23:54:19,228,32,14,250
2023-09-18T00:07:20,228,32,14,250
2023-09-18T00:20:26,228,32,14,250
2023-09-18T00:33:40,228,32,14,250
2023-09-18T00:46:48,228,32,14,250
2023-09-18T00:59:54,228,32,14,250
2023-09-18T01:12:55,228,32,14,250
2023-09-18T01:26:12,228,32,14,250
2023-09-18T01:39:16,228,32,14,250
2023-09-18T01:52:20,228,32,14,250
2023-09-18T02:05:28,228,32,14,250
2023-09-18T02:18:30,228,32,14,250
2023-09-18T02:31:39,228,32,14,250
2023-09-18T02:44:41,228,32,14,250
2023-09-18T02:57:43,228,32,14,250
2023-09-18T03:10:47,228,32,14,250
2023-09-18T03:23:52,228,32,14,250
2023-09-18T03:36:56,228,32,14,250
2023-09-18T03:49:57,228,32,14,250
2023-09-18T04:03:00,228,32,14,250
2023-09-18T04:17:53,228,32,14,250
2023-09-18T04:29:06,228,32,14,250
2023-09-18T04:42:37,228,32,14,250
2023-09-18T04:55:43,228,32,14,250
2023-09-18T05:08:52,228,32,14,250
2023-09-18T05:21:56,228,32,14,250
2023-09-18T05:34:59,228,32,14,250
2023-09-18T05:48:03,228,32,14,250
2023-09-18T06:01:08,228,32,14,250
2023-09-18T06:14:12,228,32,14,250
2023-09-18T06:27:17,228,32,14,250
2023-09-18T06:40:20,228,32,14,250
2023-09-18T06:53:24,228,32,14,250
2023-09-18T07:06:25,228,32,14,250
2023-09-18T07:19:28,228,32,14,250
2023-09-18T07:32:29,228,32,14,250
2023-09-18T07:45:29,228,32,14,250
2023-09-18T07:58:31,228,32,14,250
2023-09-18T08:11:33,228,32,14,250
2023-09-18T08:24:37,228,32,14,250
2023-09-18T08:37:39,228,32,14,250
2023-09-18T08:51:00,228,32,14,250
2023-09-18T09:03:59,228,32,14,250
2023-09-18T09:16:58,228,32,14,250
2023-09-18T09:29:58,228,32,14,250
2023-09-18T09:42:57,228,32,14,250
2023-09-18T09:55:57,228,32,14,250
2023-09-18T10:08:58,228,32,14,250
2023-09-18T10:21:58,228,32,14,250
2023-09-18T10:35:15,228,32,14,250
2023-09-18T10:48:15,228,32,14,250
2023-09-18T11:01:15,228,32,14,250
2023-09-18T11:14:14,228,32,14,250
2023-09-18T11:27:13,228,32,14,250
2023-09-18T11:40:14,227,33,14,250
2023-09-18T11:53:13,227,33,14,250
2023-09-18T12:06:22,227,33,14,250
2023-09-18T12:19:22,227,33,14,250
2023-09-18T12:32:23,227,33,14,250
2023-09-18T12:45:23,227,33,14,250
2023-09-18T12:58:22,227,33,14,250
2023-09-18T13:11:33,227,33,14,250
2023-09-18T13:24:34,227,33,14,250
2023-09-18T13:37:34,227,33,14,250
2023-09-18T13:50:33,227,33,14,250
2023-09-18T14:03:33,227,33,14,250
2023-09-18T14:16:33,227,33,14,250
2023-09-18T14:29:50,227,33,14,250
2023-09-18T14:42:50,227,33,14,250
2023-09-18T14:55:51,227,33,14,250
2023-09-18T15:08:51,227,33,14,250
2023-09-18T15:21:52,227,33,14,250
2023-09-18T15:35:02,227,33,14,250
2023-09-18T15:48:02,227,33,14,250
2023-09-18T16:01:03,227,33,14,250
2023-09-18T16:14:03,227,33,14,250
2023-09-18T16:27:22,227,33,14,250
2023-09-18T16:40:21,227,33,14,250
2023-09-18T16:53:20,227,33,14,250
2023-09-18T17:06:20,227,33,14,250
2023-09-18T17:19:21,227,33,14,250
2023-09-18T17:32:20,227,33,14,250
2023-09-18T17:45:20,227,33,14,250
2023-09-18T17:58:20,227,33,14,250
2023-09-18T18:11:31,227,33,14,250
2023-09-18T18:24:31,227,33,14,250
2023-09-18T18:37:31,227,33,14,250
2023-09-18T18:50:31,227,33,14,250
2023-09-18T19:03:31,227,33,14,250
2023-09-18T19:16:31,227,33,14,250
2023-09-18T19:29:31,227,33,14,250
2023-09-18T19:42:41,227,33,14,250
2023-09-18T19:55:41,227,33,14,250
2023-09-18T20:08:41,227,33,14,250
2023-09-18T20:21:40,227,33,14,250
2023-09-18T20:34:42,227,33,14,250
2023-09-18T20:47:41,228,33,13,250
2023-09-18T21:00:42,228,33,13,250
2023-09-18T21:13:41,228,33,13,250
2023-09-18T21:26:40,228,33,13,250
2023-09-18T21:39:51,228,33,13,250
2023-09-18T21:52:52,228,33,13,250
2023-09-18T22:05:51,228,33,13,250
2023-09-18T22:18:50,228,33,13,250
2023-09-18T22:31:52,229,32,12,250
2023-09-18T22:44:52,229,32,12,250
2023-09-18T22:57:51,229,32,12,250
2023-09-18T23:11:07,229,32,12,250
2023-09-18T23:24:28,229,32,12,250
2023-09-18T23:37:28,229,32,12,250
2023-09-18T23:50:28,229,32,12,250
2023-09-19T00:03:30,229,32,12,250
2023-09-19T00:16:36,229,32,12,250
2023-09-19T00:29:44,229,32,12,250
2023-09-19T00:42:48,229,32,12,250
2023-09-19T00:55:53,229,32,12,250
2023-09-19T01:08:58,229,32,12,250
2023-09-19T01:22:02,229,32,12,250
2023-09-19T01:35:24,229,32,12,250
2023-09-19T01:48:27,229,32,12,250
2023-09-19T02:01:31,229,32,12,250
2023-09-19T02:14:46,229,32,12,250
2023-09-19T02:27:48,229,32,12,250
2023-09-19T02:40:51,229,32,12,250
2023-09-19T02:53:53,229,32,12,250
2023-09-19T03:06:54,229,32,12,250
2023-09-19T03:19:57,229,32,12,250
2023-09-19T03:33:00,229,32,12,250
2023-09-19T03:46:03,229,32,12,250
2023-09-19T03:59:07,229,32,12,250
2023-09-19T04:12:11,229,32,12,250
2023-09-19T04:30:43,229,32,12,250
2023-09-19T04:45:11,229,32,12,250
2023-09-19T04:58:36,229,32,12,250
2023-09-19T05:11:46,229,32,12,250
2023-09-19T05:24:51,229,32,12,250
2023-09-19T05:37:55,229,32,12,250
2023-09-19T05:51:00,229,32,12,250
2023-09-19T06:04:04,229,32,12,250
2023-09-19T06:17:08,229,32,12,250
2023-09-19T06:30:11,229,32,12,250
2023-09-19T06:43:14,228,32,12,250
2023-09-19T06:56:17,228,32,12,250
2023-09-19T07:09:22,228,32,12,250
2023-09-19T07:22:25,228,32,12,250
2023-09-19T07:35:30,228,32,12,250
2023-09-19T07:48:31,228,32,12,250
2023-09-19T08:01:33,228,32,12,250
2023-09-19T08:14:35,228,32,12,250
2023-09-19T08:27:38,228,32,12,250
2023-09-19T08:40:41,228,32,12,250
2023-09-19T08:53:43,228,32,12,250
2023-09-19T09:06:45,228,32,12,250
2023-09-19T09:20:04,228,32,12,250
2023-09-19T09:33:06,228,32,12,250
2023-09-19T09:46:07,228,32,12,250
2023-09-19T09:59:08,228,32,12,250
2023-09-19T10:12:09,228,32,12,250
2023-09-19T10:25:10,228,32,12,250
2023-09-19T10:38:12,228,32,12,250
2023-09-19T10:51:12,228,32,12,250
2023-09-19T11:04:12,228,32,12,250
2023-09-19T11:17:27,228,32,12,250
2023-09-19T11:30:27,228,32,12,250
2023-09-19T11:43:27,228,32,12,250
2023-09-19T11:56:27,228,32,12,250
2023-09-19T12:09:28,228,32,12,250
2023-09-19T12:22:50,228,32,12,250
2023-09-19T12:35:50,228,32,12,250
2023-09-19T12:48:49,228,32,12,250
2023-09-19T13:01:49,228,32,12,250
2023-09-19T13:14:49,228,32,12,250
2023-09-19T13:27:48,228,32,12,250
2023-09-19T13:40:48,228,32,12,250
2023-09-19T13:53:58,228,32,12,250
2023-09-19T14:06:58,228,32,12,250
2023-09-19T14:19:58,228,32,12,250
2023-09-19T14:32:57,228,32,12,250
2023-09-19T14:45:58,228,32,12,250
2023-09-19T14:59:21,228,32,12,250
2023-09-19T15:12:21,228,32,12,250
2023-09-19T15:25:21,228,32,12,250
2023-09-19T15:38:21,228,32,12,250
2023-09-19T15:51:21,228,32,12,250
2023-09-19T16:04:21,228,32,12,250
2023-09-19T16:17:31,228,32,12,250
2023-09-19T16:30:30,228,32,12,250
2023-09-19T16:43:30,228,32,12,250
2023-09-19T16:56:29,228,32,12,250
2023-09-19T17:09:29,228,32,12,250
2023-09-19T17:22:29,228,32,12,250
2023-09-19T17:35:29,228,32,12,250
2023-09-19T17:48:50,228,32,12,250
2023-09-19T18:01:49,228,32,12,250
2023-09-19T18:14:49,228,32,12,250
2023-09-19T18:27:48,228,32,12,250
2023-09-19T18:40:49,228,32,12,250
2023-09-19T18:53:48,228,32,12,250
2023-09-19T19:06:48,228,32,12,250
2023-09-19T19:19:58,228,32,12,250
2023-09-19T19:32:59,228,32,12,250
2023-09-19T19:45:59,228,32,12,250
2023-09-19T19:58:59,228,32,12,250
2023-09-19T20:12:00,228,32,12,250
2023-09-19T20:25:01,228,32,12,250
2023-09-19T20:38:22,228,32,12,250
2023-09-19T20:51:21,228,32,12,250
2023-09-19T21:04:21,228,32,12,250
2023-09-19T21:17:21,228,32,12,250
2023-09-19T21:30:21,228,32,12,250
2023-09-19T21:43:21,228,32,12,250
2023-09-19T21:56:20,228,32,12,250
2023-09-19T22:09:31,228,32,12,250
2023-09-19T22:22:30,228,32,12,250
2023-09-19T22:35:30,228,32,12,250
2023-09-19T22:48:29,228,32,12,250
2023-09-19T23:01:29,228,32,12,250
2023-09-19T23:14:30,228,32,12,250
2023-09-19T23:27:50,228,32,12,250
2023-09-19T23:40:50,228,32,12,250
2023-09-19T23:53:51,228,32,12,250
2023-09-20T00:06:52,228,32,12,250
2023-09-20T00:19:56,228,32,12,250
2023-09-20T00:33:01,228,32,12,250
2023-09-20T00:46:06,228,32,12,250
2023-09-20T00:59:11,228,32,12,250
2023-09-20T01:12:16,228,32,12,250
2023-09-20T01:25:21,228,32,12,250
2023-09-20T01:38:26,228,32,12,250
2023-09-20T01:51:32,228,32,12,250
2023-09-20T02:04:49,228,32,12,250
2023-09-20T02:17:53,228,32,12,250
2023-09-20T02:30:57,228,32,12,250
2023-09-20T02:43:59,228,32,12,250
2023-09-20T02:57:01,228,32,12,250
2023-09-20T03:10:04,228,32,12,250
2023-09-20T03:23:32,228,32,12,250
2023-09-20T03:36:53,228,32,12,250
2023-09-20T03:49:58,228,32,12,250
2023-09-20T04:03:10,228,32,12,250
2023-09-20T04:27:29,228,32,12,250
2023-09-20T04:40:57,228,32,12,250
2023-09-20T04:54:01,228,32,12,250
2023-09-20T05:07:16,228,32,12,250
2023-09-20T05:20:22,228,32,12,250
2023-09-20T05:33:26,228,32,12,250
2023-09-20T05:46:40,228,32,12,250
2023-09-20T05:59:46,228,32,12,250
2023-09-20T06:12:50,228,32,12,250
2023-09-20T06:25:54,228,32,12,250
2023-09-20T06:38:58,228,32,12,250
2023-09-20T06:52:01,228,32,12,250
2023-09-20T07:05:04,228,32,12,250
2023-09-20T07:18:07,228,32,12,250
2023-09-20T07:31:10,228,32,12,250
2023-09-20T07:44:12,228,32,12,250
2023-09-20T07:57:14,228,32,12,250
2023-09-20T08:10:17,228,32,12,250
2023-09-20T08:23:19,228,32,12,250
2023-09-20T08:36:28,228,32,12,250
2023-09-20T08:49:27,228,32,12,250
2023-09-20T09:02:27,228,32,12,250
2023-09-20T09:15:31,228,32,12,250
2023-09-20T09:28:31,228,32,12,250
2023-09-20T09:41:31,228,32,12,250
2023-09-20T09:54:31,228,32,12,250
2023-09-20T10:07:40,228,32,12,250
2023-09-20T10:20:41,228,32,12,250
2023-09-20T10:33:40,228,32,12,250
2023-09-20T10:46:40,228,32,12,250
2023-09-20T10:59:40,228,32,12,250
2023-09-20T11:12:40,228,32,12,250
2023-09-20T11:25:40,228,32,12,250
2023-09-20T11:38:50,228,32,12,250
2023-09-20T11:51:50,228,32,12,250
2023-09-20T12:04:51,228,32,12,250
2023-09-20T12:17:51,228,32,12,250
2023-09-20T12:30:51,228,32,12,250
2023-09-20T12:43:51,228,32,12,250
2023-09-20T12:57:01,228,32,12,250
2023-09-20T13:10:01,228,32,12,250
2023-09-20T13:23:00,228,32,12,250
2023-09-20T13:36:00,228,32,12,250
2023-09-20T13:49:01,228,32,12,250
2023-09-20T14:02:02,228,32,12,250
2023-09-20T14:15:13,228,32,12,250
2023-09-20T14:28:13,228,32,12,250
2023-09-20T14:41:14,228,32,12,250
2023-09-20T14:54:14,228,32,12,250
2023-09-20T15:07:15,228,32,12,250
2023-09-20T15:20:18,228,32,12,250
2023-09-20T15:33:18,228,32,12,250
2023-09-20T15:46:29,228,32,12,250
2023-09-20T15:59:29,228,32,12,250
2023-09-20T16:12:29,228,32,12,250
2023-09-20T16:25:29,228,32,12,250
2023-09-20T16:38:29,228,32,12,250
2023-09-20T16:51:30,228,32,12,250
2023-09-20T17:04:41,228,32,12,250
2023-09-20T17:17:44,228,32,12,250
2023-09-20T17:30:44,228,32,12,250
2023-09-20T17:43:44,228,32,12,250
2023-09-20T17:56:46,228,32,12,250
2023-09-20T18:09:46,228,32,12,250
2023-09-20T18:22:46,228,32,12,250
2023-09-20T18:35:55,228,32,12,250
2023-09-20T18:48:55,228,32,12,250
2023-09-20T19:01:56,228,32,12,250
2023-09-20T19:14:57,228,32,12,250
2023-09-20T19:27:59,228,32,12,250
2023-09-20T19:40:59,228,32,12,250
2023-09-20T19:53:59,228,32,12,250
2023-09-20T20:07:11,228,32,12,250
2023-09-20T20:20:11,228,32,12,250
2023-09-20T20:33:11,228,32,12,250
2023-09-20T20:46:11,228,32,12,250
2023-09-20T20:59:11,228,32,12,250
2023-09-20T21:12:11,228,32,12,250
2023-09-20T21:25:23,228,32,12,250
2023-09-20T21:38:23,228,32,12,250
2023-09-20T21:51:23,228,32,12,250
2023-09-20T22:04:23,228,32,12,250
2023-09-20T22:17:23,228,32,12,250
2023-09-20T22:30:24,228,32,12,250
2023-09-20T22:43:25,228,32,12,250
2023-09-20T22:56:35,228,32,12,250
2023-09-20T23:09:36,228,32,12,250
2023-09-20T23:22:37,228,32,12,250
2023-09-20T23:35:37,228,32,12,250
2023-09-20T23:48:37,228,32,12,250
2023-09-21T00:01:38,228,32,12,250
2023-09-21T00:14:44,228,32,12,250
2023-09-21T00:27:49,228,32,12,250
2023-09-21T00:40:54,228,32,12,250
2023-09-21T00:54:09,228,32,12,250
2023-09-21T01:07:15,228,32,12,250
2023-09-21T01:20:19,228,32,12,250
2023-09-21T01:33:22,228,32,12,250
2023-09-21T01:46:26,228,32,12,250
2023-09-21T01:59:31,228,32,12,250
2023-09-21T02:12:35,228,32,12,250
2023-09-21T02:25:38,228,32,12,250
2023-09-21T02:38:41,228,32,12,250
2023-09-21T02:51:43,228,32,12,250
2023-09-21T03:04:44,228,32,12,250
2023-09-21T03:17:48,228,32,12,250
2023-09-21T03:30:52,228,32,12,250
2023-09-21T03:43:56,228,32,12,250
2023-09-21T03:57:02,228,32,12,250
2023-09-21T04:10:08,228,32,12,250
2023-09-21T04:26:24,228,32,12,250
2023-09-21T04:39:31,228,32,12,250
2023-09-21T04:54:13,228,32,12,250
2023-09-21T05:07:21,228,32,12,250
2023-09-21T05:20:25,228,32,12,250
2023-09-21T05:33:29,228,32,12,250
2023-09-21T05:46:32,228,32,12,250
2023-09-21T05:59:36,228,32,12,250
2023-09-21T06:12:39,228,32,12,250
2023-09-21T06:25:45,228,32,12,250
2023-09-21T06:38:52,228,32,12,250
2023-09-21T06:51:56,228,32,12,250
2023-09-21T07:05:00,228,32,12,250
2023-09-21T07:18:04,228,32,12,250
2023-09-21T07:31:07,228,32,12,250
2023-09-21T07:44:10,228,32,12,250
2023-09-21T07:57:14,228,32,12,250
2023-09-21T08:10:18,228,32,12,250
2023-09-21T08:23:24,228,32,12,250
2023-09-21T08:36:42,228,32,12,250
2023-09-21T08:49:44,228,32,12,250
2023-09-21T09:02:46,228,32,12,250
2023-09-21T09:15:48,228,32,12,250
2023-09-21T09:28:48,228,32,12,250
2023-09-21T09:41:48,228,32,12,250
2023-09-21T09:54:48,228,32,12,250
2023-09-21T10:07:49,228,32,12,250
2023-09-21T10:20:49,228,32,13,250
2023-09-21T10:34:00,228,32,13,250
2023-09-21T10:47:00,228,32,12,250
2023-09-21T11:00:01,228,32,12,250
2023-09-21T11:13:01,228,32,12,250
2023-09-21T11:26:01,228,32,12,250
2023-09-21T11:39:02,228,32,12,250
2023-09-21T11:52:22,228,32,11,250
2023-09-21T12:05:22,228,32,11,250
2023-09-21T12:18:23,228,32,11,250
2023-09-21T12:31:23,229,31,10,250
2023-09-21T12:44:24,231,29,9,250
2023-09-21T12:57:25,231,29,9,250
2023-09-21T13:10:36,231,29,9,250
2023-09-21T13:23:36,231,29,9,250
2023-09-21T13:36:39,231,29,9,250
2023-09-21T13:49:40,232,28,9,250
2023-09-21T14:02:41,232,28,9,250
2023-09-21T14:15:52,232,28,9,250
2023-09-21T14:28:52,232,28,9,250
2023-09-21T14:41:53,232,28,9,250
2023-09-21T14:54:54,232,28,9,250
2023-09-21T15:07:55,233,27,9,250
2023-09-21T15:20:56,233,27,9,250
2023-09-21T15:34:08,233,27,9,250
2023-09-21T15:47:10,233,27,9,250
2023-09-21T16:00:11,233,27,9,250
2023-09-21T16:13:12,233,27,9,250
2023-09-21T16:26:14,233,27,9,250
2023-09-21T16:39:16,233,27,10,250
2023-09-21T16:52:27,233,27,10,250
2023-09-21T17:05:28,233,27,10,250
2023-09-21T17:18:30,233,27,10,250
2023-09-21T17:31:31,233,27,10,250
2023-09-21T17:44:31,233,27,10,250
2023-09-21T17:57:32,233,27,10,250
2023-09-21T18:10:33,233,27,10,250
2023-09-21T18:23:46,233,27,10,250
2023-09-21T18:36:47,234,26,10,250
2023-09-21T18:49:48,234,26,10,250
2023-09-21T19:02:49,234,26,10,250
2023-09-21T19:15:50,234,26,10,250
2023-09-21T19:28:51,235,25,10,250
2023-09-21T19:41:52,235,25,10,250
2023-09-21T19:55:11,235,25,10,250
2023-09-21T20:08:12,235,25,10,250
2023-09-21T20:21:13,235,25,10,250
2023-09-21T20:34:14,235,25,10,250
2023-09-21T20:47:14,235,25,10,250
2023-09-21T21:00:15,235,25,10,250
2023-09-21T21:13:15,235,25,10,250
2023-09-21T21:26:18,235,25,10,250
2023-09-21T21:39:30,235,25,10,250
2023-09-21T21:52:31,235,25,10,250
2023-09-21T22:05:32,235,25,10,250
2023-09-21T22:18:33,235,25,10,250
2023-09-21T22:31:34,235,25,10,250
2023-09-21T22:44:34,235,25,10,250
2023-09-21T22:57:34,236,24,10,250
2023-09-21T23:10:56,236,24,10,250
2023-09-21T23:23:57,236,24,10,250
2023-09-21T23:36:58,236,24,10,250
2023-09-21T23:50:00,236,24,10,250
2023-09-22T00:03:03,236,24,10,250
2023-09-22T00:16:07,236,24,10,250
2023-09-22T00:29:12,236,24,10,250
2023-09-22T00:42:19,236,24,10,250
2023-09-22T00:55:24,236,24,10,250
2023-09-22T01:08:41,236,24,10,250
2023-09-22T01:21:46,236,24,10,250
2023-09-22T01:34:53,236,24,10,250
2023-09-22T01:47:59,236,24,10,250
2023-09-22T02:01:05,236,24,10,250
2023-09-22T02:14:12,236,24,10,250
2023-09-22T02:27:14,236,24,10,250
2023-09-22T02:40:20,236,24,10,250
2023-09-22T02:53:23,236,24,10,250
2023-09-22T03:06:26,236,24,10,250
2023-09-22T03:19:33,236,24,10,250
2023-09-22T03:32:57,236,24,10,250
2023-09-22T03:46:04,236,24,10,250
2023-09-22T03:59:08,236,24,10,250
2023-09-22T07:04:25,236,24,10,250
2023-09-22T07:17:30,236,24,10,250
2023-09-22T07:30:38,236,24,10,250
2023-09-22T07:43:41,236,24,10,250
2023-09-22T07:56:45,236,24,10,250
2023-09-22T08:09:56,236,24,10,250
2023-09-22T08:23:00,236,24,10,250
2023-09-22T08:36:02,236,24,10,250
2023-09-22T08:49:05,236,24,10,250
2023-09-22T09:02:06,236,24,10,250
2023-09-22T09:15:09,236,24,10,250
2023-09-22T09:28:11,236,24,10,250
2023-09-22T09:41:13,236,24,10,250
2023-09-22T09:54:15,236,24,10,250
2023-09-22T10:07:28,236,24,10,250
2023-09-22T10:20:31,236,24,10,250
2023-09-22T10:33:33,236,24,10,250
2023-09-22T10:46:35,236,24,10,250
2023-09-22T10:59:36,236,24,10,250
2023-09-22T11:12:37,236,24,10,250
2023-09-22T11:25:49,236,24,10,250
2023-09-22T11:38:52,236,24,10,250
2023-09-22T11:51:52,236,24,10,250
2023-09-22T12:04:53,236,24,10,250
2023-09-22T12:17:55,236,24,10,250
2023-09-22T12:31:00,236,24,10,250
2023-09-22T12:44:19,237,23,10,250
2023-09-22T12:57:20,237,23,10,250
2023-09-22T13:10:22,237,23,10,250
2023-09-22T13:23:24,237,23,10,250
2023-09-22T13:36:25,237,23,10,250
2023-09-22T13:49:26,237,23,10,250
2023-09-22T14:02:29,237,23,10,250
2023-09-22T14:15:43,237,23,10,250
2023-09-22T14:28:50,237,23,10,250
2023-09-22T14:41:53,237,23,10,250
2023-09-22T14:54:57,237,23,10,250
2023-09-22T15:08:01,237,23,10,250
2023-09-22T15:21:06,237,23,10,250
2023-09-22T15:34:21,237,23,10,250
2023-09-22T15:47:23,237,23,10,250
2023-09-22T16:00:24,237,23,10,250
2023-09-22T16:13:26,237,23,10,250
2023-09-22T16:26:27,237,23,10,250
2023-09-22T16:39:27,237,23,10,250
2023-09-22T16:52:48,237,23,10,250
2023-09-22T17:05:49,237,23,10,250
2023-09-22T17:18:51,237,23,10,250
2023-09-22T17:31:51,237,23,10,250
2023-09-22T17:44:53,237,23,10,250
2023-09-22T17:57:54,237,23,10,250
2023-09-22T18:11:04,237,23,10,250
2023-09-22T18:24:06,237,23,10,250
2023-09-22T18:37:09,237,23,10,250
2023-09-22T18:50:11,237,23,10,250
2023-09-22T19:03:13,237,23,10,250
2023-09-22T19:16:14,237,23,10,250
2023-09-22T19:29:17,237,23,10,250
2023-09-22T19:42:27,237,23,10,250
2023-09-22T19:55:28,237,23,10,250
2023-09-22T20:08:29,237,23,10,250
2023-09-22T20:21:31,237,23,10,250
2023-09-22T20:34:32,237,23,10,250
2023-09-22T20:47:33,237,23,10,250
2023-09-22T20:54:26,237,23,10,250
2023-09-22T21:07:28,237,23,10,250
2023-09-22T21:20:28,237,23,10,250
2023-09-22T21:33:28,237,23,10,250
2023-09-22T21:46:29,237,23,10,250
2023-09-22T21:59:30,237,23,10,250
2023-09-22T22:12:31,237,23,10,250
2023-09-22T22:25:43,237,23,10,250
2023-09-22T22:38:44,237,23,10,250
2023-09-22T22:51:44,237,23,10,250
2023-09-22T23:04:47,237,23,10,250
2023-09-22T23:17:48,237,23,10,250
2023-09-22T23:30:49,237,23,10,250
2023-09-22T23:43:51,237,23,10,250
2023-09-22T23:56:53,237,23,10,250
2023-09-23T00:09:56,237,23,10,250
2023-09-23T00:23:15,237,23,10,250
2023-09-23T00:36:21,237,23,10,250
2023-09-23T00:49:28,237,23,10,250
2023-09-23T00:57:41,237,23,10,250
2023-09-23T01:10:48,237,23,10,250
2023-09-23T01:23:54,237,23,10,250
2023-09-23T01:37:01,237,23,10,250
2023-09-23T01:50:08,237,23,10,250
2023-09-23T02:03:15,237,23,10,250
2023-09-23T02:16:19,237,23,10,250
2023-09-23T02:29:23,237,23,10,250
2023-09-23T02:42:29,237,23,10,250
2023-09-23T02:55:31,237,23,10,250
2023-09-23T03:08:34,237,23,10,250
2023-09-23T03:21:38,237,23,10,250
2023-09-23T03:34:42,237,23,10,250
2023-09-23T03:47:49,237,23,10,250
2023-09-23T04:03:07,237,23,10,250
2023-09-23T04:20:42,237,23,10,250
2023-09-23T04:34:16,237,23,10,250
2023-09-23T04:47:24,237,23,10,250
2023-09-23T05:00:30,237,23,10,250
2023-09-23T05:13:37,237,23,10,250
2023-09-23T05:26:43,237,23,10,250
2023-09-23T05:39:49,237,23,10,250
2023-09-23T05:52:55,237,23,10,250
2023-09-23T06:06:02,237,23,10,250
2023-09-23T06:19:07,237,23,10,250
2023-09-23T06:32:12,237,23,10,250
2023-09-23T06:45:17,237,23,10,250
2023-09-23T06:58:22,237,23,10,250
2023-09-23T07:11:27,237,23,10,250
2023-09-23T07:24:31,237,23,10,250
2023-09-23T07:37:35,237,23,10,250
2023-09-23T07:50:40,237,23,10,250
2023-09-23T08:03:52,237,23,10,250
2023-09-23T08:16:56,237,23,10,250
2023-09-23T08:30:01,237,23,10,250
2023-09-23T08:43:06,237,23,10,250
2023-09-23T08:56:10,237,23,10,250
2023-09-23T09:09:14,237,23,10,250
2023-09-23T09:22:17,237,23,10,250
2023-09-23T09:35:21,237,23,10,250
2023-09-23T09:48:24,237,23,10,250
2023-09-23T10:01:26,237,23,10,250
2023-09-23T10:14:29,237,23,10,250
2023-09-23T10:27:31,237,23,10,250
2023-09-23T10:40:44,237,23,10,250
2023-09-23T10:53:47,237,23,10,250
2023-09-23T11:06:48,237,23,10,250
2023-09-23T11:19:49,237,23,10,250
2023-09-23T11:32:49,237,23,10,250
2023-09-23T11:45:52,237,23,10,250
2023-09-23T11:58:53,237,23,10,250
2023-09-23T12:11:53,237,23,10,250
2023-09-23T12:24:57,237,23,10,250
2023-09-23T12:38:08,237,23,10,250
2023-09-23T12:51:09,237,23,10,250
2023-09-23T13:04:10,237,23,10,250
2023-09-23T13:17:11,237,23,10,250
2023-09-23T13:30:11,237,23,10,250
2023-09-23T13:43:13,237,23,10,250
2023-09-23T13:56:13,237,23,10,250
2023-09-23T14:09:23,237,23,10,250
2023-09-23T14:22:25,237,23,10,250
2023-09-23T14:35:31,237,23,10,250
2023-09-23T14:48:32,237,23,10,250
2023-09-23T15:01:34,237,23,10,250
2023-09-23T15:14:34,237,23,10,250
2023-09-23T15:27:36,237,23,10,250
2023-09-23T15:40:37,237,23,10,250
2023-09-23T15:53:47,237,23,10,250
2023-09-23T16:06:48,237,23,10,250
2023-09-23T16:19:48,237,23,10,250
2023-09-23T16:32:49,237,23,10,250
2023-09-23T16:45:50,237,23,10,250
2023-09-23T16:58:51,237,23,10,250
2023-09-23T17:11:52,237,23,10,250
2023-09-23T17:24:54,237,23,10,250
2023-09-23T17:37:55,237,23,10,250
2023-09-23T17:50:56,237,23,10,250
2023-09-23T18:04:07,237,23,10,250
2023-09-23T18:17:08,237,23,10,250
2023-09-23T18:30:09,237,23,10,250
2023-09-23T18:43:09,237,23,10,250
2023-09-23T18:56:10,237,23,10,250
2023-09-23T19:09:12,237,23,10,250
2023-09-23T19:22:13,237,23,10,250
2023-09-23T19:35:14,237,23,10,250
2023-09-23T19:48:15,237,23,10,250
2023-09-23T20:01:26,237,23,10,250
2023-09-23T20:14:27,237,23,10,250
2023-09-23T20:27:27,237,23,10,250
2023-09-23T20:40:28,237,23,10,250
2023-09-23T20:53:29,237,23,10,250
2023-09-23T21:06:31,237,23,10,250
2023-09-23T21:19:32,237,23,10,250
2023-09-23T21:32:33,237,23,10,250
2023-09-23T21:45:34,237,23,10,250
2023-09-23T21:58:45,237,23,10,250
2023-09-23T22:11:45,237,23,10,250
2023-09-23T22:24:46,237,23,10,250
2023-09-23T22:37:47,237,23,10,250
2023-09-23T22:50:48,237,23,10,250
2023-09-23T23:03:49,237,23,10,250
2023-09-23T23:16:50,237,23,10,250
2023-09-23T23:29:51,237,23,10,250
2023-09-23T23:42:52,237,23,10,250
2023-09-23T23:55:52,237,23,10,250
2023-09-24T00:09:05,237,23,10,250
2023-09-24T00:22:12,237,23,10,250
2023-09-24T00:35:14,237,23,10,250
2023-09-24T00:48:16,237,23,10,250
2023-09-24T01:01:17,237,23,10,250
2023-09-24T01:14:18,237,23,10,250
2023-09-24T01:27:18,237,23,10,250
2023-09-24T01:40:19,237,23,10,250
2023-09-24T01:53:21,237,23,10,250
2023-09-24T02:06:23,237,23,10,250
2023-09-24T02:19:24,237,23,10,250
2023-09-24T02:32:26,237,23,10,250
2023-09-24T02:45:30,237,23,10,250
2023-09-24T02:58:31,237,23,10,250
2023-09-24T03:11:32,237,23,10,250
2023-09-24T03:24:35,237,23,10,250
2023-09-24T03:37:37,237,23,10,250
2023-09-24T03:51:07,237,23,10,250
2023-09-24T04:04:15,237,23,10,250
2023-09-24T04:21:28,237,23,10,250
2023-09-24T04:35:00,237,23,10,250
2023-09-24T04:48:08,237,23,10,250
2023-09-24T05:01:14,237,23,10,250
2023-09-24T05:14:22,237,23,10,250
2023-09-24T05:27:28,237,23,10,250
2023-09-24T05:40:35,237,23,10,250
2023-09-24T05:53:42,237,23,10,250
2023-09-24T06:06:48,237,23,10,250
2023-09-24T06:19:54,237,23,10,250
2023-09-24T06:32:59,237,23,10,250
2023-09-24T06:46:04,237,23,10,250
2023-09-24T06:59:10,237,23,10,250
2023-09-24T07:12:32,237,23,10,250
2023-09-24T07:25:36,237,23,10,250
2023-09-24T07:38:40,237,23,10,250
2023-09-24T07:51:43,237,23,10,250
2023-09-24T08:04:49,237,23,10,250
2023-09-24T08:17:52,237,23,10,250
2023-09-24T08:30:56,237,23,10,250
2023-09-24T08:44:04,237,23,10,250
2023-09-24T08:57:06,237,23,10,250
2023-09-24T09:10:11,237,23,10,250
2023-09-24T09:23:16,237,23,10,250
2023-09-24T09:36:31,237,23,10,250
2023-09-24T09:49:38,237,23,10,250
2023-09-24T10:02:43,237,23,10,250
2023-09-24T10:15:49,237,23,10,250
2023-09-24T10:28:57,237,23,10,250
2023-09-24T10:42:06,237,23,10,250
2023-09-24T10:55:15,237,23,10,250
2023-09-24T11:08:21,237,23,10,250
2023-09-24T11:21:24,237,23,10,250
2023-09-24T11:34:37,237,23,10,250
2023-09-24T11:47:38,237,23,10,250
2023-09-24T12:00:39,237,23,10,250
2023-09-24T12:13:42,237,23,10,250
2023-09-24T12:26:43,236,24,10,250
2023-09-24T12:39:44,236,24,10,250
2023-09-24T12:52:56,236,24,10,250
2023-09-24T13:05:56,236,24,10,250
2023-09-24T13:18:57,236,24,10,250
2023-09-24T13:31:57,236,24,10,250
2023-09-24T13:44:58,236,24,10,250
2023-09-24T13:57:59,236,24,10,250
2023-09-24T14:11:00,236,24,10,250
2023-09-24T14:24:01,236,24,10,250
2023-09-24T14:37:12,236,24,10,250
2023-09-24T14:50:13,236,24,10,250
2023-09-24T15:03:14,236,24,10,250
2023-09-24T15:16:15,236,24,10,250
2023-09-24T15:29:16,236,24,10,250
2023-09-24T15:42:17,236,24,10,250
2023-09-24T15:55:19,236,24,10,250
2023-09-24T16:08:29,236,24,10,250
2023-09-24T16:21:31,236,24,10,250
2023-09-24T16:34:32,236,24,10,250
2023-09-24T16:47:34,236,24,10,250
2023-09-24T17:00:34,236,24,10,250
2023-09-24T17:13:36,236,24,10,250
2023-09-24T17:26:36,236,24,10,250
2023-09-24T17:39:47,236,24,10,250
2023-09-24T17:52:48,236,24,10,250
2023-09-24T18:05:49,236,24,10,250
2023-09-24T18:18:50,236,24,10,250
2023-09-24T18:31:51,236,24,10,250
2023-09-24T18:45:01,236,24,10,250
2023-09-24T18:58:02,236,24,10,250
2023-09-24T19:11:06,236,24,10,250
2023-09-24T19:24:08,236,24,10,250
2023-09-24T19:37:08,236,24,10,250
2023-09-24T19:50:09,236,24,10,250
2023-09-24T20:03:10,236,24,10,250
2023-09-24T20:16:21,236,24,10,250
2023-09-24T20:29:21,236,24,10,250
2023-09-24T20:42:22,236,24,10,250
2023-09-24T20:55:22,236,24,10,250
2023-09-24T21:08:23,236,24,10,250
2023-09-24T21:21:24,236,24,10,250
2023-09-24T21:34:26,236,24,10,250
2023-09-24T21:47:38,237,23,10,250
2023-09-24T22:00:40,237,23,10,250
2023-09-24T22:13:42,237,23,10,250
2023-09-24T22:26:43,237,23,10,250
2023-09-24T22:39:44,237,23,10,250
2023-09-24T22:52:45,237,23,10,250
2023-09-24T23:05:56,237,23,10,250
2023-09-24T23:18:57,237,23,10,250
2023-09-24T23:31:59,237,23,10,250
2023-09-24T23:45:02,237,23,10,250
2023-09-24T23:58:04,237,23,10,250
2023-09-25T00:11:07,237,23,10,250
2023-09-25T00:24:27,237,23,10,250
2023-09-25T00:37:51,237,23,10,250
2023-09-25T00:50:58,237,23,10,250
2023-09-25T01:04:00,237,23,10,250
2023-09-25T01:17:10,237,23,10,250
2023-09-25T01:30:18,237,23,10,250
2023-09-25T01:43:25,237,23,10,250
2023-09-25T01:56:33,237,23,10,250
2023-09-25T02:09:51,237,23,10,250
2023-09-25T02:22:56,237,23,10,250
2023-09-25T02:36:01,237,23,10,250
2023-09-25T02:49:05,237,23,10,250
2023-09-25T03:02:08,237,23,10,250
2023-09-25T03:15:13,237,23,10,250
2023-09-25T03:28:28,237,23,10,250
2023-09-25T03:41:32,237,23,10,250
2023-09-25T03:54:38,237,23,10,250
2023-09-25T04:07:43,237,23,10,250
2023-09-25T04:21:43,237,23,10,250
2023-09-25T04:34:51,237,23,10,250
2023-09-25T04:49:23,237,23,10,250
2023-09-25T05:02:51,237,23,10,250
2023-09-25T05:16:07,237,23,10,250
2023-09-25T05:29:22,237,23,10,250
2023-09-25T05:42:28,237,23,10,250
2023-09-25T05:55:33,237,23,10,250
2023-09-25T06:08:39,237,23,10,250
2023-09-25T06:21:52,237,23,10,250
2023-09-25T06:34:57,237,23,10,250
2023-09-25T06:48:02,237,23,10,250
2023-09-25T07:01:07,237,23,10,250
2023-09-25T07:14:12,237,23,10,250
2023-09-25T07:27:15,237,23,10,250
2023-09-25T07:40:17,237,23,10,250
2023-09-25T07:53:17,237,23,10,250
2023-09-25T08:06:17,237,23,10,250
2023-09-25T08:19:28,237,23,10,250
2023-09-25T08:32:29,237,23,10,250
2023-09-25T08:45:30,237,23,10,250
2023-09-25T08:58:31,237,23,10,250
2023-09-25T09:11:45,237,23,10,250
2023-09-25T09:24:48,237,23,10,250
2023-09-25T09:37:53,237,23,10,250
2023-09-25T09:50:54,237,23,10,250
2023-09-25T10:03:55,237,23,10,250
2023-09-25T10:17:07,237,23,10,250
2023-09-25T10:30:08,237,23,10,250
2023-09-25T10:43:09,237,23,10,250
2023-09-25T10:56:21,237,23,10,250
2023-09-25T11:09:24,237,23,10,250
2023-09-25T11:22:25,237,23,10,250
2023-09-25T11:35:26,237,23,10,250
2023-09-25T11:48:37,237,23,10,250
2023-09-25T12:01:38,237,23,10,250
2023-09-25T12:14:39,237,23,10,250
2023-09-25T12:27:40,237,23,10,250
2023-09-25T12:40:52,237,23,10,250
2023-09-25T12:53:54,238,22,10,250
2023-09-25T13:06:55,239,21,10,250
2023-09-25T13:19:56,239,21,10,250
2023-09-25T13:33:08,239,21,10,250
2023-09-25T13:46:09,239,21,10,250
2023-09-25T13:59:10,239,21,10,250
2023-09-25T14:12:13,239,21,10,250
2023-09-25T14:25:26,239,21,10,250
2023-09-25T14:38:27,239,21,10,250
2023-09-25T14:51:29,239,21,10,250
2023-09-25T15:04:31,239,21,10,250
2023-09-25T15:17:33,239,21,10,250
2023-09-25T15:30:45,239,21,10,250
2023-09-25T15:43:47,239,21,10,250
2023-09-25T15:56:49,239,21,10,250
2023-09-25T16:09:51,239,21,10,250
2023-09-25T16:23:02,239,21,10,250
2023-09-25T16:36:03,239,21,10,250
2023-09-25T16:49:05,239,21,10,250
2023-09-25T17:02:19,239,21,10,250
2023-09-25T17:15:22,239,21,10,250
2023-09-25T17:28:23,239,21,10,250
2023-09-25T17:41:25,239,21,10,250
2023-09-25T17:54:27,239,21,10,250
2023-09-25T18:07:38,239,21,10,250
2023-09-25T18:20:39,239,21,10,250
2023-09-25T18:33:40,239,21,10,250
2023-09-25T18:46:42,239,21,10,250
2023-09-25T18:59:53,239,21,10,250
2023-09-25T19:12:55,239,21,10,250
2023-09-25T19:25:56,239,21,10,250
2023-09-25T19:38:58,239,21,10,250
2023-09-25T19:51:59,239,21,10,250
2023-09-25T20:05:00,239,21,10,250
2023-09-25T20:18:12,239,21,10,250
2023-09-25T20:31:13,239,21,10,250
2023-09-25T20:44:14,239,21,10,250
2023-09-25T20:57:15,239,21,10,250
2023-09-25T21:10:28,239,21,10,250
2023-09-25T21:23:29,239,21,10,250
2023-09-25T21:36:30,239,21,10,250
2023-09-25T21:49:31,239,21,10,250
2023-09-25T22:02:32,239,21,10,250
2023-09-25T22:15:44,239,21,10,250
2023-09-25T22:28:45,239,21,10,250
2023-09-25T22:41:47,239,21,10,250
2023-09-25T22:54:47,239,21,10,250
2023-09-25T23:07:49,239,21,10,250
2023-09-25T23:20:51,239,21,10,250
2023-09-25T23:34:04,239,21,10,250
2023-09-25T23:47:06,239,21,10,250
2023-09-26T00:00:08,239,21,10,250
2023-09-26T00:13:12,239,21,10,250
2023-09-26T00:26:20,239,21,10,250
2023-09-26T00:39:26,239,21,10,250
2023-09-26T00:52:47,239,21,10,250
2023-09-26T01:05:53,239,21,10,250
2023-09-26T01:18:59,239,21,10,250
2023-09-26T01:32:05,239,21,10,250
2023-09-26T01:45:10,239,21,10,250
2023-09-26T01:58:17,239,21,10,250
2023-09-26T02:11:22,239,21,10,250
2023-09-26T02:24:26,239,21,10,250
2023-09-26T02:37:29,239,21,10,250
2023-09-26T02:50:33,239,21,10,250
2023-09-26T03:03:35,239,21,10,250
2023-09-26T03:16:40,239,21,10,250
2023-09-26T03:29:45,239,21,10,250
2023-09-26T03:42:53,239,21,10,250
2023-09-26T03:56:11,239,21,10,250
2023-09-26T04:09:18,239,21,10,250
2023-09-26T04:22:34,239,21,10,250
2023-09-26T04:37:14,239,21,10,250
2023-09-26T04:50:22,239,21,10,250
2023-09-26T05:03:30,239,21,10,250
2023-09-26T05:16:38,239,21,10,250
2023-09-26T05:29:44,239,21,10,250
2023-09-26T05:42:56,239,21,10,250
2023-09-26T05:56:05,239,21,10,250
2023-09-26T06:09:10,239,21,10,250
2023-09-26T06:22:16,239,21,10,250
2023-09-26T06:35:22,239,21,10,250
2023-09-26T06:48:27,239,21,10,250
2023-09-26T07:01:31,239,21,10,250
2023-09-26T07:14:39,239,21,10,250
2023-09-26T07:27:43,239,21,10,250
2023-09-26T07:40:46,239,21,10,250
2023-09-26T07:53:49,239,21,10,250
2023-09-26T08:06:53,239,21,10,250
2023-09-26T08:19:57,239,21,10,250
2023-09-26T08:33:13,239,21,10,250
2023-09-26T08:46:17,239,21,10,250
2023-09-26T08:59:18,239,21,10,250
2023-09-26T09:12:19,239,21,10,250
2023-09-26T09:25:21,239,21,10,250
2023-09-26T09:38:22,239,21,10,250
2023-09-26T09:51:25,239,21,10,250
2023-09-26T10:04:37,239,21,10,250
2023-09-26T10:17:39,239,21,10,250
2023-09-26T10:30:41,239,21,10,250
2023-09-26T10:43:44,239,21,10,250
2023-09-26T10:56:47,239,21,10,250
2023-09-26T11:09:59,239,21,10,250
2023-09-26T11:23:01,239,21,10,250
2023-09-26T11:36:04,239,21,10,250
2023-09-26T11:49:19,239,21,10,250
2023-09-26T12:02:21,239,21,10,250
2023-09-26T12:15:23,239,21,10,250
2023-09-26T12:28:35,239,21,10,250
2023-09-26T12:41:37,239,21,10,250
2023-09-26T12:54:38,239,21,10,250
2023-09-26T13:07:40,239,61,10,300
2023-09-26T13:20:52,239,61,10,300
2023-09-26T13:33:54,239,61,10,300
2023-09-26T13:46:56,239,61,10,300
2023-09-26T14:00:00,239,61,10,300
2023-09-26T14:13:11,239,61,10,300
2023-09-26T14:26:13,239,61,10,300
2023-09-26T14:39:15,239,61,10,300
2023-09-26T14:52:17,239,61,10,300
2023-09-26T15:05:31,239,61,10,300
2023-09-26T15:18:32,239,61,10,300
2023-09-26T15:31:34,239,61,10,300
2023-09-26T15:44:37,239,61,10,300
2023-09-26T15:57:50,239,61,10,300
2023-09-26T16:10:52,239,61,10,300
2023-09-26T16:23:54,239,61,10,300
2023-09-26T16:36:57,239,61,10,300
2023-09-26T16:50:11,239,61,10,300
2023-09-26T17:03:13,239,61,10,300
2023-09-26T17:16:18,239,61,10,300
2023-09-26T17:29:20,239,61,10,300
2023-09-26T17:42:21,239,61,10,300
2023-09-26T17:55:35,239,61,10,300
2023-09-26T18:08:37,239,61,10,300
2023-09-26T18:21:39,239,61,10,300
2023-09-26T18:34:41,239,61,10,300
2023-09-26T18:47:54,239,61,10,300
2023-09-26T19:00:55,239,61,10,300
2023-09-26T19:13:58,239,61,10,300
2023-09-26T19:27:00,239,61,10,300
2023-09-26T19:40:02,239,61,10,300
2023-09-26T19:53:04,239,61,10,300
2023-09-26T20:06:17,239,61,10,300
2023-09-26T20:19:20,239,61,10,300
2023-09-26T20:32:22,239,61,10,300
2023-09-26T20:45:24,239,61,10,300
2023-09-26T20:58:26,239,61,10,300
2023-09-26T21:11:28,239,61,10,300
2023-09-26T21:24:41,239,61,10,300
2023-09-26T21:37:43,239,61,10,300
2023-09-26T21:50:45,239,61,10,300
2023-09-26T22:03:47,239,61,10,300
2023-09-26T22:16:49,239,61,10,300
2023-09-26T22:30:01,239,61,10,300
2023-09-26T22:43:04,239,61,9,300
2023-09-26T22:56:06,239,61,9,300
2023-09-26T23:09:10,240,60,8,300
2023-09-26T23:22:12,240,60,8,300
2023-09-26T23:35:14,240,60,8,300
2023-09-26T23:48:28,240,60,8,300
2023-09-27T00:01:39,240,60,8,300
2023-09-27T00:14:46,240,60,8,300
2023-09-27T00:27:55,240,60,8,300
2023-09-27T00:41:01,240,60,8,300
2023-09-27T00:54:09,240,60,8,300
2023-09-27T01:07:16,240,60,8,300
2023-09-27T01:20:34,240,60,8,300
2023-09-27T01:33:41,240,60,8,300
2023-09-27T01:46:48,240,60,8,300
2023-09-27T01:59:57,240,60,8,300
2023-09-27T02:13:07,240,60,8,300
2023-09-27T02:26:12,240,60,8,300
2023-09-27T02:39:16,240,60,8,300
2023-09-27T02:52:22,240,60,8,300
2023-09-27T03:05:29,240,60,8,300
2023-09-27T03:18:38,240,60,8,300
2023-09-27T03:31:45,240,60,8,300
2023-09-27T03:44:53,240,60,8,300
2023-09-27T03:58:01,240,60,8,300
2023-09-27T04:11:08,240,60,8,300
2023-09-27T04:25:18,240,60,8,300
2023-09-27T04:38:26,240,60,8,300
2023-09-27T04:52:52,240,60,8,300
2023-09-27T05:06:17,240,60,8,300
2023-09-27T05:19:24,240,60,8,300
2023-09-27T05:32:31,240,60,8,300
2023-09-27T05:45:37,240,60,8,300
2023-09-27T05:58:45,240,60,8,300
2023-09-27T06:11:50,240,60,8,300
2023-09-27T06:24:56,240,60,8,300
2023-09-27T06:38:02,240,60,8,300
2023-09-27T06:51:09,240,60,8,300
2023-09-27T07:04:18,240,60,8,300
2023-09-27T07:17:23,240,60,8,300
2023-09-27T07:30:28,240,60,8,300
2023-09-27T07:43:31,240,60,8,300
2023-09-27T07:56:35,240,60,8,300
2023-09-27T08:09:49,240,60,8,300
2023-09-27T08:22:51,240,60,8,300
2023-09-27T08:35:56,240,60,8,300
2023-09-27T08:48:58,240,60,8,300
2023-09-27T09:02:00,240,60,8,300
2023-09-27T09:15:06,240,60,8,300
2023-09-27T09:28:08,240,60,8,300
2023-09-27T09:41:11,240,60,8,300
2023-09-27T09:54:23,240,60,8,300
2023-09-27T10:07:25,240,60,8,300
2023-09-27T10:20:28,240,60,8,300
2023-09-27T10:33:32,240,60,8,300
2023-09-27T10:46:47,240,60,8,300
2023-09-27T10:59:49,240,60,8,300
2023-09-27T11:12:51,240,60,8,300
2023-09-27T11:26:06,240,60,8,300
2023-09-27T11:39:08,240,60,8,300
2023-09-27T11:52:11,240,60,8,300
2023-09-27T12:05:27,240,60,8,300
2023-09-27T12:18:30,240,60,8,300
2023-09-27T12:31:33,240,60,8,300
2023-09-27T12:44:36,240,60,8,300
2023-09-27T12:57:51,240,60,8,300
2023-09-27T13:10:54,240,60,8,300
2023-09-27T13:24:09,240,60,8,300
2023-09-27T13:37:12,240,60,8,300
2023-09-27T13:50:15,241,59,8,300
2023-09-27T14:03:28,241,59,8,300
2023-09-27T14:16:32,241,59,8,300
2023-09-27T14:29:34,241,59,8,300
2023-09-27T14:42:50,241,59,8,300
2023-09-27T14:55:53,241,59,8,300
2023-09-27T15:08:55,241,59,8,300
2023-09-27T15:22:09,241,59,8,300
2023-09-27T15:35:11,241,59,8,300
2023-09-27T15:48:15,241,59,8,300
2023-09-27T16:01:29,241,59,8,300
2023-09-27T16:14:31,242,58,8,300
2023-09-27T16:27:34,242,58,8,300
2023-09-27T16:40:49,242,58,8,300
2023-09-27T16:53:53,242,58,8,300
2023-09-27T17:06:58,242,58,8,300
2023-09-27T17:20:01,242,58,8,300
2023-09-27T17:33:17,242,58,8,300
2023-09-27T17:46:19,242,58,8,300
2023-09-27T17:59:22,242,58,8,300
2023-09-27T18:12:35,242,58,8,300
2023-09-27T18:25:38,242,58,8,300
2023-09-27T18:38:41,242,58,8,300
2023-09-27T18:51:54,242,58,8,300
2023-09-27T19:04:56,242,58,8,300
2023-09-27T19:18:00,242,58,8,300
2023-09-27T19:31:17,242,58,8,300
2023-09-27T19:44:20,242,58,8,300
2023-09-27T19:57:22,242,58,8,300
2023-09-27T20:10:25,242,58,8,300
2023-09-27T20:23:39,242,58,8,300
2023-09-27T20:36:40,242,58,8,300
2023-09-27T20:49:43,242,58,8,300
2023-09-27T21:02:57,242,58,8,300
2023-09-27T21:16:00,242,58,8,300
2023-09-27T21:29:15,242,58,8,300
2023-09-27T21:42:17,242,58,8,300
2023-09-27T21:55:20,242,58,8,300
2023-09-27T22:08:34,242,58,8,300
2023-09-27T22:21:37,242,58,8,300
2023-09-27T22:34:41,242,58,8,300
2023-09-27T22:47:56,242,58,8,300
2023-09-27T23:00:57,242,58,8,300
2023-09-27T23:14:02,242,58,8,300
2023-09-27T23:27:17,242,58,8,300
2023-09-27T23:40:24,242,58,8,300
2023-09-27T23:53:28,242,58,8,300
2023-09-28T00:08:00,242,58,8,300
2023-09-28T00:21:12,242,58,8,300
2023-09-28T00:34:19,242,58,8,300
2023-09-28T00:47:38,242,58,8,300
2023-09-28T01:00:44,242,58,8,300
2023-09-28T01:13:50,242,58,8,300
2023-09-28T01:26:56,242,58,8,300
2023-09-28T01:40:01,242,58,8,300
2023-09-28T01:53:10,242,58,8,300
2023-09-28T02:06:17,242,58,8,300
2023-09-28T02:19:33,242,58,8,300
2023-09-28T02:32:41,242,58,8,300
2023-09-28T02:45:45,242,58,8,300
2023-09-28T02:58:49,242,58,8,300
2023-09-28T03:11:53,242,58,8,300
2023-09-28T03:25:02,242,58,8,300
2023-09-28T03:38:08,242,58,8,300
2023-09-28T03:51:13,242,58,8,300
2023-09-28T04:04:21,242,58,8,300
2023-09-28T04:16:57,242,58,8,300
2023-09-28T04:31:41,242,58,8,300
2023-09-28T04:44:50,242,58,8,300
2023-09-28T04:57:58,242,58,8,300
2023-09-28T05:11:06,242,58,8,300
2023-09-28T05:24:12,242,58,8,300
2023-09-28T05:37:18,242,58,8,300
2023-09-28T05:50:25,242,58,8,300
2023-09-28T06:03:30,242,58,8,300
2023-09-28T06:16:36,242,58,8,300
2023-09-28T06:29:42,242,58,8,300
2023-09-28T06:42:47,242,58,8,300
2023-09-28T06:55:54,242,58,8,300
2023-09-28T07:09:00,242,58,8,300
2023-09-28T07:22:12,242,58,8,300
2023-09-28T07:35:17,243,57,8,300
2023-09-28T07:48:21,243,57,8,300
2023-09-28T08:01:28,243,57,8,300
2023-09-28T08:14:50,243,57,8,300
2023-09-28T08:27:54,244,56,8,300
2023-09-28T08:41:08,244,56,8,300
2023-09-28T08:54:12,245,55,8,300
2023-09-28T09:07:18,245,55,8,300
2023-09-28T09:20:32,245,55,8,300
2023-09-28T09:33:53,245,55,8,300
2023-09-28T09:47:00,245,55,9,300
2023-09-28T10:00:14,246,54,9,300
2023-09-28T10:13:34,246,54,9,300
2023-09-28T10:26:36,246,54,9,300
2023-09-28T10:39:51,246,54,9,300
2023-09-28T10:53:03,246,54,9,300
2023-09-28T11:06:06,246,54,9,300
2023-09-28T11:19:19,246,54,9,300
2023-09-28T11:32:33,246,54,9,300
2023-09-28T11:45:36,246,54,9,300
2023-09-28T11:58:48,247,53,9,300
2023-09-28T12:12:08,246,54,9,300
2023-09-28T12:25:10,246,54,9,300
2023-09-28T12:38:23,246,54,9,300
2023-09-28T12:51:46,246,54,9,300
2023-09-28T13:04:49,246,54,9,300
2023-09-28T13:18:02,246,54,9,300
2023-09-28T13:31:05,246,54,9,300
2023-09-28T13:44:26,246,54,9,300
2023-09-28T13:57:28,246,54,9,300
2023-09-28T14:10:43,246,54,9,300
2023-09-28T14:24:03,246,54,9,300
2023-09-28T14:37:05,247,53,9,300
2023-09-28T14:50:19,247,53,9,300
2023-09-28T15:03:22,247,53,9,300
2023-09-28T15:16:35,247,53,9,300
2023-09-28T15:29:58,247,53,9,300
2023-09-28T15:43:01,247,53,9,300
2023-09-28T15:56:03,247,53,9,300
2023-09-28T16:09:17,247,53,9,300
2023-09-28T16:22:19,249,51,8,300
2023-09-28T16:35:42,249,51,8,300
2023-09-28T16:48:45,249,51,8,300
2023-09-28T17:02:02,249,51,8,300
2023-09-28T17:15:06,249,51,8,300
2023-09-28T17:28:28,249,51,8,300
2023-09-28T17:41:30,249,51,8,300
2023-09-28T17:54:32,249,51,8,300
2023-09-28T18:07:58,249,51,8,300
2023-09-28T18:20:59,249,51,8,300
2023-09-28T18:34:02,249,51,8,300
2023-09-28T18:47:03,249,51,8,300
2023-09-28T19:00:17,249,51,8,300
2023-09-28T19:13:19,249,51,8,300
2023-09-28T19:26:20,249,51,8,300
2023-09-28T19:39:22,249,51,8,300
2023-09-28T19:52:34,249,51,8,300
2023-09-28T20:05:36,249,51,8,300
2023-09-28T20:18:38,249,51,8,300
2023-09-28T20:31:40,249,51,8,300
2023-09-28T20:44:51,249,51,8,300
2023-09-28T20:57:53,249,51,8,300
2023-09-28T21:10:55,249,51,8,300
2023-09-28T21:23:56,249,51,8,300
2023-09-28T21:37:09,249,51,8,300
2023-09-28T21:50:11,249,51,8,300
2023-09-28T22:03:14,249,51,8,300
2023-09-28T22:16:15,250,50,8,300
2023-09-28T22:29:28,250,50,8,300
2023-09-28T22:42:30,251,49,7,300
2023-09-28T22:55:32,251,49,7,300
2023-09-28T23:08:35,251,49,7,300
2023-09-28T23:21:47,250,50,7,300
2023-09-28T23:34:50,250,50,7,300
2023-09-28T23:47:53,251,49,7,300
2023-09-29T00:00:55,251,49,7,300
2023-09-29T00:14:05,251,49,7,300
2023-09-29T00:27:11,251,49,7,300
2023-09-29T00:40:26,251,49,7,300
2023-09-29T00:53:34,251,49,7,300
2023-09-29T01:06:40,251,49,7,300
2023-09-29T01:19:47,251,49,7,300
2023-09-29T01:33:43,251,49,7,300
2023-09-29T01:46:51,251,49,7,300
2023-09-29T01:59:59,251,49,7,300
2023-09-29T02:13:05,251,49,7,300
2023-09-29T02:26:10,251,49,7,300
2023-09-29T02:39:14,251,49,7,300
2023-09-29T02:52:18,251,49,7,300
2023-09-29T03:05:47,251,49,7,300
2023-09-29T03:18:54,251,49,7,300
2023-09-29T03:32:02,251,49,7,300
2023-09-29T03:45:10,251,49,7,300
2023-09-29T03:58:16,251,49,7,300
2023-09-29T04:11:24,251,49,7,300
2023-09-29T04:31:02,251,49,7,300
2023-09-29T04:44:33,251,49,7,300
2023-09-29T04:57:40,251,49,7,300
2023-09-29T05:10:50,251,49,7,300
2023-09-29T05:23:56,251,49,7,300
2023-09-29T05:37:02,251,49,7,300
2023-09-29T05:50:11,251,49,7,300
2023-09-29T06:03:17,251,49,7,300
2023-09-29T06:16:22,251,49,7,300
2023-09-29T06:29:26,251,49,7,300
2023-09-29T06:42:31,251,49,7,300
2023-09-29T06:55:37,251,49,7,300
2023-09-29T07:08:42,251,49,7,300
2023-09-29T07:21:46,251,49,7,300
2023-09-29T07:34:50,251,49,7,300
2023-09-29T07:48:09,251,49,7,300
2023-09-29T08:01:13,251,49,7,300
2023-09-29T08:14:16,251,49,7,300
2023-09-29T08:27:18,251,49,7,300
2023-09-29T08:40:20,251,49,7,300
2023-09-29T08:53:31,251,49,7,300
2023-09-29T09:06:33,251,49,7,300
2023-09-29T09:19:36,251,49,7,300
2023-09-29T09:32:47,251,49,7,300
2023-09-29T09:45:49,251,49,7,300
2023-09-29T09:59:00,251,49,7,300
2023-09-29T10:12:02,251,49,7,300
2023-09-29T10:25:05,251,49,7,300
2023-09-29T10:38:16,251,49,7,300
2023-09-29T10:51:18,251,49,7,300
2023-09-29T11:04:29,251,49,7,300
2023-09-29T11:17:32,251,49,7,300
2023-09-29T11:30:53,251,49,7,300
2023-09-29T11:43:55,251,49,7,300
2023-09-29T11:57:06,250,50,7,300
2023-09-29T12:10:08,250,50,7,300
2023-09-29T12:23:28,250,50,7,300
2023-09-29T12:36:30,250,50,7,300
2023-09-29T12:49:44,250,50,7,300
2023-09-29T13:02:46,250,50,7,300
2023-09-29T13:16:06,250,50,7,300
2023-09-29T13:29:07,250,50,7,300
2023-09-29T13:42:10,249,51,7,300
2023-09-29T13:55:23,249,51,7,300
2023-09-29T14:08:24,249,51,7,300
2023-09-29T14:21:43,249,51,7,300
2023-09-29T14:34:46,249,51,7,300
2023-09-29T14:47:48,249,51,7,300
2023-09-29T15:01:00,249,51,7,300
2023-09-29T15:14:02,249,51,7,300
2023-09-29T15:27:23,249,51,7,300
2023-09-29T15:40:25,249,51,7,300
2023-09-29T15:53:27,249,51,7,300
2023-09-29T16:06:39,249,51,7,300
2023-09-29T16:19:42,249,51,7,300
2023-09-29T16:32:45,249,51,7,300
2023-09-29T16:46:05,249,51,7,300
2023-09-29T16:59:08,249,51,7,300
2023-09-29T17:12:12,249,51,7,300
2023-09-29T17:25:15,249,51,7,300
2023-09-29T17:38:27,249,51,7,300
2023-09-29T17:51:30,249,51,7,300
2023-09-29T18:04:32,249,51,7,300
2023-09-29T18:17:54,249,51,7,300
2023-09-29T18:30:56,249,51,7,300
2023-09-29T18:44:07,249,51,7,300
2023-09-29T18:58:11,250,50,6,300
2023-09-29T19:11:14,250,50,6,300
2023-09-29T19:24:16,250,50,6,300
2023-09-29T19:37:19,250,50,6,300
2023-09-29T19:50:31,250,50,6,300
2023-09-29T20:03:34,250,50,6,300
2023-09-29T20:16:37,250,50,6,300
2023-09-29T20:29:39,250,50,6,300
2023-09-29T20:43:00,250,50,6,300
2023-09-29T20:56:03,250,50,6,300
2023-09-29T21:09:05,250,50,6,300
2023-09-29T21:22:08,250,50,6,300
2023-09-29T21:35:10,250,50,6,300
2023-09-29T21:48:23,250,50,6,300
2023-09-29T22:01:26,250,50,6,300
2023-09-29T22:14:30,250,50,6,300
2023-09-29T22:27:32,250,50,6,300
2023-09-29T22:40:52,251,49,5,300
2023-09-29T22:53:54,251,49,5,300
2023-09-29T23:06:58,251,49,5,300
2023-09-29T23:20:01,251,49,5,300
2023-09-29T23:33:04,251,49,5,300
2023-09-29T23:46:17,251,49,5,300
2023-09-29T23:59:21,251,49,5,300
2023-09-30T00:12:27,251,49,5,300
2023-09-30T00:25:36,251,49,5,300
2023-09-30T00:38:44,251,49,5,300
2023-09-30T00:51:53,251,49,5,300
2023-09-30T01:05:01,251,49,5,300
2023-09-30T01:18:09,251,49,5,300
2023-09-30T01:31:37,251,49,5,300
2023-09-30T01:44:45,251,49,5,300
2023-09-30T01:57:56,251,49,5,300
2023-09-30T02:11:03,251,49,5,300
2023-09-30T02:24:07,251,49,5,300
2023-09-30T02:37:12,251,49,5,300
2023-09-30T02:50:15,251,49,5,300
2023-09-30T03:03:19,251,49,5,300
2023-09-30T03:16:28,251,49,5,300
2023-09-30T03:30:39,251,49,5,300
2023-09-30T03:43:48,251,49,5,300
2023-09-30T03:56:57,251,49,5,300
2023-09-30T04:10:07,251,49,5,300
2023-09-30T04:21:18,251,49,5,300
2023-09-30T04:36:12,251,49,5,300
2023-09-30T04:49:23,251,49,5,300
2023-09-30T05:02:31,251,49,5,300
2023-09-30T05:15:39,251,49,5,300
2023-09-30T05:28:46,251,49,5,300
2023-09-30T05:41:54,251,49,5,300
2023-09-30T05:55:02,251,49,5,300
2023-09-30T06:08:09,251,49,5,300
2023-09-30T06:21:17,251,49,5,300
2023-09-30T06:34:23,251,49,5,300
2023-09-30T06:47:30,251,49,5,300
2023-09-30T07:00:37,251,49,5,300
2023-09-30T07:13:44,251,49,5,300
2023-09-30T07:26:51,251,49,5,300
2023-09-30T07:39:57,251,49,5,300
2023-09-30T07:53:03,251,49,5,300
2023-09-30T08:06:10,251,49,5,300
2023-09-30T08:19:19,251,49,5,300
2023-09-30T08:32:33,251,49,5,300
2023-09-30T08:45:39,251,49,5,300
2023-09-30T08:58:44,251,49,5,300
2023-09-30T09:11:48,251,49,5,300
2023-09-30T09:24:52,251,49,5,300
2023-09-30T09:37:57,251,49,5,300
2023-09-30T09:51:00,251,49,5,300
2023-09-30T10:04:04,251,49,5,300
2023-09-30T10:17:08,251,49,5,300
2023-09-30T10:30:12,251,49,5,300
2023-09-30T10:43:27,251,49,5,300
2023-09-30T10:56:29,251,49,5,300
2023-09-30T11:09:31,251,49,5,300
2023-09-30T11:22:33,251,49,5,300
2023-09-30T11:35:35,251,49,5,300
2023-09-30T11:48:37,251,49,5,300
2023-09-30T12:01:40,251,49,5,300
2023-09-30T12:14:43,251,49,5,300
2023-09-30T12:27:56,251,49,5,300
2023-09-30T12:40:58,251,49,5,300
2023-09-30T12:54:00,251,49,5,300
2023-09-30T13:07:02,251,49,5,300
2023-09-30T13:20:05,251,49,5,300
2023-09-30T13:33:10,251,49,5,300
2023-09-30T13:46:22,251,49,5,300
2023-09-30T13:59:24,251,49,5,300
2023-09-30T14:12:26,251,49,5,300
2023-09-30T14:25:28,251,49,5,300
2023-09-30T14:38:31,251,49,5,300
2023-09-30T14:51:34,251,49,5,300
2023-09-30T15:04:36,251,49,5,300
2023-09-30T15:17:39,251,49,5,300
2023-09-30T15:30:41,251,49,5,300
2023-09-30T15:43:55,251,49,5,300
2023-09-30T15:56:57,251,49,5,300
2023-09-30T16:10:00,251,49,5,300
2023-09-30T16:23:02,251,49,5,300
2023-09-30T16:36:05,251,49,5,300
2023-09-30T16:49:07,251,49,5,300
2023-09-30T17:02:09,251,49,5,300
2023-09-30T17:15:22,251,49,5,300
2023-09-30T17:28:25,251,49,5,300
2023-09-30T17:41:27,251,49,5,300
2023-09-30T17:54:30,251,49,5,300
2023-09-30T18:07:32,251,49,5,300
2023-09-30T18:20:35,251,49,5,300
2023-09-30T18:33:37,251,49,5,300
2023-09-30T18:46:49,251,49,5,300
2023-09-30T18:59:51,251,49,5,300
2023-09-30T19:12:54,251,49,5,300
2023-09-30T19:25:56,251,49,5,300
2023-09-30T19:38:59,251,49,5,300
2023-09-30T19:52:02,251,49,5,300
2023-09-30T20:05:04,251,49,5,300
2023-09-30T20:18:07,251,49,5,300
2023-09-30T20:31:09,251,49,5,300
2023-09-30T20:44:13,251,49,5,300
2023-09-30T20:57:25,251,49,5,300
2023-09-30T21:10:28,251,49,5,300
2023-09-30T21:23:30,251,49,5,300
2023-09-30T21:36:33,251,49,5,300
2023-09-30T21:49:36,251,49,5,300
2023-09-30T22:02:38,251,49,5,300
2023-09-30T22:15:41,251,49,5,300
2023-09-30T22:28:44,251,49,5,300
2023-09-30T22:41:46,251,49,5,300
2023-09-30T22:54:59,251,49,5,300
2023-09-30T23:08:03,251,49,5,300
2023-09-30T23:21:07,251,49,5,300
2023-09-30T23:34:11,251,49,5,300
2023-09-30T23:47:14,251,49,5,300
2023-10-01T00:00:17,251,49,5,300
2023-10-01T00:13:25,251,49,5,300
2023-10-01T00:26:35,251,49,5,300
2023-10-01T00:39:42,251,49,5,300
2023-10-01T00:52:50,251,49,5,300
2023-10-01T01:05:57,251,49,5,300
2023-10-01T01:19:02,251,49,5,300
2023-10-01T01:32:10,251,49,5,300
2023-10-01T01:45:26,251,49,5,300
2023-10-01T01:58:36,251,49,5,300
2023-10-01T02:11:44,251,49,5,300
2023-10-01T02:24:51,251,49,5,300
2023-10-01T02:37:58,251,49,5,300
2023-10-01T02:51:04,251,49,5,300
2023-10-01T03:04:10,251,49,5,300
2023-10-01T03:17:16,251,49,5,300
2023-10-01T03:30:23,251,49,5,300
2023-10-01T03:43:29,251,49,5,300
2023-10-01T03:56:36,251,49,5,300
2023-10-01T04:11:38,251,49,5,300
2023-10-01T04:29:20,251,49,5,300
2023-10-01T04:42:53,251,49,5,300
2023-10-01T04:56:03,251,49,5,300
2023-10-01T05:09:11,251,49,5,300
2023-10-01T05:22:17,251,49,5,300
2023-10-01T05:35:24,251,49,5,300
2023-10-01T05:48:33,251,49,5,300
2023-10-01T06:01:40,251,49,5,300
2023-10-01T06:14:47,251,49,5,300
2023-10-01T06:27:55,251,49,5,300
2023-10-01T06:41:00,251,49,5,300
2023-10-01T06:54:05,251,49,5,300
2023-10-01T07:07:09,251,49,5,300
2023-10-01T07:20:12,251,49,5,300
2023-10-01T07:33:15,251,49,5,300
2023-10-01T07:46:18,251,49,5,300
2023-10-01T07:59:21,251,49,5,300
2023-10-01T08:12:23,251,49,5,300
2023-10-01T08:25:27,251,49,5,300
2023-10-01T08:38:30,251,49,5,300
2023-10-01T08:51:33,251,49,5,300
2023-10-01T09:04:35,251,49,5,300
2023-10-01T09:17:38,251,49,5,300
2023-10-01T09:30:40,251,49,5,300
2023-10-01T09:43:54,251,49,5,300
2023-10-01T09:56:57,251,49,5,300
2023-10-01T10:09:59,251,49,5,300
2023-10-01T10:23:02,251,49,5,300
2023-10-01T10:36:04,251,49,5,300
2023-10-01T10:49:10,251,49,5,300
2023-10-01T11:02:15,251,49,5,300
2023-10-01T11:15:21,251,49,5,300
2023-10-01T11:28:23,251,49,5,300
2023-10-01T11:41:25,251,49,5,300
2023-10-01T11:54:39,251,49,5,300
2023-10-01T12:07:41,251,49,5,300
2023-10-01T12:20:44,251,49,5,300
2023-10-01T12:33:46,251,49,5,300
2023-10-01T12:46:48,251,49,5,300
2023-10-01T12:59:51,251,49,5,300
2023-10-01T13:12:53,251,49,5,300
2023-10-01T13:26:06,251,49,5,300
2023-10-01T13:39:08,251,49,5,300
2023-10-01T13:52:10,251,49,5,300
2023-10-01T14:05:12,251,49,5,300
2023-10-01T14:18:15,251,49,5,300
2023-10-01T14:31:17,251,49,5,300
2023-10-01T14:44:19,251,49,5,300
2023-10-01T14:57:33,251,49,5,300
2023-10-01T15:10:36,251,49,5,300
2023-10-01T15:23:39,251,49,5,300
2023-10-01T15:36:41,251,49,5,300
2023-10-01T15:49:43,251,49,5,300
2023-10-01T16:02:45,252,48,5,300
2023-10-01T16:15:58,252,48,5,300
2023-10-01T16:29:01,252,48,5,300
2023-10-01T16:42:04,252,48,5,300
2023-10-01T16:55:07,251,49,5,300
2023-10-01T17:08:09,251,49,5,300
2023-10-01T17:21:12,251,49,5,300
2023-10-01T17:34:15,251,49,5,300
2023-10-01T17:47:28,251,49,5,300
2023-10-01T18:00:30,251,49,5,300
2023-10-01T18:13:33,251,49,5,300
2023-10-01T18:26:35,251,49,5,300
2023-10-01T18:39:47,251,49,5,300
2023-10-01T18:48:29,251,49,5,300
2023-10-01T19:01:31,251,49,5,300
2023-10-01T19:14:35,251,49,5,300
2023-10-01T19:27:37,251,49,5,300
2023-10-01T19:40:40,251,49,5,300
2023-10-01T19:53:55,251,49,5,300
2023-10-01T20:06:58,251,49,5,300
2023-10-01T20:20:01,251,49,5,300
2023-10-01T20:33:04,251,49,5,300
2023-10-01T20:46:07,251,49,5,300
2023-10-01T20:59:09,251,49,5,300
2023-10-01T21:12:23,251,49,5,300
2023-10-01T21:25:25,251,49,5,300
2023-10-01T21:38:28,251,49,5,300
2023-10-01T21:51:32,251,49,5,300
2023-10-01T22:04:35,251,49,5,300
2023-10-01T22:17:47,251,49,5,300
2023-10-01T22:30:50,251,49,5,300
2023-10-01T22:43:53,251,49,5,300
2023-10-01T22:56:58,251,49,5,300
2023-10-01T23:10:02,251,49,5,300
2023-10-01T23:23:15,251,49,5,300
2023-10-01T23:36:19,251,49,5,300
2023-10-01T23:49:22,251,49,5,300
2023-10-02T00:02:25,251,49,5,300
2023-10-02T00:15:37,251,49,5,300
2023-10-02T00:29:03,251,49,5,300
2023-10-02T00:42:14,251,49,5,300
2023-10-02T00:55:51,251,49,5,300
2023-10-02T01:08:58,251,49,5,300
2023-10-02T01:22:11,251,49,5,300
2023-10-02T01:35:19,251,49,5,300
2023-10-02T01:48:27,251,49,5,300
2023-10-02T02:01:36,251,49,5,300
2023-10-02T02:14:44,251,49,5,300
2023-10-02T02:27:50,251,49,5,300
2023-10-02T02:41:05,251,49,5,300
2023-10-02T02:54:10,251,49,5,300
2023-10-02T03:07:15,251,49,5,300
2023-10-02T03:20:24,251,49,5,300
2023-10-02T03:33:30,251,49,5,300
2023-10-02T03:46:36,251,49,5,300
2023-10-02T03:59:43,251,49,5,300
2023-10-02T04:19:40,251,49,5,300
2023-10-02T04:34:09,251,49,5,300
2023-10-02T04:47:38,251,49,5,300
2023-10-02T05:00:46,251,49,5,300
2023-10-02T05:14:00,251,49,5,300
2023-10-02T05:27:07,251,49,5,300
2023-10-02T05:40:15,251,49,5,300
2023-10-02T05:53:24,251,49,5,300
2023-10-02T06:06:31,251,49,5,300
2023-10-02T06:19:38,251,49,5,300
2023-10-02T06:32:44,251,49,5,300
2023-10-02T06:45:50,251,49,5,300
2023-10-02T06:58:56,251,49,5,300
2023-10-02T07:12:01,251,49,5,300
2023-10-02T07:25:04,251,49,5,300
2023-10-02T07:38:06,251,49,5,300
2023-10-02T07:51:20,251,49,5,300
2023-10-02T08:04:24,251,49,5,300
2023-10-02T08:17:27,251,49,5,300
2023-10-02T08:30:31,251,49,5,300
2023-10-02T08:43:34,251,49,5,300
2023-10-02T08:56:38,251,49,5,300
2023-10-02T09:09:51,251,49,5,300
2023-10-02T09:22:54,251,49,5,300
2023-10-02T09:35:57,251,49,5,300
2023-10-02T09:49:11,251,49,5,300
2023-10-02T10:02:15,251,49,5,300
2023-10-02T10:15:18,251,49,5,300
2023-10-02T10:28:32,251,49,5,300
2023-10-02T10:41:36,251,49,5,300
2023-10-02T10:54:49,251,49,5,300
2023-10-02T11:07:53,251,49,5,300
2023-10-02T11:21:05,251,49,5,300
2023-10-02T11:34:20,251,49,5,300
2023-10-02T11:47:23,251,49,5,300
2023-10-02T12:00:37,252,48,5,300
2023-10-02T12:13:41,252,48,5,300
2023-10-02T12:26:45,253,47,5,300
2023-10-02T12:39:59,253,47,5,300
2023-10-02T12:53:02,253,47,5,300
2023-10-02T13:06:19,253,47,5,300
2023-10-02T13:19:22,253,47,5,300
2023-10-02T13:32:25,253,47,5,300
2023-10-02T13:45:40,253,47,5,300
2023-10-02T13:58:42,253,47,5,300
2023-10-02T14:11:47,253,47,5,300
2023-10-02T14:25:08,253,47,5,300
2023-10-02T14:38:11,253,47,5,300
2023-10-02T14:51:27,253,47,5,300
2023-10-02T15:04:29,253,47,5,300
2023-10-02T15:17:33,253,47,5,300
2023-10-02T15:30:47,253,47,5,300
2023-10-02T15:43:51,253,47,5,300
2023-10-02T15:57:06,253,47,5,300
2023-10-02T16:10:10,253,47,5,300
2023-10-02T16:23:13,254,46,5,300
2023-10-02T16:36:28,254,46,5,300
2023-10-02T16:49:31,254,46,5,300
2023-10-02T17:02:46,254,46,5,300
2023-10-02T17:16:02,254,46,5,300
2023-10-02T17:29:05,254,46,5,300
2023-10-02T17:42:08,254,46,5,300
2023-10-02T17:55:11,254,46,5,300
2023-10-02T18:08:25,254,46,5,300
2023-10-02T18:21:27,254,46,5,300
2023-10-02T18:34:31,254,46,5,300
2023-10-02T18:47:45,254,46,5,300
2023-10-02T19:00:47,254,46,5,300
2023-10-02T19:13:50,254,46,5,300
2023-10-02T19:26:53,254,46,5,300
2023-10-02T19:40:07,254,46,5,300
2023-10-02T19:53:09,255,45,4,300
2023-10-02T20:06:13,255,45,4,300
2023-10-02T20:19:16,255,45,4,300
2023-10-02T20:32:29,255,45,4,300
2023-10-02T20:45:32,255,45,4,300
2023-10-02T20:58:35,255,45,4,300
2023-10-02T21:11:38,255,45,4,300
2023-10-02T21:24:41,255,45,4,300
2023-10-02T21:37:54,255,45,4,300
2023-10-02T21:50:57,255,45,4,300
2023-10-02T22:04:00,255,45,4,300
2023-10-02T22:17:02,255,45,4,300
2023-10-02T22:30:16,255,45,4,300
2023-10-02T22:43:19,255,45,4,300
2023-10-02T22:56:22,255,45,4,300
2023-10-02T23:09:26,255,45,4,300
2023-10-02T23:22:29,255,45,4,300
2023-10-02T23:35:44,255,45,4,300
2023-10-02T23:48:47,255,45,4,300
2023-10-03T00:01:50,255,45,4,300
2023-10-03T00:14:57,255,45,4,300
2023-10-03T00:28:05,255,45,4,300
2023-10-03T00:41:13,255,45,4,300
2023-10-03T00:54:21,255,45,4,300
2023-10-03T01:07:42,255,45,4,300
2023-10-03T01:20:49,255,45,4,300
2023-10-03T01:34:05,255,45,4,300
2023-10-03T01:47:19,255,45,4,300
2023-10-03T02:00:29,255,45,4,300
2023-10-03T02:13:36,255,45,4,300
2023-10-03T02:26:41,255,45,4,300
2023-10-03T02:39:45,255,45,4,300
2023-10-03T02:52:49,255,45,4,300
2023-10-03T03:05:53,255,45,4,300
2023-10-03T03:18:59,255,45,4,300
2023-10-03T03:32:05,255,45,4,300
2023-10-03T03:45:11,255,45,4,300
2023-10-03T03:58:17,255,45,4,300
2023-10-03T04:19:52,255,45,4,300
2023-10-03T04:33:03,255,45,4,300
2023-10-03T04:47:46,255,45,4,300
2023-10-03T05:00:55,255,45,4,300
2023-10-03T05:14:03,255,45,4,300
2023-10-03T05:27:11,255,45,4,300
2023-10-03T05:40:19,255,45,4,300
2023-10-03T05:53:26,255,45,4,300
2023-10-03T06:06:35,255,45,4,300
2023-10-03T06:19:41,255,45,4,300
2023-10-03T06:32:47,255,45,4,300
2023-10-03T06:45:53,255,45,4,300
2023-10-03T06:58:59,255,45,4,300
2023-10-03T07:12:08,255,45,4,300
2023-10-03T07:25:13,255,45,4,300
2023-10-03T07:38:16,255,45,4,300
2023-10-03T07:51:21,255,45,4,300
2023-10-03T08:04:28,255,45,4,300
2023-10-03T08:17:57,255,45,4,300
2023-10-03T08:31:09,255,45,4,300
2023-10-03T08:44:17,255,45,4,300
2023-10-03T08:57:25,255,45,4,300
2023-10-03T09:10:32,255,45,4,300
2023-10-03T09:23:49,255,45,4,300
2023-10-03T09:36:54,255,45,4,300
2023-10-03T09:49:59,255,45,4,300
2023-10-03T10:03:13,255,45,4,300
2023-10-03T10:16:21,255,45,4,300
2023-10-03T10:29:31,255,45,4,300
2023-10-03T10:42:41,255,45,4,300
2023-10-03T10:56:00,255,45,4,300
2023-10-03T11:09:10,255,45,4,300
2023-10-03T11:22:15,255,45,4,300
2023-10-03T11:35:30,255,45,4,300
2023-10-03T11:48:34,255,45,4,300
2023-10-03T12:01:37,255,45,4,300
2023-10-03T12:14:52,255,45,4,300
2023-10-03T12:27:54,255,45,4,300
2023-10-03T12:40:57,255,45,4,300
2023-10-03T12:54:10,255,45,4,300
2023-10-03T13:07:13,255,45,4,300
2023-10-03T13:20:17,255,45,4,300
2023-10-03T13:33:31,254,46,4,300
2023-10-03T13:46:35,254,46,4,300
2023-10-03T13:59:38,254,46,4,300
2023-10-03T14:12:55,254,46,4,300
2023-10-03T14:26:00,254,46,4,300
2023-10-03T14:39:24,254,46,4,300
2023-10-03T14:52:41,254,46,4,300
2023-10-03T15:05:57,254,46,4,300
2023-10-03T15:19:22,254,46,4,300
2023-10-03T15:32:26,254,46,4,300
2023-10-03T15:45:29,254,46,4,300
2023-10-03T15:58:43,254,46,4,300
2023-10-03T16:11:47,254,46,4,300
2023-10-03T16:24:50,254,46,4,300
2023-10-03T16:38:13,254,46,4,300
2023-10-03T16:51:15,254,46,4,300
2023-10-03T17:04:18,254,46,4,300
2023-10-03T17:17:34,254,46,4,300
2023-10-03T17:30:36,254,46,4,300
2023-10-03T17:43:40,254,46,4,300
2023-10-03T17:56:54,254,46,4,300
2023-10-03T18:09:58,254,46,4,300
2023-10-03T18:23:01,254,46,4,300
2023-10-03T18:36:05,254,46,4,300
2023-10-03T18:49:31,254,46,4,300
2023-10-03T19:02:35,254,46,4,300
2023-10-03T19:15:40,254,46,4,300
2023-10-03T19:28:43,254,46,4,300
2023-10-03T19:41:58,254,46,4,300
2023-10-03T19:55:00,254,46,4,300
2023-10-03T20:08:03,254,46,4,300
2023-10-03T20:21:06,254,46,4,300
2023-10-03T20:34:19,254,46,4,300
2023-10-03T20:47:23,254,46,4,300
2023-10-03T21:00:26,254,46,4,300
2023-10-03T21:13:29,254,46,4,300
2023-10-03T21:26:43,254,46,4,300
2023-10-03T21:39:45,254,46,4,300
2023-10-03T21:52:48,254,46,4,300
2023-10-03T22:05:51,254,46,4,300
2023-10-03T22:18:55,254,46,4,300
2023-10-03T22:32:01,255,45,3,300
2023-10-03T22:45:16,255,45,3,300
2023-10-03T22:58:18,255,45,3,300
2023-10-03T23:11:22,255,45,3,300
2023-10-03T23:24:26,255,45,3,300
2023-10-03T23:37:30,255,45,3,300
2023-10-03T23:50:45,255,45,3,300
2023-10-04T00:03:48,255,45,3,300
2023-10-04T00:16:55,255,45,3,300
2023-10-04T00:30:01,255,45,3,300
2023-10-04T00:43:09,255,45,3,300
2023-10-04T00:56:17,255,45,3,300
2023-10-04T01:09:25,255,45,3,300
2023-10-04T01:22:33,255,45,3,300
2023-10-04T01:35:50,255,45,3,300
2023-10-04T01:48:55,255,45,3,300
2023-10-04T02:02:03,255,45,3,300
2023-10-04T02:15:09,255,45,3,300
2023-10-04T02:28:14,255,45,3,300
2023-10-04T02:41:19,254,46,3,300
2023-10-04T02:54:27,254,46,3,300
2023-10-04T03:07:35,254,46,3,300
2023-10-04T03:20:43,254,46,3,300
2023-10-04T03:33:49,254,46,3,300
2023-10-04T03:46:55,254,46,3,300
2023-10-04T04:00:03,254,46,3,300
2023-10-04T04:24:57,254,46,3,300
2023-10-04T04:38:31,254,46,3,300
2023-10-04T04:51:42,254,46,3,300
2023-10-04T05:04:51,254,46,3,300
2023-10-04T05:18:00,254,46,3,300
2023-10-04T05:31:08,254,46,3,300
2023-10-04T05:44:16,254,46,3,300
2023-10-04T05:57:23,254,46,3,300
2023-10-04T06:10:28,254,46,3,300
2023-10-04T06:23:34,254,46,3,300
2023-10-04T06:36:41,254,46,3,300
2023-10-04T06:49:49,254,46,3,300
2023-10-04T07:02:57,254,46,3,300
2023-10-04T07:16:05,254,46,3,300
2023-10-04T07:29:09,254,46,3,300
2023-10-04T07:42:14,254,46,3,300
2023-10-04T07:55:19,254,46,3,300
2023-10-04T08:08:35,254,46,3,300
2023-10-04T08:21:40,254,46,3,300
2023-10-04T08:34:46,254,46,3,300
2023-10-04T08:47:52,255,45,3,300
2023-10-04T09:00:57,255,45,3,300
2023-10-04T09:14:00,255,45,3,300
2023-10-04T09:27:14,255,45,3,300
2023-10-04T09:43:02,255,45,3,300
2023-10-04T09:55:58,255,45,3,300
2023-10-04T10:08:55,255,45,3,300
2023-10-04T10:22:03,255,45,3,300
2023-10-04T10:34:58,255,45,3,300
2023-10-04T10:47:55,255,45,3,300
2023-10-04T11:00:52,255,45,3,300
2023-10-04T11:13:58,255,45,3,300
2023-10-04T11:26:55,255,45,3,300
2023-10-04T11:39:51,255,45,3,300
2023-10-04T11:52:57,255,45,3,300
2023-10-04T12:05:54,255,45,3,300
2023-10-04T12:18:50,255,45,3,300
2023-10-04T12:31:45,255,45,3,300
2023-10-04T12:44:52,255,45,3,300
2023-10-04T12:57:47,255,45,3,300
2023-10-04T13:10:43,255,45,3,300
2023-10-04T13:23:49,255,45,3,300
2023-10-04T13:36:46,255,45,3,300
2023-10-04T13:49:42,255,45,3,300
2023-10-04T14:02:38,255,45,3,300
2023-10-04T14:15:44,255,45,3,300
2023-10-04T14:28:38,255,45,3,300
2023-10-04T14:41:35,255,45,3,300
2023-10-04T14:54:42,255,45,3,300
2023-10-04T15:07:40,255,45,3,300
2023-10-04T15:20:36,255,45,3,300
2023-10-04T15:33:34,255,45,3,300
2023-10-04T15:46:43,255,45,3,300
2023-10-04T15:59:40,255,45,3,300
2023-10-04T16:12:38,255,45,3,300
2023-10-04T16:25:50,255,45,3,300
2023-10-04T16:38:46,255,45,3,300
2023-10-04T16:51:42,255,45,3,300
2023-10-04T17:04:40,255,45,3,300
2023-10-04T17:17:47,255,45,3,300
2023-10-04T17:30:44,255,45,3,300
2023-10-04T17:43:40,255,45,3,300
2023-10-04T17:56:36,255,45,3,300
2023-10-04T18:09:46,255,45,3,300
2023-10-04T18:22:42,255,45,3,300
2023-10-04T18:35:39,255,45,3,300
2023-10-04T18:48:35,255,45,3,300
2023-10-04T19:01:31,255,45,3,300
2023-10-04T19:14:38,255,45,3,300
2023-10-04T19:27:34,255,45,3,300
2023-10-04T19:40:30,255,45,3,300
2023-10-04T19:53:25,255,45,3,300
2023-10-04T20:06:32,255,45,3,300
2023-10-04T20:19:27,255,45,3,300
2023-10-04T20:32:24,255,45,3,300
2023-10-04T20:45:20,255,45,3,300
2023-10-04T20:58:21,255,45,3,300
2023-10-04T21:11:16,255,45,3,300
2023-10-04T21:24:24,255,45,3,300
2023-10-04T21:37:20,255,45,3,300
2023-10-04T21:50:16,255,45,3,300
2023-10-04T22:03:12,256,44,3,300
2023-10-04T22:16:19,256,44,3,300
2023-10-04T22:29:15,256,44,3,300
2023-10-04T22:42:11,256,44,3,300
2023-10-04T22:55:08,256,44,3,300
2023-10-04T23:08:05,256,44,3,300
2023-10-04T23:21:02,256,44,3,300
2023-10-04T23:34:10,256,44,3,300
2023-10-04T23:47:07,256,44,3,300
2023-10-05T00:00:03,256,44,3,300
2023-10-05T00:13:04,256,44,3,300
2023-10-05T00:26:08,256,44,3,300
2023-10-05T00:39:09,256,44,3,300
2023-10-05T00:52:10,256,44,3,300
2023-10-05T01:05:12,256,44,3,300
2023-10-05T01:18:24,256,44,3,300
2023-10-05T01:31:24,256,44,3,300
2023-10-05T01:44:24,256,44,3,300
2023-10-05T01:57:29,256,44,3,300
2023-10-05T02:10:32,256,44,3,300
2023-10-05T02:23:30,256,44,3,300
2023-10-05T02:36:28,256,44,3,300
2023-10-05T02:49:25,256,44,3,300
2023-10-05T03:02:21,256,44,3,300
2023-10-05T03:15:21,256,44,3,300
2023-10-05T03:28:21,256,44,3,300
2023-10-05T03:41:23,256,44,3,300
2023-10-05T03:54:25,256,44,3,300
2023-10-05T04:07:28,256,44,3,300
2023-10-05T04:20:11,256,44,3,300
2023-10-05T04:33:14,256,44,3,300
2023-10-05T04:47:51,256,44,3,300
2023-10-05T05:00:57,256,44,3,300
2023-10-05T05:14:03,256,44,3,300
2023-10-05T05:27:04,256,44,3,300
2023-10-05T05:40:05,256,44,3,300
2023-10-05T05:53:15,256,44,3,300
2023-10-05T06:06:53,256,44,3,300
2023-10-05T06:20:02,256,44,3,300
2023-10-05T06:33:10,256,44,3,300
2023-10-05T06:46:18,256,44,3,300
2023-10-05T06:59:25,256,44,3,300
2023-10-05T07:12:38,256,44,3,300
2023-10-05T07:25:46,256,44,3,300
2023-10-05T07:38:53,256,44,3,300
2023-10-05T07:51:59,256,44,3,300
2023-10-05T08:05:06,256,44,3,300
2023-10-05T08:18:21,256,44,3,300
2023-10-05T08:31:29,256,44,3,300
2023-10-05T08:44:36,256,44,3,300
2023-10-05T08:57:41,256,44,3,300
2023-10-05T09:10:46,256,44,3,300
2023-10-05T09:23:50,256,44,3,300
2023-10-05T09:36:55,256,44,3,300
2023-10-05T09:50:09,256,44,3,300
2023-10-05T10:03:13,256,44,2,300
2023-10-05T10:16:19,256,44,2,300
2023-10-05T10:29:25,256,44,2,300
2023-10-05T10:42:40,256,44,2,300
2023-10-05T10:55:46,256,44,2,300
2023-10-05T11:08:51,256,44,2,300
2023-10-05T11:21:56,256,44,2,300
2023-10-05T11:35:01,256,44,2,300
2023-10-05T11:48:15,256,44,2,300
2023-10-05T12:01:19,256,44,2,300
2023-10-05T12:14:25,256,44,2,300
2023-10-05T12:27:30,256,44,2,300
2023-10-05T12:40:44,256,44,2,300
2023-10-05T12:53:49,256,44,2,300
2023-10-05T13:06:53,256,44,2,300
2023-10-05T13:20:09,256,44,2,300
2023-10-05T13:33:14,256,44,2,300
2023-10-05T13:46:19,256,44,2,300
2023-10-05T13:59:35,256,44,2,300
2023-10-05T14:12:41,256,44,2,300
2023-10-05T14:25:46,256,44,2,300
2023-10-05T14:39:01,256,44,2,300
2023-10-05T14:52:07,256,44,2,300
2023-10-05T15:05:11,256,44,2,300
2023-10-05T15:18:16,256,44,2,300
2023-10-05T15:31:31,256,44,2,300
2023-10-05T15:44:36,256,44,2,300
2023-10-05T15:57:40,256,44,2,300
2023-10-05T16:10:44,256,44,2,300
2023-10-05T16:23:48,256,44,2,300
2023-10-05T16:37:02,256,44,2,300
2023-10-05T16:50:06,256,44,2,300
2023-10-05T17:03:23,256,44,2,300
2023-10-05T17:16:30,256,44,2,300
2023-10-05T17:29:33,256,44,2,300
2023-10-05T17:42:38,256,44,2,300
2023-10-05T17:55:51,256,44,2,300
2023-10-05T18:08:56,256,44,2,300
2023-10-05T18:22:00,256,44,2,300
2023-10-05T18:35:04,256,44,2,300
2023-10-05T18:48:08,256,44,2,300
2023-10-05T19:01:22,256,44,2,300
2023-10-05T19:14:26,256,44,2,300
2023-10-05T19:27:34,256,44,2,300
2023-10-05T19:40:38,256,44,2,300
2023-10-05T19:53:43,256,44,2,300
2023-10-05T20:06:48,256,44,2,300
2023-10-05T20:20:03,256,44,2,300
2023-10-05T20:33:06,256,44,2,300
2023-10-05T20:46:11,256,44,2,300
2023-10-05T20:59:16,256,44,2,300
2023-10-05T21:12:20,256,44,2,300
2023-10-05T21:25:24,256,44,2,300
2023-10-05T21:38:29,256,44,2,300
2023-10-05T21:51:44,256,44,2,300
2023-10-05T22:04:48,256,44,2,300
2023-10-05T22:17:51,256,44,2,300
2023-10-05T22:30:55,256,44,2,300
2023-10-05T22:44:01,256,44,2,300
2023-10-05T22:57:05,256,44,2,300
2023-10-05T23:10:22,256,44,2,300
2023-10-05T23:23:27,256,44,2,300
2023-10-05T23:36:32,256,44,2,300
2023-10-05T23:49:37,256,44,2,300
2023-10-06T00:02:44,256,44,2,300
2023-10-06T00:15:53,256,44,2,300
2023-10-06T00:29:13,256,44,2,300
2023-10-06T00:42:22,256,44,2,300
2023-10-06T00:55:31,256,44,2,300
2023-10-06T01:08:41,256,44,2,300
2023-10-06T01:21:51,256,44,2,300
2023-10-06T01:35:10,256,44,2,300
2023-10-06T01:48:20,256,44,2,300
2023-10-06T02:01:33,256,44,2,300
2023-10-06T02:14:43,256,44,2,300
2023-10-06T02:27:51,256,44,2,300
2023-10-06T02:40:58,256,44,2,300
2023-10-06T02:54:07,256,44,2,300
2023-10-06T03:07:17,256,44,2,300
2023-10-06T03:20:38,256,44,2,300
2023-10-06T03:33:48,256,44,2,300
2023-10-06T03:46:58,256,44,2,300
2023-10-06T04:00:07,256,44,2,300
2023-10-06T04:13:17,256,44,2,300
2023-10-06T04:28:58,256,44,2,300
2023-10-06T04:43:37,256,44,2,300
2023-10-06T04:56:52,256,44,2,300
2023-10-06T05:10:05,256,44,2,300
2023-10-06T05:23:14,256,44,2,300
2023-10-06T05:36:25,256,44,2,300
2023-10-06T05:49:36,256,44,2,300
2023-10-06T06:02:45,256,44,2,300
2023-10-06T06:15:51,256,44,2,300
2023-10-06T06:29:01,256,44,2,300
2023-10-06T06:42:10,256,44,2,300
2023-10-06T06:55:18,256,44,2,300
2023-10-06T07:08:27,256,44,2,300
2023-10-06T07:21:39,256,44,2,300
2023-10-06T07:34:46,256,44,2,300
2023-10-06T07:48:03,256,44,2,300
2023-10-06T08:01:09,256,44,2,300
2023-10-06T08:14:13,256,44,2,300
2023-10-06T08:27:23,256,44,2,300
2023-10-06T08:40:27,256,44,2,300
2023-10-06T08:53:32,256,44,2,300
2023-10-06T09:06:39,256,44,2,300
2023-10-06T09:19:44,256,44,2,300
2023-10-06T09:33:00,256,44,2,300
2023-10-06T09:46:05,256,44,2,300
2023-10-06T09:59:09,256,44,2,300
2023-10-06T10:12:14,256,44,2,300
2023-10-06T10:25:18,256,44,2,300
2023-10-06T10:38:49,256,44,2,300
2023-10-06T10:51:53,256,44,2,300
2023-10-06T11:05:00,256,44,2,300
2023-10-06T11:18:08,256,44,2,300
2023-10-06T11:31:24,256,44,2,300
2023-10-06T11:44:29,256,44,2,300
2023-10-06T11:57:34,256,44,2,300
2023-10-06T12:10:39,256,44,2,300
2023-10-06T12:23:43,256,44,2,300
2023-10-06T12:37:07,256,44,2,300
2023-10-06T12:50:12,256,44,2,300
2023-10-06T13:03:17,256,44,2,300
2023-10-06T13:16:32,256,44,2,300
2023-10-06T13:29:37,256,44,2,300
2023-10-06T13:42:41,256,44,2,300
2023-10-06T13:55:47,256,44,2,300
2023-10-06T14:08:52,256,44,2,300
2023-10-06T14:22:24,256,44,2,300
2023-10-06T14:35:29,256,44,2,300
2023-10-06T14:48:33,256,44,2,300
2023-10-06T15:01:37,256,44,2,300
2023-10-06T15:14:41,256,44,2,300
2023-10-06T15:27:55,256,44,2,300
2023-10-06T15:40:59,256,44,2,300
2023-10-06T15:54:04,256,44,2,300
2023-10-06T16:07:08,256,44,2,300
2023-10-06T16:20:14,256,44,2,300
2023-10-06T16:33:18,256,44,2,300
2023-10-06T16:46:45,256,44,2,300
2023-10-06T16:59:49,256,44,2,300
2023-10-06T17:12:55,256,44,2,300
2023-10-06T17:26:00,256,44,2,300
2023-10-06T17:39:05,256,44,2,300
2023-10-06T17:52:10,256,44,2,300
2023-10-06T18:05:14,256,44,2,300
2023-10-06T18:18:38,256,44,2,300
2023-10-06T18:31:44,256,44,2,300
2023-10-06T18:44:48,256,44,2,300
2023-10-06T18:57:53,256,44,2,300
2023-10-06T19:10:59,256,44,2,300
2023-10-06T19:24:04,256,44,2,300
2023-10-06T19:37:09,255,45,2,300
2023-10-06T19:50:24,255,45,2,300
2023-10-06T20:03:29,255,45,2,300
2023-10-06T20:16:34,255,45,2,300
2023-10-06T20:29:38,255,45,2,300
2023-10-06T20:42:44,255,45,2,300
2023-10-06T20:55:49,255,45,2,300
2023-10-06T21:08:54,255,45,2,300
2023-10-06T21:21:59,255,45,2,300
2023-10-06T21:35:04,255,45,2,300
2023-10-06T21:48:29,255,45,2,300
2023-10-06T22:01:33,255,45,2,300
2023-10-06T22:14:37,255,45,2,300
2023-10-06T22:27:43,255,45,2,300
2023-10-06T22:40:48,255,45,2,300
2023-10-06T22:53:54,255,45,2,300
2023-10-06T23:07:00,255,45,2,300
2023-10-06T23:20:07,255,45,2,300
2023-10-06T23:33:15,255,45,2,300
2023-10-06T23:46:22,255,45,2,300
2023-10-06T23:59:28,255,45,2,300
2023-10-07T00:12:52,255,45,2,300
2023-10-07T00:26:05,255,45,2,300
2023-10-07T00:39:14,255,45,2,300
2023-10-07T00:52:35,255,45,2,300
2023-10-07T01:05:45,255,45,2,300
2023-10-07T01:18:56,255,45,2,300
2023-10-07T01:32:06,255,45,2,300
2023-10-07T01:45:16,255,45,2,300
2023-10-07T01:58:28,255,45,2,300
2023-10-07T02:11:39,255,45,2,300
2023-10-07T02:24:49,255,45,2,300
2023-10-07T02:37:59,255,45,2,300
2023-10-07T02:51:20,255,45,2,300
2023-10-07T03:05:21,255,45,2,300
2023-10-07T03:18:30,255,45,2,300
2023-10-07T03:31:42,255,45,2,300
2023-10-07T03:44:52,255,45,2,300
2023-10-07T03:58:03,255,45,2,300
2023-10-07T04:20:39,255,45,2,300
2023-10-07T04:34:14,255,45,2,300
2023-10-07T04:47:26,255,45,2,300
2023-10-07T05:00:34,255,45,2,300
2023-10-07T05:13:43,255,45,2,300
2023-10-07T05:28:37,255,45,2,300
2023-10-07T05:41:48,255,45,2,300
2023-10-07T05:54:59,255,45,2,300
2023-10-07T06:08:11,255,45,2,300
2023-10-07T06:21:19,255,45,2,300
2023-10-07T06:34:29,255,45,2,300
2023-10-07T06:47:38,255,45,2,300
2023-10-07T07:00:48,255,45,2,300
2023-10-07T07:13:57,255,45,2,300
2023-10-07T07:27:13,255,45,2,300
2023-10-07T07:40:19,255,45,2,300
2023-10-07T07:53:26,255,45,2,300
2023-10-07T08:06:34,255,45,2,300
2023-10-07T08:19:43,255,45,2,300
2023-10-07T08:32:52,255,45,2,300
2023-10-07T08:45:59,255,45,2,300
2023-10-07T08:59:06,255,45,2,300
2023-10-07T09:12:13,255,45,2,300
2023-10-07T09:25:21,255,45,2,300
2023-10-07T09:38:27,255,45,2,300
2023-10-07T09:51:34,255,45,2,300
2023-10-07T10:04:40,255,45,2,300
2023-10-07T10:17:46,255,45,2,300
2023-10-07T10:30:52,255,45,2,300
2023-10-07T10:44:09,255,45,2,300
2023-10-07T10:57:13,255,45,2,300
2023-10-07T11:10:17,255,45,2,300
2023-10-07T11:23:21,255,45,2,300
2023-10-07T11:36:25,255,45,2,300
2023-10-07T11:49:29,255,45,2,300
2023-10-07T12:02:34,255,45,2,300
2023-10-07T12:15:39,255,45,2,300
2023-10-07T12:28:43,255,45,2,300
2023-10-07T12:41:48,255,45,2,300
2023-10-07T12:54:52,255,45,2,300
2023-10-07T13:07:58,255,45,2,300
2023-10-07T13:21:15,255,45,2,300
2023-10-07T13:34:19,255,45,2,300
2023-10-07T13:47:24,255,45,2,300
2023-10-07T14:00:28,255,45,2,300
2023-10-07T14:13:32,255,45,2,300
2023-10-07T14:26:37,255,45,2,300
2023-10-07T14:39:42,255,45,2,300
2023-10-07T14:52:47,255,45,2,300
2023-10-07T15:05:51,255,45,2,300
2023-10-07T15:18:55,255,45,2,300
2023-10-07T15:32:00,255,45,2,300
2023-10-07T15:45:14,255,45,2,300
2023-10-07T15:58:19,255,45,2,300
2023-10-07T16:11:23,255,45,2,300
2023-10-07T16:24:28,255,45,2,300
2023-10-07T16:37:33,255,45,2,300
2023-10-07T16:50:37,255,45,2,300
2023-10-07T17:03:42,255,45,2,300
2023-10-07T17:16:49,255,45,2,300
2023-10-07T17:29:53,255,45,2,300
2023-10-07T17:42:58,255,45,2,300
2023-10-07T17:56:03,255,45,2,300
2023-10-07T18:09:08,255,45,2,300
2023-10-07T18:22:23,255,45,2,300
2023-10-07T18:35:28,255,45,2,300
2023-10-07T18:48:34,255,45,2,300
2023-10-07T19:01:43,255,45,2,300
2023-10-07T19:14:48,255,45,2,300
2023-10-07T19:27:53,255,45,2,300
2023-10-07T19:40:58,255,45,2,300
2023-10-07T19:54:02,255,45,2,300
2023-10-07T20:07:06,255,45,2,300
2023-10-07T20:20:11,255,45,2,300
2023-10-07T20:33:17,255,45,2,300
2023-10-07T20:46:22,255,45,2,300
2023-10-07T20:59:26,255,45,2,300
2023-10-07T21:12:39,255,45,2,300
2023-10-07T21:25:44,255,45,2,300
2023-10-07T21:38:49,255,45,2,300
2023-10-07T21:51:55,255,45,2,300
2023-10-07T22:05:00,255,45,2,300
2023-10-07T22:18:05,255,45,2,300
2023-10-07T22:31:13,255,45,2,300
2023-10-07T22:44:18,255,45,2,300
2023-10-07T22:57:23,255,45,2,300
2023-10-07T23:10:30,255,45,2,300
2023-10-07T23:23:35,255,45,2,300
2023-10-07T23:36:40,255,45,2,300
2023-10-07T23:49:45,255,45,2,300
2023-10-08T00:02:50,255,45,2,300
2023-10-08T00:16:03,255,45,2,300
2023-10-08T00:29:21,255,45,2,300
2023-10-08T00:42:29,255,45,2,300
2023-10-08T00:55:34,255,45,2,300
2023-10-08T01:08:40,255,45,2,300
2023-10-08T01:21:45,255,45,2,300
2023-10-08T01:34:49,255,45,2,300
2023-10-08T01:47:54,255,45,2,300
2023-10-08T02:00:59,255,45,2,300
2023-10-08T02:14:06,255,45,2,300
2023-10-08T02:27:10,255,45,2,300
2023-10-08T02:40:15,255,45,2,300
2023-10-08T02:53:21,255,45,2,300
2023-10-08T03:06:35,255,45,2,300
2023-10-08T03:19:48,255,45,2,300
2023-10-08T03:32:59,255,45,2,300
2023-10-08T03:46:10,255,45,2,300
2023-10-08T03:59:19,255,45,2,300
2023-10-08T04:17:56,255,45,2,300
2023-10-08T04:32:26,255,45,2,300
2023-10-08T04:46:01,255,45,2,300
2023-10-08T04:59:15,255,45,2,300
2023-10-08T05:12:27,255,45,2,300
2023-10-08T05:25:37,255,45,2,300
2023-10-08T05:38:47,255,45,2,300
2023-10-08T05:51:57,255,45,2,300
2023-10-08T06:05:05,255,45,2,300
2023-10-08T06:18:16,255,45,2,300
2023-10-08T06:31:25,255,45,2,300
2023-10-08T06:44:35,255,45,2,300
2023-10-08T06:57:42,255,45,2,300
2023-10-08T07:10:49,255,45,2,300
2023-10-08T07:23:58,255,45,2,300
2023-10-08T07:37:05,255,45,2,300
2023-10-08T07:50:12,255,45,2,300
2023-10-08T08:03:21,255,45,2,300
2023-10-08T08:16:28,255,45,2,300
2023-10-08T08:29:44,255,45,2,300
2023-10-08T08:42:53,255,45,2,300
2023-10-08T08:56:01,255,45,2,300
2023-10-08T09:09:10,255,45,2,300
2023-10-08T09:22:17,255,45,2,300
2023-10-08T09:35:25,255,45,2,300
2023-10-08T09:48:33,255,45,2,300
2023-10-08T10:01:42,255,45,2,300
2023-10-08T10:14:49,255,45,2,300
2023-10-08T10:27:55,255,45,2,300
2023-10-08T10:41:03,255,45,2,300
2023-10-08T10:54:08,255,45,2,300
2023-10-08T11:07:21,255,45,2,300
2023-10-08T11:20:27,255,45,2,300
2023-10-08T11:33:32,255,45,2,300
2023-10-08T11:46:38,255,45,2,300
2023-10-08T11:59:44,255,45,2,300
2023-10-08T12:12:50,255,45,2,300
2023-10-08T12:25:58,255,45,2,300
2023-10-08T12:39:05,255,45,2,300
2023-10-08T12:52:11,255,45,2,300
2023-10-08T13:05:16,255,45,2,300
2023-10-08T13:18:20,255,45,2,300
2023-10-08T13:31:37,255,45,2,300
2023-10-08T13:44:42,255,45,2,300
2023-10-08T13:57:47,255,45,2,300
2023-10-08T14:10:53,255,45,2,300
2023-10-08T14:23:57,255,45,2,300
2023-10-08T14:37:02,255,45,2,300
2023-10-08T14:50:09,255,45,2,300
2023-10-08T15:03:15,255,45,2,300
2023-10-08T15:16:31,255,45,2,300
2023-10-08T15:29:36,255,45,2,300
2023-10-08T15:42:39,255,45,2,300
2023-10-08T15:55:43,255,45,2,300
2023-10-08T16:08:48,255,45,2,300
2023-10-08T16:21:54,255,45,2,300
2023-10-08T16:35:00,255,45,2,300
2023-10-08T16:48:05,255,45,2,300
2023-10-08T17:01:19,255,45,2,300
2023-10-08T17:14:25,255,45,2,300
2023-10-08T17:27:29,255,45,2,300
2023-10-08T17:40:34,255,45,2,300
2023-10-08T17:53:39,255,45,2,300
2023-10-08T18:06:43,255,45,2,300
2023-10-08T18:19:48,255,45,2,300
2023-10-08T18:32:54,255,45,2,300
2023-10-08T18:46:08,255,45,2,300
2023-10-08T18:59:13,255,45,2,300
2023-10-08T19:12:20,255,45,2,300
2023-10-08T19:25:27,255,45,2,300
2023-10-08T19:38:33,255,45,2,300
2023-10-08T19:51:38,255,45,2,300
2023-10-08T20:04:43,255,45,2,300
2023-10-08T20:17:47,255,45,2,300
2023-10-08T20:31:03,255,45,2,300
2023-10-08T20:44:07,255,45,2,300
2023-10-08T20:57:12,255,45,2,300
2023-10-08T21:10:16,255,45,2,300
2023-10-08T21:23:21,255,45,2,300
2023-10-08T21:36:27,255,45,2,300
2023-10-08T21:49:35,255,45,2,300
2023-10-08T22:02:40,255,45,2,300
2023-10-08T22:15:45,255,45,2,300
2023-10-08T22:29:04,255,45,2,300
2023-10-08T22:42:09,255,45,2,300
2023-10-08T22:55:13,255,45,2,300
2023-10-08T23:08:20,255,45,2,300
2023-10-08T23:21:26,255,45,2,300
2023-10-08T23:34:31,255,45,2,300
2023-10-08T23:47:38,255,45,2,300
2023-10-09T00:00:43,255,45,2,300
2023-10-09T00:14:01,255,45,2,300
2023-10-09T00:27:14,255,45,2,300
2023-10-09T00:40:37,255,45,2,300
2023-10-09T00:53:48,255,45,2,300
2023-10-09T01:06:55,255,45,2,300
2023-10-09T01:20:13,255,45,2,300
2023-10-09T01:33:30,255,45,2,300
2023-10-09T01:46:41,255,45,2,300
2023-10-09T01:59:52,255,45,2,300
2023-10-09T02:13:04,255,45,2,300
2023-10-09T02:26:29,255,45,2,300
2023-10-09T02:39:37,255,45,2,300
2023-10-09T02:52:44,255,45,2,300
2023-10-09T03:05:52,255,45,2,300
2023-10-09T03:19:01,255,45,2,300
2023-10-09T03:32:11,255,45,2,300
2023-10-09T03:45:20,255,45,2,300
2023-10-09T03:58:27,255,45,2,300
2023-10-09T04:11:35,255,45,2,300
2023-10-09T04:23:30,255,45,2,300
2023-10-09T04:38:09,255,45,2,300
2023-10-09T04:51:23,255,45,2,300
2023-10-09T05:04:43,255,45,2,300
2023-10-09T05:17:56,255,45,2,300
2023-10-09T05:31:05,255,45,2,300
2023-10-09T05:44:18,255,45,2,300
2023-10-09T05:57:28,255,45,2,300
2023-10-09T06:10:38,255,45,2,300
2023-10-09T06:23:48,255,45,2,300
2023-10-09T06:36:58,255,45,2,300
2023-10-09T06:50:05,255,45,2,300
2023-10-09T07:03:14,255,45,2,300
2023-10-09T07:16:20,255,45,2,300
2023-10-09T07:29:25,255,45,2,300
2023-10-09T07:42:39,255,45,2,300
2023-10-09T07:55:42,255,45,2,300
2023-10-09T08:08:47,255,45,2,300
2023-10-09T08:21:52,255,45,2,300
2023-10-09T08:34:58,255,45,2,300
2023-10-09T08:48:04,255,45,2,300
2023-10-09T09:01:09,255,45,2,300
2023-10-09T09:14:14,255,45,2,300
2023-10-09T09:27:19,255,45,2,300
2023-10-09T09:40:36,255,45,2,300
2023-10-09T09:53:41,255,45,2,300
2023-10-09T10:06:47,255,45,2,300
2023-10-09T10:19:55,255,45,2,300
2023-10-09T10:32:59,255,45,2,300
2023-10-09T10:46:16,255,45,2,300
2023-10-09T10:59:20,255,45,2,300
2023-10-09T11:12:25,255,45,2,300
2023-10-09T11:25:30,255,45,2,300
2023-10-09T11:38:36,255,45,2,300
2023-10-09T11:51:55,255,45,2,300
2023-10-09T12:05:01,255,45,2,300
2023-10-09T12:18:07,255,45,2,300
2023-10-09T12:31:12,255,45,2,300
2023-10-09T12:44:17,255,45,2,300
2023-10-09T12:57:32,255,45,2,300
2023-10-09T13:10:37,255,45,2,300
2023-10-09T13:23:43,255,45,2,300
2023-10-09T13:36:48,255,45,2,300
2023-10-09T13:50:03,255,45,2,300
2023-10-09T14:03:09,255,45,2,300
2023-10-09T14:16:16,255,45,2,300
2023-10-09T14:29:21,255,45,2,300
2023-10-09T14:42:39,255,45,2,300
2023-10-09T14:55:44,255,45,2,300
2023-10-09T15:08:50,255,45,2,300
2023-10-09T15:21:55,255,45,2,300
2023-10-09T15:35:00,255,45,2,300
2023-10-09T15:48:18,255,45,2,300
2023-10-09T16:01:24,255,45,2,300
2023-10-09T16:14:29,255,45,2,300
2023-10-09T16:27:35,256,44,2,300
2023-10-09T16:40:51,256,44,2,300
2023-10-09T16:53:56,256,44,2,300
2023-10-09T17:07:03,256,44,2,300
2023-10-09T17:20:09,256,44,2,300
2023-10-09T17:33:14,256,44,2,300
2023-10-09T17:46:31,256,44,2,300
2023-10-09T17:59:35,256,44,2,300
2023-10-09T18:12:40,256,44,2,300
2023-10-09T18:25:44,256,44,2,300
2023-10-09T18:39:01,256,44,2,300
2023-10-09T18:52:06,256,44,2,300
2023-10-09T19:05:12,256,44,2,300
2023-10-09T19:18:18,256,44,2,300
2023-10-09T19:31:23,256,44,2,300
2023-10-09T19:44:27,256,44,2,300
2023-10-09T19:57:32,256,44,2,300
2023-10-09T20:10:48,256,44,2,300
2023-10-09T20:23:53,256,44,2,300
2023-10-09T20:36:58,256,44,2,300
2023-10-09T20:50:03,256,44,2,300
2023-10-09T21:03:07,256,44,2,300
2023-10-09T21:16:12,256,44,2,300
2023-10-09T21:29:18,256,44,2,300
2023-10-09T21:42:23,256,44,2,300
2023-10-09T21:55:40,256,44,2,300
2023-10-09T22:08:45,256,44,2,300
2023-10-09T22:21:50,256,44,2,300
2023-10-09T22:34:55,256,44,2,300
2023-10-09T22:48:01,256,44,2,300
2023-10-09T23:01:07,256,44,2,300
2023-10-09T23:14:13,256,44,2,300
2023-10-09T23:27:18,256,44,2,300
2023-10-09T23:40:24,256,44,2,300
2023-10-09T23:53:41,256,44,2,300
2023-10-10T00:06:47,256,44,2,300
2023-10-10T00:19:55,256,44,2,300
2023-10-10T00:33:08,256,44,2,300
2023-10-10T00:46:19,256,44,2,300
2023-10-10T00:59:30,256,44,2,300
2023-10-10T01:12:39,256,44,2,300
2023-10-10T01:25:49,256,44,2,300
2023-10-10T01:38:59,256,44,2,300
2023-10-10T01:52:19,256,44,2,300
2023-10-10T02:05:30,256,44,2,300
2023-10-10T02:18:38,256,44,2,300
2023-10-10T02:31:46,256,44,2,300
2023-10-10T02:44:54,256,44,2,300
2023-10-10T02:58:01,256,44,2,300
2023-10-10T03:11:10,256,44,2,300
2023-10-10T03:24:20,255,45,2,300
2023-10-10T03:37:28,255,45,2,300
2023-10-10T03:50:37,255,45,2,300
2023-10-10T04:03:46,255,45,2,300
2023-10-10T04:28:10,255,45,2,300
2023-10-10T04:41:23,255,45,2,300
2023-10-10T04:55:54,255,45,2,300
2023-10-10T05:09:27,255,45,2,300
2023-10-10T05:22:38,255,45,2,300
2023-10-10T05:35:47,255,45,2,300
2023-10-10T05:48:56,255,45,2,300
2023-10-10T06:02:10,255,45,2,300
2023-10-10T06:15:18,255,45,2,300
2023-10-10T06:28:26,255,45,2,300
2023-10-10T06:41:38,255,45,2,300
2023-10-10T06:54:46,255,45,2,300
2023-10-10T07:07:56,255,45,2,300
2023-10-10T07:21:05,255,45,2,300
2023-10-10T07:34:13,255,45,2,300
2023-10-10T07:47:19,255,45,2,300
2023-10-10T08:00:27,255,45,2,300
2023-10-10T08:13:44,255,45,2,300
2023-10-10T08:26:52,255,45,2,300
2023-10-10T08:39:59,255,45,2,300
2023-10-10T08:53:06,255,45,2,300
2023-10-10T09:06:13,255,45,2,300
2023-10-10T09:19:19,255,45,2,300
2023-10-10T09:32:26,255,45,2,300
2023-10-10T09:45:42,255,45,2,300
2023-10-10T09:58:48,255,45,2,300
2023-10-10T10:11:54,255,45,2,300
2023-10-10T10:24:59,255,45,2,300
2023-10-10T10:38:05,255,45,2,300
2023-10-10T10:51:10,255,45,2,300
2023-10-10T11:04:27,255,45,2,300
2023-10-10T11:17:32,255,45,2,300
2023-10-10T11:30:38,255,45,2,300
2023-10-10T11:43:43,255,45,2,300
2023-10-10T11:56:49,255,45,2,300
2023-10-10T12:10:05,255,45,2,300
2023-10-10T12:23:10,255,45,2,300
2023-10-10T12:36:16,255,45,2,300
2023-10-10T12:49:21,255,45,2,300
2023-10-10T13:02:26,255,45,2,300
2023-10-10T13:15:32,255,45,2,300
2023-10-10T13:28:50,255,45,2,300
2023-10-10T13:41:55,255,45,2,300
2023-10-10T13:55:00,255,45,2,300
2023-10-10T14:08:05,255,45,2,300
2023-10-10T14:21:12,255,45,2,300
2023-10-10T14:34:28,255,45,2,300
2023-10-10T14:47:33,255,45,2,300
2023-10-10T15:00:37,255,45,2,300
2023-10-10T15:13:43,255,45,2,300
2023-10-10T15:26:47,255,45,2,300
2023-10-10T15:40:07,255,45,2,300
2023-10-10T15:53:12,255,45,2,300
2023-10-10T16:06:17,255,45,2,300
2023-10-10T16:19:22,255,45,2,300
2023-10-10T16:32:27,255,45,2,300
2023-10-10T16:45:32,255,45,2,300
2023-10-10T16:58:48,255,45,2,300
2023-10-10T17:11:54,255,45,2,300
2023-10-10T17:24:59,255,45,2,300
2023-10-10T17:38:04,255,45,2,300
2023-10-10T17:51:09,255,45,2,300
2023-10-10T18:04:14,255,45,2,300
2023-10-10T18:17:18,255,45,2,300
2023-10-10T18:30:35,255,45,2,300
2023-10-10T18:43:42,255,45,2,300
2023-10-10T18:56:46,255,45,2,300
2023-10-10T19:09:51,255,45,2,300
2023-10-10T19:22:57,255,45,2,300
2023-10-10T19:36:01,255,45,2,300
2023-10-10T19:49:05,255,45,2,300
2023-10-10T20:02:10,255,45,2,300
2023-10-10T20:15:14,255,45,2,300
2023-10-10T20:28:31,255,45,2,300
2023-10-10T20:41:36,255,45,2,300
2023-10-10T20:54:40,255,45,2,300
2023-10-10T21:07:45,255,45,2,300
2023-10-10T21:20:51,255,45,2,300
2023-10-10T21:33:56,255,45,2,300
2023-10-10T21:47:00,255,45,2,300
2023-10-10T22:00:06,255,45,2,300
2023-10-10T22:13:10,255,45,2,300
2023-10-10T22:26:25,255,45,2,300
2023-10-10T22:39:30,255,45,2,300
2023-10-10T22:52:35,255,45,2,300
2023-10-10T23:05:40,255,45,2,300
2023-10-10T23:18:45,255,45,2,300
2023-10-10T23:31:50,255,45,2,300
2023-10-10T23:44:56,255,45,2,300
2023-10-10T23:58:01,255,45,2,300
2023-10-11T00:11:08,255,45,2,300
2023-10-11T00:24:30,255,45,2,300
2023-10-11T00:48:53,255,45,2,300
2023-10-11T01:02:05,255,45,2,300
2023-10-11T01:15:17,255,45,2,300
2023-10-11T01:28:27,255,45,2,300
2023-10-11T01:41:47,255,45,2,300
2023-10-11T01:54:58,255,45,2,300
2023-10-11T02:08:09,255,45,2,300
2023-10-11T02:21:17,255,45,2,300
2023-10-11T02:34:26,255,45,2,300
2023-10-11T02:47:33,255,45,2,300
2023-10-11T03:00:43,255,45,2,300
2023-10-11T03:13:55,255,45,2,300
2023-10-11T03:27:05,255,45,2,300
2023-10-11T03:40:14,255,45,2,300
2023-10-11T03:53:25,255,45,2,300
2023-10-11T04:06:49,255,45,2,300
2023-10-11T04:19:26,255,45,2,300
2023-10-11T04:32:38,255,45,2,300
2023-10-11T04:47:08,255,45,2,300
2023-10-11T05:00:41,255,45,2,300
2023-10-11T05:13:58,255,45,2,300
2023-10-11T05:27:08,255,45,2,300
2023-10-11T05:40:19,255,45,2,300
2023-10-11T05:53:30,255,45,2,300
2023-10-11T06:06:43,255,45,2,300
2023-10-11T06:19:53,255,45,2,300
2023-10-11T06:33:02,255,45,2,300
2023-10-11T06:46:12,255,45,2,300
2023-10-11T06:59:20,255,45,2,300
2023-10-11T07:12:29,255,45,2,300
2023-10-11T07:25:36,255,45,2,300
2023-10-11T07:38:43,255,45,2,300
2023-10-11T07:51:49,255,45,2,300
2023-10-11T08:04:55,255,45,2,300
2023-10-11T08:18:10,255,45,2,300
2023-10-11T08:31:15,255,45,2,300
2023-10-11T08:44:20,255,45,2,300
2023-10-11T08:57:24,255,45,2,300
2023-10-11T09:10:29,255,45,2,300
2023-10-11T09:23:34,255,45,2,300
2023-10-11T09:36:39,255,45,2,300
2023-10-11T09:49:45,255,45,2,300
2023-10-11T10:02:50,255,45,2,300
2023-10-11T10:15:55,255,45,2,300
2023-10-11T10:29:19,255,45,2,300
2023-10-11T10:42:23,255,45,2,300
2023-10-11T10:55:28,255,45,2,300
2023-10-11T11:08:33,255,45,2,300
2023-10-11T11:21:38,255,45,2,300
2023-10-11T11:34:43,255,45,2,300
2023-10-11T11:47:57,255,45,2,300
2023-10-11T12:01:02,255,45,2,300
2023-10-11T12:14:07,255,45,2,300
2023-10-11T12:27:12,255,45,2,300
2023-10-11T12:40:16,255,45,2,300
2023-10-11T12:53:30,255,45,2,300
2023-10-11T13:06:35,255,45,2,300
2023-10-11T13:19:40,255,45,2,300
2023-10-11T13:32:45,255,45,2,300
2023-10-11T13:45:50,255,45,2,300
2023-10-11T13:58:55,255,45,2,300
2023-10-11T14:12:20,255,45,2,300
2023-10-11T14:25:24,255,45,2,300
2023-10-11T14:38:30,255,45,2,300
2023-10-11T14:51:35,255,45,2,300
2023-10-11T15:04:40,254,46,2,300
2023-10-11T15:17:45,254,46,2,300
2023-10-11T15:31:00,254,46,2,300
2023-10-11T15:44:06,254,46,2,300
2023-10-11T15:57:10,254,46,2,300
2023-10-11T16:10:15,254,46,2,300
2023-10-11T16:23:20,254,46,2,300
2023-10-11T16:36:26,254,46,2,300
2023-10-11T16:49:43,254,46,2,300
2023-10-11T17:02:48,254,46,2,300
2023-10-11T17:15:56,254,46,2,300
2023-10-11T17:29:01,254,46,2,300
2023-10-11T17:42:05,254,46,2,300
2023-10-11T17:55:10,254,46,2,300
2023-10-11T18:08:15,254,46,2,300
2023-10-11T18:21:31,254,46,2,300
2023-10-11T18:34:36,254,46,2,300
2023-10-11T18:47:42,254,46,2,300
2023-10-11T19:00:47,254,46,2,300
2023-10-11T19:13:52,254,46,2,300
2023-10-11T19:26:58,254,46,2,300
2023-10-11T19:40:04,254,46,2,300
2023-10-11T19:53:09,254,46,2,300
2023-10-11T20:06:15,254,46,2,300
2023-10-11T20:19:32,254,46,2,300
2023-10-11T20:32:36,254,46,2,300
2023-10-11T20:45:41,254,46,2,300
2023-10-11T20:58:47,254,46,2,300
2023-10-11T21:11:51,254,46,2,300
2023-10-11T21:24:56,254,46,2,300
2023-10-11T21:38:02,254,46,2,300
2023-10-11T21:51:08,254,46,2,300
2023-10-11T22:04:14,254,46,2,300
2023-10-11T22:17:21,254,46,2,300
2023-10-11T22:30:41,254,46,2,300
2023-10-11T22:43:46,254,46,2,300
2023-10-11T22:56:52,254,46,2,300
2023-10-11T23:09:58,254,46,2,300
2023-10-11T23:23:03,254,46,2,300
2023-10-11T23:36:09,254,46,2,300
2023-10-11T23:49:14,254,46,2,300
2023-10-12T00:02:21,254,46,2,300
2023-10-12T00:15:33,254,46,2,300
2023-10-12T00:29:03,254,46,2,300
2023-10-12T00:42:13,254,46,2,300
2023-10-12T00:55:24,254,46,2,300
2023-10-12T01:08:34,254,46,2,300
2023-10-12T01:21:44,254,46,2,300
2023-10-12T01:34:54,254,46,2,300
2023-10-12T01:48:04,254,46,2,300
2023-10-12T02:01:15,254,46,2,300
2023-10-12T02:14:24,254,46,2,300
2023-10-12T02:27:32,254,46,2,300
2023-10-12T02:40:39,254,46,2,300
2023-10-12T02:53:45,254,46,2,300
2023-10-12T03:06:52,254,46,2,300
2023-10-12T03:20:04,254,46,2,300
2023-10-12T03:33:15,254,46,2,300
2023-10-12T03:46:25,254,46,2,300
2023-10-12T03:59:36,254,46,2,300
2023-10-12T04:23:33,254,46,2,300
2023-10-12T04:36:46,254,46,2,300
2023-10-12T04:51:26,254,46,2,300
2023-10-12T05:04:40,254,46,2,300
2023-10-12T05:17:51,254,46,2,300
2023-10-12T05:31:03,254,46,2,300
2023-10-12T05:44:13,254,46,2,300
2023-10-12T05:57:23,254,46,2,300
2023-10-12T06:10:33,254,46,2,300
2023-10-12T06:23:43,254,46,2,300
2023-10-12T06:36:51,254,46,2,300
2023-10-12T06:50:03,254,46,2,300
2023-10-12T07:03:11,254,46,2,300
2023-10-12T07:16:19,254,46,2,300
2023-10-12T07:29:26,254,46,2,300
2023-10-12T07:42:32,254,46,2,300
2023-10-12T07:55:39,254,46,2,300
2023-10-12T08:08:54,254,46,2,300
2023-10-12T08:22:01,254,46,2,300
2023-10-12T08:35:07,254,46,2,300
2023-10-12T08:48:12,254,46,2,300
2023-10-12T09:01:17,254,46,2,300
2023-10-12T09:14:22,254,46,2,300
2023-10-12T09:27:26,254,46,2,300
2023-10-12T09:40:31,254,46,2,300
2023-10-12T09:53:36,254,46,2,300
2023-10-12T10:06:53,254,46,2,300
2023-10-12T10:19:57,254,46,2,300
2023-10-12T10:33:02,254,46,2,300
2023-10-12T10:46:07,254,46,2,300
2023-10-12T10:59:12,254,46,2,300
2023-10-12T11:12:17,254,46,2,300
2023-10-12T11:25:33,254,46,2,300
2023-10-12T11:38:39,254,46,2,300
2023-10-12T11:51:44,254,46,2,300
2023-10-12T12:04:50,254,46,2,300
2023-10-12T12:17:55,254,46,2,300
2023-10-12T12:31:01,254,46,2,300
2023-10-12T12:44:17,254,46,2,300
2023-10-12T12:57:22,254,46,2,300
2023-10-12T13:10:27,254,46,2,300
2023-10-12T13:23:33,254,46,2,300
2023-10-12T13:36:38,254,46,2,300
2023-10-12T13:49:43,254,46,2,300
2023-10-12T14:03:01,254,46,2,300
2023-10-12T14:16:07,254,46,2,300
2023-10-12T14:29:14,254,46,2,300
2023-10-12T14:42:20,254,46,2,300
2023-10-12T14:55:26,254,46,2,300
2023-10-12T15:08:32,254,46,2,300
2023-10-12T15:21:50,254,46,2,300
2023-10-12T15:34:56,254,46,2,300
2023-10-12T15:48:02,254,46,2,300
2023-10-12T16:01:08,254,46,2,300
2023-10-12T16:14:14,254,46,2,300
2023-10-12T16:27:20,254,46,2,300
2023-10-12T16:40:36,254,46,2,300
2023-10-12T16:53:42,254,46,2,300
2023-10-12T17:06:48,254,46,2,300
2023-10-12T17:19:55,254,46,2,300
2023-10-12T17:33:01,254,46,2,300
2023-10-12T17:46:07,254,46,2,300
2023-10-12T17:59:24,254,46,2,300
2023-10-12T18:12:30,254,46,2,300
2023-10-12T18:25:36,254,46,2,300
2023-10-12T18:38:42,254,46,2,300
2023-10-12T18:51:47,254,46,2,300
2023-10-12T19:04:53,254,46,2,300
2023-10-12T19:18:00,254,46,2,300
2023-10-12T19:31:07,254,46,2,300
2023-10-12T19:44:24,254,46,2,300
2023-10-12T19:57:30,254,46,2,300
2023-10-12T20:10:36,254,46,2,300
2023-10-12T20:23:42,254,46,2,300
2023-10-12T20:36:48,254,46,2,300
2023-10-12T20:49:54,254,46,2,300
2023-10-12T21:02:59,254,46,2,300
2023-10-12T21:16:05,254,46,2,300
2023-10-12T21:29:11,254,46,2,300
2023-10-12T21:42:28,254,46,2,300
2023-10-12T21:55:34,254,46,2,300
2023-10-12T22:08:40,254,46,2,300
2023-10-12T22:21:46,254,46,2,300
2023-10-12T22:34:52,254,46,2,300
2023-10-12T22:47:57,254,46,2,300
2023-10-12T23:01:03,254,46,2,300
2023-10-12T23:14:09,254,46,2,300
2023-10-12T23:27:26,254,46,2,300
2023-10-12T23:40:33,255,45,1,300
2023-10-12T23:53:39,255,45,1,300
2023-10-13T00:06:47,255,45,1,300
2023-10-13T00:20:02,255,45,1,300
2023-10-13T00:33:13,255,45,1,300
2023-10-13T00:46:25,255,45,1,300
2023-10-13T00:59:37,255,45,1,300
2023-10-13T01:12:49,255,45,1,300
2023-10-13T01:26:00,255,45,1,300
2023-10-13T01:39:12,255,45,1,300
2023-10-13T01:52:34,255,45,1,300
2023-10-13T02:05:47,255,45,1,300
2023-10-13T02:18:58,255,45,1,300
2023-10-13T02:32:07,255,45,1,300
2023-10-13T02:45:16,255,45,1,300
2023-10-13T02:58:28,255,45,1,300
2023-10-13T03:11:39,255,45,1,300
2023-10-13T03:24:50,255,45,1,300
2023-10-13T03:38:00,255,45,1,300
2023-10-13T03:51:10,255,45,1,300
2023-10-13T04:04:21,255,45,1,300
2023-10-13T04:23:09,255,45,1,300
2023-10-13T04:36:44,255,45,1,300
2023-10-13T04:49:56,255,45,1,300
2023-10-13T05:03:09,255,45,1,300
2023-10-13T05:16:22,255,45,1,300
2023-10-13T05:29:33,255,45,1,300
2023-10-13T05:42:46,255,45,1,300
2023-10-13T05:55:56,255,45,1,300
2023-10-13T06:09:06,255,45,1,300
2023-10-13T06:22:17,255,45,1,300
2023-10-13T06:35:29,255,45,1,300
2023-10-13T06:48:40,255,45,1,300
2023-10-13T07:01:50,255,45,1,300
2023-10-13T07:15:04,255,45,1,300
2023-10-13T07:28:13,255,45,1,300
2023-10-13T07:41:29,255,45,1,300
2023-10-13T07:54:39,255,45,1,300
2023-10-13T08:07:46,255,45,1,300
2023-10-13T08:20:52,255,45,1,300
2023-10-13T08:33:59,255,45,1,300
2023-10-13T08:47:05,255,45,1,300
2023-10-13T09:00:11,255,45,1,300
2023-10-13T09:13:18,255,45,1,300
2023-10-13T09:26:27,255,45,1,300
2023-10-13T09:39:46,255,45,1,300
2023-10-13T09:52:53,255,45,1,300
2023-10-13T10:06:00,255,45,1,300
2023-10-13T10:19:06,255,45,1,300
2023-10-13T10:32:11,255,45,1,300
2023-10-13T10:45:17,255,45,1,300
2023-10-13T10:58:34,255,45,1,300
2023-10-13T11:11:40,255,45,1,300
2023-10-13T11:24:45,255,45,1,300
2023-10-13T11:37:52,255,45,1,300
2023-10-13T11:50:58,255,45,1,300
2023-10-13T12:04:05,255,45,1,300
2023-10-13T12:17:21,255,45,1,300
2023-10-13T12:30:28,255,45,1,300
2023-10-13T12:43:38,255,45,1,300
2023-10-13T12:56:47,255,45,1,300
2023-10-13T13:09:52,255,45,1,300
2023-10-13T13:22:58,255,45,1,300
2023-10-13T13:36:14,255,45,1,300
2023-10-13T13:49:20,255,45,1,300
2023-10-13T14:02:27,255,45,1,300
2023-10-13T14:15:34,255,45,1,300
2023-10-13T14:28:41,255,45,1,300
2023-10-13T14:41:47,255,45,1,300
2023-10-13T14:55:04,255,45,1,300
2023-10-13T15:08:10,255,45,1,300
2023-10-13T15:21:17,255,45,1,300
2023-10-13T15:34:23,255,45,1,300
2023-10-13T15:47:29,255,45,1,300
2023-10-13T16:00:36,255,45,1,300
2023-10-13T16:13:53,255,45,1,300
2023-10-13T16:26:59,255,45,1,300
2023-10-13T16:40:06,255,45,1,300
2023-10-13T16:53:12,255,45,1,300
2023-10-13T17:06:19,255,45,1,300
2023-10-13T17:19:27,255,45,1,300
2023-10-13T17:44:05,255,45,1,300
2023-10-13T17:57:40,255,45,1,300
2023-10-13T18:10:48,255,45,1,300
2023-10-13T18:23:55,255,45,1,300
2023-10-13T18:37:05,255,45,1,300
2023-10-13T18:50:19,255,45,1,300
2023-10-13T19:03:26,255,45,1,300
2023-10-13T19:16:31,255,45,1,300
2023-10-13T19:29:41,255,45,1,300
2023-10-13T19:42:47,255,45,1,300
2023-10-13T19:55:54,255,45,1,300
2023-10-13T20:09:00,255,45,1,300
2023-10-13T20:22:18,255,45,1,300
2023-10-13T20:35:24,255,45,1,300
2023-10-13T20:48:30,255,45,1,300
2023-10-13T21:01:37,255,45,1,300
2023-10-13T21:14:44,255,45,1,300
2023-10-13T21:27:50,255,45,1,300
2023-10-13T21:40:57,255,45,1,300
2023-10-13T21:54:03,255,45,1,300
2023-10-13T22:07:09,255,45,1,300
2023-10-13T22:20:16,255,45,1,300
2023-10-13T22:33:22,255,45,1,300
2023-10-13T22:46:28,255,45,1,300
2023-10-13T22:59:43,255,45,1,300
2023-10-13T23:12:50,255,45,1,300
2023-10-13T23:25:57,255,45,1,300
2023-10-13T23:39:04,255,45,1,300
2023-10-13T23:52:11,255,45,1,300
2023-10-14T00:05:20,255,45,1,300
2023-10-14T00:18:37,255,45,1,300
2023-10-14T00:31:48,255,45,1,300
2023-10-14T00:45:00,255,45,1,300
2023-10-14T00:58:12,255,45,1,300
2023-10-14T01:11:23,255,45,1,300
2023-10-14T01:24:35,255,45,1,300
2023-10-14T01:37:47,255,45,1,300
2023-10-14T01:50:58,255,45,1,300
2023-10-14T02:04:10,255,45,1,300
2023-10-14T02:17:30,255,45,1,300
2023-10-14T02:30:39,255,45,1,300
2023-10-14T02:43:46,255,45,1,300
2023-10-14T02:56:53,255,45,1,300
2023-10-14T03:10:02,255,45,1,300
2023-10-14T03:23:22,255,45,1,300
2023-10-14T03:38:04,255,45,1,300
2023-10-14T03:51:18,255,45,1,300
2023-10-14T04:04:29,255,45,1,300
2023-10-14T04:24:25,255,45,1,300
2023-10-14T04:38:50,255,45,1,300
2023-10-14T04:52:23,255,45,1,300
2023-10-14T05:05:36,255,45,1,300
2023-10-14T05:18:47,255,45,1,300
2023-10-14T05:31:59,255,45,1,300
2023-10-14T05:45:11,255,45,1,300
2023-10-14T05:58:22,255,45,1,300
2023-10-14T06:11:39,255,45,1,300
2023-10-14T06:24:50,255,45,1,300
2023-10-14T06:38:00,255,45,1,300
2023-10-14T06:51:10,255,45,1,300
2023-10-14T07:04:24,255,45,1,300
2023-10-14T07:17:35,255,45,1,300
2023-10-14T07:30:45,255,45,1,300
2023-10-14T07:43:54,255,45,1,300
2023-10-14T07:57:04,255,45,1,300
2023-10-14T08:10:15,255,45,1,300
2023-10-14T08:23:25,255,45,1,300
2023-10-14T08:36:44,255,45,1,300
2023-10-14T08:49:52,255,45,1,300
2023-10-14T09:03:01,255,45,1,300
2023-10-14T09:16:12,255,45,1,300
2023-10-14T09:29:21,255,45,1,300
2023-10-14T09:42:28,255,45,1,300
2023-10-14T09:55:35,255,45,1,300
2023-10-14T10:08:43,255,45,1,300
2023-10-14T10:21:51,255,45,1,300
2023-10-14T10:35:02,255,45,1,300
2023-10-14T10:48:09,255,45,1,300
2023-10-14T11:01:15,255,45,1,300
2023-10-14T11:14:21,255,45,1,300
2023-10-14T11:27:35,255,45,1,300
2023-10-14T11:40:42,255,45,1,300
2023-10-14T11:53:48,255,45,1,300
2023-10-14T12:06:54,255,45,1,300
2023-10-14T12:20:00,255,45,1,300
2023-10-14T12:33:06,255,45,1,300
2023-10-14T12:46:12,255,45,1,300
2023-10-14T12:59:18,255,45,1,300
2023-10-14T13:12:24,255,45,1,300
2023-10-14T13:25:29,255,45,1,300
2023-10-14T13:38:35,255,45,1,300
2023-10-14T13:51:41,255,45,1,300
2023-10-14T14:04:47,255,45,1,300
2023-10-14T14:17:54,255,45,1,300
2023-10-14T14:31:10,255,45,1,300
2023-10-14T14:44:16,255,45,1,300
2023-10-14T14:57:22,255,45,1,300
2023-10-14T15:10:28,255,45,1,300
2023-10-14T15:23:33,255,45,1,300
2023-10-14T15:36:40,255,45,1,300
2023-10-14T15:49:46,255,45,1,300
2023-10-14T16:02:52,255,45,1,300
2023-10-14T16:15:58,255,45,1,300
2023-10-14T16:29:05,255,45,1,300
2023-10-14T16:42:13,255,45,1,300
2023-10-14T16:55:19,255,45,1,300
2023-10-14T17:08:25,255,45,1,300
2023-10-14T17:21:32,255,45,1,300
2023-10-14T17:34:48,255,45,1,300
2023-10-14T17:47:54,255,45,1,300
2023-10-14T18:01:01,255,45,1,300
2023-10-14T18:14:07,255,45,1,300
2023-10-14T18:27:14,255,45,1,300
2023-10-14T18:40:21,255,45,1,300
2023-10-14T18:53:27,255,45,1,300
2023-10-14T19:06:34,255,45,1,300
2023-10-14T19:19:40,255,45,1,300
2023-10-14T19:32:46,255,45,1,300
2023-10-14T19:45:52,255,45,1,300
2023-10-14T19:58:58,255,45,1,300
2023-10-14T20:12:06,255,45,1,300
2023-10-14T20:25:12,255,45,1,300
2023-10-14T20:38:18,255,45,1,300
2023-10-14T20:51:24,255,45,1,300
2023-10-14T21:04:41,255,45,1,300
2023-10-14T21:17:47,255,45,1,300
2023-10-14T21:30:53,255,45,1,300
2023-10-14T21:43:59,255,45,1,300
2023-10-14T21:57:05,255,45,1,300
2023-10-14T22:10:11,255,45,1,300
2023-10-14T22:23:17,255,45,1,300
2023-10-14T22:36:23,255,45,1,300
2023-10-14T22:49:29,255,45,1,300
2023-10-14T23:02:35,255,45,1,300
2023-10-14T23:15:42,255,45,1,300
2023-10-14T23:28:48,255,45,1,300
2023-10-14T23:41:55,255,45,1,300
2023-10-14T23:55:01,255,45,1,300
2023-10-15T00:08:08,255,45,1,300
2023-10-15T00:21:17,255,45,1,300
2023-10-15T00:34:24,255,45,1,300
2023-10-15T00:57:10,255,45,1,300
2023-10-15T01:10:33,255,45,1,300
2023-10-15T01:23:46,255,45,1,300
2023-10-15T01:36:59,255,45,1,300
2023-10-15T01:50:12,255,45,1,300
2023-10-15T02:03:25,255,45,1,300
2023-10-15T02:16:38,255,45,1,300
2023-10-15T02:29:48,255,45,1,300
2023-10-15T02:42:59,255,45,1,300
2023-10-15T02:56:10,255,45,1,300
2023-10-15T03:09:21,255,45,1,300
2023-10-15T03:22:32,255,45,1,300
2023-10-15T03:35:42,255,45,1,300
2023-10-15T03:48:53,255,45,1,300
2023-10-15T04:02:04,255,45,1,300
2023-10-15T04:20:15,255,45,1,300
2023-10-15T04:34:45,255,45,1,300
2023-10-15T04:48:15,255,45,1,300
2023-10-15T05:01:27,255,45,1,300
2023-10-15T05:14:39,255,45,1,300
2023-10-15T05:27:52,255,45,1,300
2023-10-15T05:41:03,255,45,1,300
2023-10-15T05:54:16,255,45,1,300
2023-10-15T06:07:28,255,45,1,300
2023-10-15T06:20:39,255,45,1,300
2023-10-15T06:33:50,255,45,1,300
2023-10-15T06:47:00,255,45,1,300
2023-10-15T07:00:13,255,45,1,300
2023-10-15T07:13:25,255,45,1,300
2023-10-15T07:26:33,255,45,1,300
2023-10-15T07:39:42,255,45,1,300
2023-10-15T07:52:48,255,45,1,300
2023-10-15T08:05:55,255,45,1,300
2023-10-15T08:19:01,255,45,1,300
2023-10-15T08:32:09,255,45,1,300
2023-10-15T08:45:16,255,45,1,300
2023-10-15T08:58:31,255,45,1,300
2023-10-15T09:11:38,255,45,1,300
2023-10-15T09:24:45,255,45,1,300
2023-10-15T09:37:52,255,45,1,300
2023-10-15T09:50:58,255,45,1,300
2023-10-15T10:04:04,255,45,1,300
2023-10-15T10:17:10,255,45,1,300
2023-10-15T10:30:16,255,45,1,300
2023-10-15T10:43:23,255,45,1,300
2023-10-15T10:56:29,255,45,1,300
2023-10-15T11:09:35,255,45,1,300
2023-10-15T11:22:42,255,45,1,300
2023-10-15T11:35:47,255,45,1,300
2023-10-15T11:48:53,255,45,1,300
2023-10-15T12:01:59,255,45,1,300
2023-10-15T12:15:04,255,45,1,300
2023-10-15T12:28:11,255,45,1,300
2023-10-15T12:41:26,255,45,1,300
2023-10-15T12:54:32,255,45,1,300
2023-10-15T13:07:38,255,45,1,300
2023-10-15T13:20:44,255,45,1,300
2023-10-15T13:33:49,255,45,1,300
2023-10-15T13:46:55,255,45,1,300
2023-10-15T14:00:01,255,45,1,300
2023-10-15T14:13:07,255,45,1,300
2023-10-15T14:26:13,255,45,1,300
2023-10-15T14:39:19,255,45,1,300
2023-10-15T14:52:25,255,45,1,300
2023-10-15T15:05:31,255,45,1,300
2023-10-15T15:18:37,255,45,1,300
2023-10-15T15:31:43,255,45,1,300
2023-10-15T15:44:49,255,45,1,300
2023-10-15T15:57:54,255,45,1,300
2023-10-15T16:11:01,255,45,1,300
2023-10-15T16:24:18,255,45,1,300
2023-10-15T16:37:24,255,45,1,300
2023-10-15T16:50:30,255,45,1,300
2023-10-15T17:03:36,255,45,1,300
2023-10-15T17:16:42,255,45,1,300
2023-10-15T17:29:48,255,45,1,300
2023-10-15T17:42:54,255,45,1,300
2023-10-15T17:55:59,255,45,1,300
2023-10-15T18:09:05,255,45,1,300
2023-10-15T18:22:11,255,45,1,300
2023-10-15T18:35:17,255,45,1,300
2023-10-15T18:48:24,255,45,1,300
2023-10-15T19:01:30,255,45,1,300
2023-10-15T19:14:40,255,45,1,300
2023-10-15T19:27:50,255,45,1,300
2023-10-15T19:41:08,255,45,1,300
2023-10-15T19:54:15,255,45,1,300
2023-10-15T20:07:21,255,45,1,300
2023-10-15T20:20:28,255,45,1,300
2023-10-15T20:33:34,255,45,1,300
2023-10-15T20:46:40,255,45,1,300
2023-10-15T20:59:47,255,45,1,300
2023-10-15T21:12:53,255,45,1,300
2023-10-15T21:26:00,255,45,1,300
2023-10-15T21:39:06,255,45,1,300
2023-10-15T21:52:13,255,45,1,300
2023-10-15T22:05:18,255,45,1,300
2023-10-15T22:18:25,255,45,1,300
2023-10-15T22:31:44,255,45,1,300
2023-10-15T22:44:50,255,45,1,300
2023-10-15T22:57:57,255,45,1,300
2023-10-15T23:11:04,255,45,1,300
2023-10-15T23:24:12,255,45,1,300
2023-10-15T23:37:19,255,45,1,300
2023-10-15T23:50:25,255,45,1,300
2023-10-16T00:03:31,255,45,1,300
2023-10-16T00:16:47,255,45,1,300
2023-10-16T00:30:14,255,45,1,300
2023-10-16T00:43:28,255,45,1,300
2023-10-16T00:56:38,255,45,1,300
2023-10-16T01:09:49,255,45,1,300
2023-10-16T01:23:10,255,45,1,300
2023-10-16T01:36:24,255,45,1,300
2023-10-16T01:49:36,255,45,1,300
2023-10-16T02:02:48,255,45,1,300
2023-10-16T02:15:59,255,45,1,300
2023-10-16T02:29:09,255,45,1,300
2023-10-16T02:42:32,255,45,1,300
2023-10-16T02:55:40,255,45,1,300
2023-10-16T03:08:50,255,45,1,300
2023-10-16T03:22:01,255,45,1,300
2023-10-16T03:35:21,255,45,1,300
2023-10-16T03:48:30,255,45,1,300
2023-10-16T04:02:33,255,45,1,300
2023-10-16T04:17:11,255,45,1,300
2023-10-16T04:26:22,255,45,1,300
2023-10-16T04:40:01,255,45,1,300
2023-10-16T04:53:14,255,45,1,300
2023-10-16T05:06:36,255,45,1,300
2023-10-16T05:19:50,255,45,1,300
2023-10-16T05:33:02,255,45,1,300
2023-10-16T05:46:15,255,45,1,300
2023-10-16T05:59:27,255,45,1,300
2023-10-16T06:12:39,255,45,1,300
2023-10-16T06:25:50,255,45,1,300
2023-10-16T06:39:01,255,45,1,300
2023-10-16T06:52:16,255,45,1,300
2023-10-16T07:05:25,255,45,1,300
2023-10-16T07:18:32,255,45,1,300
2023-10-16T07:31:40,255,45,1,300
2023-10-16T07:44:55,255,45,1,300
2023-10-16T07:58:01,255,45,1,300
2023-10-16T08:11:08,255,45,1,300
2023-10-16T08:24:16,255,45,1,300
2023-10-16T08:37:24,255,45,1,300
2023-10-16T08:50:32,255,45,1,300
2023-10-16T09:03:39,255,45,1,300
2023-10-16T09:16:46,255,45,1,300
2023-10-16T09:29:52,255,45,1,300
2023-10-16T09:42:59,255,45,1,300
2023-10-16T10:00:31,255,45,1,300
2023-10-16T10:14:12,255,45,1,300
2023-10-16T10:27:20,255,45,1,300
2023-10-16T10:40:28,255,45,1,300
2023-10-16T10:53:35,255,45,1,300
2023-10-16T11:06:43,255,45,1,300
2023-10-16T11:19:50,255,45,1,300
2023-10-16T11:32:58,255,45,1,300
2023-10-16T11:46:16,255,45,1,300
2023-10-16T11:59:24,255,45,1,300
2023-10-16T12:12:31,255,45,1,300
2023-10-16T12:25:38,255,45,1,300
2023-10-16T12:38:46,255,45,1,300
2023-10-16T12:51:53,255,45,1,300
2023-10-16T13:05:00,255,45,1,300
2023-10-16T13:18:08,255,45,1,300
2023-10-16T13:31:27,255,45,1,300
2023-10-16T13:44:35,255,45,1,300
2023-10-16T13:57:44,255,45,1,300
2023-10-16T14:10:53,255,45,1,300
2023-10-16T14:24:01,255,45,1,300
2023-10-16T14:37:08,256,45,0,300
2023-10-16T14:50:15,256,45,0,300
2023-10-16T15:03:23,256,45,0,300
2023-10-16T15:16:41,256,45,0,300
2023-10-16T15:29:48,256,45,0,300
2023-10-16T15:42:56,256,45,0,300
2023-10-16T15:56:03,256,45,0,300
2023-10-16T16:09:10,256,45,0,300
2023-10-16T16:22:17,256,45,0,300
2023-10-16T16:35:24,256,45,0,300
2023-10-16T16:48:30,256,45,0,300
2023-10-16T17:01:37,256,45,0,300
2023-10-16T17:14:56,256,45,0,300
2023-10-16T17:28:03,256,45,0,300
2023-10-16T17:41:10,256,45,0,300
2023-10-16T17:54:17,256,45,0,300
2023-10-16T18:07:24,256,45,0,300
2023-10-16T18:20:31,256,45,0,300
2023-10-16T18:33:38,256,45,0,300
2023-10-16T18:46:45,256,45,0,300
2023-10-16T18:59:52,256,45,0,300
2023-10-16T19:12:59,256,45,0,300
2023-10-16T19:26:06,256,45,0,300
2023-10-16T19:39:27,256,45,0,300
2023-10-16T19:52:34,256,45,0,300
2023-10-16T20:05:41,256,45,0,300
2023-10-16T20:18:47,256,45,0,300
2023-10-16T20:31:54,256,45,0,300
2023-10-16T20:45:00,256,45,0,300
2023-10-16T20:58:07,256,45,0,300
2023-10-16T21:11:15,256,45,0,300
2023-10-16T21:24:22,256,45,0,300
2023-10-16T21:37:29,256,45,0,300
2023-10-16T21:50:36,256,45,0,300
2023-10-16T22:03:54,256,45,0,300
2023-10-16T22:17:02,256,45,0,300
2023-10-16T22:30:09,256,45,0,300
2023-10-16T22:43:16,256,45,0,300
2023-10-16T22:56:22,256,45,0,300
2023-10-16T23:09:30,256,45,0,300
2023-10-16T23:22:37,256,45,0,300
2023-10-16T23:35:45,256,45,0,300
2023-10-16T23:48:52,256,45,0,300
2023-10-17T00:01:59,256,45,0,300
2023-10-17T00:15:18,256,45,0,300
2023-10-17T00:28:31,256,45,0,300
2023-10-17T00:41:43,256,45,0,300
2023-10-17T00:54:57,256,45,0,300
2023-10-17T01:08:10,256,45,0,300
2023-10-17T01:21:21,256,45,0,300
2023-10-17T01:34:33,256,45,0,300
2023-10-17T01:47:44,256,45,0,300
2023-10-17T02:00:55,256,45,0,300
2023-10-17T02:14:04,256,45,0,300
2023-10-17T02:27:12,256,45,0,300
2023-10-17T02:40:21,256,45,0,300
2023-10-17T02:53:29,256,45,0,300
2023-10-17T03:06:38,256,45,0,300
2023-10-17T03:19:49,256,45,0,300
2023-10-17T03:32:59,256,45,0,300
2023-10-17T03:46:11,256,45,0,300
2023-10-17T03:59:34,256,45,0,300
2023-10-17T04:16:08,256,45,0,300
2023-10-17T04:29:22,256,45,0,300
2023-10-17T04:43:51,256,45,0,300
2023-10-17T04:57:24,256,45,0,300
2023-10-17T05:10:41,256,45,0,300
2023-10-17T05:23:54,256,45,0,300
2023-10-17T05:37:05,256,45,0,300
2023-10-17T05:50:17,256,45,0,300
2023-10-17T06:03:28,256,45,0,300
2023-10-17T06:16:38,256,45,0,300
2023-10-17T06:29:50,256,45,0,300
2023-10-17T06:43:02,256,45,0,300
2023-10-17T06:56:16,256,45,0,300
2023-10-17T07:09:27,256,45,0,300
2023-10-17T07:22:38,256,45,0,300
2023-10-17T07:35:48,256,45,0,300
2023-10-17T07:48:57,256,45,0,300
2023-10-17T08:02:07,256,45,0,300
2023-10-17T08:15:16,256,45,0,300
2023-10-17T08:28:27,256,45,0,300
2023-10-17T08:41:35,256,45,0,300
2023-10-17T08:54:43,256,45,0,300
2023-10-17T09:08:02,256,45,0,300
2023-10-17T09:21:09,256,45,0,300
2023-10-17T09:34:17,256,45,0,300
2023-10-17T09:47:25,256,45,0,300
2023-10-17T10:00:33,256,45,0,300
2023-10-17T10:13:41,256,45,0,300
2023-10-17T10:26:51,256,45,0,300
2023-10-17T10:39:59,256,45,0,300
2023-10-17T10:53:07,256,45,0,300
2023-10-17T11:06:14,256,45,0,300
2023-10-17T11:19:22,256,45,0,300
2023-10-17T11:32:42,256,45,0,300
2023-10-17T11:45:50,256,45,0,300
2023-10-17T11:58:58,256,45,0,300
2023-10-17T12:12:07,256,45,0,300
2023-10-17T12:25:15,256,45,0,300
2023-10-17T12:38:23,256,45,0,300
2023-10-17T12:51:32,256,45,0,300
2023-10-17T13:04:40,256,45,0,300
2023-10-17T13:18:00,256,45,0,300
2023-10-17T13:31:08,256,45,0,300
2023-10-17T13:44:16,256,45,0,300
2023-10-17T13:57:24,256,45,0,300
2023-10-17T14:10:31,256,45,0,300
2023-10-17T14:23:39,256,45,0,300
2023-10-17T14:36:47,256,45,0,300
2023-10-17T14:49:55,256,45,0,300
2023-10-17T15:03:03,256,45,0,300
2023-10-17T15:16:23,256,45,0,300
2023-10-17T15:29:31,256,45,0,300
2023-10-17T15:42:39,256,45,0,300
2023-10-17T15:55:47,256,45,0,300
2023-10-17T16:08:55,256,45,0,300
2023-10-17T16:22:05,256,45,0,300
2023-10-17T16:35:13,256,45,0,300
2023-10-17T16:48:32,256,45,0,300
2023-10-17T17:01:40,256,45,0,300
2023-10-17T17:14:49,256,45,0,300
2023-10-17T17:27:56,256,45,0,300
2023-10-17T17:41:04,256,45,0,300
2023-10-17T17:54:12,256,45,0,300
2023-10-17T18:07:21,256,45,0,300
2023-10-17T18:20:29,256,45,0,300
2023-10-17T18:33:38,256,45,0,300
2023-10-17T18:46:57,256,45,0,300
2023-10-17T19:00:04,256,45,0,300
2023-10-17T19:13:13,256,45,0,300
2023-10-17T19:26:21,256,45,0,300
2023-10-17T19:39:29,256,45,0,300
2023-10-17T19:52:37,256,45,0,300
2023-10-17T20:05:45,256,45,0,300
2023-10-17T20:18:53,256,45,0,300
2023-10-17T20:32:01,256,45,0,300
2023-10-17T20:45:09,256,45,0,300
2023-10-17T20:58:17,256,45,0,300
2023-10-17T21:11:26,256,45,0,300
2023-10-17T21:24:34,256,45,0,300
2023-10-17T21:37:41,256,45,0,300
2023-10-17T21:51:00,256,45,0,300
2023-10-17T22:04:08,256,45,0,300
2023-10-17T22:17:16,256,45,0,300
2023-10-17T22:30:24,256,45,0,300
2023-10-17T22:43:32,256,45,0,300
2023-10-17T22:56:39,256,45,0,300
2023-10-17T23:09:59,256,45,0,300
2023-10-17T23:23:07,256,45,0,300
2023-10-17T23:36:16,256,45,0,300
2023-10-17T23:49:24,256,45,0,300
2023-10-18T00:02:34,256,45,0,300
2023-10-18T00:15:47,256,45,0,300
2023-10-18T00:29:00,256,45,0,300
2023-10-18T00:42:13,256,45,0,300
2023-10-18T00:55:37,256,45,0,300
2023-10-18T01:08:51,256,45,0,300
2023-10-18T01:22:04,256,45,0,300
2023-10-18T01:35:18,256,45,0,300
2023-10-18T01:48:32,256,45,0,300
2023-10-18T02:01:46,256,45,0,300
2023-10-18T02:14:59,256,45,0,300
2023-10-18T02:28:11,256,45,0,300
2023-10-18T02:41:20,256,45,0,300
2023-10-18T02:54:32,256,45,0,300
2023-10-18T03:07:43,256,45,0,300
2023-10-18T03:20:54,256,45,0,300
2023-10-18T03:34:06,256,45,0,300
2023-10-18T03:47:27,256,45,0,300
2023-10-18T04:00:40,256,45,0,300
2023-10-18T04:14:04,256,45,0,300
2023-10-18T04:27:55,256,45,0,300
2023-10-18T04:42:40,256,45,0,300
2023-10-18T04:55:56,256,45,0,300
2023-10-18T05:09:13,256,45,0,300
2023-10-18T05:22:27,256,45,0,300
2023-10-18T05:35:40,256,45,0,300
2023-10-18T05:48:54,256,45,0,300
2023-10-18T06:02:07,256,45,0,300
2023-10-18T06:15:24,256,45,0,300
2023-10-18T06:28:37,256,45,0,300
2023-10-18T06:41:52,256,45,0,300
2023-10-18T06:55:05,256,45,0,300
2023-10-18T07:08:18,256,45,0,300
2023-10-18T07:21:29,256,45,0,300
2023-10-18T07:34:40,256,45,0,300
2023-10-18T07:47:51,256,45,0,300
2023-10-18T08:01:02,256,45,0,300
2023-10-18T08:14:13,256,45,0,300
2023-10-18T08:27:25,256,45,0,300
2023-10-18T08:40:37,256,45,0,300
2023-10-18T08:53:46,256,45,0,300
2023-10-18T09:06:54,256,45,0,300
2023-10-18T09:20:29,256,45,0,300
2023-10-18T09:33:38,256,45,0,300
2023-10-18T09:46:46,256,45,0,300
2023-10-18T09:59:55,256,45,0,300
2023-10-18T10:13:04,256,45,0,300
2023-10-18T10:26:12,256,45,0,300
2023-10-18T10:39:21,256,45,0,300
2023-10-18T10:52:30,256,45,0,300
2023-10-18T11:05:39,256,45,0,300
2023-10-18T11:18:48,256,45,0,300
2023-10-18T11:31:56,256,45,0,300
2023-10-18T11:45:17,256,45,0,300
