time,enrolled,available,waitlisted,total
2023-08-08T14:59:36,0,9999,0,9999
2023-08-08T15:12:23,0,9999,0,9999
2023-08-08T15:25:01,0,9999,0,9999
2023-08-08T15:37:38,0,9999,0,9999
2023-08-08T15:50:15,0,9999,0,9999
2023-08-08T16:02:52,0,9999,0,9999
2023-08-08T16:15:28,0,9999,0,9999
2023-08-08T16:28:06,0,9999,0,9999
2023-08-08T16:40:53,0,9999,0,9999
2023-08-08T16:53:30,0,9999,0,9999
2023-08-08T17:06:07,0,9999,0,9999
2023-08-08T17:18:44,0,9999,0,9999
2023-08-08T17:31:21,0,9999,0,9999
2023-08-08T17:43:58,0,9999,0,9999
2023-08-08T17:56:55,0,9999,0,9999
2023-08-08T18:09:31,0,9999,0,9999
2023-08-08T18:22:08,0,9999,0,9999
2023-08-08T18:34:46,0,9999,0,9999
2023-08-08T18:47:22,0,9999,0,9999
2023-08-08T18:59:59,0,9999,0,9999
2023-08-08T19:12:38,0,9999,0,9999
2023-08-08T19:25:15,0,9999,0,9999
2023-08-08T19:38:03,0,9999,0,9999
2023-08-08T19:50:40,0,9999,0,9999
2023-08-08T20:03:20,0,9999,0,9999
2023-08-08T20:15:56,0,9999,0,9999
2023-08-08T20:28:33,0,9999,0,9999
2023-08-08T20:41:10,0,9999,0,9999
2023-08-08T20:53:47,0,9999,0,9999
2023-08-08T21:06:23,0,9999,0,9999
2023-08-08T21:19:11,0,9999,0,9999
2023-08-08T21:31:48,0,9999,0,9999
2023-08-08T21:44:25,0,9999,0,9999
2023-08-08T21:57:03,0,9999,0,9999
2023-08-08T22:09:39,0,9999,0,9999
2023-08-08T22:22:16,0,9999,0,9999
2023-08-08T22:34:52,0,9999,0,9999
2023-08-08T22:47:29,0,9999,0,9999
2023-08-08T23:00:16,0,9999,0,9999
2023-08-08T23:12:56,0,9999,0,9999
2023-08-08T23:25:34,0,9999,0,9999
2023-08-08T23:38:12,0,9999,0,9999
2023-08-08T23:50:49,0,9999,0,9999
2023-08-09T00:03:28,0,9999,0,9999
2023-08-09T00:16:11,0,9999,0,9999
2023-08-09T00:28:47,0,9999,0,9999
2023-08-09T00:41:25,0,9999,0,9999
2023-08-09T00:54:02,0,9999,0,9999
2023-08-09T01:06:55,0,9999,0,9999
2023-08-09T01:19:32,0,9999,0,9999
2023-08-09T01:32:09,0,9999,0,9999
2023-08-09T01:44:45,0,9999,0,9999
2023-08-09T01:57:23,0,9999,0,9999
2023-08-09T02:10:02,0,9999,0,9999
2023-08-09T02:22:40,0,9999,0,9999
2023-08-09T02:35:19,0,9999,0,9999
2023-08-09T02:47:56,0,9999,0,9999
2023-08-09T03:00:34,0,9999,0,9999
2023-08-09T03:13:14,0,9999,0,9999
2023-08-09T03:25:54,0,9999,0,9999
2023-08-09T03:38:34,0,9999,0,9999
2023-08-09T03:51:15,0,9999,0,9999
2023-08-09T04:04:06,0,9999,0,9999
2023-08-09T04:18:54,0,9999,0,9999
2023-08-09T04:31:38,0,9999,0,9999
2023-08-09T04:44:19,0,9999,0,9999
2023-08-09T04:56:59,0,9999,0,9999
2023-08-09T05:09:42,0,9999,0,9999
2023-08-09T05:22:21,0,9999,0,9999
2023-08-09T05:35:02,0,9999,0,9999
2023-08-09T05:47:43,0,9999,0,9999
2023-08-09T06:00:23,0,9999,0,9999
2023-08-09T06:13:03,0,9999,0,9999
2023-08-09T06:25:45,0,9999,0,9999
2023-08-09T06:38:26,0,9999,0,9999
2023-08-09T06:51:06,0,9999,0,9999
2023-08-09T07:03:46,0,9999,0,9999
2023-08-09T07:16:25,0,9999,0,9999
2023-08-09T07:29:03,0,9999,0,9999
2023-08-09T07:41:42,0,9999,0,9999
2023-08-09T07:54:21,0,9999,0,9999
2023-08-09T08:07:12,0,9999,0,9999
2023-08-09T08:19:50,0,9999,0,9999
2023-08-09T08:32:29,0,9999,0,9999
2023-08-09T08:45:07,0,9999,0,9999
2023-08-09T08:57:45,0,9999,0,9999
2023-08-09T09:10:23,0,9999,0,9999
2023-08-09T09:23:00,0,9999,0,9999
2023-08-09T09:35:37,0,9999,0,9999
2023-08-09T09:48:13,0,9999,0,9999
2023-08-09T10:00:50,0,9999,0,9999
2023-08-09T10:13:36,0,9999,0,9999
2023-08-09T10:26:12,0,9999,0,9999
2023-08-09T10:38:49,0,9999,0,9999
2023-08-09T10:51:25,0,9999,0,9999
2023-08-09T11:04:01,0,9999,0,9999
2023-08-09T11:16:38,0,9999,0,9999
2023-08-09T11:29:25,0,9999,0,9999
2023-08-09T11:42:02,0,9999,0,9999
2023-08-09T11:54:38,0,9999,0,9999
2023-08-09T12:07:24,0,9999,0,9999
2023-08-09T12:20:00,0,9999,0,9999
2023-08-09T12:32:38,0,9999,0,9999
2023-08-09T12:45:24,0,9999,0,9999
2023-08-09T12:58:00,0,9999,0,9999
2023-08-09T13:10:48,0,9999,0,9999
2023-08-09T13:23:24,0,9999,0,9999
2023-08-09T13:36:00,0,9999,0,9999
2023-08-09T13:48:47,0,9999,0,9999
2023-08-09T14:03:42,0,9999,0,9999
2023-08-09T14:16:47,0,9999,0,9999
2023-08-09T14:29:35,0,9999,0,9999
2023-08-09T14:42:11,0,9999,0,9999
2023-08-09T14:54:48,0,9999,0,9999
2023-08-09T15:07:26,0,9999,0,9999
2023-08-09T15:20:03,0,9999,0,9999
2023-08-09T15:32:40,0,9999,0,9999
2023-08-09T15:45:17,0,9999,0,9999
2023-08-09T15:58:03,0,9999,0,9999
2023-08-09T16:10:40,0,9999,0,9999
2023-08-09T16:23:18,0,9999,0,9999
2023-08-09T16:35:54,0,9999,0,9999
2023-08-09T16:48:31,0,9999,0,9999
2023-08-09T17:01:07,0,9999,0,9999
2023-08-09T17:13:45,0,9999,0,9999
2023-08-09T17:26:22,0,9999,0,9999
2023-08-09T17:39:09,0,9999,0,9999
2023-08-09T17:51:45,0,9999,0,9999
2023-08-09T18:04:22,0,9999,0,9999
2023-08-09T18:16:59,0,9999,0,9999
2023-08-09T18:29:36,0,9999,0,9999
2023-08-09T18:42:13,0,9999,0,9999
2023-08-09T18:54:50,0,9999,0,9999
2023-08-09T19:07:29,0,9999,0,9999
2023-08-09T19:20:06,0,9999,0,9999
2023-08-09T19:32:42,0,9999,0,9999
2023-08-09T19:45:20,0,9999,0,9999
2023-08-09T19:58:07,0,9999,0,9999
2023-08-09T20:10:44,0,9999,0,9999
2023-08-09T20:23:20,0,9999,0,9999
2023-08-09T20:35:56,0,9999,0,9999
2023-08-09T20:48:33,0,9999,0,9999
2023-08-09T21:01:09,0,9999,0,9999
2023-08-09T21:13:46,0,9999,0,9999
2023-08-09T21:26:22,0,9999,0,9999
2023-08-09T21:39:00,0,9999,0,9999
2023-08-09T21:51:40,0,9999,0,9999
2023-08-09T22:04:27,0,9999,0,9999
2023-08-09T22:17:03,0,9999,0,9999
2023-08-09T22:29:40,0,9999,0,9999
2023-08-09T22:42:17,0,9999,0,9999
2023-08-09T22:54:53,0,9999,0,9999
2023-08-09T23:07:32,0,9999,0,9999
2023-08-09T23:20:10,0,9999,0,9999
2023-08-09T23:32:47,0,9999,0,9999
2023-08-09T23:45:25,0,9999,0,9999
2023-08-09T23:58:02,0,9999,0,9999
2023-08-10T00:10:42,0,9999,0,9999
2023-08-10T00:23:25,0,9999,0,9999
2023-08-10T00:36:03,0,9999,0,9999
2023-08-10T00:48:41,0,9999,0,9999
2023-08-10T01:01:30,0,9999,0,9999
2023-08-10T01:14:08,0,9999,0,9999
2023-08-10T01:26:45,0,9999,0,9999
2023-08-10T01:39:22,0,9999,0,9999
2023-08-10T01:52:01,0,9999,0,9999
2023-08-10T02:04:38,0,9999,0,9999
2023-08-10T02:17:13,0,9999,0,9999
2023-08-10T02:29:48,0,9999,0,9999
2023-08-10T02:42:24,0,9999,0,9999
2023-08-10T02:55:03,0,9999,0,9999
2023-08-10T03:07:40,0,9999,0,9999
2023-08-10T03:20:19,0,9999,0,9999
2023-08-10T03:32:58,0,9999,0,9999
2023-08-10T03:45:37,0,9999,0,9999
2023-08-10T03:58:17,0,9999,0,9999
2023-08-10T04:13:19,0,9999,0,9999
2023-08-10T04:26:53,0,9999,0,9999
2023-08-10T04:39:59,0,9999,0,9999
2023-08-10T04:52:41,0,9999,0,9999
2023-08-10T05:05:22,0,9999,0,9999
2023-08-10T05:18:00,0,9999,0,9999
2023-08-10T05:30:40,0,9999,0,9999
2023-08-10T05:43:17,0,9999,0,9999
2023-08-10T05:56:10,0,9999,0,9999
2023-08-10T06:08:51,0,9999,0,9999
2023-08-10T06:21:31,0,9999,0,9999
2023-08-10T06:34:12,0,9999,0,9999
2023-08-10T06:46:52,0,9999,0,9999
2023-08-10T06:59:33,0,9999,0,9999
2023-08-10T07:12:16,0,9999,0,9999
2023-08-10T07:24:56,0,9999,0,9999
2023-08-10T07:37:36,0,9999,0,9999
2023-08-10T07:50:14,0,9999,0,9999
2023-08-10T08:02:52,0,9999,0,9999
2023-08-10T08:15:31,0,9999,0,9999
2023-08-10T08:28:11,0,9999,0,9999
2023-08-10T08:41:00,0,9999,0,9999
2023-08-10T08:53:38,0,9999,0,9999
2023-08-10T09:06:17,0,9999,0,9999
2023-08-10T09:18:56,0,9999,0,9999
2023-08-10T09:31:35,0,9999,0,9999
2023-08-10T09:44:13,0,9999,0,9999
2023-08-10T09:56:52,0,9999,0,9999
2023-08-10T10:09:31,0,9999,0,9999
2023-08-10T10:22:11,0,9999,0,9999
2023-08-10T10:34:50,0,9999,0,9999
2023-08-10T10:47:38,0,9999,0,9999
2023-08-10T11:00:14,0,9999,0,9999
2023-08-10T11:12:52,0,9999,0,9999
2023-08-10T11:25:29,0,9999,0,9999
2023-08-10T11:38:06,0,9999,0,9999
2023-08-10T11:50:43,0,9999,0,9999
2023-08-10T12:03:20,0,9999,0,9999
2023-08-10T12:15:56,0,9999,0,9999
2023-08-10T12:28:43,0,9999,0,9999
2023-08-10T12:41:22,0,9999,0,9999
2023-08-10T12:53:58,0,9999,0,9999
2023-08-10T13:06:35,0,9999,0,9999
2023-08-10T13:19:12,0,9999,0,9999
2023-08-10T13:31:50,0,9999,0,9999
2023-08-10T13:44:28,0,9999,0,9999
2023-08-10T13:57:05,0,9999,0,9999
2023-08-10T14:09:43,0,9999,0,9999
2023-08-10T14:22:31,0,9999,0,9999
2023-08-10T14:35:10,0,9999,0,9999
2023-08-10T14:47:47,0,9999,0,9999
2023-08-10T15:00:24,0,9999,0,9999
2023-08-10T15:13:02,0,9999,0,9999
2023-08-10T15:25:40,0,9999,0,9999
2023-08-10T15:38:17,0,9999,0,9999
2023-08-10T15:50:54,0,9999,0,9999
2023-08-10T16:03:42,0,9999,0,9999
2023-08-10T16:16:18,0,9999,0,9999
2023-08-10T16:28:56,0,9999,0,9999
2023-08-10T16:41:32,0,9999,0,9999
2023-08-10T16:54:10,0,9999,0,9999
2023-08-10T17:06:47,0,9999,0,9999
2023-08-10T17:19:28,0,9999,0,9999
2023-08-10T17:32:15,0,9999,0,9999
2023-08-10T17:44:52,0,9999,0,9999
2023-08-10T17:57:30,0,9999,0,9999
2023-08-10T18:10:07,0,9999,0,9999
2023-08-10T18:22:46,0,9999,0,9999
2023-08-10T18:35:24,0,9999,0,9999
2023-08-10T18:48:01,0,9999,0,9999
2023-08-10T19:00:39,0,9999,0,9999
2023-08-10T19:13:18,0,9999,0,9999
2023-08-10T19:25:56,0,9999,0,9999
2023-08-10T19:38:34,0,9999,0,9999
2023-08-10T19:51:23,0,9999,0,9999
2023-08-10T20:04:01,0,9999,0,9999
2023-08-10T20:16:38,0,9999,0,9999
2023-08-10T20:29:17,0,9999,0,9999
2023-08-10T20:41:55,0,9999,0,9999
2023-08-10T20:54:33,0,9999,0,9999
2023-08-10T21:07:11,0,9999,0,9999
2023-08-10T21:19:49,0,9999,0,9999
2023-08-10T21:32:27,0,9999,0,9999
2023-08-10T21:45:04,0,9999,0,9999
2023-08-10T21:57:41,0,9999,0,9999
2023-08-10T22:10:29,0,9999,0,9999
2023-08-10T22:23:06,0,9999,0,9999
2023-08-10T22:35:43,0,9999,0,9999
2023-08-10T22:48:21,0,9999,0,9999
2023-08-10T23:00:58,0,9999,0,9999
2023-08-10T23:13:40,0,9999,0,9999
2023-08-10T23:26:18,0,9999,0,9999
2023-08-10T23:38:56,0,9999,0,9999
2023-08-10T23:51:34,0,9999,0,9999
2023-08-11T00:04:15,0,9999,0,9999
2023-08-11T00:16:57,0,9999,0,9999
2023-08-11T00:29:38,0,9999,0,9999
2023-08-11T00:42:19,0,9999,0,9999
2023-08-11T00:55:11,0,9999,0,9999
2023-08-11T01:07:53,0,9999,0,9999
2023-08-11T01:20:35,0,9999,0,9999
2023-08-11T01:33:17,0,9999,0,9999
2023-08-11T01:46:00,0,9999,0,9999
2023-08-11T01:58:45,0,9999,0,9999
2023-08-11T02:11:24,0,9999,0,9999
2023-08-11T02:24:02,0,9999,0,9999
2023-08-11T02:36:39,0,9999,0,9999
2023-08-11T02:49:17,0,9999,0,9999
2023-08-11T03:01:55,0,9999,0,9999
2023-08-11T03:14:34,0,9999,0,9999
2023-08-11T03:27:15,0,9999,0,9999
2023-08-11T03:39:56,0,9999,0,9999
2023-08-11T03:52:36,0,9999,0,9999
2023-08-11T04:05:17,0,9999,0,9999
2023-08-11T04:18:10,0,9999,0,9999
2023-08-11T04:30:55,0,9999,0,9999
2023-08-11T04:45:25,0,9999,0,9999
2023-08-11T04:58:09,0,9999,0,9999
2023-08-11T05:10:51,0,9999,0,9999
2023-08-11T05:23:33,0,9999,0,9999
2023-08-11T05:36:15,0,9999,0,9999
2023-08-11T05:48:57,0,9999,0,9999
2023-08-11T06:01:38,0,9999,0,9999
2023-08-11T06:14:19,0,9999,0,9999
2023-08-11T06:26:59,0,9999,0,9999
2023-08-11T06:39:41,0,9999,0,9999
2023-08-11T06:52:20,0,9999,0,9999
2023-08-11T07:05:04,0,9999,0,9999
2023-08-11T07:17:44,0,9999,0,9999
2023-08-11T07:30:24,0,9999,0,9999
2023-08-11T07:43:02,0,9999,0,9999
2023-08-11T07:55:42,0,9999,0,9999
2023-08-11T08:08:22,0,9999,0,9999
2023-08-11T08:21:02,0,9999,0,9999
2023-08-11T08:33:43,0,9999,0,9999
2023-08-11T08:46:23,0,9999,0,9999
2023-08-11T08:59:01,0,9999,0,9999
2023-08-11T09:11:51,0,9999,0,9999
2023-08-11T09:24:31,0,9999,0,9999
2023-08-11T09:37:10,0,9999,0,9999
2023-08-11T09:49:50,0,9999,0,9999
2023-08-11T10:02:28,0,9999,0,9999
2023-08-11T10:15:07,0,9999,0,9999
2023-08-11T10:27:45,0,9999,0,9999
2023-08-11T10:40:22,0,9999,0,9999
2023-08-11T10:52:59,0,9999,0,9999
2023-08-11T11:05:37,0,9999,0,9999
2023-08-11T11:18:14,0,9999,0,9999
2023-08-11T11:30:52,0,9999,0,9999
2023-08-11T11:43:30,0,9999,0,9999
2023-08-11T11:56:17,0,9999,0,9999
2023-08-11T12:08:54,0,9999,0,9999
2023-08-11T12:21:32,0,9999,0,9999
2023-08-11T12:34:09,0,9999,0,9999
2023-08-11T12:46:46,0,9999,0,9999
2023-08-11T12:59:24,0,9999,0,9999
2023-08-11T13:12:01,0,9999,0,9999
2023-08-11T13:24:38,0,9999,0,9999
2023-08-11T13:37:16,0,9999,0,9999
2023-08-11T13:49:53,0,9999,0,9999
2023-08-11T14:02:40,0,9999,0,9999
2023-08-11T14:15:17,0,9999,0,9999
2023-08-11T14:27:54,0,9999,0,9999
2023-08-11T14:40:32,0,9999,0,9999
2023-08-11T14:53:10,0,9999,0,9999
2023-08-11T15:05:48,0,9999,0,9999
2023-08-11T15:18:25,0,9999,0,9999
2023-08-11T15:31:03,0,9999,0,9999
2023-08-11T15:43:41,0,9999,0,9999
2023-08-11T15:56:18,0,9999,0,9999
2023-08-11T16:08:55,0,9999,0,9999
2023-08-11T16:21:44,0,9999,0,9999
2023-08-11T16:34:21,0,9999,0,9999
2023-08-11T16:46:58,0,9999,0,9999
2023-08-11T16:59:36,0,9999,0,9999
2023-08-11T17:12:14,0,9999,0,9999
2023-08-11T17:24:51,0,9999,0,9999
2023-08-11T17:37:28,0,9999,0,9999
2023-08-11T17:50:06,0,9999,0,9999
2023-08-11T18:02:43,0,9999,0,9999
2023-08-11T18:15:20,0,9999,0,9999
2023-08-11T18:27:58,0,9999,0,9999
2023-08-11T18:40:35,0,9999,0,9999
2023-08-11T18:53:13,0,9999,0,9999
2023-08-11T19:06:02,0,9999,0,9999
2023-08-11T19:18:41,0,9999,0,9999
2023-08-11T19:31:19,0,9999,0,9999
2023-08-11T19:43:56,0,9999,0,9999
2023-08-11T19:56:34,0,9999,0,9999
2023-08-11T20:09:12,0,9999,0,9999
2023-08-11T20:21:49,0,9999,0,9999
2023-08-11T20:34:28,0,9999,0,9999
2023-08-11T20:47:05,0,9999,0,9999
2023-08-11T20:59:43,0,9999,0,9999
2023-08-11T21:12:21,0,9999,0,9999
2023-08-11T21:25:09,0,9999,0,9999
2023-08-11T21:37:47,0,9999,0,9999
2023-08-11T21:50:25,0,9999,0,9999
2023-08-11T22:03:04,0,9999,0,9999
2023-08-11T22:15:41,0,9999,0,9999
2023-08-11T22:28:19,0,9999,0,9999
2023-08-11T22:40:57,0,9999,0,9999
2023-08-11T22:53:35,0,9999,0,9999
2023-08-11T23:06:14,0,9999,0,9999
2023-08-11T23:18:52,0,9999,0,9999
2023-08-11T23:31:30,0,9999,0,9999
2023-08-11T23:44:10,0,9999,0,9999
2023-08-11T23:57:00,0,9999,0,9999
2023-08-12T00:09:39,0,9999,0,9999
2023-08-12T00:22:24,0,9999,0,9999
2023-08-12T00:35:05,0,9999,0,9999
2023-08-12T00:48:25,0,9999,0,9999
2023-08-12T01:01:09,0,9999,0,9999
2023-08-12T01:13:50,0,9999,0,9999
2023-08-12T01:26:32,0,9999,0,9999
2023-08-12T01:39:14,0,9999,0,9999
2023-08-12T01:51:57,0,9999,0,9999
2023-08-12T02:04:40,0,9999,0,9999
2023-08-12T02:17:19,0,9999,0,9999
2023-08-12T02:29:59,0,9999,0,9999
2023-08-12T02:42:40,0,9999,0,9999
2023-08-12T02:55:17,0,9999,0,9999
2023-08-12T03:07:56,0,9999,0,9999
2023-08-12T03:20:36,0,9999,0,9999
2023-08-12T03:33:15,0,9999,0,9999
2023-08-12T03:45:55,0,9999,0,9999
2023-08-12T03:58:45,0,9999,0,9999
2023-08-12T04:13:38,0,9999,0,9999
2023-08-12T04:27:29,0,9999,0,9999
2023-08-12T04:40:34,0,9999,0,9999
2023-08-12T04:53:17,0,9999,0,9999
2023-08-12T05:05:58,0,9999,0,9999
2023-08-12T05:18:37,0,9999,0,9999
2023-08-12T05:31:17,0,9999,0,9999
2023-08-12T05:43:56,0,9999,0,9999
2023-08-12T05:56:35,0,9999,0,9999
2023-08-12T06:09:17,0,9999,0,9999
2023-08-12T06:21:58,0,9999,0,9999
2023-08-12T06:34:41,0,9999,0,9999
2023-08-12T06:47:22,0,9999,0,9999
2023-08-12T07:00:03,0,9999,0,9999
2023-08-12T07:12:44,0,9999,0,9999
2023-08-12T07:25:25,0,9999,0,9999
2023-08-12T07:38:05,0,9999,0,9999
2023-08-12T07:50:45,0,9999,0,9999
2023-08-12T08:03:25,0,9999,0,9999
2023-08-12T08:16:14,0,9999,0,9999
2023-08-12T08:28:56,0,9999,0,9999
2023-08-12T08:41:37,0,9999,0,9999
2023-08-12T08:54:18,0,9999,0,9999
2023-08-12T09:06:58,0,9999,0,9999
2023-08-12T09:19:39,0,9999,0,9999
2023-08-12T09:32:19,0,9999,0,9999
2023-08-12T09:45:00,0,9999,0,9999
2023-08-12T09:57:41,0,9999,0,9999
2023-08-12T10:10:21,0,9999,0,9999
2023-08-12T10:23:02,0,9999,0,9999
2023-08-12T10:35:56,0,9999,0,9999
2023-08-12T10:48:37,0,9999,0,9999
2023-08-12T11:01:17,0,9999,0,9999
2023-08-12T11:13:57,0,9999,0,9999
2023-08-12T11:26:38,0,9999,0,9999
2023-08-12T11:39:18,0,9999,0,9999
2023-08-12T11:51:57,0,9999,0,9999
2023-08-12T12:04:37,0,9999,0,9999
2023-08-12T12:17:18,0,9999,0,9999
2023-08-12T12:29:58,0,9999,0,9999
2023-08-12T12:42:37,0,9999,0,9999
2023-08-12T12:55:15,0,9999,0,9999
2023-08-12T13:07:53,0,9999,0,9999
2023-08-12T13:20:30,0,9999,0,9999
2023-08-12T13:33:18,0,9999,0,9999
2023-08-12T13:45:55,0,9999,0,9999
2023-08-12T13:58:33,0,9999,0,9999
2023-08-12T14:11:10,0,9999,0,9999
2023-08-12T14:23:48,0,9999,0,9999
2023-08-12T14:36:26,0,9999,0,9999
2023-08-12T14:49:03,0,9999,0,9999
2023-08-12T15:01:40,0,9999,0,9999
2023-08-12T15:14:18,0,9999,0,9999
2023-08-12T15:26:56,0,9999,0,9999
2023-08-12T15:39:33,0,9999,0,9999
2023-08-12T15:52:11,0,9999,0,9999
2023-08-12T16:04:49,0,9999,0,9999
2023-08-12T16:17:27,0,9999,0,9999
2023-08-12T16:30:05,0,9999,0,9999
2023-08-12T16:42:42,0,9999,0,9999
2023-08-12T16:55:19,0,9999,0,9999
2023-08-12T17:08:08,0,9999,0,9999
2023-08-12T17:20:46,0,9999,0,9999
2023-08-12T17:33:24,0,9999,0,9999
2023-08-12T17:46:02,0,9999,0,9999
2023-08-12T17:58:41,0,9999,0,9999
2023-08-12T18:11:19,0,9999,0,9999
2023-08-12T18:23:57,0,9999,0,9999
2023-08-12T18:36:36,0,9999,0,9999
2023-08-12T18:49:13,0,9999,0,9999
2023-08-12T19:01:51,0,9999,0,9999
2023-08-12T19:14:30,0,9999,0,9999
2023-08-12T19:27:08,0,9999,0,9999
2023-08-12T19:39:46,0,9999,0,9999
2023-08-12T19:52:24,0,9999,0,9999
2023-08-12T20:05:01,0,9999,0,9999
2023-08-12T20:17:39,0,9999,0,9999
2023-08-12T20:30:27,0,9999,0,9999
2023-08-12T20:43:05,0,9999,0,9999
2023-08-12T20:55:42,0,9999,0,9999
2023-08-12T21:08:21,0,9999,0,9999
2023-08-12T21:20:59,0,9999,0,9999
2023-08-12T21:33:38,0,9999,0,9999
2023-08-12T21:46:15,0,9999,0,9999
2023-08-12T21:58:53,0,9999,0,9999
2023-08-12T22:11:31,0,9999,0,9999
2023-08-12T22:24:09,0,9999,0,9999
2023-08-12T22:36:46,0,9999,0,9999
2023-08-12T22:49:24,0,9999,0,9999
2023-08-12T23:02:01,0,9999,0,9999
2023-08-12T23:14:43,0,9999,0,9999
2023-08-12T23:27:21,0,9999,0,9999
2023-08-12T23:39:58,0,9999,0,9999
2023-08-12T23:52:36,0,9999,0,9999
2023-08-13T00:05:15,0,9999,0,9999
2023-08-13T00:18:07,0,9999,0,9999
2023-08-13T00:30:48,0,9999,0,9999
2023-08-13T00:43:28,0,9999,0,9999
2023-08-13T00:56:06,0,9999,0,9999
2023-08-13T01:08:44,0,9999,0,9999
2023-08-13T01:21:23,0,9999,0,9999
2023-08-13T01:34:00,0,9999,0,9999
2023-08-13T01:46:39,0,9999,0,9999
2023-08-13T01:59:17,0,9999,0,9999
2023-08-13T02:11:55,0,9999,0,9999
2023-08-13T02:24:33,0,9999,0,9999
2023-08-13T02:37:19,0,9999,0,9999
2023-08-13T02:50:04,0,9999,0,9999
2023-08-13T03:02:49,0,9999,0,9999
2023-08-13T03:15:48,0,9999,0,9999
2023-08-13T03:28:31,0,9999,0,9999
2023-08-13T03:41:16,0,9999,0,9999
2023-08-13T03:54:45,0,9999,0,9999
2023-08-13T04:15:09,0,9999,0,9999
2023-08-13T04:29:26,0,9999,0,9999
2023-08-13T04:42:13,0,9999,0,9999
2023-08-13T04:55:00,0,9999,0,9999
2023-08-13T05:07:43,0,9999,0,9999
2023-08-13T05:20:26,0,9999,0,9999
2023-08-13T05:33:08,0,9999,0,9999
2023-08-13T05:45:51,0,9999,0,9999
2023-08-13T05:58:35,0,9999,0,9999
2023-08-13T06:11:17,0,9999,0,9999
2023-08-13T06:23:59,0,9999,0,9999
2023-08-13T06:36:41,0,9999,0,9999
2023-08-13T06:49:22,0,9999,0,9999
2023-08-13T07:02:02,0,9999,0,9999
2023-08-13T07:14:43,0,9999,0,9999
2023-08-13T07:27:24,0,9999,0,9999
2023-08-13T07:40:06,0,9999,0,9999
2023-08-13T07:52:47,0,9999,0,9999
2023-08-13T08:05:30,0,9999,0,9999
2023-08-13T08:18:13,0,9999,0,9999
2023-08-13T08:30:54,0,9999,0,9999
2023-08-13T08:43:35,0,9999,0,9999
2023-08-13T08:56:14,0,9999,0,9999
2023-08-13T09:09:01,0,9999,0,9999
2023-08-13T09:21:39,0,9999,0,9999
2023-08-13T09:34:19,0,9999,0,9999
2023-08-13T09:46:57,0,9999,0,9999
2023-08-13T09:59:36,0,9999,0,9999
2023-08-13T10:12:15,0,9999,0,9999
2023-08-13T10:24:53,0,9999,0,9999
2023-08-13T10:37:34,0,9999,0,9999
2023-08-13T10:50:14,0,9999,0,9999
2023-08-13T11:02:53,0,9999,0,9999
2023-08-13T11:15:32,0,9999,0,9999
2023-08-13T11:28:10,0,9999,0,9999
2023-08-13T11:40:49,0,9999,0,9999
2023-08-13T11:53:38,0,9999,0,9999
2023-08-13T12:06:15,0,9999,0,9999
2023-08-13T12:18:54,0,9999,0,9999
2023-08-13T12:31:32,0,9999,0,9999
2023-08-13T12:44:11,0,9999,0,9999
2023-08-13T12:56:49,0,9999,0,9999
2023-08-13T13:09:26,0,9999,0,9999
2023-08-13T13:22:04,0,9999,0,9999
2023-08-13T13:34:42,0,9999,0,9999
2023-08-13T13:47:20,0,9999,0,9999
2023-08-13T13:59:58,0,9999,0,9999
2023-08-13T14:12:37,0,9999,0,9999
2023-08-13T14:25:25,0,9999,0,9999
2023-08-13T14:38:03,0,9999,0,9999
2023-08-13T14:50:41,0,9999,0,9999
2023-08-13T15:03:19,0,9999,0,9999
2023-08-13T15:15:57,0,9999,0,9999
2023-08-13T15:28:35,0,9999,0,9999
2023-08-13T15:41:12,0,9999,0,9999
2023-08-13T15:53:50,0,9999,0,9999
2023-08-13T16:06:28,0,9999,0,9999
2023-08-13T16:19:07,0,9999,0,9999
2023-08-13T16:31:46,0,9999,0,9999
2023-08-13T16:44:36,0,9999,0,9999
2023-08-13T16:57:14,0,9999,0,9999
2023-08-13T17:09:53,0,9999,0,9999
2023-08-13T17:22:31,0,9999,0,9999
2023-08-13T17:35:09,0,9999,0,9999
2023-08-13T17:47:47,0,9999,0,9999
2023-08-13T18:00:24,0,9999,0,9999
2023-08-13T18:13:03,0,9999,0,9999
2023-08-13T18:25:41,0,9999,0,9999
2023-08-13T18:38:19,0,9999,0,9999
2023-08-13T18:50:56,0,9999,0,9999
2023-08-13T19:03:46,0,9999,0,9999
2023-08-13T19:16:26,0,9999,0,9999
2023-08-13T19:29:04,0,9999,0,9999
2023-08-13T19:41:42,0,9999,0,9999
2023-08-13T19:54:19,0,9999,0,9999
2023-08-13T20:06:57,0,9999,0,9999
2023-08-13T20:19:35,0,9999,0,9999
2023-08-13T20:32:13,0,9999,0,9999
2023-08-13T20:44:50,0,9999,0,9999
2023-08-13T20:57:27,0,9999,0,9999
2023-08-13T21:10:05,0,9999,0,9999
2023-08-13T21:22:53,0,9999,0,9999
2023-08-13T21:35:32,0,9999,0,9999
2023-08-13T21:48:12,0,9999,0,9999
2023-08-13T22:00:50,0,9999,0,9999
2023-08-13T22:13:28,0,9999,0,9999
2023-08-13T22:26:06,0,9999,0,9999
2023-08-13T22:38:44,0,9999,0,9999
2023-08-13T22:51:21,0,9999,0,9999
2023-08-13T23:03:59,0,9999,0,9999
2023-08-13T23:16:40,0,9999,0,9999
2023-08-13T23:29:31,0,9999,0,9999
2023-08-13T23:42:08,0,9999,0,9999
2023-08-13T23:54:46,0,9999,0,9999
2023-08-14T00:07:28,0,9999,0,9999
2023-08-14T00:20:19,0,9999,0,9999
2023-08-14T00:33:13,0,9999,0,9999
2023-08-14T00:45:55,0,9999,0,9999
2023-08-14T00:58:36,0,9999,0,9999
2023-08-14T01:11:16,0,9999,0,9999
2023-08-14T01:24:01,0,9999,0,9999
2023-08-14T01:36:53,0,9999,0,9999
2023-08-14T01:49:36,0,9999,0,9999
2023-08-14T02:02:18,0,9999,0,9999
2023-08-14T02:15:11,0,9999,0,9999
2023-08-14T02:27:51,0,9999,0,9999
2023-08-14T02:40:32,0,9999,0,9999
2023-08-14T02:53:12,0,9999,0,9999
2023-08-14T03:05:52,0,9999,0,9999
2023-08-14T03:18:34,0,9999,0,9999
2023-08-14T03:31:15,0,9999,0,9999
2023-08-14T03:43:55,0,9999,0,9999
2023-08-14T03:56:36,0,9999,0,9999
2023-08-14T04:15:50,0,9999,0,9999
2023-08-14T04:29:00,0,9999,0,9999
2023-08-14T04:41:42,0,9999,0,9999
2023-08-14T04:54:25,0,9999,0,9999
2023-08-14T05:07:08,0,9999,0,9999
2023-08-14T05:19:49,0,9999,0,9999
2023-08-14T05:32:32,0,9999,0,9999
2023-08-14T05:45:15,0,9999,0,9999
2023-08-14T05:57:56,0,9999,0,9999
2023-08-14T06:10:38,0,9999,0,9999
2023-08-14T06:23:19,0,9999,0,9999
2023-08-14T06:36:04,0,9999,0,9999
2023-08-14T06:48:45,0,9999,0,9999
2023-08-14T07:01:25,0,9999,0,9999
2023-08-14T07:14:05,0,9999,0,9999
2023-08-14T07:26:43,0,9999,0,9999
2023-08-14T07:39:22,0,9999,0,9999
2023-08-14T07:52:11,0,9999,0,9999
2023-08-14T08:04:49,0,9999,0,9999
2023-08-14T08:17:27,0,9999,0,9999
2023-08-14T08:30:07,0,9999,0,9999
2023-08-14T08:42:44,0,9999,0,9999
2023-08-14T08:55:22,0,9999,0,9999
2023-08-14T09:08:00,0,9999,0,9999
2023-08-14T09:20:38,0,9999,0,9999
2023-08-14T09:33:15,0,9999,0,9999
2023-08-14T09:46:03,0,9999,0,9999
2023-08-14T09:58:41,0,9999,0,9999
2023-08-14T10:11:19,0,9999,0,9999
2023-08-14T10:23:57,0,9999,0,9999
2023-08-14T10:36:36,0,9999,0,9999
2023-08-14T10:49:24,0,9999,0,9999
2023-08-14T11:02:03,0,9999,0,9999
2023-08-14T11:14:42,0,9999,0,9999
2023-08-14T11:27:20,0,9999,0,9999
2023-08-14T11:39:58,0,9999,0,9999
2023-08-14T11:52:36,0,9999,0,9999
2023-08-14T12:05:24,0,9999,0,9999
2023-08-14T12:18:01,0,9999,0,9999
2023-08-14T12:30:39,0,9999,0,9999
2023-08-14T12:43:17,0,9999,0,9999
2023-08-14T12:55:55,0,9999,0,9999
2023-08-14T13:08:42,0,9999,0,9999
2023-08-14T13:21:21,0,9999,0,9999
2023-08-14T13:33:59,0,9999,0,9999
2023-08-14T13:46:37,0,9999,0,9999
2023-08-14T13:59:28,0,9999,0,9999
2023-08-14T14:12:06,0,9999,0,9999
2023-08-14T14:24:44,0,9999,0,9999
2023-08-14T14:37:23,0,9999,0,9999
2023-08-14T14:50:02,0,9999,0,9999
2023-08-14T15:02:41,0,9999,0,9999
2023-08-14T15:15:30,0,9999,0,9999
2023-08-14T15:28:08,0,9999,0,9999
2023-08-14T15:40:47,0,9999,0,9999
2023-08-14T15:53:26,0,9999,0,9999
2023-08-14T16:06:04,0,9999,0,9999
2023-08-14T16:18:42,0,9999,0,9999
2023-08-14T16:31:32,0,9999,0,9999
2023-08-14T16:44:11,0,9999,0,9999
2023-08-14T16:56:51,0,9999,0,9999
2023-08-14T17:09:29,0,9999,0,9999
2023-08-14T17:22:09,0,9999,0,9999
2023-08-14T17:34:48,0,9999,0,9999
2023-08-14T17:47:26,0,9999,0,9999
2023-08-14T18:00:05,0,9999,0,9999
2023-08-14T18:12:44,0,9999,0,9999
2023-08-14T18:25:33,0,9999,0,9999
2023-08-14T18:38:11,0,9999,0,9999
2023-08-14T18:50:49,0,9999,0,9999
2023-08-14T19:03:28,0,9999,0,9999
2023-08-14T19:16:07,0,9999,0,9999
2023-08-14T19:28:45,0,9999,0,9999
2023-08-14T19:41:34,0,9999,0,9999
2023-08-14T19:54:12,0,9999,0,9999
2023-08-14T20:06:50,0,9999,0,9999
2023-08-14T20:19:28,0,9999,0,9999
2023-08-14T20:32:06,0,9999,0,9999
2023-08-14T20:44:56,0,9999,0,9999
2023-08-14T20:57:34,0,9999,0,9999
2023-08-14T21:10:13,0,9999,0,9999
2023-08-14T21:22:52,0,9999,0,9999
2023-08-14T21:35:30,0,9999,0,9999
2023-08-14T21:48:09,0,9999,0,9999
2023-08-14T22:00:47,0,9999,0,9999
2023-08-14T22:13:35,0,9999,0,9999
2023-08-14T22:26:14,0,9999,0,9999
2023-08-14T22:38:52,0,9999,0,9999
2023-08-14T22:51:30,0,9999,0,9999
2023-08-14T23:04:10,0,9999,0,9999
2023-08-14T23:16:51,0,9999,0,9999
2023-08-14T23:29:31,0,9999,0,9999
2023-08-14T23:42:10,0,9999,0,9999
2023-08-14T23:54:49,0,9999,0,9999
2023-08-15T00:07:30,0,9999,0,9999
2023-08-15T00:20:22,0,9999,0,9999
2023-08-15T00:33:04,0,9999,0,9999
2023-08-15T00:45:47,0,9999,0,9999
2023-08-15T00:58:30,0,9999,0,9999
2023-08-15T01:11:13,0,9999,0,9999
2023-08-15T01:23:55,0,9999,0,9999
2023-08-15T01:36:38,0,9999,0,9999
2023-08-15T01:49:19,0,9999,0,9999
2023-08-15T02:02:04,0,9999,0,9999
2023-08-15T02:14:46,0,9999,0,9999
2023-08-15T02:27:26,0,9999,0,9999
2023-08-15T02:40:08,0,9999,0,9999
2023-08-15T02:52:47,0,9999,0,9999
2023-08-15T03:05:26,0,9999,0,9999
2023-08-15T03:18:06,0,9999,0,9999
2023-08-15T03:30:47,0,9999,0,9999
2023-08-15T03:43:27,0,9999,0,9999
2023-08-15T03:56:09,0,9999,0,9999
2023-08-15T04:10:34,0,9999,0,9999
2023-08-15T04:35:25,0,9999,0,9999
2023-08-15T04:48:12,0,9999,0,9999
2023-08-15T05:00:56,0,9999,0,9999
2023-08-15T05:13:37,0,9999,0,9999
2023-08-15T05:26:18,0,9999,0,9999
2023-08-15T05:38:57,0,9999,0,9999
2023-08-15T05:51:36,0,9999,0,9999
2023-08-15T06:04:15,0,9999,0,9999
2023-08-15T06:16:55,0,9999,0,9999
2023-08-15T06:29:38,0,9999,0,9999
2023-08-15T06:42:19,0,9999,0,9999
2023-08-15T06:55:01,0,9999,0,9999
2023-08-15T07:07:50,0,9999,0,9999
2023-08-15T07:20:31,0,9999,0,9999
2023-08-15T07:33:12,0,9999,0,9999
2023-08-15T07:46:00,0,9999,0,9999
2023-08-15T07:58:40,0,9999,0,9999
2023-08-15T08:11:22,0,9999,0,9999
2023-08-15T08:24:01,0,9999,0,9999
2023-08-15T08:36:43,0,9999,0,9999
2023-08-15T08:49:25,0,9999,0,9999
2023-08-15T09:02:08,0,9999,0,9999
2023-08-15T09:14:49,0,9999,0,9999
2023-08-15T09:27:33,0,9999,0,9999
2023-08-15T09:40:18,0,9999,0,9999
2023-08-15T09:53:00,0,9999,0,9999
2023-08-15T10:05:55,0,9999,0,9999
2023-08-15T10:18:36,0,9999,0,9999
2023-08-15T10:31:22,0,9999,0,9999
2023-08-15T10:44:03,0,9999,0,9999
2023-08-15T10:56:45,0,9999,0,9999
2023-08-15T11:09:24,0,9999,0,9999
2023-08-15T11:22:04,0,9999,0,9999
2023-08-15T11:34:44,0,9999,0,9999
2023-08-15T11:47:24,0,9999,0,9999
2023-08-15T12:00:03,0,9999,0,9999
2023-08-15T12:12:53,0,9999,0,9999
2023-08-15T12:25:31,0,9999,0,9999
2023-08-15T12:38:10,0,9999,0,9999
2023-08-15T12:50:48,0,9999,0,9999
2023-08-15T13:03:27,0,9999,0,9999
2023-08-15T13:16:04,0,9999,0,9999
2023-08-15T13:28:43,0,9999,0,9999
2023-08-15T13:41:33,0,9999,0,9999
2023-08-15T13:54:11,0,9999,0,9999
2023-08-15T14:06:50,0,9999,0,9999
2023-08-15T14:19:29,0,9999,0,9999
2023-08-15T14:32:10,0,9999,0,9999
2023-08-15T14:44:49,0,9999,0,9999
2023-08-15T14:57:28,0,9999,0,9999
2023-08-15T15:10:07,0,9999,0,9999
2023-08-15T15:22:56,0,9999,0,9999
2023-08-15T15:35:34,0,9999,0,9999
2023-08-15T15:48:14,0,9999,0,9999
2023-08-15T16:00:53,0,9999,0,9999
2023-08-15T16:13:32,0,9999,0,9999
2023-08-15T16:26:12,0,9999,0,9999
2023-08-15T16:38:52,0,9999,0,9999
2023-08-15T16:51:31,0,9999,0,9999
2023-08-15T17:04:21,0,9999,0,9999
2023-08-15T17:17:02,0,9999,0,9999
2023-08-15T17:29:40,0,9999,0,9999
2023-08-15T17:42:19,0,9999,0,9999
2023-08-15T17:54:57,0,9999,0,9999
2023-08-15T18:07:36,0,9999,0,9999
2023-08-15T18:20:15,0,9999,0,9999
2023-08-15T18:32:54,0,9999,0,9999
2023-08-15T18:45:32,0,9999,0,9999
2023-08-15T18:58:20,0,9999,0,9999
2023-08-15T19:11:00,0,9999,0,9999
2023-08-15T19:23:38,0,9999,0,9999
2023-08-15T19:36:18,0,9999,0,9999
2023-08-15T19:48:56,0,9999,0,9999
2023-08-15T20:01:35,0,9999,0,9999
2023-08-15T20:14:14,0,9999,0,9999
2023-08-15T20:26:52,0,9999,0,9999
2023-08-15T20:39:31,0,9999,0,9999
2023-08-15T20:52:09,0,9999,0,9999
2023-08-15T21:04:58,0,9999,0,9999
2023-08-15T21:17:36,0,9999,0,9999
2023-08-15T21:30:14,0,9999,0,9999
2023-08-15T21:42:52,0,9999,0,9999
2023-08-15T21:55:31,0,9999,0,9999
2023-08-15T22:08:11,0,9999,0,9999
2023-08-15T22:20:49,0,9999,0,9999
2023-08-15T22:33:28,0,9999,0,9999
2023-08-15T22:46:06,0,9999,0,9999
2023-08-15T22:58:56,0,9999,0,9999
2023-08-15T23:11:36,0,9999,0,9999
2023-08-15T23:24:15,0,9999,0,9999
2023-08-15T23:36:54,0,9999,0,9999
2023-08-15T23:49:34,0,9999,0,9999
2023-08-16T00:02:14,0,9999,0,9999
2023-08-16T00:14:57,0,9999,0,9999
2023-08-16T00:27:39,0,9999,0,9999
2023-08-16T00:40:22,0,9999,0,9999
2023-08-16T00:53:05,0,9999,0,9999
2023-08-16T01:06:00,0,9999,0,9999
2023-08-16T01:18:43,0,9999,0,9999
2023-08-16T01:31:26,0,9999,0,9999
2023-08-16T01:44:10,0,9999,0,9999
2023-08-16T01:56:54,0,9999,0,9999
2023-08-16T02:09:45,0,9999,0,9999
2023-08-16T02:22:24,0,9999,0,9999
2023-08-16T02:35:04,0,9999,0,9999
2023-08-16T02:47:43,0,9999,0,9999
2023-08-16T03:00:33,0,9999,0,9999
2023-08-16T03:13:13,0,9999,0,9999
2023-08-16T03:25:52,0,9999,0,9999
2023-08-16T03:38:31,0,9999,0,9999
2023-08-16T03:51:13,0,9999,0,9999
2023-08-16T04:03:55,0,9999,0,9999
2023-08-16T04:25:13,0,9999,0,9999
2023-08-16T04:38:21,0,9999,0,9999
2023-08-16T04:51:10,0,9999,0,9999
2023-08-16T05:03:53,0,9999,0,9999
2023-08-16T05:16:35,0,9999,0,9999
2023-08-16T05:29:25,0,9999,0,9999
2023-08-16T05:42:09,0,9999,0,9999
2023-08-16T05:54:53,0,9999,0,9999
2023-08-16T06:07:44,0,9999,0,9999
2023-08-16T06:20:27,0,9999,0,9999
2023-08-16T06:33:11,0,9999,0,9999
2023-08-16T06:45:52,0,9999,0,9999
2023-08-16T06:58:34,0,9999,0,9999
2023-08-16T07:11:26,0,9999,0,9999
2023-08-16T07:24:07,0,9999,0,9999
2023-08-16T07:36:48,0,9999,0,9999
2023-08-16T07:49:28,0,9999,0,9999
2023-08-16T08:02:18,0,9999,0,9999
2023-08-16T08:14:58,0,9999,0,9999
2023-08-16T08:27:39,0,9999,0,9999
2023-08-16T08:40:20,0,9999,0,9999
2023-08-16T08:53:10,0,9999,0,9999
2023-08-16T09:05:50,0,9999,0,9999
2023-08-16T09:18:31,0,9999,0,9999
2023-08-16T09:31:19,0,9999,0,9999
2023-08-16T09:43:57,0,9999,0,9999
2023-08-16T09:56:36,0,9999,0,9999
2023-08-16T10:09:15,0,9999,0,9999
2023-08-16T10:22:02,0,9999,0,9999
2023-08-16T10:34:41,0,9999,0,9999
2023-08-16T10:47:20,0,9999,0,9999
2023-08-16T11:00:07,0,9999,0,9999
2023-08-16T11:12:45,0,9999,0,9999
2023-08-16T11:25:23,0,9999,0,9999
2023-08-16T11:38:11,0,9999,0,9999
2023-08-16T11:50:50,0,9999,0,9999
2023-08-16T12:03:29,0,9999,0,9999
2023-08-16T12:16:17,0,9999,0,9999
2023-08-16T12:28:56,0,9999,0,9999
2023-08-16T12:41:34,0,9999,0,9999
2023-08-16T12:54:22,0,9999,0,9999
2023-08-16T13:07:00,0,9999,0,9999
2023-08-16T13:19:39,0,9999,0,9999
2023-08-16T13:32:17,0,9999,0,9999
2023-08-16T13:44:56,0,9999,0,9999
2023-08-16T13:57:38,0,9999,0,9999
2023-08-16T14:10:17,0,9999,0,9999
2023-08-16T14:22:55,0,9999,0,9999
2023-08-16T14:35:43,0,9999,0,9999
2023-08-16T14:48:21,0,9999,0,9999
2023-08-16T15:01:00,0,9999,0,9999
2023-08-16T15:13:39,0,9999,0,9999
2023-08-16T15:26:18,0,9999,0,9999
2023-08-16T15:38:58,0,9999,0,9999
2023-08-16T15:51:37,0,9999,0,9999
2023-08-16T16:04:16,0,9999,0,9999
2023-08-16T16:16:55,0,9999,0,9999
2023-08-16T16:29:45,0,9999,0,9999
2023-08-16T16:42:24,0,9999,0,9999
2023-08-16T16:55:03,0,9999,0,9999
2023-08-16T17:07:42,0,9999,0,9999
2023-08-16T17:20:22,0,9999,0,9999
2023-08-16T17:33:01,0,9999,0,9999
2023-08-16T17:45:39,0,9999,0,9999
2023-08-16T17:58:18,0,9999,0,9999
2023-08-16T18:10:56,0,9999,0,9999
2023-08-16T18:23:45,0,9999,0,9999
2023-08-16T18:36:25,0,9999,0,9999
2023-08-16T18:49:03,0,9999,0,9999
2023-08-16T19:01:42,0,9999,0,9999
2023-08-16T19:14:24,0,9999,0,9999
2023-08-16T19:27:03,0,9999,0,9999
2023-08-16T19:39:43,0,9999,0,9999
2023-08-16T19:52:23,0,9999,0,9999
2023-08-16T20:05:02,0,9999,0,9999
2023-08-16T20:17:41,0,9999,0,9999
2023-08-16T20:30:31,0,9999,0,9999
2023-08-16T20:43:10,0,9999,0,9999
2023-08-16T20:55:49,0,9999,0,9999
2023-08-16T21:08:28,0,9999,0,9999
2023-08-16T21:21:07,0,9999,0,9999
2023-08-16T21:33:47,0,9999,0,9999
2023-08-16T21:46:27,0,9999,0,9999
2023-08-16T21:59:06,0,9999,0,9999
2023-08-16T22:11:45,0,9999,0,9999
2023-08-16T22:24:23,1,9998,0,9999
2023-08-16T22:37:12,1,9998,0,9999
2023-08-16T22:49:51,1,9998,0,9999
2023-08-16T23:02:30,1,9998,0,9999
2023-08-16T23:15:13,1,9998,0,9999
2023-08-16T23:27:52,1,9998,0,9999
2023-08-16T23:40:32,1,9998,0,9999
2023-08-16T23:53:12,1,9998,0,9999
2023-08-17T00:05:53,1,9998,0,9999
2023-08-17T00:18:39,1,9998,0,9999
2023-08-17T00:31:23,1,9998,0,9999
2023-08-17T00:44:06,1,9998,0,9999
2023-08-17T00:56:59,1,9998,0,9999
2023-08-17T01:09:44,1,9998,0,9999
2023-08-17T01:22:26,1,9998,0,9999
2023-08-17T01:35:10,1,9998,0,9999
2023-08-17T01:47:53,1,9998,0,9999
2023-08-17T02:00:36,1,9998,0,9999
2023-08-17T02:13:18,1,9998,0,9999
2023-08-17T02:25:57,1,9998,0,9999
2023-08-17T02:38:38,1,9998,0,9999
2023-08-17T02:51:17,1,9998,0,9999
2023-08-17T03:04:02,1,9998,0,9999
2023-08-17T03:16:46,1,9998,0,9999
2023-08-17T03:29:31,1,9998,0,9999
2023-08-17T03:42:13,1,9998,0,9999
2023-08-17T03:54:56,1,9998,0,9999
2023-08-17T04:18:03,1,9998,0,9999
2023-08-17T04:31:13,1,9998,0,9999
2023-08-17T04:43:58,1,9998,0,9999
2023-08-17T04:56:42,1,9998,0,9999
2023-08-17T05:09:27,1,9998,0,9999
2023-08-17T05:22:10,1,9998,0,9999
2023-08-17T05:34:54,1,9998,0,9999
2023-08-17T05:47:37,1,9998,0,9999
2023-08-17T06:00:20,1,9998,0,9999
2023-08-17T06:13:02,1,9998,0,9999
2023-08-17T06:25:44,1,9998,0,9999
2023-08-17T06:38:29,1,9998,0,9999
2023-08-17T06:51:13,1,9998,0,9999
2023-08-17T07:03:55,1,9998,0,9999
2023-08-17T07:16:41,1,9998,0,9999
2023-08-17T07:29:36,1,9998,0,9999
2023-08-17T07:42:17,1,9998,0,9999
2023-08-17T07:55:05,1,9998,0,9999
2023-08-17T08:07:46,1,9998,0,9999
2023-08-17T08:20:25,1,9998,0,9999
2023-08-17T08:33:05,1,9998,0,9999
2023-08-17T08:45:44,1,9998,0,9999
2023-08-17T08:58:23,1,9998,0,9999
2023-08-17T09:11:03,1,9998,0,9999
2023-08-17T09:23:42,1,9998,0,9999
2023-08-17T09:36:22,1,9998,0,9999
2023-08-17T09:49:03,1,9998,0,9999
2023-08-17T10:01:43,1,9998,0,9999
2023-08-17T10:14:35,1,9998,0,9999
2023-08-17T10:27:14,1,9998,0,9999
2023-08-17T10:39:53,1,9998,0,9999
2023-08-17T10:52:32,1,9998,0,9999
2023-08-17T11:05:11,1,9998,0,9999
2023-08-17T11:17:50,1,9998,0,9999
2023-08-17T11:30:30,1,9998,0,9999
2023-08-17T11:43:09,1,9998,0,9999
2023-08-17T11:55:48,1,9998,0,9999
2023-08-17T12:08:37,1,9998,0,9999
2023-08-17T12:21:16,1,9998,0,9999
2023-08-17T12:33:55,1,9998,0,9999
2023-08-17T12:46:35,1,9998,0,9999
2023-08-17T12:59:14,1,9998,0,9999
2023-08-17T13:11:53,1,9998,0,9999
2023-08-17T13:24:32,1,9998,0,9999
2023-08-17T13:37:11,1,9998,0,9999
2023-08-17T13:50:00,1,9998,0,9999
2023-08-17T14:02:40,1,9998,0,9999
2023-08-17T14:15:18,1,9998,0,9999
2023-08-17T14:27:58,1,9998,0,9999
2023-08-17T14:40:37,1,9998,0,9999
2023-08-17T14:53:16,1,9998,0,9999
2023-08-17T15:05:55,1,9998,0,9999
2023-08-17T15:18:35,1,9998,0,9999
2023-08-17T15:31:15,1,9998,0,9999
2023-08-17T15:43:55,1,9998,0,9999
2023-08-17T15:56:46,1,9998,0,9999
2023-08-17T16:09:25,1,9998,0,9999
2023-08-17T16:22:05,1,9998,0,9999
2023-08-17T16:34:44,1,9998,0,9999
2023-08-17T16:47:24,1,9998,0,9999
2023-08-17T17:00:04,1,9998,0,9999
2023-08-17T17:12:44,1,9998,0,9999
2023-08-17T17:25:24,1,9998,0,9999
2023-08-17T17:38:14,1,9998,0,9999
2023-08-17T17:50:54,1,9998,0,9999
2023-08-17T18:03:34,1,9998,0,9999
2023-08-17T18:16:14,1,9998,0,9999
2023-08-17T18:28:53,1,9998,0,9999
2023-08-17T18:41:33,1,9998,0,9999
2023-08-17T18:54:14,1,9998,0,9999
2023-08-17T19:06:54,1,9998,0,9999
2023-08-17T19:19:34,1,9998,0,9999
2023-08-17T19:32:26,1,9998,0,9999
2023-08-17T19:45:07,1,9998,0,9999
2023-08-17T19:57:48,1,9998,0,9999
2023-08-17T20:10:28,1,9998,0,9999
2023-08-17T20:23:08,1,9998,0,9999
2023-08-17T20:35:48,1,9998,0,9999
2023-08-17T20:48:27,1,9998,0,9999
2023-08-17T21:01:07,1,9998,0,9999
2023-08-17T21:13:47,1,9998,0,9999
2023-08-17T21:26:27,1,9998,0,9999
2023-08-17T21:39:07,1,9998,0,9999
2023-08-17T21:51:47,1,9998,0,9999
2023-08-17T22:04:37,1,9998,0,9999
2023-08-17T22:17:17,1,9998,0,9999
2023-08-17T22:29:57,1,9998,0,9999
2023-08-17T22:42:38,1,9998,0,9999
2023-08-17T22:55:19,1,9998,0,9999
2023-08-17T23:08:02,1,9998,0,9999
2023-08-17T23:20:43,1,9998,0,9999
2023-08-17T23:33:24,1,9998,0,9999
2023-08-17T23:46:05,1,9998,0,9999
2023-08-17T23:58:47,1,9998,0,9999
2023-08-18T00:11:29,1,9998,0,9999
2023-08-18T00:24:23,1,9998,0,9999
2023-08-18T00:37:17,1,9998,0,9999
2023-08-18T00:50:01,1,9998,0,9999
2023-08-18T01:02:46,1,9998,0,9999
2023-08-18T01:15:31,1,9998,0,9999
2023-08-18T01:28:16,1,9998,0,9999
2023-08-18T01:41:00,1,9998,0,9999
2023-08-18T01:53:44,1,9998,0,9999
2023-08-18T02:06:31,1,9998,0,9999
2023-08-18T02:19:37,1,9998,0,9999
2023-08-18T02:32:21,1,9998,0,9999
2023-08-18T02:45:05,1,9998,0,9999
2023-08-18T02:57:50,1,9998,0,9999
2023-08-18T03:10:34,1,9998,0,9999
2023-08-18T03:23:18,1,9998,0,9999
2023-08-18T03:36:02,1,9998,0,9999
2023-08-18T03:48:47,1,9998,0,9999
2023-08-18T04:01:30,1,9998,0,9999
2023-08-18T04:21:35,1,9998,0,9999
2023-08-18T04:34:23,1,9998,0,9999
2023-08-18T04:48:46,1,9998,0,9999
2023-08-18T05:01:31,1,9998,0,9999
2023-08-18T05:14:19,1,9998,0,9999
2023-08-18T05:27:02,1,9998,0,9999
2023-08-18T05:39:46,1,9998,0,9999
2023-08-18T05:52:30,1,9998,0,9999
2023-08-18T06:05:13,1,9998,0,9999
2023-08-18T06:17:59,1,9998,0,9999
2023-08-18T06:30:44,1,9998,0,9999
2023-08-18T06:43:26,1,9998,0,9999
2023-08-18T06:56:08,1,9998,0,9999
2023-08-18T07:08:49,1,9998,0,9999
2023-08-18T07:21:30,1,9998,0,9999
2023-08-18T07:34:10,1,9998,0,9999
2023-08-18T07:46:49,1,9998,0,9999
2023-08-18T07:59:29,1,9998,0,9999
2023-08-18T08:12:10,1,9998,0,9999
2023-08-18T08:24:51,1,9998,0,9999
2023-08-18T08:37:31,1,9998,0,9999
2023-08-18T08:50:11,1,9998,0,9999
2023-08-18T09:02:51,1,9998,0,9999
2023-08-18T09:15:31,1,9998,0,9999
2023-08-18T09:28:10,1,9998,0,9999
2023-08-18T09:41:01,1,9998,0,9999
2023-08-18T09:53:41,1,9998,0,9999
2023-08-18T10:06:21,1,9998,0,9999
2023-08-18T10:19:01,1,9998,0,9999
2023-08-18T10:31:40,1,9998,0,9999
2023-08-18T10:44:20,1,9998,0,9999
2023-08-18T10:57:00,1,9998,0,9999
2023-08-18T11:09:39,1,9998,0,9999
2023-08-18T11:22:19,1,9998,0,9999
2023-08-18T11:35:10,1,9998,0,9999
2023-08-18T11:47:50,1,9998,0,9999
2023-08-18T12:00:29,1,9998,0,9999
2023-08-18T12:13:09,1,9998,0,9999
2023-08-18T12:25:49,1,9998,0,9999
2023-08-18T12:38:28,1,9998,0,9999
2023-08-18T12:51:07,1,9998,0,9999
2023-08-18T13:03:47,1,9998,0,9999
2023-08-18T13:16:26,1,9998,0,9999
2023-08-18T13:29:06,1,9998,0,9999
2023-08-18T13:41:56,1,9998,0,9999
2023-08-18T13:54:36,1,9998,0,9999
2023-08-18T14:07:16,1,9998,0,9999
2023-08-18T14:19:56,1,9998,0,9999
2023-08-18T14:32:35,1,9998,0,9999
2023-08-18T14:45:15,1,9998,0,9999
2023-08-18T14:57:55,1,9998,0,9999
2023-08-18T15:10:35,1,9998,0,9999
2023-08-18T15:23:15,1,9998,0,9999
2023-08-18T15:36:04,1,9998,0,9999
2023-08-18T15:48:44,1,9998,0,9999
2023-08-18T16:01:24,1,9998,0,9999
2023-08-18T16:14:05,1,9998,0,9999
2023-08-18T16:26:45,1,9998,0,9999
2023-08-18T16:39:25,1,9998,0,9999
2023-08-18T16:52:05,1,9998,0,9999
2023-08-18T17:04:44,1,9998,0,9999
2023-08-18T17:17:24,1,9998,0,9999
2023-08-18T17:30:04,1,9998,0,9999
2023-08-18T17:42:55,1,9998,0,9999
2023-08-18T17:55:35,1,9998,0,9999
2023-08-18T18:08:14,1,9998,0,9999
2023-08-18T18:20:54,1,9998,0,9999
2023-08-18T18:33:34,1,9998,0,9999
2023-08-18T18:46:13,1,9998,0,9999
2023-08-18T18:58:53,1,9998,0,9999
2023-08-18T19:11:34,1,9998,0,9999
2023-08-18T19:24:14,1,9998,0,9999
2023-08-18T19:36:54,1,9998,0,9999
2023-08-18T19:49:34,1,9998,0,9999
2023-08-18T20:02:14,1,9998,0,9999
2023-08-18T20:14:54,1,9998,0,9999
2023-08-18T20:27:45,1,9998,0,9999
2023-08-18T20:40:25,1,9998,0,9999
2023-08-18T20:53:05,1,9998,0,9999
2023-08-18T21:05:45,1,9998,0,9999
2023-08-18T21:18:25,1,9998,0,9999
2023-08-18T21:31:05,1,9998,0,9999
2023-08-18T21:43:45,1,9998,0,9999
2023-08-18T21:56:25,1,9998,0,9999
2023-08-18T22:09:05,1,9998,0,9999
2023-08-18T22:21:46,1,9998,0,9999
2023-08-18T22:34:26,1,9998,0,9999
2023-08-18T22:47:06,1,9998,0,9999
2023-08-18T22:59:46,1,9998,0,9999
2023-08-18T23:12:29,1,9998,0,9999
2023-08-18T23:25:10,1,9998,0,9999
2023-08-18T23:37:50,1,9998,0,9999
2023-08-18T23:50:32,1,9998,0,9999
2023-08-19T00:03:26,1,9998,0,9999
2023-08-19T00:16:11,1,9998,0,9999
2023-08-19T00:28:56,1,9998,0,9999
2023-08-19T00:41:40,1,9998,0,9999
2023-08-19T00:54:25,1,9998,0,9999
2023-08-19T01:07:10,1,9998,0,9999
2023-08-19T01:19:54,1,9998,0,9999
2023-08-19T01:32:38,1,9998,0,9999
2023-08-19T01:45:23,1,9998,0,9999
2023-08-19T01:58:10,1,9998,0,9999
2023-08-19T02:10:51,1,9998,0,9999
2023-08-19T02:23:32,1,9998,0,9999
2023-08-19T02:36:14,1,9998,0,9999
2023-08-19T02:48:55,1,9998,0,9999
2023-08-19T03:01:38,1,9998,0,9999
2023-08-19T03:14:21,1,9998,0,9999
2023-08-19T03:27:07,1,9998,0,9999
2023-08-19T03:40:10,1,9998,0,9999
2023-08-19T03:52:55,1,9998,0,9999
2023-08-19T04:05:39,1,9998,0,9999
2023-08-19T04:24:24,1,9998,0,9999
2023-08-19T04:37:36,1,9998,0,9999
2023-08-19T04:50:22,1,9998,0,9999
2023-08-19T05:03:08,1,9998,0,9999
2023-08-19T05:15:52,1,9998,0,9999
2023-08-19T05:28:36,1,9998,0,9999
2023-08-19T05:41:20,1,9998,0,9999
2023-08-19T05:54:05,1,9998,0,9999
2023-08-19T06:06:50,1,9998,0,9999
2023-08-19T06:19:36,1,9998,0,9999
2023-08-19T06:32:19,1,9998,0,9999
2023-08-19T06:45:03,1,9998,0,9999
2023-08-19T06:57:46,1,9998,0,9999
2023-08-19T07:10:30,1,9998,0,9999
2023-08-19T07:23:22,1,9998,0,9999
2023-08-19T07:36:07,1,9998,0,9999
2023-08-19T07:48:50,1,9998,0,9999
2023-08-19T08:01:35,1,9998,0,9999
2023-08-19T08:14:18,1,9998,0,9999
2023-08-19T08:27:01,1,9998,0,9999
2023-08-19T08:39:44,1,9998,0,9999
2023-08-19T08:52:26,1,9998,0,9999
2023-08-19T09:05:09,1,9998,0,9999
2023-08-19T09:18:00,1,9998,0,9999
2023-08-19T09:30:41,1,9998,0,9999
2023-08-19T09:43:23,1,9998,0,9999
2023-08-19T09:56:06,1,9998,0,9999
2023-08-19T10:08:47,1,9998,0,9999
2023-08-19T10:21:28,1,9998,0,9999
2023-08-19T10:34:07,1,9998,0,9999
2023-08-19T10:46:47,1,9998,0,9999
2023-08-19T10:59:28,1,9998,0,9999
2023-08-19T11:12:09,1,9998,0,9999
2023-08-19T11:24:49,1,9998,0,9999
2023-08-19T11:37:29,1,9998,0,9999
2023-08-19T11:50:09,1,9998,0,9999
2023-08-19T12:02:59,1,9998,0,9999
2023-08-19T12:15:40,1,9998,0,9999
2023-08-19T12:28:20,1,9998,0,9999
2023-08-19T12:40:59,1,9998,0,9999
2023-08-19T12:53:40,1,9998,0,9999
2023-08-19T13:06:20,1,9998,0,9999
2023-08-19T13:19:01,1,9998,0,9999
2023-08-19T13:31:42,1,9998,0,9999
2023-08-19T13:44:21,1,9998,0,9999
2023-08-19T13:57:01,1,9998,0,9999
2023-08-19T14:09:53,1,9998,0,9999
2023-08-19T14:22:33,1,9998,0,9999
2023-08-19T14:35:13,1,9998,0,9999
2023-08-19T14:47:53,1,9998,0,9999
2023-08-19T15:00:33,1,9998,0,9999
2023-08-19T15:13:13,1,9998,0,9999
2023-08-19T15:25:54,1,9998,0,9999
2023-08-19T15:38:34,1,9998,0,9999
2023-08-19T15:51:23,1,9998,0,9999
2023-08-19T16:04:04,1,9998,0,9999
2023-08-19T16:16:43,1,9998,0,9999
2023-08-19T16:29:25,1,9998,0,9999
2023-08-19T16:42:05,1,9998,0,9999
2023-08-19T16:54:45,1,9998,0,9999
2023-08-19T17:07:24,1,9998,0,9999
2023-08-19T17:20:05,1,9998,0,9999
2023-08-19T17:32:54,1,9998,0,9999
2023-08-19T17:45:34,1,9998,0,9999
2023-08-19T17:58:14,1,9998,0,9999
2023-08-19T18:10:54,1,9998,0,9999
2023-08-19T18:23:34,1,9998,0,9999
2023-08-19T18:36:13,1,9998,0,9999
2023-08-19T18:48:53,1,9998,0,9999
2023-08-19T19:01:33,1,9998,0,9999
2023-08-19T19:14:23,1,9998,0,9999
2023-08-19T19:27:04,1,9998,0,9999
2023-08-19T19:39:44,1,9998,0,9999
2023-08-19T19:52:24,1,9998,0,9999
2023-08-19T20:05:04,1,9998,0,9999
2023-08-19T20:17:44,1,9998,0,9999
2023-08-19T20:30:24,1,9998,0,9999
2023-08-19T20:43:05,1,9998,0,9999
2023-08-19T20:55:54,1,9998,0,9999
2023-08-19T21:08:35,1,9998,0,9999
2023-08-19T21:21:15,1,9998,0,9999
2023-08-19T21:33:55,1,9998,0,9999
2023-08-19T21:46:35,1,9998,0,9999
2023-08-19T21:59:16,1,9998,0,9999
2023-08-19T22:11:57,1,9998,0,9999
2023-08-19T22:24:37,1,9998,0,9999
2023-08-19T22:37:17,1,9998,0,9999
2023-08-19T22:50:07,1,9998,0,9999
2023-08-19T23:02:47,1,9998,0,9999
2023-08-19T23:15:30,1,9998,0,9999
2023-08-19T23:28:12,1,9998,0,9999
2023-08-19T23:40:52,1,9998,0,9999
2023-08-19T23:53:34,1,9998,0,9999
2023-08-20T00:06:14,1,9998,0,9999
2023-08-20T00:18:57,1,9998,0,9999
2023-08-20T00:31:38,1,9998,0,9999
2023-08-20T00:44:18,1,9998,0,9999
2023-08-20T00:56:38,1,9998,0,9999
2023-08-20T01:09:20,1,9998,0,9999
2023-08-20T01:22:02,1,9998,0,9999
2023-08-20T01:34:44,1,9998,0,9999
2023-08-20T01:47:23,1,9998,0,9999
2023-08-20T02:00:04,1,9998,0,9999
2023-08-20T02:12:45,1,9998,0,9999
2023-08-20T02:25:27,1,9998,0,9999
2023-08-20T02:38:08,1,9998,0,9999
2023-08-20T02:50:49,1,9998,0,9999
2023-08-20T03:03:29,1,9998,0,9999
2023-08-20T03:16:09,1,9998,0,9999
2023-08-20T03:28:52,1,9998,0,9999
2023-08-20T03:41:33,1,9998,0,9999
2023-08-20T03:54:15,1,9998,0,9999
2023-08-20T04:14:58,1,9998,0,9999
2023-08-20T04:28:09,1,9998,0,9999
2023-08-20T04:41:08,1,9998,0,9999
2023-08-20T04:55:20,1,9998,0,9999
2023-08-20T05:08:08,1,9998,0,9999
2023-08-20T05:20:53,1,9998,0,9999
2023-08-20T05:33:38,1,9998,0,9999
2023-08-20T05:46:23,1,9998,0,9999
2023-08-20T05:59:08,1,9998,0,9999
2023-08-20T06:11:54,1,9998,0,9999
2023-08-20T06:24:38,1,9998,0,9999
2023-08-20T06:37:22,1,9998,0,9999
2023-08-20T06:50:08,1,9998,0,9999
2023-08-20T07:02:52,1,9998,0,9999
2023-08-20T07:15:37,1,9998,0,9999
2023-08-20T07:28:22,1,9998,0,9999
2023-08-20T07:41:07,1,9998,0,9999
2023-08-20T07:53:50,1,9998,0,9999
2023-08-20T08:06:36,1,9998,0,9999
2023-08-20T08:19:20,1,9998,0,9999
2023-08-20T08:32:13,1,9998,0,9999
2023-08-20T08:44:55,1,9998,0,9999
2023-08-20T08:57:38,1,9998,0,9999
2023-08-20T09:10:21,1,9998,0,9999
2023-08-20T09:23:04,1,9998,0,9999
2023-08-20T09:35:45,1,9998,0,9999
2023-08-20T09:48:25,1,9998,0,9999
2023-08-20T10:01:05,1,9998,0,9999
2023-08-20T10:13:48,1,9998,0,9999
2023-08-20T10:26:28,1,9998,0,9999
2023-08-20T10:39:09,1,9998,0,9999
2023-08-20T10:51:49,1,9998,0,9999
2023-08-20T11:04:31,1,9998,0,9999
2023-08-20T11:17:12,1,9998,0,9999
2023-08-20T11:29:54,1,9998,0,9999
2023-08-20T11:42:45,1,9998,0,9999
2023-08-20T11:55:25,1,9998,0,9999
2023-08-20T12:08:07,1,9998,0,9999
2023-08-20T12:20:48,1,9998,0,9999
2023-08-20T12:33:29,1,9998,0,9999
2023-08-20T12:46:10,1,9998,0,9999
2023-08-20T12:58:50,1,9998,0,9999
2023-08-20T13:11:30,1,9998,0,9999
2023-08-20T13:24:10,1,9998,0,9999
2023-08-20T13:36:50,1,9998,0,9999
2023-08-20T13:49:29,1,9998,0,9999
2023-08-20T14:02:19,1,9998,0,9999
2023-08-20T14:14:59,1,9998,0,9999
2023-08-20T14:27:39,1,9998,0,9999
2023-08-20T14:40:19,1,9998,0,9999
2023-08-20T14:52:58,1,9998,0,9999
2023-08-20T15:05:38,1,9998,0,9999
2023-08-20T15:18:17,1,9998,0,9999
2023-08-20T15:30:57,1,9998,0,9999
2023-08-20T15:43:37,1,9998,0,9999
2023-08-20T15:56:17,1,9998,0,9999
2023-08-20T16:09:07,1,9998,0,9999
2023-08-20T16:21:49,1,9998,0,9999
2023-08-20T16:34:30,1,9998,0,9999
2023-08-20T16:47:10,1,9998,0,9999
2023-08-20T16:59:50,1,9998,0,9999
2023-08-20T17:12:31,1,9998,0,9999
2023-08-20T17:25:12,1,9998,0,9999
2023-08-20T17:37:52,1,9998,0,9999
2023-08-20T17:50:32,1,9998,0,9999
2023-08-20T18:03:12,1,9998,0,9999
2023-08-20T18:15:52,1,9998,0,9999
2023-08-20T18:28:32,1,9998,0,9999
2023-08-20T18:41:22,1,9998,0,9999
2023-08-20T18:54:02,1,9998,0,9999
2023-08-20T19:06:46,1,9998,0,9999
2023-08-20T19:19:27,1,9998,0,9999
2023-08-20T19:32:07,1,9998,0,9999
2023-08-20T19:44:48,1,9998,0,9999
2023-08-20T19:57:27,1,9998,0,9999
2023-08-20T20:10:07,1,9998,0,9999
2023-08-20T20:22:48,1,9998,0,9999
2023-08-20T20:35:28,1,9998,0,9999
2023-08-20T20:48:17,1,9998,0,9999
2023-08-20T21:00:58,1,9998,0,9999
2023-08-20T21:13:38,1,9998,0,9999
2023-08-20T21:26:17,1,9998,0,9999
2023-08-20T21:38:59,1,9998,0,9999
2023-08-20T21:51:40,1,9998,0,9999
2023-08-20T22:04:20,1,9998,0,9999
2023-08-20T22:16:59,1,9998,0,9999
2023-08-20T22:29:39,1,9998,0,9999
2023-08-20T22:42:29,1,9998,0,9999
2023-08-20T22:55:08,1,9998,0,9999
2023-08-20T23:07:52,1,9998,0,9999
2023-08-20T23:20:32,1,9998,0,9999
2023-08-20T23:33:13,1,9998,0,9999
2023-08-20T23:45:54,1,9998,0,9999
2023-08-20T23:58:33,1,9998,0,9999
2023-08-21T00:11:20,1,9998,0,9999
2023-08-21T00:24:10,1,9998,0,9999
2023-08-21T00:36:57,1,9998,0,9999
2023-08-21T00:49:58,1,9998,0,9999
2023-08-21T01:02:48,1,9998,0,9999
2023-08-21T01:15:33,1,9998,0,9999
2023-08-21T01:28:17,1,9998,0,9999
2023-08-21T01:41:02,1,9998,0,9999
2023-08-21T01:53:44,1,9998,0,9999
2023-08-21T02:06:27,1,9998,0,9999
2023-08-21T02:19:10,1,9998,0,9999
2023-08-21T02:31:52,1,9998,0,9999
2023-08-21T02:44:34,1,9998,0,9999
2023-08-21T02:57:16,1,9998,0,9999
2023-08-21T03:10:00,1,9998,0,9999
2023-08-21T03:22:43,1,9998,0,9999
2023-08-21T03:35:26,1,9998,0,9999
2023-08-21T03:48:11,1,9998,0,9999
2023-08-21T04:01:15,1,9998,0,9999
2023-08-21T04:21:51,1,9998,0,9999
2023-08-21T04:35:00,1,9998,0,9999
2023-08-21T04:47:47,1,9998,0,9999
2023-08-21T05:00:32,1,9998,0,9999
2023-08-21T05:13:18,1,9998,0,9999
2023-08-21T05:26:04,1,9998,0,9999
2023-08-21T05:38:48,1,9998,0,9999
2023-08-21T05:51:32,1,9998,0,9999
2023-08-21T06:04:15,1,9998,0,9999
2023-08-21T06:16:57,1,9998,0,9999
2023-08-21T06:29:41,1,9998,0,9999
2023-08-21T06:42:23,1,9998,0,9999
2023-08-21T06:55:06,1,9998,0,9999
2023-08-21T07:07:49,1,9998,0,9999
2023-08-21T07:20:30,1,9998,0,9999
2023-08-21T07:33:18,1,9998,0,9999
2023-08-21T07:45:58,1,9998,0,9999
2023-08-21T07:58:37,1,9998,0,9999
2023-08-21T08:11:18,1,9998,0,9999
2023-08-21T08:23:59,1,9998,0,9999
2023-08-21T08:36:40,1,9998,0,9999
2023-08-21T08:49:22,1,9998,0,9999
2023-08-21T09:02:02,1,9998,0,9999
2023-08-21T09:14:44,1,9998,0,9999
2023-08-21T09:27:25,1,9998,0,9999
2023-08-21T09:40:07,1,9998,0,9999
2023-08-21T09:52:58,1,9998,0,9999
2023-08-21T10:05:39,1,9998,0,9999
2023-08-21T10:18:20,1,9998,0,9999
2023-08-21T10:31:02,1,9998,0,9999
2023-08-21T10:43:45,1,9998,0,9999
2023-08-21T10:56:26,1,9998,0,9999
2023-08-21T11:09:08,1,9998,0,9999
2023-08-21T11:21:50,1,9998,0,9999
2023-08-21T11:34:41,1,9998,0,9999
2023-08-21T11:47:23,1,9998,0,9999
2023-08-21T12:00:04,1,9998,0,9999
2023-08-21T12:12:46,1,9998,0,9999
2023-08-21T12:25:28,1,9998,0,9999
2023-08-21T12:38:10,1,9998,0,9999
2023-08-21T12:51:02,1,9998,0,9999
2023-08-21T13:03:44,1,9998,0,9999
2023-08-21T13:16:25,1,9998,0,9999
2023-08-21T13:29:08,1,9998,0,9999
2023-08-21T13:41:49,1,9998,0,9999
2023-08-21T13:54:30,1,9998,0,9999
2023-08-21T14:07:12,1,9998,0,9999
2023-08-21T14:19:54,1,9998,0,9999
2023-08-21T14:32:46,1,9998,0,9999
2023-08-21T14:45:28,1,9998,0,9999
2023-08-21T14:58:10,1,9998,0,9999
2023-08-21T15:10:52,1,9998,0,9999
2023-08-21T15:23:34,1,9998,0,9999
2023-08-21T15:36:16,1,9998,0,9999
2023-08-21T15:49:07,1,9998,0,9999
2023-08-21T16:01:49,1,9998,0,9999
2023-08-21T16:14:31,1,9998,0,9999
2023-08-21T16:27:13,1,9998,0,9999
2023-08-21T16:39:56,1,9998,0,9999
2023-08-21T16:52:38,1,9998,0,9999
2023-08-21T17:05:21,1,9998,0,9999
2023-08-21T17:18:04,1,9998,0,9999
2023-08-21T17:30:55,1,9998,0,9999
2023-08-21T17:43:37,1,9998,0,9999
2023-08-21T17:56:20,1,9998,0,9999
2023-08-21T18:09:02,1,9998,0,9999
2023-08-21T18:21:44,1,9998,0,9999
2023-08-21T18:34:28,1,9998,0,9999
2023-08-21T18:47:10,1,9998,0,9999
2023-08-21T19:00:02,1,9998,0,9999
2023-08-21T19:12:46,1,9998,0,9999
2023-08-21T19:25:27,1,9998,0,9999
2023-08-21T19:38:11,1,9998,0,9999
2023-08-21T19:50:54,1,9998,0,9999
2023-08-21T20:03:38,1,9998,0,9999
2023-08-21T20:16:30,1,9998,0,9999
2023-08-21T20:29:12,1,9998,0,9999
2023-08-21T20:41:54,1,9998,0,9999
2023-08-21T20:54:37,1,9998,0,9999
2023-08-21T21:07:20,1,9998,0,9999
2023-08-21T21:20:03,1,9998,0,9999
2023-08-21T21:32:45,1,9998,0,9999
2023-08-21T21:45:28,1,9998,0,9999
2023-08-21T21:58:10,1,9998,0,9999
2023-08-21T22:10:52,1,9998,0,9999
2023-08-21T22:23:35,1,9998,0,9999
2023-08-21T22:36:28,1,9998,0,9999
2023-08-21T22:49:10,1,9998,0,9999
2023-08-21T23:01:52,1,9998,0,9999
2023-08-21T23:14:36,1,9998,0,9999
2023-08-21T23:27:20,1,9998,0,9999
2023-08-21T23:40:04,1,9998,0,9999
2023-08-21T23:52:47,1,9998,0,9999
2023-08-22T00:05:32,1,9998,0,9999
2023-08-22T00:18:19,1,9998,0,9999
2023-08-22T00:31:08,1,9998,0,9999
2023-08-22T00:43:55,1,9998,0,9999
2023-08-22T00:56:43,1,9998,0,9999
2023-08-22T01:09:30,1,9998,0,9999
2023-08-22T01:22:15,1,9998,0,9999
2023-08-22T01:35:01,1,9998,0,9999
2023-08-22T01:47:58,1,9998,0,9999
2023-08-22T02:00:44,1,9998,0,9999
2023-08-22T02:13:31,1,9998,0,9999
2023-08-22T02:26:15,1,9998,0,9999
2023-08-22T02:39:00,1,9998,0,9999
2023-08-22T02:51:45,1,9998,0,9999
2023-08-22T03:04:34,1,9998,0,9999
2023-08-22T03:17:22,1,9998,0,9999
2023-08-22T03:30:08,1,9998,0,9999
2023-08-22T03:42:54,1,9998,0,9999
2023-08-22T03:55:42,1,9998,0,9999
2023-08-22T04:08:29,1,9998,0,9999
2023-08-22T04:21:59,1,9998,0,9999
2023-08-22T04:35:12,1,9998,0,9999
2023-08-22T04:48:00,1,9998,0,9999
2023-08-22T05:00:47,1,9998,0,9999
2023-08-22T05:13:37,1,9998,0,9999
2023-08-22T05:26:24,1,9998,0,9999
2023-08-22T05:39:11,1,9998,0,9999
2023-08-22T05:51:58,1,9998,0,9999
2023-08-22T06:04:44,1,9998,0,9999
2023-08-22T06:17:30,1,9998,0,9999
2023-08-22T06:30:15,1,9998,0,9999
2023-08-22T06:43:01,1,9998,0,9999
2023-08-22T06:55:46,1,9998,0,9999
2023-08-22T07:08:31,1,9998,0,9999
2023-08-22T07:21:15,1,9998,0,9999
2023-08-22T07:33:59,1,9998,0,9999
2023-08-22T07:46:41,1,9998,0,9999
2023-08-22T07:59:23,1,9998,0,9999
2023-08-22T08:12:08,1,9998,0,9999
2023-08-22T08:24:51,1,9998,0,9999
2023-08-22T08:37:33,1,9998,0,9999
2023-08-22T08:50:20,1,9998,0,9999
2023-08-22T09:03:14,1,9998,0,9999
2023-08-22T09:15:57,1,9998,0,9999
2023-08-22T09:28:39,1,9998,0,9999
2023-08-22T09:41:24,1,9998,0,9999
2023-08-22T09:54:07,2,9997,0,9999
2023-08-22T10:06:50,2,9997,0,9999
2023-08-22T10:19:33,2,9997,0,9999
2023-08-22T10:32:18,2,9997,0,9999
2023-08-22T10:45:01,2,9997,0,9999
2023-08-22T10:57:44,2,9997,0,9999
2023-08-22T11:10:39,2,9997,0,9999
2023-08-22T11:23:22,2,9997,0,9999
2023-08-22T11:36:05,2,9997,0,9999
2023-08-22T11:48:49,2,9997,0,9999
2023-08-22T12:01:33,2,9997,0,9999
2023-08-22T12:14:16,2,9997,0,9999
2023-08-22T12:27:00,2,9997,0,9999
2023-08-22T12:39:44,2,9997,0,9999
2023-08-22T12:52:39,2,9997,0,9999
2023-08-22T13:05:23,2,9997,0,9999
2023-08-22T13:18:06,2,9997,0,9999
2023-08-22T13:30:49,2,9997,0,9999
2023-08-22T13:43:35,2,9997,0,9999
2023-08-22T13:56:18,2,9997,0,9999
2023-08-22T14:09:01,2,9997,0,9999
2023-08-22T14:21:57,2,9997,0,9999
2023-08-22T14:34:40,2,9997,0,9999
2023-08-22T14:47:24,2,9997,0,9999
2023-08-22T15:00:08,2,9997,0,9999
2023-08-22T15:12:52,2,9997,0,9999
2023-08-22T15:25:36,2,9997,0,9999
2023-08-22T15:38:29,2,9997,0,9999
2023-08-22T15:51:12,2,9997,0,9999
2023-08-22T16:03:56,2,9997,0,9999
2023-08-22T16:16:39,2,9997,0,9999
2023-08-22T16:29:22,2,9997,0,9999
2023-08-22T16:42:05,2,9997,0,9999
2023-08-22T16:54:49,2,9997,0,9999
2023-08-22T17:07:35,2,9997,0,9999
2023-08-22T17:20:19,2,9997,0,9999
2023-08-22T17:33:14,2,9997,0,9999
2023-08-22T17:45:58,2,9997,0,9999
2023-08-22T17:58:41,2,9997,0,9999
2023-08-22T18:11:24,2,9997,0,9999
2023-08-22T18:24:08,2,9997,0,9999
2023-08-22T18:36:51,2,9997,0,9999
2023-08-22T18:49:35,2,9997,0,9999
2023-08-22T19:02:21,2,9997,0,9999
2023-08-22T19:15:04,2,9997,0,9999
2023-08-22T19:27:48,2,9997,0,9999
2023-08-22T19:40:42,2,9997,0,9999
2023-08-22T19:53:25,2,9997,0,9999
2023-08-22T20:06:07,2,9997,0,9999
2023-08-22T20:18:51,2,9997,0,9999
2023-08-22T20:31:34,2,9997,0,9999
2023-08-22T20:44:17,2,9997,0,9999
2023-08-22T20:57:11,2,9997,0,9999
2023-08-22T21:09:55,2,9997,0,9999
2023-08-22T21:22:39,2,9997,0,9999
2023-08-22T21:35:22,2,9997,0,9999
2023-08-22T21:48:06,2,9997,0,9999
2023-08-22T22:00:49,2,9997,0,9999
2023-08-22T22:13:32,2,9997,0,9999
2023-08-22T22:26:15,2,9997,0,9999
2023-08-22T22:38:59,2,9997,0,9999
2023-08-22T22:51:53,2,9997,0,9999
2023-08-22T23:04:37,2,9997,0,9999
2023-08-22T23:17:23,2,9997,0,9999
2023-08-22T23:30:07,2,9997,0,9999
2023-08-22T23:42:50,2,9997,0,9999
2023-08-22T23:55:34,2,9997,0,9999
2023-08-23T00:08:19,2,9997,0,9999
2023-08-23T00:21:04,2,9997,0,9999
2023-08-23T00:33:51,2,9997,0,9999
2023-08-23T00:46:39,2,9997,0,9999
2023-08-23T00:59:26,2,9997,0,9999
2023-08-23T01:12:14,2,9997,0,9999
2023-08-23T01:25:08,2,9997,0,9999
2023-08-23T01:37:55,2,9997,0,9999
2023-08-23T01:50:43,2,9997,0,9999
2023-08-23T02:03:30,2,9997,0,9999
2023-08-23T02:16:25,2,9997,0,9999
2023-08-23T02:29:09,2,9997,0,9999
2023-08-23T02:42:05,2,9997,0,9999
2023-08-23T02:54:52,2,9997,0,9999
2023-08-23T03:07:46,2,9997,0,9999
2023-08-23T03:20:43,2,9997,0,9999
2023-08-23T03:33:41,2,9997,0,9999
2023-08-23T03:46:27,2,9997,0,9999
2023-08-23T03:59:14,2,9997,0,9999
2023-08-23T04:12:01,2,9997,0,9999
2023-08-23T04:24:32,2,9997,0,9999
2023-08-23T04:37:21,2,9997,0,9999
2023-08-23T04:51:28,2,9997,0,9999
2023-08-23T05:04:37,2,9997,0,9999
2023-08-23T05:17:27,2,9997,0,9999
2023-08-23T05:30:15,2,9997,0,9999
2023-08-23T05:43:10,2,9997,0,9999
2023-08-23T05:55:57,2,9997,0,9999
2023-08-23T06:08:44,2,9997,0,9999
2023-08-23T06:21:39,2,9997,0,9999
2023-08-23T06:34:26,2,9997,0,9999
2023-08-23T06:47:13,2,9997,0,9999
2023-08-23T06:59:59,2,9997,0,9999
2023-08-23T07:12:54,2,9997,0,9999
2023-08-23T07:25:38,2,9997,0,9999
2023-08-23T07:38:22,2,9997,0,9999
2023-08-23T07:51:07,2,9997,0,9999
2023-08-23T08:03:49,2,9997,0,9999
2023-08-23T08:16:32,2,9997,0,9999
2023-08-23T08:29:16,2,9997,0,9999
2023-08-23T08:41:59,2,9997,0,9999
2023-08-23T08:54:53,2,9997,0,9999
2023-08-23T09:07:38,2,9997,0,9999
2023-08-23T09:20:21,2,9997,0,9999
2023-08-23T09:33:05,2,9997,0,9999
2023-08-23T09:45:48,2,9997,0,9999
2023-08-23T09:58:31,2,9997,0,9999
2023-08-23T10:11:14,2,9997,0,9999
2023-08-23T10:23:58,2,9997,0,9999
2023-08-23T10:36:41,2,9997,0,9999
2023-08-23T10:49:24,2,9997,0,9999
2023-08-23T11:02:19,2,9997,0,9999
2023-08-23T11:15:03,2,9997,0,9999
2023-08-23T11:27:54,2,9997,0,9999
2023-08-23T11:40:38,2,9997,0,9999
2023-08-23T11:53:23,2,9997,0,9999
2023-08-23T12:06:07,2,9997,0,9999
2023-08-23T12:18:51,2,9997,0,9999
2023-08-23T12:31:35,2,9997,0,9999
2023-08-23T12:44:33,2,9997,0,9999
2023-08-23T12:57:17,2,9997,0,9999
2023-08-23T13:10:01,2,9997,0,9999
2023-08-23T13:22:45,2,9997,0,9999
2023-08-23T13:35:28,2,9997,0,9999
2023-08-23T13:48:11,2,9997,0,9999
2023-08-23T14:00:55,2,9997,0,9999
2023-08-23T14:13:40,2,9997,0,9999
2023-08-23T14:26:24,2,9997,0,9999
2023-08-23T14:39:19,2,9997,0,9999
2023-08-23T14:52:03,2,9997,0,9999
2023-08-23T15:04:47,2,9997,0,9999
2023-08-23T15:17:31,2,9997,0,9999
2023-08-23T15:30:16,2,9997,0,9999
2023-08-23T15:43:00,2,9997,0,9999
2023-08-23T15:55:45,2,9997,0,9999
2023-08-23T16:08:29,2,9997,0,9999
2023-08-23T16:21:13,2,9997,0,9999
2023-08-23T16:34:10,2,9997,0,9999
2023-08-23T16:46:55,2,9997,0,9999
2023-08-23T16:59:38,2,9997,0,9999
2023-08-23T17:12:23,2,9997,0,9999
2023-08-23T17:25:07,2,9997,0,9999
2023-08-23T17:37:51,2,9997,0,9999
2023-08-23T17:50:35,2,9997,0,9999
2023-08-23T18:03:20,2,9997,0,9999
2023-08-23T18:16:05,2,9997,0,9999
2023-08-23T18:28:58,2,9997,0,9999
2023-08-23T18:41:42,2,9997,0,9999
2023-08-23T18:54:25,2,9997,0,9999
2023-08-23T19:07:10,2,9997,0,9999
2023-08-23T19:19:54,2,9997,0,9999
2023-08-23T19:32:38,2,9997,0,9999
2023-08-23T19:45:22,2,9997,0,9999
2023-08-23T19:58:06,2,9997,0,9999
2023-08-23T20:10:50,2,9997,0,9999
2023-08-23T20:23:44,2,9997,0,9999
2023-08-23T20:36:27,2,9997,0,9999
2023-08-23T20:49:11,2,9997,0,9999
2023-08-23T21:01:55,2,9997,0,9999
2023-08-23T21:14:40,2,9997,0,9999
2023-08-23T21:27:24,2,9997,0,9999
2023-08-23T21:40:07,2,9997,0,9999
2023-08-23T21:52:51,2,9997,0,9999
2023-08-23T22:05:35,2,9997,0,9999
2023-08-23T22:18:19,2,9997,0,9999
2023-08-23T22:31:13,2,9997,0,9999
2023-08-23T22:43:57,2,9997,0,9999
2023-08-23T22:56:40,2,9997,0,9999
2023-08-23T23:09:29,2,9997,0,9999
2023-08-23T23:22:14,2,9997,0,9999
2023-08-23T23:34:59,2,9997,0,9999
2023-08-23T23:47:44,2,9997,0,9999
2023-08-24T00:00:29,2,9997,0,9999
2023-08-24T00:13:18,2,9997,0,9999
2023-08-24T00:26:07,2,9997,0,9999
2023-08-24T00:38:55,2,9997,0,9999
2023-08-24T00:51:44,2,9997,0,9999
2023-08-24T01:04:34,2,9997,0,9999
2023-08-24T01:17:21,2,9997,0,9999
2023-08-24T01:30:20,2,9997,0,9999
2023-08-24T01:43:08,2,9997,0,9999
2023-08-24T01:55:56,2,9997,0,9999
2023-08-24T02:08:44,2,9997,0,9999
2023-08-24T02:21:29,2,9997,0,9999
2023-08-24T02:34:17,2,9997,0,9999
2023-08-24T02:47:02,2,9997,0,9999
2023-08-24T03:00:00,2,9997,0,9999
2023-08-24T03:12:49,2,9997,0,9999
2023-08-24T03:25:38,2,9997,0,9999
2023-08-24T03:38:26,2,9997,0,9999
2023-08-24T03:51:13,2,9997,0,9999
2023-08-24T04:04:01,2,9997,0,9999
2023-08-24T04:20:49,2,9997,0,9999
2023-08-24T04:34:54,2,9997,0,9999
2023-08-24T04:48:01,2,9997,0,9999
2023-08-24T05:00:50,2,9997,0,9999
2023-08-24T05:13:40,2,9997,0,9999
2023-08-24T05:26:29,2,9997,0,9999
2023-08-24T05:39:17,2,9997,0,9999
2023-08-24T05:52:06,2,9997,0,9999
2023-08-24T06:04:54,2,9997,0,9999
2023-08-24T06:17:42,2,9997,0,9999
2023-08-24T06:30:29,2,9997,0,9999
2023-08-24T06:43:16,2,9997,0,9999
2023-08-24T06:56:03,2,9997,0,9999
2023-08-24T07:08:51,2,9997,0,9999
2023-08-24T07:21:36,2,9997,0,9999
2023-08-24T07:34:20,2,9997,0,9999
2023-08-24T07:47:03,2,9997,0,9999
2023-08-24T07:59:47,2,9997,0,9999
2023-08-24T08:12:31,2,9997,0,9999
2023-08-24T08:25:16,2,9997,0,9999
2023-08-24T08:38:00,2,9997,0,9999
2023-08-24T08:50:44,2,9997,0,9999
2023-08-24T09:03:38,2,9997,0,9999
2023-08-24T09:16:21,2,9997,0,9999
2023-08-24T09:29:15,2,9997,0,9999
2023-08-24T09:41:59,2,9997,0,9999
2023-08-24T09:54:43,2,9997,0,9999
2023-08-24T10:07:37,2,9997,0,9999
2023-08-24T10:20:30,2,9997,0,9999
2023-08-24T10:33:14,2,9997,0,9999
2023-08-24T10:46:06,2,9997,0,9999
2023-08-24T10:58:51,2,9997,0,9999
2023-08-24T11:11:44,2,9997,0,9999
2023-08-24T11:24:38,2,9997,0,9999
2023-08-24T11:37:23,2,9997,0,9999
2023-08-24T11:50:18,2,9997,0,9999
2023-08-24T12:03:15,2,9997,0,9999
2023-08-24T12:16:09,2,9997,0,9999
2023-08-24T12:28:53,2,9997,0,9999
2023-08-24T12:41:46,2,9997,0,9999
2023-08-24T12:54:30,2,9997,0,9999
2023-08-24T13:07:24,2,9997,0,9999
2023-08-24T13:20:07,2,9997,0,9999
2023-08-24T13:33:03,2,9997,0,9999
2023-08-24T13:45:47,2,9997,0,9999
2023-08-24T13:58:41,2,9997,0,9999
2023-08-24T14:11:26,2,9997,0,9999
2023-08-24T14:24:19,2,9997,0,9999
2023-08-24T14:37:12,2,9997,0,9999
2023-08-24T14:50:07,2,9997,0,9999
2023-08-24T15:02:52,2,9997,0,9999
2023-08-24T15:15:36,2,9997,0,9999
2023-08-24T15:28:30,2,9997,0,9999
2023-08-24T15:41:14,2,9997,0,9999
2023-08-24T15:53:59,2,9997,0,9999
2023-08-24T16:06:54,2,9997,0,9999
2023-08-24T16:19:38,2,9997,0,9999
2023-08-24T16:32:22,2,9997,0,9999
2023-08-24T16:45:06,2,9997,0,9999
2023-08-24T16:57:49,2,9997,0,9999
2023-08-24T17:10:36,2,9997,0,9999
2023-08-24T17:23:21,2,9997,0,9999
2023-08-24T17:36:05,2,9997,0,9999
2023-08-24T17:48:49,2,9997,0,9999
2023-08-24T18:01:44,2,9997,0,9999
2023-08-24T18:14:28,2,9997,0,9999
2023-08-24T18:27:13,2,9997,0,9999
2023-08-24T18:39:58,2,9997,0,9999
2023-08-24T18:52:43,2,9997,0,9999
2023-08-24T19:05:29,2,9997,0,9999
2023-08-24T19:18:13,2,9997,0,9999
2023-08-24T19:30:57,2,9997,0,9999
2023-08-24T19:43:54,2,9997,0,9999
2023-08-24T19:56:38,2,9997,0,9999
2023-08-24T20:09:22,2,9997,0,9999
2023-08-24T20:22:06,2,9997,0,9999
2023-08-24T20:34:50,2,9997,0,9999
2023-08-24T20:47:36,2,9997,0,9999
2023-08-24T21:00:20,2,9997,0,9999
2023-08-24T21:13:05,2,9997,0,9999
2023-08-24T21:25:49,2,9997,0,9999
2023-08-24T21:38:34,2,9997,0,9999
2023-08-24T21:51:28,2,9997,0,9999
2023-08-24T22:04:12,2,9997,0,9999
2023-08-24T22:17:09,2,9997,0,9999
2023-08-24T22:29:54,2,9997,0,9999
2023-08-24T22:42:39,2,9997,0,9999
2023-08-24T22:55:23,2,9997,0,9999
2023-08-24T23:08:11,2,9997,0,9999
2023-08-24T23:20:55,2,9997,0,9999
2023-08-24T23:33:40,2,9997,0,9999
2023-08-24T23:46:34,2,9997,0,9999
2023-08-24T23:59:18,2,9997,0,9999
2023-08-25T00:12:05,2,9997,0,9999
2023-08-25T00:24:56,2,9997,0,9999
2023-08-25T00:37:44,2,9997,0,9999
2023-08-25T00:50:32,2,9997,0,9999
2023-08-25T01:03:21,2,9997,0,9999
2023-08-25T01:16:11,2,9997,0,9999
2023-08-25T01:29:01,2,9997,0,9999
2023-08-25T01:41:51,2,9997,0,9999
2023-08-25T01:54:39,2,9997,0,9999
2023-08-25T02:07:27,2,9997,0,9999
2023-08-25T02:20:25,2,9997,0,9999
2023-08-25T02:33:14,2,9997,0,9999
2023-08-25T02:46:11,2,9997,0,9999
2023-08-25T02:58:59,2,9997,0,9999
2023-08-25T03:11:47,2,9997,0,9999
2023-08-25T03:24:35,2,9997,0,9999
2023-08-25T03:37:22,2,9997,0,9999
2023-08-25T03:50:10,2,9997,0,9999
2023-08-25T04:02:58,2,9997,0,9999
2023-08-25T04:15:45,2,9997,0,9999
2023-08-25T04:27:01,2,9997,0,9999
2023-08-25T04:39:51,2,9997,0,9999
2023-08-25T04:54:23,2,9997,0,9999
2023-08-25T05:07:17,2,9997,0,9999
2023-08-25T05:20:05,2,9997,0,9999
2023-08-25T05:32:54,2,9997,0,9999
2023-08-25T05:45:42,2,9997,0,9999
2023-08-25T05:58:32,2,9997,0,9999
2023-08-25T06:11:20,2,9997,0,9999
2023-08-25T06:24:08,2,9997,0,9999
2023-08-25T06:36:56,2,9997,0,9999
2023-08-25T06:49:42,2,9997,0,9999
2023-08-25T07:02:27,2,9997,0,9999
2023-08-25T07:15:12,2,9997,0,9999
2023-08-25T07:27:56,2,9997,0,9999
2023-08-25T07:40:49,2,9997,0,9999
2023-08-25T07:53:34,2,9997,0,9999
2023-08-25T08:06:20,2,9997,0,9999
2023-08-25T08:19:04,2,9997,0,9999
2023-08-25T08:31:48,2,9997,0,9999
2023-08-25T08:44:32,2,9997,0,9999
2023-08-25T08:57:17,2,9997,0,9999
2023-08-25T09:10:01,2,9997,0,9999
2023-08-25T09:22:46,2,9997,0,9999
2023-08-25T09:35:42,2,9997,0,9999
2023-08-25T09:48:25,2,9997,0,9999
2023-08-25T10:01:10,2,9997,0,9999
2023-08-25T10:13:54,2,9997,0,9999
2023-08-25T10:26:38,2,9997,0,9999
2023-08-25T10:39:22,2,9997,0,9999
2023-08-25T10:52:07,2,9997,0,9999
2023-08-25T11:04:52,2,9997,0,9999
2023-08-25T11:17:46,2,9997,0,9999
2023-08-25T11:30:30,2,9997,0,9999
2023-08-25T11:43:14,2,9997,0,9999
2023-08-25T11:55:58,2,9997,0,9999
2023-08-25T12:08:42,2,9997,0,9999
2023-08-25T12:21:26,2,9997,0,9999
2023-08-25T12:34:11,2,9997,0,9999
2023-08-25T12:47:06,2,9997,0,9999
2023-08-25T12:59:51,2,9997,0,9999
2023-08-25T13:12:36,2,9997,0,9999
2023-08-25T13:25:20,2,9997,0,9999
2023-08-25T13:38:05,2,9997,0,9999
2023-08-25T13:50:49,2,9997,0,9999
2023-08-25T14:03:33,2,9997,0,9999
2023-08-25T14:16:28,2,9997,0,9999
2023-08-25T14:29:12,2,9997,0,9999
2023-08-25T14:41:59,2,9997,0,9999
2023-08-25T14:54:43,2,9997,0,9999
2023-08-25T15:07:28,2,9997,0,9999
2023-08-25T15:20:12,2,9997,0,9999
2023-08-25T15:32:59,2,9997,0,9999
2023-08-25T15:45:42,2,9997,0,9999
2023-08-25T15:58:35,2,9997,0,9999
2023-08-25T16:11:19,2,9997,0,9999
2023-08-25T16:24:03,2,9997,0,9999
2023-08-25T16:36:47,2,9997,0,9999
2023-08-25T16:49:32,2,9997,0,9999
2023-08-25T17:02:16,2,9997,0,9999
2023-08-25T17:15:12,2,9997,0,9999
2023-08-25T17:27:56,2,9997,0,9999
2023-08-25T17:40:40,2,9997,0,9999
2023-08-25T17:53:24,2,9997,0,9999
2023-08-25T18:06:08,2,9997,0,9999
2023-08-25T18:18:51,2,9997,0,9999
2023-08-25T18:31:35,2,9997,0,9999
2023-08-25T18:44:18,2,9997,0,9999
2023-08-25T18:57:12,2,9997,0,9999
2023-08-25T19:09:57,2,9997,0,9999
2023-08-25T19:22:41,2,9997,0,9999
2023-08-25T19:35:28,2,9997,0,9999
2023-08-25T19:48:13,2,9997,0,9999
2023-08-25T20:00:56,2,9997,0,9999
2023-08-25T20:13:40,2,9997,0,9999
2023-08-25T20:26:25,2,9997,0,9999
2023-08-25T20:39:09,2,9997,0,9999
2023-08-25T20:52:02,2,9997,0,9999
2023-08-25T21:04:46,2,9997,0,9999
2023-08-25T21:17:30,2,9997,0,9999
2023-08-25T21:30:14,2,9997,0,9999
2023-08-25T21:42:58,2,9997,0,9999
2023-08-25T21:55:42,2,9997,0,9999
2023-08-25T22:08:27,2,9997,0,9999
2023-08-25T22:21:10,2,9997,0,9999
2023-08-25T22:33:54,2,9997,0,9999
2023-08-25T22:46:38,2,9997,0,9999
2023-08-25T22:59:33,2,9997,0,9999
2023-08-25T23:12:19,2,9997,0,9999
2023-08-25T23:25:04,2,9997,0,9999
2023-08-25T23:37:49,2,9997,0,9999
2023-08-25T23:50:34,2,9997,0,9999
2023-08-26T00:03:20,2,9997,0,9999
2023-08-26T00:16:10,2,9997,0,9999
2023-08-26T00:29:00,2,9997,0,9999
2023-08-26T00:41:49,2,9997,0,9999
2023-08-26T00:54:48,2,9997,0,9999
2023-08-26T01:07:37,2,9997,0,9999
2023-08-26T01:20:25,2,9997,0,9999
2023-08-26T01:33:15,2,9997,0,9999
2023-08-26T01:46:02,2,9997,0,9999
2023-08-26T01:58:50,2,9997,0,9999
2023-08-26T02:11:36,2,9997,0,9999
2023-08-26T02:24:21,2,9997,0,9999
2023-08-26T02:37:06,2,9997,0,9999
2023-08-26T02:49:51,2,9997,0,9999
2023-08-26T03:02:35,2,9997,0,9999
2023-08-26T03:15:22,2,9997,0,9999
2023-08-26T03:28:11,2,9997,0,9999
2023-08-26T03:41:10,2,9997,0,9999
2023-08-26T03:53:57,2,9997,0,9999
2023-08-26T04:06:45,2,9997,0,9999
2023-08-26T04:26:54,2,9997,0,9999
2023-08-26T04:41:19,2,9997,0,9999
2023-08-26T04:54:12,2,9997,0,9999
2023-08-26T05:07:01,2,9997,0,9999
2023-08-26T05:19:49,2,9997,0,9999
2023-08-26T05:32:39,2,9997,0,9999
2023-08-26T05:45:26,2,9997,0,9999
2023-08-26T05:58:14,2,9997,0,9999
2023-08-26T06:11:03,2,9997,0,9999
2023-08-26T06:23:50,2,9997,0,9999
2023-08-26T06:36:37,2,9997,0,9999
2023-08-26T06:49:29,2,9997,0,9999
2023-08-26T07:02:32,2,9997,0,9999
2023-08-26T07:15:19,2,9997,0,9999
2023-08-26T07:28:06,2,9997,0,9999
2023-08-26T07:40:53,2,9997,0,9999
2023-08-26T07:53:40,2,9997,0,9999
2023-08-26T08:06:28,2,9997,0,9999
2023-08-26T08:19:15,2,9997,0,9999
2023-08-26T08:32:03,2,9997,0,9999
2023-08-26T08:44:50,2,9997,0,9999
2023-08-26T08:57:37,2,9997,0,9999
2023-08-26T09:10:38,2,9997,0,9999
2023-08-26T09:23:25,2,9997,0,9999
2023-08-26T09:36:13,2,9997,0,9999
2023-08-26T09:48:59,2,9997,0,9999
2023-08-26T10:01:46,2,9997,0,9999
2023-08-26T10:14:31,2,9997,0,9999
2023-08-26T10:27:17,2,9997,0,9999
2023-08-26T10:40:02,2,9997,0,9999
2023-08-26T10:52:47,2,9997,0,9999
2023-08-26T11:05:31,2,9997,0,9999
2023-08-26T11:18:15,2,9997,0,9999
2023-08-26T11:30:58,2,9997,0,9999
2023-08-26T11:43:52,2,9997,0,9999
2023-08-26T11:56:35,2,9997,0,9999
2023-08-26T12:09:19,2,9997,0,9999
2023-08-26T12:22:02,2,9997,0,9999
2023-08-26T12:34:47,2,9997,0,9999
2023-08-26T12:47:30,2,9997,0,9999
2023-08-26T13:00:14,2,9997,0,9999
2023-08-26T13:12:58,2,9997,0,9999
2023-08-26T13:25:42,2,9997,0,9999
2023-08-26T13:38:25,2,9997,0,9999
2023-08-26T13:51:33,2,9997,0,9999
2023-08-26T14:04:17,2,9997,0,9999
2023-08-26T14:17:00,2,9997,0,9999
2023-08-26T14:29:45,2,9997,0,9999
2023-08-26T14:42:30,2,9997,0,9999
2023-08-26T14:55:14,2,9997,0,9999
2023-08-26T15:07:57,2,9997,0,9999
2023-08-26T15:20:41,2,9997,0,9999
2023-08-26T15:33:24,2,9997,0,9999
2023-08-26T15:46:07,2,9997,0,9999
2023-08-26T15:58:50,2,9997,0,9999
2023-08-26T16:11:43,2,9997,0,9999
2023-08-26T16:24:27,2,9997,0,9999
2023-08-26T16:37:11,2,9997,0,9999
2023-08-26T16:49:54,2,9997,0,9999
2023-08-26T17:02:38,2,9997,0,9999
2023-08-26T17:15:23,2,9997,0,9999
2023-08-26T17:28:06,2,9997,0,9999
2023-08-26T17:40:50,2,9997,0,9999
2023-08-26T17:53:34,2,9997,0,9999
2023-08-26T18:06:37,2,9997,0,9999
2023-08-26T18:19:21,2,9997,0,9999
2023-08-26T18:32:05,2,9997,0,9999
2023-08-26T18:44:49,2,9997,0,9999
2023-08-26T18:57:33,2,9997,0,9999
2023-08-26T19:10:17,2,9997,0,9999
2023-08-26T19:23:02,2,9997,0,9999
2023-08-26T19:35:46,2,9997,0,9999
2023-08-26T19:48:29,2,9997,0,9999
2023-08-26T20:01:22,2,9997,0,9999
2023-08-26T20:14:06,2,9997,0,9999
2023-08-26T20:26:49,2,9997,0,9999
2023-08-26T20:39:34,2,9997,0,9999
2023-08-26T20:52:18,2,9997,0,9999
2023-08-26T21:05:02,2,9997,0,9999
2023-08-26T21:17:46,2,9997,0,9999
2023-08-26T21:30:29,2,9997,0,9999
2023-08-26T21:43:30,2,9997,0,9999
2023-08-26T21:56:15,2,9997,0,9999
2023-08-26T22:08:58,2,9997,0,9999
2023-08-26T22:21:42,2,9997,0,9999
2023-08-26T22:34:25,2,9997,0,9999
2023-08-26T22:47:09,2,9997,0,9999
2023-08-26T22:59:53,2,9997,0,9999
2023-08-26T23:12:39,2,9997,0,9999
2023-08-26T23:25:24,2,9997,0,9999
2023-08-26T23:38:08,2,9997,0,9999
2023-08-26T23:51:02,2,9997,0,9999
2023-08-27T00:03:49,2,9997,0,9999
2023-08-27T00:16:39,2,9997,0,9999
2023-08-27T00:29:27,2,9997,0,9999
2023-08-27T00:42:15,2,9997,0,9999
2023-08-27T00:55:02,2,9997,0,9999
2023-08-27T01:07:50,2,9997,0,9999
2023-08-27T01:20:36,2,9997,0,9999
2023-08-27T01:33:24,2,9997,0,9999
2023-08-27T01:46:11,2,9997,0,9999
2023-08-27T01:58:59,2,9997,0,9999
2023-08-27T02:12:06,2,9997,0,9999
2023-08-27T02:24:53,2,9997,0,9999
2023-08-27T02:37:42,2,9997,0,9999
2023-08-27T02:50:28,2,9997,0,9999
2023-08-27T03:03:14,2,9997,0,9999
2023-08-27T03:16:03,2,9997,0,9999
2023-08-27T03:28:51,2,9997,0,9999
2023-08-27T03:41:39,2,9997,0,9999
2023-08-27T03:54:26,2,9997,0,9999
2023-08-27T04:07:13,2,9997,0,9999
2023-08-27T04:22:41,2,9997,0,9999
2023-08-27T04:36:52,2,9997,0,9999
2023-08-27T04:50:00,2,9997,0,9999
2023-08-27T05:02:49,2,9997,0,9999
2023-08-27T05:15:36,2,9997,0,9999
2023-08-27T05:28:25,2,9997,0,9999
2023-08-27T05:41:13,2,9997,0,9999
2023-08-27T05:54:02,2,9997,0,9999
2023-08-27T06:06:51,2,9997,0,9999
2023-08-27T06:19:38,2,9997,0,9999
2023-08-27T06:32:24,2,9997,0,9999
2023-08-27T06:45:09,2,9997,0,9999
2023-08-27T06:57:53,2,9997,0,9999
2023-08-27T07:10:40,2,9997,0,9999
2023-08-27T07:23:24,2,9997,0,9999
2023-08-27T07:36:09,2,9997,0,9999
2023-08-27T07:49:00,2,9997,0,9999
2023-08-27T08:01:45,2,9997,0,9999
2023-08-27T08:14:30,2,9997,0,9999
2023-08-27T08:27:15,2,9997,0,9999
2023-08-27T08:39:59,2,9997,0,9999
2023-08-27T08:52:43,2,9997,0,9999
2023-08-27T09:05:27,2,9997,0,9999
2023-08-27T09:18:11,2,9997,0,9999
2023-08-27T09:30:56,2,9997,0,9999
2023-08-27T09:43:40,2,9997,0,9999
2023-08-27T09:56:25,2,9997,0,9999
2023-08-27T10:09:09,2,9997,0,9999
2023-08-27T10:22:06,2,9997,0,9999
2023-08-27T10:34:50,2,9997,0,9999
2023-08-27T10:47:34,2,9997,0,9999
2023-08-27T11:00:22,2,9997,0,9999
2023-08-27T11:13:07,2,9997,0,9999
2023-08-27T11:25:53,2,9997,0,9999
2023-08-27T11:38:39,2,9997,0,9999
2023-08-27T11:51:22,2,9997,0,9999
2023-08-27T12:04:07,2,9997,0,9999
2023-08-27T12:16:50,2,9997,0,9999
2023-08-27T12:29:43,2,9997,0,9999
2023-08-27T12:42:26,2,9997,0,9999
2023-08-27T12:55:11,2,9997,0,9999
2023-08-27T13:07:55,2,9997,0,9999
2023-08-27T13:20:39,2,9997,0,9999
2023-08-27T13:33:23,2,9997,0,9999
2023-08-27T13:46:07,2,9997,0,9999
2023-08-27T13:58:50,2,9997,0,9999
2023-08-27T14:11:44,2,9997,0,9999
2023-08-27T14:24:27,2,9997,0,9999
2023-08-27T14:37:11,2,9997,0,9999
2023-08-27T14:49:55,2,9997,0,9999
2023-08-27T15:02:39,2,9997,0,9999
2023-08-27T15:15:23,2,9997,0,9999
2023-08-27T15:28:06,2,9997,0,9999
2023-08-27T15:40:50,2,9997,0,9999
2023-08-27T15:53:41,2,9997,0,9999
2023-08-27T16:06:25,2,9997,0,9999
2023-08-27T16:19:10,2,9997,0,9999
2023-08-27T16:31:54,2,9997,0,9999
2023-08-27T16:44:38,2,9997,0,9999
2023-08-27T16:57:22,2,9997,0,9999
2023-08-27T17:10:07,2,9997,0,9999
2023-08-27T17:23:08,2,9997,0,9999
2023-08-27T17:35:51,2,9997,0,9999
2023-08-27T17:48:35,2,9997,0,9999
2023-08-27T18:01:19,2,9997,0,9999
2023-08-27T18:14:03,2,9997,0,9999
2023-08-27T18:26:47,2,9997,0,9999
2023-08-27T18:39:31,2,9997,0,9999
2023-08-27T18:52:15,2,9997,0,9999
2023-08-27T19:05:12,2,9997,0,9999
2023-08-27T19:17:57,2,9997,0,9999
2023-08-27T19:30:40,2,9997,0,9999
2023-08-27T19:43:24,2,9997,0,9999
2023-08-27T19:56:08,2,9997,0,9999
2023-08-27T20:08:51,2,9997,0,9999
2023-08-27T20:21:51,2,9997,0,9999
2023-08-27T20:34:34,2,9997,0,9999
2023-08-27T20:47:18,2,9997,0,9999
2023-08-27T21:00:01,2,9997,0,9999
2023-08-27T21:12:45,2,9997,0,9999
2023-08-27T21:25:29,2,9997,0,9999
2023-08-27T21:38:14,2,9997,0,9999
2023-08-27T21:51:08,2,9997,0,9999
2023-08-27T22:03:51,2,9997,0,9999
2023-08-27T22:16:35,2,9997,0,9999
2023-08-27T22:29:19,2,9997,0,9999
2023-08-27T22:42:02,2,9997,0,9999
2023-08-27T22:48:54,2,9997,0,9999
2023-08-27T23:01:38,2,9997,0,9999
2023-08-27T23:14:34,2,9997,0,9999
2023-08-27T23:27:18,2,9997,0,9999
2023-08-27T23:40:03,2,9997,0,9999
2023-08-27T23:52:47,2,9997,0,9999
2023-08-28T00:05:33,2,9997,0,9999
2023-08-28T00:18:26,2,9997,0,9999
2023-08-28T00:31:31,2,9997,0,9999
2023-08-28T00:44:22,2,9997,0,9999
2023-08-28T00:57:09,2,9997,0,9999
2023-08-28T01:09:54,2,9997,0,9999
2023-08-28T01:22:54,2,9997,0,9999
2023-08-28T01:35:42,2,9997,0,9999
2023-08-28T01:48:39,2,9997,0,9999
2023-08-28T02:01:26,2,9997,0,9999
2023-08-28T02:14:23,2,9997,0,9999
2023-08-28T02:27:09,2,9997,0,9999
2023-08-28T02:39:55,2,9997,0,9999
2023-08-28T02:52:42,2,9997,0,9999
2023-08-28T03:05:27,2,9997,0,9999
2023-08-28T03:18:15,2,9997,0,9999
2023-08-28T03:31:02,2,9997,0,9999
2023-08-28T03:43:48,2,9997,0,9999
2023-08-28T03:56:35,2,9997,0,9999
2023-08-28T04:09:21,2,9997,0,9999
2023-08-28T04:25:42,2,9997,0,9999
2023-08-28T04:38:56,2,9997,0,9999
2023-08-28T04:51:46,2,9997,0,9999
2023-08-28T05:04:37,2,9997,0,9999
2023-08-28T05:17:25,2,9997,0,9999
2023-08-28T05:30:14,2,9997,0,9999
2023-08-28T05:43:03,2,9997,0,9999
2023-08-28T05:55:51,2,9997,0,9999
2023-08-28T06:08:39,2,9997,0,9999
2023-08-28T06:21:26,2,9997,0,9999
2023-08-28T06:34:13,2,9997,0,9999
2023-08-28T06:46:59,2,9997,0,9999
2023-08-28T06:59:46,2,9997,0,9999
2023-08-28T07:12:32,2,9997,0,9999
2023-08-28T07:25:16,2,9997,0,9999
2023-08-28T07:38:09,2,9997,0,9999
2023-08-28T07:50:53,2,9997,0,9999
2023-08-28T08:03:39,2,9997,0,9999
2023-08-28T08:16:25,2,9997,0,9999
2023-08-28T08:29:11,2,9997,0,9999
2023-08-28T08:42:00,2,9997,0,9999
2023-08-28T08:54:50,2,9997,0,9999
2023-08-28T09:07:51,2,9997,0,9999
2023-08-28T09:20:39,2,9997,0,9999
2023-08-28T09:33:36,2,9997,0,9999
2023-08-28T09:46:22,2,9997,0,9999
2023-08-28T09:59:08,2,9997,0,9999
2023-08-28T10:12:09,2,9997,0,9999
2023-08-28T10:24:56,2,9997,0,9999
2023-08-28T10:37:44,2,9997,0,9999
2023-08-28T10:50:31,2,9997,0,9999
2023-08-28T11:03:32,2,9997,0,9999
2023-08-28T11:16:16,2,9997,0,9999
2023-08-28T11:29:04,2,9997,0,9999
2023-08-28T11:42:07,2,9997,0,9999
2023-08-28T11:54:53,2,9997,0,9999
2023-08-28T12:07:40,2,9997,0,9999
2023-08-28T12:20:27,2,9997,0,9999
2023-08-28T12:33:26,2,9997,0,9999
2023-08-28T12:46:12,2,9997,0,9999
2023-08-28T12:58:58,2,9997,0,9999
2023-08-28T13:11:47,2,9997,0,9999
2023-08-28T13:24:46,2,9997,0,9999
2023-08-28T13:37:31,2,9997,0,9999
2023-08-28T13:50:18,2,9997,0,9999
2023-08-28T14:03:05,2,9997,0,9999
2023-08-28T14:16:02,2,9997,0,9999
2023-08-28T14:28:47,2,9997,0,9999
2023-08-28T14:41:31,2,9997,0,9999
2023-08-28T14:54:16,2,9997,0,9999
2023-08-28T15:07:10,2,9997,0,9999
2023-08-28T15:19:55,2,9997,0,9999
2023-08-28T15:32:41,2,9997,0,9999
2023-08-28T15:45:27,2,9997,0,9999
2023-08-28T15:58:24,2,9997,0,9999
2023-08-28T16:11:12,2,9997,0,9999
2023-08-28T16:23:59,2,9997,0,9999
2023-08-28T16:36:46,2,9997,0,9999
2023-08-28T16:49:32,2,9997,0,9999
2023-08-28T17:02:30,2,9997,0,9999
2023-08-28T17:15:19,2,9997,0,9999
2023-08-28T17:28:06,2,9997,0,9999
2023-08-28T17:40:53,2,9997,0,9999
2023-08-28T17:53:40,2,9997,0,9999
2023-08-28T18:06:39,2,9997,0,9999
2023-08-28T18:19:26,2,9997,0,9999
2023-08-28T18:32:13,2,9997,0,9999
2023-08-28T18:45:00,2,9997,0,9999
2023-08-28T18:57:47,2,9997,0,9999
2023-08-28T19:10:45,2,9997,0,9999
2023-08-28T19:23:32,2,9997,0,9999
2023-08-28T19:36:20,2,9997,0,9999
2023-08-28T19:49:08,2,9997,0,9999
2023-08-28T20:01:55,2,9997,0,9999
2023-08-28T20:14:53,2,9997,0,9999
2023-08-28T20:27:39,2,9997,0,9999
2023-08-28T20:40:26,2,9997,0,9999
2023-08-28T20:53:13,2,9997,0,9999
2023-08-28T21:06:00,2,9997,0,9999
2023-08-28T21:18:58,2,9997,0,9999
2023-08-28T21:31:45,2,9997,0,9999
2023-08-28T21:44:31,2,9997,0,9999
2023-08-28T21:57:19,2,9997,0,9999
2023-08-28T22:10:06,2,9997,0,9999
2023-08-28T22:23:03,2,9997,0,9999
2023-08-28T22:35:50,2,9997,0,9999
2023-08-28T22:48:37,2,9997,0,9999
2023-08-28T23:01:25,2,9997,0,9999
2023-08-28T23:14:14,2,9997,0,9999
2023-08-28T23:27:13,2,9997,0,9999
2023-08-28T23:40:02,2,9997,0,9999
2023-08-28T23:52:50,2,9997,0,9999
2023-08-29T00:05:40,2,9997,0,9999
2023-08-29T00:18:43,2,9997,0,9999
2023-08-29T00:31:36,2,9997,0,9999
2023-08-29T00:44:24,2,9997,0,9999
2023-08-29T00:57:24,2,9997,0,9999
2023-08-29T01:10:14,2,9997,0,9999
2023-08-29T01:23:05,2,9997,0,9999
2023-08-29T01:35:54,2,9997,0,9999
2023-08-29T01:48:44,2,9997,0,9999
2023-08-29T02:01:34,2,9997,0,9999
2023-08-29T02:14:24,2,9997,0,9999
2023-08-29T02:27:15,2,9997,0,9999
2023-08-29T02:40:04,2,9997,0,9999
2023-08-29T02:53:03,2,9997,0,9999
2023-08-29T03:05:53,2,9997,0,9999
2023-08-29T03:18:44,2,9997,0,9999
2023-08-29T03:31:35,2,9997,0,9999
2023-08-29T03:44:26,2,9997,0,9999
2023-08-29T03:57:18,2,9997,0,9999
2023-08-29T04:10:09,2,9997,0,9999
2023-08-29T04:23:03,2,9997,0,9999
2023-08-29T04:35:56,2,9997,0,9999
2023-08-29T04:50:27,2,9997,0,9999
2023-08-29T05:03:41,2,9997,0,9999
2023-08-29T05:16:34,2,9997,0,9999
2023-08-29T05:29:25,2,9997,0,9999
2023-08-29T05:42:17,2,9997,0,9999
2023-08-29T05:55:08,2,9997,0,9999
2023-08-29T06:07:59,2,9997,0,9999
2023-08-29T06:20:49,2,9997,0,9999
2023-08-29T06:33:43,2,9997,0,9999
2023-08-29T06:46:34,2,9997,0,9999
2023-08-29T06:59:27,2,9997,0,9999
2023-08-29T07:12:25,2,9997,0,9999
2023-08-29T07:25:15,2,9997,0,9999
2023-08-29T07:38:05,2,9997,0,9999
2023-08-29T07:50:54,2,9997,0,9999
2023-08-29T08:03:47,2,9997,0,9999
2023-08-29T08:16:41,2,9997,0,9999
2023-08-29T08:29:32,2,9997,0,9999
2023-08-29T08:42:26,2,9997,0,9999
2023-08-29T08:55:32,2,9997,0,9999
2023-08-29T09:08:25,2,9997,0,9999
2023-08-29T09:21:22,2,9997,0,9999
2023-08-29T09:34:16,2,9997,0,9999
2023-08-29T09:47:20,2,9997,0,9999
2023-08-29T10:00:17,2,9997,0,9999
2023-08-29T10:13:13,2,9997,0,9999
2023-08-29T10:26:09,2,9997,0,9999
2023-08-29T10:39:15,2,9997,0,9999
2023-08-29T10:52:20,2,9997,0,9999
2023-08-29T11:05:18,2,9997,0,9999
2023-08-29T11:18:22,2,9997,0,9999
2023-08-29T11:31:24,2,9997,0,9999
2023-08-29T11:44:20,2,9997,0,9999
2023-08-29T11:57:28,2,9997,0,9999
2023-08-29T12:10:31,2,9997,0,9999
2023-08-29T12:23:28,2,9997,0,9999
2023-08-29T12:36:34,2,9997,0,9999
2023-08-29T12:49:27,2,9997,0,9999
2023-08-29T13:02:28,2,9997,0,9999
2023-08-29T13:15:21,2,9997,0,9999
2023-08-29T13:28:26,2,9997,0,9999
2023-08-29T13:41:24,2,9997,0,9999
2023-08-29T13:54:20,2,9997,0,9999
2023-08-29T14:07:27,2,9997,0,9999
2023-08-29T14:20:24,2,9997,0,9999
2023-08-29T14:33:22,2,9997,0,9999
2023-08-29T14:46:30,2,9997,0,9999
2023-08-29T14:59:25,2,9997,0,9999
2023-08-29T15:12:23,2,9997,0,9999
2023-08-29T15:25:28,2,9997,0,9999
2023-08-29T15:38:23,2,9997,0,9999
2023-08-29T15:51:33,2,9997,0,9999
2023-08-29T16:04:34,2,9997,0,9999
2023-08-29T16:17:30,2,9997,0,9999
2023-08-29T16:30:28,2,9997,0,9999
2023-08-29T16:43:37,2,9997,0,9999
2023-08-29T16:56:31,2,9997,0,9999
2023-08-29T17:09:29,2,9997,0,9999
2023-08-29T17:22:40,2,9997,0,9999
2023-08-29T17:35:32,2,9997,0,9999
2023-08-29T17:48:24,2,9997,0,9999
2023-08-29T18:01:22,2,9997,0,9999
2023-08-29T18:14:36,2,9997,0,9999
2023-08-29T18:27:37,2,9997,0,9999
2023-08-29T18:40:35,2,9997,0,9999
2023-08-29T18:53:40,2,9997,0,9999
2023-08-29T19:06:33,2,9997,0,9999
2023-08-29T19:19:25,2,9997,0,9999
2023-08-29T19:32:19,2,9997,0,9999
2023-08-29T19:45:24,2,9997,0,9999
2023-08-29T19:58:16,2,9997,0,9999
2023-08-29T20:11:11,2,9997,0,9999
2023-08-29T20:24:00,2,9997,0,9999
2023-08-29T20:37:00,2,9997,0,9999
2023-08-29T20:49:47,2,9997,0,9999
2023-08-29T21:02:34,2,9997,0,9999
2023-08-29T21:15:21,2,9997,0,9999
2023-08-29T21:28:19,2,9997,0,9999
2023-08-29T21:41:07,2,9997,0,9999
2023-08-29T21:53:53,2,9997,0,9999
2023-08-29T22:06:41,2,9997,0,9999
2023-08-29T22:19:41,2,9997,0,9999
2023-08-29T22:32:28,2,9997,0,9999
2023-08-29T22:45:15,2,9997,0,9999
2023-08-29T22:58:04,2,9997,0,9999
2023-08-29T23:10:52,2,9997,0,9999
2023-08-29T23:23:51,2,9997,0,9999
2023-08-29T23:36:39,2,9997,0,9999
2023-08-29T23:49:27,2,9997,0,9999
2023-08-30T00:02:15,2,9997,0,9999
2023-08-30T00:15:06,2,9997,0,9999
2023-08-30T00:27:58,2,9997,0,9999
2023-08-30T00:41:01,2,9997,0,9999
2023-08-30T00:53:53,2,9997,0,9999
2023-08-30T01:06:46,2,9997,0,9999
2023-08-30T01:19:38,2,9997,0,9999
2023-08-30T01:32:30,2,9997,0,9999
2023-08-30T01:45:20,2,9997,0,9999
2023-08-30T01:58:11,2,9997,0,9999
2023-08-30T02:11:03,2,9997,0,9999
2023-08-30T02:24:04,2,9997,0,9999
2023-08-30T02:36:54,2,9997,0,9999
2023-08-30T02:49:42,2,9997,0,9999
2023-08-30T03:02:31,2,9997,0,9999
2023-08-30T03:15:21,2,9997,0,9999
2023-08-30T03:28:12,2,9997,0,9999
2023-08-30T03:41:03,2,9997,0,9999
2023-08-30T03:53:54,2,9997,0,9999
2023-08-30T04:06:47,2,9997,0,9999
2023-08-30T06:28:21,2,9997,0,9999
2023-08-30T06:41:12,2,9997,0,9999
2023-08-30T06:54:03,2,9997,0,9999
2023-08-30T07:06:53,2,9997,0,9999
2023-08-30T07:19:43,2,9997,0,9999
2023-08-30T07:32:31,2,9997,0,9999
2023-08-30T07:45:19,2,9997,0,9999
2023-08-30T07:58:09,2,9997,0,9999
2023-08-30T08:10:59,2,9997,0,9999
2023-08-30T08:23:48,2,9997,0,9999
2023-08-30T08:36:36,2,9997,0,9999
2023-08-30T08:49:24,2,9997,0,9999
2023-08-30T09:02:12,2,9997,0,9999
2023-08-30T09:15:09,2,9997,0,9999
2023-08-30T09:27:56,2,9997,0,9999
2023-08-30T09:40:43,2,9997,0,9999
2023-08-30T09:53:31,2,9997,0,9999
2023-08-30T10:06:19,2,9997,0,9999
2023-08-30T10:19:07,2,9997,0,9999
2023-08-30T10:31:55,2,9997,0,9999
2023-08-30T10:44:46,2,9997,0,9999
2023-08-30T10:57:43,2,9997,0,9999
2023-08-30T11:10:32,2,9997,0,9999
2023-08-30T11:23:21,2,9997,0,9999
2023-08-30T11:36:10,2,9997,0,9999
2023-08-30T11:48:58,2,9997,0,9999
2023-08-30T12:01:46,2,9997,0,9999
2023-08-30T12:14:34,2,9997,0,9999
2023-08-30T12:27:31,2,9997,0,9999
2023-08-30T12:40:19,2,9997,0,9999
2023-08-30T12:53:08,2,9997,0,9999
2023-08-30T13:05:55,2,9997,0,9999
2023-08-30T13:18:43,2,9997,0,9999
2023-08-30T13:31:33,2,9997,0,9999
2023-08-30T13:44:22,2,9997,0,9999
2023-08-30T13:57:21,2,9997,0,9999
2023-08-30T14:10:11,2,9997,0,9999
2023-08-30T14:22:59,2,9997,0,9999
2023-08-30T14:35:48,2,9997,0,9999
2023-08-30T14:48:36,2,9997,0,9999
2023-08-30T15:01:24,2,9997,0,9999
2023-08-30T15:14:23,2,9997,0,9999
2023-08-30T15:27:11,2,9997,0,9999
2023-08-30T15:40:00,2,9997,0,9999
2023-08-30T15:52:48,2,9997,0,9999
2023-08-30T16:05:36,2,9997,0,9999
2023-08-30T16:18:25,2,9997,0,9999
2023-08-30T16:31:15,2,9997,0,9999
2023-08-30T16:44:13,2,9997,0,9999
2023-08-30T16:57:02,2,9997,0,9999
2023-08-30T17:09:51,2,9997,0,9999
2023-08-30T17:22:41,2,9997,0,9999
2023-08-30T17:35:30,2,9997,0,9999
2023-08-30T17:48:19,2,9997,0,9999
2023-08-30T18:01:07,2,9997,0,9999
2023-08-30T18:14:06,2,9997,0,9999
2023-08-30T18:26:54,2,9997,0,9999
2023-08-30T18:39:44,2,9997,0,9999
2023-08-30T18:52:33,2,9997,0,9999
2023-08-30T19:05:22,2,9997,0,9999
2023-08-30T19:18:11,2,9997,0,9999
2023-08-30T19:30:59,2,9997,0,9999
2023-08-30T19:43:49,2,9997,0,9999
2023-08-30T19:56:48,2,9997,0,9999
2023-08-30T20:09:37,2,9997,0,9999
2023-08-30T20:22:26,2,9997,0,9999
2023-08-30T20:35:14,2,9997,0,9999
2023-08-30T20:48:03,2,9997,0,9999
2023-08-30T21:00:52,2,9997,0,9999
2023-08-30T21:13:41,2,9997,0,9999
2023-08-30T21:26:30,2,9997,0,9999
2023-08-30T21:39:28,2,9997,0,9999
2023-08-30T21:52:17,2,9997,0,9999
2023-08-30T22:05:06,2,9997,0,9999
2023-08-30T22:17:54,2,9997,0,9999
2023-08-30T22:30:47,2,9997,0,9999
2023-08-30T22:43:35,2,9997,0,9999
2023-08-30T22:56:24,2,9997,0,9999
2023-08-30T23:09:13,2,9997,0,9999
2023-08-30T23:22:11,2,9997,0,9999
2023-08-30T23:35:00,2,9997,0,9999
2023-08-30T23:47:50,2,9997,0,9999
2023-08-31T00:00:39,2,9997,0,9999
2023-08-31T00:13:49,2,9997,0,9999
2023-08-31T00:26:43,2,9997,0,9999
2023-08-31T00:39:35,2,9997,0,9999
2023-08-31T00:52:25,2,9997,0,9999
2023-08-31T01:05:17,2,9997,0,9999
2023-08-31T01:18:08,2,9997,0,9999
2023-08-31T01:31:00,2,9997,0,9999
2023-08-31T01:43:53,2,9997,0,9999
2023-08-31T01:56:55,2,9997,0,9999
2023-08-31T02:09:49,2,9997,0,9999
2023-08-31T02:22:40,2,9997,0,9999
2023-08-31T02:35:31,2,9997,0,9999
2023-08-31T02:48:21,2,9997,0,9999
2023-08-31T03:01:14,2,9997,0,9999
2023-08-31T03:14:12,2,9997,0,9999
2023-08-31T03:27:07,2,9997,0,9999
2023-08-31T03:39:58,2,9997,0,9999
2023-08-31T03:52:51,2,9997,0,9999
2023-08-31T04:05:42,2,9997,0,9999
2023-08-31T04:21:28,2,9997,0,9999
2023-08-31T04:35:37,2,9997,0,9999
2023-08-31T04:48:50,2,9997,0,9999
2023-08-31T05:01:45,2,9997,0,9999
2023-08-31T05:14:40,2,9997,0,9999
2023-08-31T05:27:33,2,9997,0,9999
2023-08-31T05:40:27,2,9997,0,9999
2023-08-31T05:53:20,2,9997,0,9999
2023-08-31T06:06:13,2,9997,0,9999
2023-08-31T06:19:05,2,9997,0,9999
2023-08-31T06:31:57,2,9997,0,9999
2023-08-31T06:44:49,2,9997,0,9999
2023-08-31T06:57:42,2,9997,0,9999
2023-08-31T07:10:34,2,9997,0,9999
2023-08-31T07:23:26,2,9997,0,9999
2023-08-31T07:36:16,2,9997,0,9999
2023-08-31T07:49:05,2,9997,0,9999
2023-08-31T08:01:57,2,9997,0,9999
2023-08-31T08:14:46,2,9997,0,9999
2023-08-31T08:27:45,2,9997,0,9999
2023-08-31T08:40:36,2,9997,0,9999
2023-08-31T08:53:25,2,9997,0,9999
2023-08-31T09:06:15,2,9997,0,9999
2023-08-31T09:19:05,2,9997,0,9999
2023-08-31T09:31:56,2,9997,0,9999
2023-08-31T09:44:46,2,9997,0,9999
2023-08-31T09:57:36,2,9997,0,9999
2023-08-31T10:10:40,2,9997,0,9999
2023-08-31T10:23:30,2,9997,0,9999
2023-08-31T10:36:21,2,9997,0,9999
2023-08-31T10:49:11,2,9997,0,9999
2023-08-31T11:02:03,2,9997,0,9999
2023-08-31T11:15:03,2,9997,0,9999
2023-08-31T11:27:54,2,9997,0,9999
2023-08-31T11:40:45,2,9997,0,9999
2023-08-31T11:53:35,2,9997,0,9999
2023-08-31T12:06:25,2,9997,0,9999
2023-08-31T12:19:26,2,9997,0,9999
2023-08-31T12:32:19,2,9997,0,9999
2023-08-31T12:45:10,2,9997,0,9999
2023-08-31T12:58:02,2,9997,0,9999
2023-08-31T13:10:54,2,9997,0,9999
2023-08-31T13:23:46,2,9997,0,9999
2023-08-31T13:36:47,2,9997,0,9999
2023-08-31T13:49:38,2,9997,0,9999
2023-08-31T14:02:30,2,9997,0,9999
2023-08-31T14:15:21,2,9997,0,9999
2023-08-31T14:28:10,2,9997,0,9999
2023-08-31T14:41:09,2,9997,0,9999
2023-08-31T14:53:59,2,9997,0,9999
2023-08-31T15:06:49,2,9997,0,9999
2023-08-31T15:19:39,2,9997,0,9999
2023-08-31T15:32:31,2,9997,0,9999
2023-08-31T15:45:29,2,9997,0,9999
2023-08-31T15:58:19,2,9997,0,9999
2023-08-31T16:11:08,2,9997,0,9999
2023-08-31T16:23:58,2,9997,0,9999
2023-08-31T16:36:49,2,9997,0,9999
2023-08-31T16:49:38,2,9997,0,9999
2023-08-31T17:02:37,2,9997,0,9999
2023-08-31T17:15:28,2,9997,0,9999
2023-08-31T17:28:17,2,9997,0,9999
2023-08-31T17:41:06,2,9997,0,9999
2023-08-31T17:53:55,2,9997,0,9999
2023-08-31T18:06:44,2,9997,0,9999
2023-08-31T18:19:33,2,9997,0,9999
2023-08-31T18:32:22,2,9997,0,9999
2023-08-31T18:45:22,2,9997,0,9999
2023-08-31T18:58:11,2,9997,0,9999
2023-08-31T19:11:01,2,9997,0,9999
2023-08-31T19:23:49,2,9997,0,9999
2023-08-31T19:36:39,2,9997,0,9999
2023-08-31T19:49:28,2,9997,0,9999
2023-08-31T20:02:17,2,9997,0,9999
2023-08-31T20:15:16,2,9997,0,9999
2023-08-31T20:28:05,2,9997,0,9999
2023-08-31T20:40:54,2,9997,0,9999
2023-08-31T20:53:43,2,9997,0,9999
2023-08-31T21:06:33,2,9997,0,9999
2023-08-31T21:19:22,2,9997,0,9999
2023-08-31T21:32:11,2,9997,0,9999
2023-08-31T21:45:01,2,9997,0,9999
2023-08-31T21:57:59,2,9997,0,9999
2023-08-31T22:10:48,2,9997,0,9999
2023-08-31T22:23:37,2,9997,0,9999
2023-08-31T22:36:26,2,9997,0,9999
2023-08-31T22:49:15,2,9997,0,9999
2023-08-31T23:02:04,2,9997,0,9999
2023-08-31T23:14:54,2,9997,0,9999
2023-08-31T23:27:44,2,9997,0,9999
2023-08-31T23:40:43,2,9997,0,9999
2023-08-31T23:53:33,2,9997,0,9999
2023-09-01T00:06:24,2,9997,0,9999
2023-09-01T00:19:24,2,9997,0,9999
2023-09-01T00:32:17,2,9997,0,9999
2023-09-01T00:45:10,2,9997,0,9999
2023-09-01T00:58:04,2,9997,0,9999
2023-09-01T01:10:58,2,9997,0,9999
2023-09-01T01:23:51,2,9997,0,9999
2023-09-01T01:36:56,2,9997,0,9999
2023-09-01T01:49:52,2,9997,0,9999
2023-09-01T02:02:46,2,9997,0,9999
2023-09-01T02:15:38,2,9997,0,9999
2023-09-01T02:28:31,2,9997,0,9999
2023-09-01T02:41:24,2,9997,0,9999
2023-09-01T02:54:16,2,9997,0,9999
2023-09-01T03:07:08,2,9997,0,9999
2023-09-01T03:20:03,2,9997,0,9999
2023-09-01T03:32:58,2,9997,0,9999
2023-09-01T03:45:51,2,9997,0,9999
2023-09-01T03:58:45,2,9997,0,9999
2023-09-01T04:13:52,2,9997,0,9999
2023-09-01T04:23:13,2,9997,0,9999
2023-09-01T04:36:33,2,9997,0,9999
2023-09-01T04:49:29,2,9997,0,9999
2023-09-01T05:02:23,2,9997,0,9999
2023-09-01T05:15:17,2,9997,0,9999
2023-09-01T05:28:11,2,9997,0,9999
2023-09-01T05:41:05,2,9997,0,9999
2023-09-01T05:54:01,2,9997,0,9999
2023-09-01T06:06:54,2,9997,0,9999
2023-09-01T06:19:48,2,9997,0,9999
2023-09-01T06:32:41,2,9997,0,9999
2023-09-01T06:45:34,2,9997,0,9999
2023-09-01T06:58:26,2,9997,0,9999
2023-09-01T07:11:19,2,9997,0,9999
2023-09-01T07:24:14,2,9997,0,9999
2023-09-01T07:37:06,2,9997,0,9999
2023-09-01T07:50:06,2,9997,0,9999
2023-09-01T08:02:56,2,9997,0,9999
2023-09-01T08:15:47,2,9997,0,9999
2023-09-01T08:28:40,2,9997,0,9999
2023-09-01T08:41:35,2,9997,0,9999
2023-09-01T08:54:27,2,9997,0,9999
2023-09-01T09:07:25,2,9997,0,9999
2023-09-01T09:20:35,2,9997,0,9999
2023-09-01T09:33:30,2,9997,0,9999
2023-09-01T09:46:24,2,9997,0,9999
2023-09-01T09:59:18,2,9997,0,9999
2023-09-01T10:12:16,2,9997,0,9999
2023-09-01T10:25:09,2,9997,0,9999
2023-09-01T10:38:16,2,9997,0,9999
2023-09-01T10:51:14,2,9997,0,9999
2023-09-01T11:04:09,2,9997,0,9999
2023-09-01T11:17:03,2,9997,0,9999
2023-09-01T11:30:12,2,9997,0,9999
2023-09-01T11:43:09,2,9997,0,9999
2023-09-01T11:56:03,2,9997,0,9999
2023-09-01T12:08:59,2,9997,0,9999
2023-09-01T12:22:06,2,9997,0,9999
2023-09-01T12:35:00,2,9997,0,9999
2023-09-01T12:47:52,2,9997,0,9999
2023-09-01T13:00:49,2,9997,0,9999
2023-09-01T13:13:45,2,9997,0,9999
2023-09-01T13:26:49,2,9997,0,9999
2023-09-01T13:39:45,2,9997,0,9999
2023-09-01T13:52:42,2,9997,0,9999
2023-09-01T14:05:41,2,9997,0,9999
2023-09-01T14:18:52,2,9997,0,9999
2023-09-01T14:31:49,2,9997,0,9999
2023-09-01T14:44:43,2,9997,0,9999
2023-09-01T14:57:49,2,9997,0,9999
2023-09-01T15:10:49,2,9997,0,9999
2023-09-01T15:23:50,2,9997,0,9999
2023-09-01T15:36:46,2,9997,0,9999
2023-09-01T15:49:52,2,9997,0,9999
2023-09-01T16:02:55,2,9997,0,9999
2023-09-01T16:15:49,2,9997,0,9999
2023-09-01T16:28:43,2,9997,0,9999
2023-09-01T16:41:39,2,9997,0,9999
2023-09-01T16:54:43,2,9997,0,9999
2023-09-01T17:07:40,2,9997,0,9999
2023-09-01T17:20:40,2,9997,0,9999
2023-09-01T19:20:44,2,9997,0,9999
2023-09-01T19:33:37,2,9997,0,9999
2023-09-01T19:46:30,2,9997,0,9999
2023-09-01T19:59:23,2,9997,0,9999
2023-09-01T20:12:28,2,9997,0,9999
2023-09-01T20:25:21,2,9997,0,9999
2023-09-01T20:38:12,2,9997,0,9999
2023-09-01T20:51:02,2,9997,0,9999
2023-09-01T21:04:03,2,9997,0,9999
2023-09-01T21:16:53,2,9997,0,9999
2023-09-01T21:29:44,2,9997,0,9999
2023-09-01T21:42:35,2,9997,0,9999
2023-09-01T21:55:26,2,9997,0,9999
2023-09-01T22:08:28,2,9997,0,9999
2023-09-01T22:21:18,2,9997,0,9999
2023-09-01T22:34:09,2,9997,0,9999
2023-09-01T22:47:00,2,9997,0,9999
2023-09-01T22:59:50,2,9997,0,9999
2023-09-01T23:12:42,2,9997,0,9999
2023-09-01T23:25:44,2,9997,0,9999
2023-09-01T23:38:35,2,9997,0,9999
2023-09-01T23:51:27,2,9997,0,9999
2023-09-02T00:04:20,2,9997,0,9999
2023-09-02T00:17:19,2,9997,0,9999
2023-09-02T00:30:14,2,9997,0,9999
2023-09-02T00:43:19,2,9997,0,9999
2023-09-02T00:56:14,2,9997,0,9999
2023-09-02T01:09:08,2,9997,0,9999
2023-09-02T01:22:02,2,9997,0,9999
2023-09-02T01:35:00,2,9997,0,9999
2023-09-02T01:47:56,2,9997,0,9999
2023-09-02T02:00:51,2,9997,0,9999
2023-09-02T02:13:46,2,9997,0,9999
2023-09-02T02:26:37,2,9997,0,9999
2023-09-02T02:39:40,2,9997,0,9999
2023-09-02T02:52:34,2,9997,0,9999
2023-09-02T03:05:26,2,9997,0,9999
2023-09-02T03:18:21,2,9997,0,9999
2023-09-02T03:31:15,2,9997,0,9999
2023-09-02T03:44:08,2,9997,0,9999
2023-09-02T03:57:03,2,9997,0,9999
2023-09-02T04:09:58,2,9997,0,9999
2023-09-02T04:20:28,2,9997,0,9999
2023-09-02T04:35:20,2,9997,0,9999
2023-09-02T04:48:36,2,9997,0,9999
2023-09-02T05:01:34,2,9997,0,9999
2023-09-02T05:14:30,2,9997,0,9999
2023-09-02T05:27:25,2,9997,0,9999
2023-09-02T05:40:21,2,9997,0,9999
2023-09-02T05:53:16,2,9997,0,9999
2023-09-02T06:06:11,2,9997,0,9999
2023-09-02T06:19:06,2,9997,0,9999
2023-09-02T06:32:00,2,9997,0,9999
2023-09-02T06:44:55,2,9997,0,9999
2023-09-02T06:57:50,2,9997,0,9999
2023-09-02T07:10:46,2,9997,0,9999
2023-09-02T07:23:41,2,9997,0,9999
2023-09-02T07:36:35,2,9997,0,9999
2023-09-02T07:49:28,2,9997,0,9999
2023-09-02T08:02:22,2,9997,0,9999
2023-09-02T08:15:25,2,9997,0,9999
2023-09-02T08:28:21,2,9997,0,9999
2023-09-02T08:41:15,2,9997,0,9999
2023-09-02T08:54:10,2,9997,0,9999
2023-09-02T09:07:05,2,9997,0,9999
2023-09-02T09:19:59,2,9997,0,9999
2023-09-02T09:32:53,2,9997,0,9999
2023-09-02T09:45:46,2,9997,0,9999
2023-09-02T09:58:39,2,9997,0,9999
2023-09-02T10:11:33,2,9997,0,9999
2023-09-02T10:24:26,2,9997,0,9999
2023-09-02T10:37:30,2,9997,0,9999
2023-09-02T10:50:23,2,9997,0,9999
2023-09-02T11:03:16,2,9997,0,9999
2023-09-02T11:16:08,2,9997,0,9999
2023-09-02T11:28:59,2,9997,0,9999
2023-09-02T11:41:51,2,9997,0,9999
2023-09-02T11:54:42,2,9997,0,9999
2023-09-02T12:07:33,2,9997,0,9999
2023-09-02T12:20:25,2,9997,0,9999
2023-09-02T12:33:16,2,9997,0,9999
2023-09-02T12:46:17,2,9997,0,9999
2023-09-02T12:59:08,2,9997,0,9999
2023-09-02T13:11:59,2,9997,0,9999
2023-09-02T13:24:50,2,9997,0,9999
2023-09-02T13:37:41,2,9997,0,9999
2023-09-02T13:50:32,2,9997,0,9999
2023-09-02T14:03:23,2,9997,0,9999
2023-09-02T14:16:15,2,9997,0,9999
2023-09-02T14:29:06,2,9997,0,9999
2023-09-02T14:42:08,2,9997,0,9999
2023-09-02T14:54:59,2,9997,0,9999
2023-09-02T15:07:51,2,9997,0,9999
2023-09-02T15:20:42,2,9997,0,9999
2023-09-02T15:33:33,2,9997,0,9999
2023-09-02T15:46:26,2,9997,0,9999
2023-09-02T15:59:17,2,9997,0,9999
2023-09-02T16:12:08,2,9997,0,9999
2023-09-02T16:24:59,2,9997,0,9999
2023-09-02T16:37:50,2,9997,0,9999
2023-09-02T16:50:42,2,9997,0,9999
2023-09-02T17:03:44,2,9997,0,9999
2023-09-02T17:16:37,2,9997,0,9999
2023-09-02T17:29:28,2,9997,0,9999
2023-09-02T17:42:19,2,9997,0,9999
2023-09-02T17:55:10,2,9997,0,9999
2023-09-02T18:08:02,2,9997,0,9999
2023-09-02T18:20:53,2,9997,0,9999
2023-09-02T18:33:44,2,9997,0,9999
2023-09-02T18:46:35,2,9997,0,9999
2023-09-02T18:59:26,2,9997,0,9999
2023-09-02T19:12:18,2,9997,0,9999
2023-09-02T19:25:09,2,9997,0,9999
2023-09-02T19:38:09,2,9997,0,9999
2023-09-02T19:51:00,2,9997,0,9999
2023-09-02T20:03:50,2,9997,0,9999
2023-09-02T20:16:42,2,9997,0,9999
2023-09-02T20:29:33,2,9997,0,9999
2023-09-02T20:42:24,2,9997,0,9999
2023-09-02T20:55:15,2,9997,0,9999
2023-09-02T21:08:06,2,9997,0,9999
2023-09-02T21:20:57,2,9997,0,9999
2023-09-02T21:33:47,2,9997,0,9999
2023-09-02T21:46:47,2,9997,0,9999
2023-09-02T21:59:38,2,9997,0,9999
2023-09-02T22:12:29,2,9997,0,9999
2023-09-02T22:25:20,2,9997,0,9999
2023-09-02T22:38:12,2,9997,0,9999
2023-09-02T22:51:02,2,9997,0,9999
2023-09-02T23:03:53,2,9997,0,9999
2023-09-02T23:16:47,2,9997,0,9999
2023-09-02T23:29:38,2,9997,0,9999
2023-09-02T23:42:31,2,9997,0,9999
2023-09-02T23:55:23,2,9997,0,9999
2023-09-03T00:08:16,2,9997,0,9999
2023-09-03T00:21:24,2,9997,0,9999
2023-09-03T00:34:19,2,9997,0,9999
2023-09-03T00:47:13,2,9997,0,9999
2023-09-03T01:00:08,2,9997,0,9999
2023-09-03T01:13:01,2,9997,0,9999
2023-09-03T01:25:54,2,9997,0,9999
2023-09-03T01:38:49,2,9997,0,9999
2023-09-03T01:51:43,2,9997,0,9999
2023-09-03T02:04:46,2,9997,0,9999
2023-09-03T02:17:42,2,9997,0,9999
2023-09-03T02:30:37,2,9997,0,9999
2023-09-03T02:43:31,2,9997,0,9999
2023-09-03T02:56:25,2,9997,0,9999
2023-09-03T03:09:19,2,9997,0,9999
2023-09-03T03:22:14,2,9997,0,9999
2023-09-03T03:35:09,2,9997,0,9999
2023-09-03T03:48:13,2,9997,0,9999
2023-09-03T04:01:09,2,9997,0,9999
2023-09-03T04:19:34,2,9997,0,9999
2023-09-03T04:32:31,2,9997,0,9999
2023-09-03T04:45:27,2,9997,0,9999
2023-09-03T05:00:01,2,9997,0,9999
2023-09-03T05:12:56,2,9997,0,9999
2023-09-03T05:25:52,2,9997,0,9999
2023-09-03T05:38:47,2,9997,0,9999
2023-09-03T05:51:45,2,9997,0,9999
2023-09-03T06:04:40,2,9997,0,9999
2023-09-03T06:17:34,2,9997,0,9999
2023-09-03T06:30:27,2,9997,0,9999
2023-09-03T06:43:19,2,9997,0,9999
2023-09-03T06:56:10,2,9997,0,9999
2023-09-03T07:09:02,2,9997,0,9999
2023-09-03T07:21:53,2,9997,0,9999
2023-09-03T07:34:44,2,9997,0,9999
2023-09-03T07:47:36,2,9997,0,9999
2023-09-03T08:00:28,2,9997,0,9999
2023-09-03T08:13:20,2,9997,0,9999
2023-09-03T08:26:13,2,9997,0,9999
2023-09-03T08:39:20,2,9997,0,9999
2023-09-03T08:52:11,2,9997,0,9999
2023-09-03T09:05:02,2,9997,0,9999
2023-09-03T09:17:54,2,9997,0,9999
2023-09-03T09:30:46,2,9997,0,9999
2023-09-03T09:43:37,2,9997,0,9999
2023-09-03T09:56:29,2,9997,0,9999
2023-09-03T10:09:20,2,9997,0,9999
2023-09-03T10:22:13,2,9997,0,9999
2023-09-03T10:35:06,2,9997,0,9999
2023-09-03T10:47:58,2,9997,0,9999
2023-09-03T11:00:50,2,9997,0,9999
2023-09-03T11:13:51,2,9997,0,9999
2023-09-03T11:26:42,2,9997,0,9999
2023-09-03T11:39:34,2,9997,0,9999
2023-09-03T11:52:26,2,9997,0,9999
2023-09-03T12:05:17,2,9997,0,9999
2023-09-03T12:18:08,2,9997,0,9999
2023-09-03T12:30:59,2,9997,0,9999
2023-09-03T12:43:50,2,9997,0,9999
2023-09-03T12:56:41,2,9997,0,9999
2023-09-03T13:09:32,2,9997,0,9999
2023-09-03T13:22:22,2,9997,0,9999
2023-09-03T13:35:23,2,9997,0,9999
2023-09-03T13:48:14,2,9997,0,9999
2023-09-03T14:01:04,2,9997,0,9999
2023-09-03T14:13:55,2,9997,0,9999
2023-09-03T14:26:46,2,9997,0,9999
2023-09-03T14:39:36,2,9997,0,9999
2023-09-03T14:52:27,2,9997,0,9999
2023-09-03T15:05:18,2,9997,0,9999
2023-09-03T15:18:08,2,9997,0,9999
2023-09-03T15:30:59,2,9997,0,9999
2023-09-03T15:43:50,2,9997,0,9999
2023-09-03T15:56:41,2,9997,0,9999
2023-09-03T16:09:43,2,9997,0,9999
2023-09-03T16:22:34,2,9997,0,9999
2023-09-03T16:35:25,2,9997,0,9999
2023-09-03T16:48:16,2,9997,0,9999
2023-09-03T17:01:07,2,9997,0,9999
2023-09-03T17:13:59,2,9997,0,9999
2023-09-03T17:26:49,2,9997,0,9999
2023-09-03T17:39:40,2,9997,0,9999
2023-09-03T17:52:31,2,9997,0,9999
2023-09-03T18:05:38,2,9997,0,9999
2023-09-03T18:18:28,2,9997,0,9999
2023-09-03T18:31:19,2,9997,0,9999
2023-09-03T18:44:09,2,9997,0,9999
2023-09-03T18:57:00,2,9997,0,9999
2023-09-03T19:09:54,2,9997,0,9999
2023-09-03T19:22:45,2,9997,0,9999
2023-09-03T19:35:36,2,9997,0,9999
2023-09-03T19:48:26,2,9997,0,9999
2023-09-03T20:01:17,2,9997,0,9999
2023-09-03T20:14:08,2,9997,0,9999
2023-09-03T20:27:08,2,9997,0,9999
2023-09-03T20:39:58,2,9997,0,9999
2023-09-03T20:52:49,2,9997,0,9999
2023-09-03T21:05:39,2,9997,0,9999
2023-09-03T21:18:30,2,9997,0,9999
2023-09-03T21:31:22,2,9997,0,9999
2023-09-03T21:44:13,2,9997,0,9999
2023-09-03T21:57:04,2,9997,0,9999
2023-09-03T22:09:56,2,9997,0,9999
2023-09-03T22:22:48,2,9997,0,9999
2023-09-03T22:35:56,2,9997,0,9999
2023-09-03T22:48:47,2,9997,0,9999
2023-09-03T23:01:38,2,9997,0,9999
2023-09-03T23:14:33,2,9997,0,9999
2023-09-03T23:27:25,2,9997,0,9999
2023-09-03T23:40:16,2,9997,0,9999
2023-09-03T23:53:07,2,9997,0,9999
2023-09-04T00:06:00,2,9997,0,9999
2023-09-04T00:19:00,2,9997,0,9999
2023-09-04T00:32:04,2,9997,0,9999
2023-09-04T00:45:13,2,9997,0,9999
2023-09-04T00:58:08,2,9997,0,9999
2023-09-04T01:11:01,2,9997,0,9999
2023-09-04T01:23:55,2,9997,0,9999
2023-09-04T01:36:51,2,9997,0,9999
2023-09-04T01:49:48,2,9997,0,9999
2023-09-04T02:02:46,2,9997,0,9999
2023-09-04T02:15:41,2,9997,0,9999
2023-09-04T02:28:34,2,9997,0,9999
2023-09-04T02:41:27,2,9997,0,9999
2023-09-04T02:54:19,2,9997,0,9999
2023-09-04T03:07:12,2,9997,0,9999
2023-09-04T03:20:06,2,9997,0,9999
2023-09-04T03:33:03,2,9997,0,9999
2023-09-04T03:45:57,2,9997,0,9999
2023-09-04T03:58:51,2,9997,0,9999
2023-09-04T04:11:45,2,9997,0,9999
2023-09-04T04:27:48,2,9997,0,9999
2023-09-04T04:41:56,2,9997,0,9999
2023-09-04T04:55:09,2,9997,0,9999
2023-09-04T05:08:07,2,9997,0,9999
2023-09-04T05:21:03,2,9997,0,9999
2023-09-04T05:34:00,2,9997,0,9999
2023-09-04T05:46:56,2,9997,0,9999
2023-09-04T05:59:52,2,9997,0,9999
2023-09-04T06:12:47,2,9997,0,9999
2023-09-04T06:25:40,2,9997,0,9999
2023-09-04T06:38:33,2,9997,0,9999
2023-09-04T06:51:25,2,9997,0,9999
2023-09-04T07:04:17,2,9997,0,9999
2023-09-04T07:17:10,2,9997,0,9999
2023-09-04T07:30:00,2,9997,0,9999
2023-09-04T07:42:50,2,9997,0,9999
2023-09-04T07:55:41,2,9997,0,9999
2023-09-04T08:08:31,2,9997,0,9999
2023-09-04T08:21:22,2,9997,0,9999
2023-09-04T08:34:14,2,9997,0,9999
2023-09-04T08:47:05,2,9997,0,9999
2023-09-04T08:59:55,2,9997,0,9999
2023-09-04T09:12:46,2,9997,0,9999
2023-09-04T09:25:36,2,9997,0,9999
2023-09-04T09:38:36,2,9997,0,9999
2023-09-04T09:51:26,2,9997,0,9999
2023-09-04T10:04:17,2,9997,0,9999
2023-09-04T10:17:07,2,9997,0,9999
2023-09-04T10:29:58,2,9997,0,9999
2023-09-04T10:42:48,2,9997,0,9999
2023-09-04T10:55:39,2,9997,0,9999
2023-09-04T11:08:29,2,9997,0,9999
2023-09-04T11:21:19,2,9997,0,9999
2023-09-04T11:34:11,2,9997,0,9999
2023-09-04T11:47:02,2,9997,0,9999
2023-09-04T11:59:52,2,9997,0,9999
2023-09-04T12:12:43,2,9997,0,9999
2023-09-04T12:25:43,2,9997,0,9999
2023-09-04T12:38:34,2,9997,0,9999
2023-09-04T12:51:24,2,9997,0,9999
2023-09-04T13:04:15,2,9997,0,9999
2023-09-04T13:17:06,2,9997,0,9999
2023-09-04T13:29:57,2,9997,0,9999
2023-09-04T13:42:48,2,9997,0,9999
2023-09-04T13:55:38,2,9997,0,9999
2023-09-04T14:08:29,2,9997,0,9999
2023-09-04T14:21:20,2,9997,0,9999
2023-09-04T14:34:22,2,9997,0,9999
2023-09-04T14:47:14,2,9997,0,9999
2023-09-04T15:00:04,2,9997,0,9999
2023-09-04T15:12:56,2,9997,0,9999
2023-09-04T15:25:48,2,9997,0,9999
2023-09-04T15:38:39,2,9997,0,9999
2023-09-04T15:51:30,2,9997,0,9999
2023-09-04T16:04:20,2,9997,0,9999
2023-09-04T16:17:10,2,9997,0,9999
2023-09-04T16:30:01,2,9997,0,9999
2023-09-04T16:42:53,2,9997,0,9999
2023-09-04T16:55:54,2,9997,0,9999
2023-09-04T17:08:46,2,9997,0,9999
2023-09-04T17:21:37,2,9997,0,9999
2023-09-04T17:34:28,2,9997,0,9999
2023-09-04T17:47:18,2,9997,0,9999
2023-09-04T18:00:09,2,9997,0,9999
2023-09-04T18:13:00,2,9997,0,9999
2023-09-04T18:25:50,2,9997,0,9999
2023-09-04T18:38:40,2,9997,0,9999
2023-09-04T18:51:31,2,9997,0,9999
2023-09-04T19:04:22,2,9997,0,9999
2023-09-04T19:17:23,2,9997,0,9999
2023-09-04T19:30:13,2,9997,0,9999
2023-09-04T19:43:04,2,9997,0,9999
2023-09-04T19:55:55,2,9997,0,9999
2023-09-04T20:08:46,2,9997,0,9999
2023-09-04T20:21:37,2,9997,0,9999
2023-09-04T20:34:28,2,9997,0,9999
2023-09-04T20:47:18,2,9997,0,9999
2023-09-04T21:00:10,2,9997,0,9999
2023-09-04T21:13:04,2,9997,0,9999
2023-09-04T21:26:04,2,9997,0,9999
2023-09-04T21:38:55,2,9997,0,9999
2023-09-04T21:51:46,2,9997,0,9999
2023-09-04T22:04:36,2,9997,0,9999
2023-09-04T22:17:27,2,9997,0,9999
2023-09-04T22:30:17,2,9997,0,9999
2023-09-04T22:43:08,2,9997,0,9999
2023-09-04T22:55:58,2,9997,0,9999
2023-09-04T23:08:53,2,9997,0,9999
2023-09-04T23:21:44,2,9997,0,9999
2023-09-04T23:34:46,2,9997,0,9999
2023-09-04T23:47:39,2,9997,0,9999
2023-09-05T00:00:30,2,9997,0,9999
2023-09-05T00:13:24,2,9997,0,9999
2023-09-05T00:26:21,2,9997,0,9999
2023-09-05T00:39:14,2,9997,0,9999
2023-09-05T00:52:09,2,9997,0,9999
2023-09-05T01:05:02,2,9997,0,9999
2023-09-05T01:17:56,2,9997,0,9999
2023-09-05T01:30:51,2,9997,0,9999
2023-09-05T01:43:47,2,9997,0,9999
2023-09-05T01:56:41,2,9997,0,9999
2023-09-05T02:09:36,2,9997,0,9999
2023-09-05T02:22:30,2,9997,0,9999
2023-09-05T02:35:26,2,9997,0,9999
2023-09-05T02:48:19,2,9997,0,9999
2023-09-05T03:01:24,2,9997,0,9999
2023-09-05T03:14:18,2,9997,0,9999
2023-09-05T03:27:11,2,9997,0,9999
2023-09-05T03:40:06,2,9997,0,9999
2023-09-05T03:52:59,2,9997,0,9999
2023-09-05T04:05:54,2,9997,0,9999
2023-09-05T04:20:08,2,9997,0,9999
2023-09-05T04:34:46,2,9997,0,9999
2023-09-05T04:47:43,2,9997,0,9999
2023-09-05T05:00:38,2,9997,0,9999
2023-09-05T05:13:37,2,9997,0,9999
2023-09-05T05:26:32,2,9997,0,9999
2023-09-05T05:39:26,2,9997,0,9999
2023-09-05T05:52:22,2,9997,0,9999
2023-09-05T06:05:16,2,9997,0,9999
2023-09-05T06:18:11,2,9997,0,9999
2023-09-05T06:31:05,2,9997,0,9999
2023-09-05T06:43:57,2,9997,0,9999
2023-09-05T06:56:48,2,9997,0,9999
2023-09-05T07:09:40,2,9997,0,9999
2023-09-05T07:22:31,2,9997,0,9999
2023-09-05T07:35:23,2,9997,0,9999
2023-09-05T07:48:14,2,9997,0,9999
2023-09-05T08:01:06,2,9997,0,9999
2023-09-05T08:13:57,2,9997,0,9999
2023-09-05T08:26:49,2,9997,0,9999
2023-09-05T08:39:40,2,9997,0,9999
2023-09-05T08:52:40,2,9997,0,9999
2023-09-05T09:05:32,2,9997,0,9999
2023-09-05T09:18:25,2,9997,0,9999
2023-09-05T09:31:17,2,9997,0,9999
2023-09-05T09:44:09,2,9997,0,9999
2023-09-05T09:57:01,2,9997,0,9999
2023-09-05T10:09:52,2,9997,0,9999
2023-09-05T10:22:44,2,9997,0,9999
2023-09-05T10:35:49,2,9997,0,9999
2023-09-05T10:48:41,2,9997,0,9999
2023-09-05T11:01:32,2,9997,0,9999
2023-09-05T11:14:24,2,9997,0,9999
2023-09-05T11:27:17,2,9997,0,9999
2023-09-05T11:40:10,2,9997,0,9999
2023-09-05T11:53:02,2,9997,0,9999
2023-09-05T12:06:04,2,9997,0,9999
2023-09-05T12:18:57,2,9997,0,9999
2023-09-05T12:31:49,2,9997,0,9999
2023-09-05T12:44:41,2,9997,0,9999
2023-09-05T12:57:33,2,9997,0,9999
2023-09-05T13:10:24,2,9997,0,9999
2023-09-05T13:23:16,2,9997,0,9999
2023-09-05T13:36:17,2,9997,0,9999
2023-09-05T13:49:09,2,9997,0,9999
2023-09-05T14:02:01,2,9997,0,9999
2023-09-05T14:14:55,2,9997,0,9999
2023-09-05T14:27:48,2,9997,0,9999
2023-09-05T14:40:41,2,9997,0,9999
2023-09-05T14:53:32,2,9997,0,9999
2023-09-05T15:06:34,2,9997,0,9999
2023-09-05T15:19:26,2,9997,0,9999
2023-09-05T15:32:20,2,9997,0,9999
2023-09-05T15:45:12,2,9997,0,9999
2023-09-05T15:58:07,2,9997,0,9999
2023-09-05T16:10:59,2,9997,0,9999
2023-09-05T16:23:51,2,9997,0,9999
2023-09-05T16:36:53,2,9997,0,9999
2023-09-05T16:49:46,2,9997,0,9999
2023-09-05T17:02:39,2,9997,0,9999
2023-09-05T17:15:35,2,9997,0,9999
2023-09-05T17:28:28,2,9997,0,9999
2023-09-05T17:41:31,2,9997,0,9999
2023-09-05T17:54:25,2,9997,0,9999
2023-09-05T18:07:17,2,9997,0,9999
2023-09-05T18:20:10,2,9997,0,9999
2023-09-05T18:33:03,2,9997,0,9999
2023-09-05T18:46:06,2,9997,0,9999
2023-09-05T18:58:58,2,9997,0,9999
2023-09-05T19:11:51,2,9997,0,9999
2023-09-05T19:24:44,2,9997,0,9999
2023-09-05T19:37:36,2,9997,0,9999
2023-09-05T19:50:39,2,9997,0,9999
2023-09-05T20:03:32,2,9997,0,9999
2023-09-05T20:16:24,2,9997,0,9999
2023-09-05T20:29:17,2,9997,0,9999
2023-09-05T20:42:18,2,9997,0,9999
2023-09-05T20:55:11,2,9997,0,9999
2023-09-05T21:08:04,2,9997,0,9999
2023-09-05T21:20:56,2,9997,0,9999
2023-09-05T21:33:58,2,9997,0,9999
2023-09-05T21:46:52,2,9997,0,9999
2023-09-05T21:59:44,2,9997,0,9999
2023-09-05T22:12:37,2,9997,0,9999
2023-09-05T22:25:30,2,9997,0,9999
2023-09-05T22:38:33,2,9997,0,9999
2023-09-05T22:51:26,2,9997,0,9999
2023-09-05T23:04:19,2,9997,0,9999
2023-09-05T23:17:14,2,9997,0,9999
2023-09-05T23:30:08,2,9997,0,9999
2023-09-05T23:43:02,2,9997,0,9999
2023-09-05T23:55:56,2,9997,0,9999
2023-09-06T00:08:53,2,9997,0,9999
2023-09-06T00:21:53,2,9997,0,9999
2023-09-06T00:35:01,2,9997,0,9999
2023-09-06T00:48:00,2,9997,0,9999
2023-09-06T01:00:58,2,9997,0,9999
2023-09-06T01:13:56,2,9997,0,9999
2023-09-06T01:26:54,2,9997,0,9999
2023-09-06T01:39:51,2,9997,0,9999
2023-09-06T01:52:54,2,9997,0,9999
2023-09-06T02:05:52,2,9997,0,9999
2023-09-06T02:18:48,2,9997,0,9999
2023-09-06T02:31:43,2,9997,0,9999
2023-09-06T02:44:39,2,9997,0,9999
2023-09-06T02:57:33,2,9997,0,9999
2023-09-06T03:11:47,2,9997,0,9999
2023-09-06T03:25:05,2,9997,0,9999
2023-09-06T03:38:02,2,9997,0,9999
2023-09-06T03:50:58,2,9997,0,9999
2023-09-06T04:03:55,2,9997,0,9999
2023-09-06T04:26:35,2,9997,0,9999
2023-09-06T04:39:58,2,9997,0,9999
2023-09-06T04:52:56,2,9997,0,9999
2023-09-06T05:05:54,2,9997,0,9999
2023-09-06T05:18:51,2,9997,0,9999
2023-09-06T05:31:47,2,9997,0,9999
2023-09-06T05:44:43,2,9997,0,9999
2023-09-06T05:57:39,2,9997,0,9999
2023-09-06T06:10:35,2,9997,0,9999
2023-09-06T06:23:32,2,9997,0,9999
2023-09-06T06:36:38,2,9997,0,9999
2023-09-06T06:49:37,2,9997,0,9999
2023-09-06T07:02:37,2,9997,0,9999
2023-09-06T07:15:45,2,9997,0,9999
2023-09-06T07:28:45,2,9997,0,9999
2023-09-06T07:41:41,2,9997,0,9999
2023-09-06T07:54:37,2,9997,0,9999
2023-09-06T08:07:34,2,9997,0,9999
2023-09-06T08:20:30,2,9997,0,9999
2023-09-06T08:33:27,2,9997,0,9999
2023-09-06T08:46:23,2,9997,0,9999
2023-09-06T08:59:17,2,9997,0,9999
2023-09-06T09:12:23,2,9997,0,9999
2023-09-06T09:25:18,2,9997,0,9999
2023-09-06T09:38:15,2,9997,0,9999
2023-09-06T09:51:12,2,9997,0,9999
2023-09-06T10:04:10,2,9997,0,9999
2023-09-06T10:17:18,2,9997,0,9999
2023-09-06T10:30:14,2,9997,0,9999
2023-09-06T10:43:09,2,9997,0,9999
2023-09-06T10:56:06,2,9997,0,9999
2023-09-06T11:09:12,2,9997,0,9999
2023-09-06T11:22:06,2,9997,0,9999
2023-09-06T11:35:00,2,9997,0,9999
2023-09-06T11:48:05,2,9997,0,9999
2023-09-06T12:00:59,2,9997,0,9999
2023-09-06T12:13:55,2,9997,0,9999
2023-09-06T12:26:50,2,9997,0,9999
2023-09-06T12:39:45,2,9997,0,9999
2023-09-06T12:52:50,2,9997,0,9999
2023-09-06T13:05:44,2,9997,0,9999
2023-09-06T13:18:38,2,9997,0,9999
2023-09-06T13:31:33,2,9997,0,9999
2023-09-06T13:44:28,2,9997,0,9999
2023-09-06T13:57:25,2,9997,0,9999
2023-09-06T14:10:29,2,9997,0,9999
2023-09-06T14:23:25,2,9997,0,9999
2023-09-06T14:36:20,2,9997,0,9999
2023-09-06T14:49:16,2,9997,0,9999
2023-09-06T15:02:11,2,9997,0,9999
2023-09-06T15:15:20,2,9997,0,9999
2023-09-06T15:28:13,2,9997,0,9999
2023-09-06T15:41:09,2,9997,0,9999
2023-09-06T15:54:03,2,9997,0,9999
2023-09-06T16:06:57,2,9997,0,9999
2023-09-06T16:19:51,2,9997,0,9999
2023-09-06T16:32:56,2,9997,0,9999
2023-09-06T16:45:49,2,9997,0,9999
2023-09-06T16:58:43,2,9997,0,9999
2023-09-06T17:11:38,2,9997,0,9999
2023-09-06T17:24:32,2,9997,0,9999
2023-09-06T17:37:26,2,9997,0,9999
2023-09-06T17:50:19,2,9997,0,9999
2023-09-06T18:03:24,2,9997,0,9999
2023-09-06T18:16:17,2,9997,0,9999
2023-09-06T18:29:10,2,9997,0,9999
2023-09-06T18:42:03,2,9997,0,9999
2023-09-06T18:54:57,2,9997,0,9999
2023-09-06T19:07:50,2,9997,0,9999
2023-09-06T19:20:43,2,9997,0,9999
2023-09-06T19:33:37,2,9997,0,9999
2023-09-06T19:46:41,2,9997,0,9999
2023-09-06T19:59:34,2,9997,0,9999
2023-09-06T20:12:27,2,9997,0,9999
2023-09-06T20:25:21,2,9997,0,9999
2023-09-06T20:38:15,2,9997,0,9999
2023-09-06T20:51:09,2,9997,0,9999
2023-09-06T21:04:02,2,9997,0,9999
2023-09-06T21:16:56,2,9997,0,9999
2023-09-06T21:30:00,2,9997,0,9999
2023-09-06T21:42:54,2,9997,0,9999
2023-09-06T21:55:47,2,9997,0,9999
2023-09-06T22:08:41,2,9997,0,9999
2023-09-06T22:21:34,2,9997,0,9999
2023-09-06T22:34:30,2,9997,0,9999
2023-09-06T22:47:25,2,9997,0,9999
2023-09-06T23:00:28,2,9997,0,9999
2023-09-06T23:13:24,2,9997,0,9999
2023-09-06T23:26:19,2,9997,0,9999
2023-09-06T23:39:12,2,9997,0,9999
2023-09-06T23:52:06,2,9997,0,9999
2023-09-07T00:05:01,2,9997,0,9999
2023-09-07T00:18:04,2,9997,0,9999
2023-09-07T00:31:12,2,9997,0,9999
2023-09-07T00:44:09,2,9997,0,9999
2023-09-07T00:57:07,2,9997,0,9999
2023-09-07T01:10:04,2,9997,0,9999
2023-09-07T01:23:00,2,9997,0,9999
2023-09-07T01:35:56,2,9997,0,9999
2023-09-07T01:48:54,2,9997,0,9999
2023-09-07T02:01:50,2,9997,0,9999
2023-09-07T02:14:45,2,9997,0,9999
2023-09-07T02:27:40,2,9997,0,9999
2023-09-07T02:40:48,2,9997,0,9999
2023-09-07T02:53:43,2,9997,0,9999
2023-09-07T03:06:42,2,9997,0,9999
2023-09-07T03:19:41,2,9997,0,9999
2023-09-07T03:32:36,2,9997,0,9999
2023-09-07T03:45:32,2,9997,0,9999
2023-09-07T03:58:28,2,9997,0,9999
2023-09-07T04:11:24,2,9997,0,9999
2023-09-07T04:22:38,2,9997,0,9999
2023-09-07T04:36:49,2,9997,0,9999
2023-09-07T04:50:11,2,9997,0,9999
2023-09-07T05:03:10,2,9997,0,9999
2023-09-07T05:16:11,2,9997,0,9999
2023-09-07T05:29:09,2,9997,0,9999
2023-09-07T05:42:06,2,9997,0,9999
2023-09-07T05:55:04,2,9997,0,9999
2023-09-07T06:08:02,2,9997,0,9999
2023-09-07T06:21:00,2,9997,0,9999
2023-09-07T06:33:56,2,9997,0,9999
2023-09-07T06:46:53,2,9997,0,9999
2023-09-07T06:59:50,2,9997,0,9999
2023-09-07T07:12:48,2,9997,0,9999
2023-09-07T07:25:44,2,9997,0,9999
2023-09-07T07:38:40,2,9997,0,9999
2023-09-07T07:51:36,2,9997,0,9999
2023-09-07T08:04:41,2,9997,0,9999
2023-09-07T08:17:37,2,9997,0,9999
2023-09-07T08:30:34,2,9997,0,9999
2023-09-07T08:43:30,2,9997,0,9999
2023-09-07T08:56:26,2,9997,0,9999
2023-09-07T09:09:22,2,9997,0,9999
2023-09-07T09:22:19,2,9997,0,9999
2023-09-07T09:35:15,2,9997,0,9999
2023-09-07T09:48:22,2,9997,0,9999
2023-09-07T10:01:16,2,9997,0,9999
2023-09-07T10:14:10,2,9997,0,9999
2023-09-07T10:27:06,2,9997,0,9999
2023-09-07T10:40:01,2,9997,0,9999
2023-09-07T10:52:56,2,9997,0,9999
2023-09-07T11:06:03,2,9997,0,9999
2023-09-07T11:18:57,2,9997,0,9999
2023-09-07T11:31:52,2,9997,0,9999
2023-09-07T11:44:47,2,9997,0,9999
2023-09-07T11:57:41,2,9997,0,9999
2023-09-07T12:10:45,2,9997,0,9999
2023-09-07T12:23:40,2,9997,0,9999
2023-09-07T12:36:34,2,9997,0,9999
2023-09-07T12:49:29,2,9997,0,9999
2023-09-07T13:02:25,2,9997,0,9999
2023-09-07T13:15:20,2,9997,0,9999
2023-09-07T13:28:24,2,9997,0,9999
2023-09-07T13:41:18,2,9997,0,9999
2023-09-07T13:54:13,2,9997,0,9999
2023-09-07T14:07:07,2,9997,0,9999
2023-09-07T14:20:01,2,9997,0,9999
2023-09-07T14:32:55,2,9997,0,9999
2023-09-07T14:46:00,2,9997,0,9999
2023-09-07T14:58:53,2,9997,0,9999
2023-09-07T15:11:46,2,9997,0,9999
2023-09-07T15:24:41,2,9997,0,9999
2023-09-07T15:37:36,2,9997,0,9999
2023-09-07T15:50:29,2,9997,0,9999
2023-09-07T16:03:33,2,9997,0,9999
2023-09-07T16:16:27,2,9997,0,9999
2023-09-07T16:29:20,2,9997,0,9999
2023-09-07T16:42:13,2,9997,0,9999
2023-09-07T16:55:06,2,9997,0,9999
2023-09-07T17:08:00,2,9997,0,9999
2023-09-07T17:20:54,2,9997,0,9999
2023-09-07T17:33:58,2,9997,0,9999
2023-09-07T17:46:51,2,9997,0,9999
2023-09-07T17:59:45,2,9997,0,9999
2023-09-07T18:12:38,2,9997,0,9999
2023-09-07T18:25:32,2,9997,0,9999
2023-09-07T18:38:26,2,9997,0,9999
2023-09-07T18:51:19,2,9997,0,9999
2023-09-07T19:04:24,2,9997,0,9999
2023-09-07T19:17:17,2,9997,0,9999
2023-09-07T19:30:10,2,9997,0,9999
2023-09-07T19:43:03,2,9997,0,9999
2023-09-07T19:55:58,2,9997,0,9999
2023-09-07T20:08:51,2,9997,0,9999
2023-09-07T20:21:44,2,9997,0,9999
2023-09-07T20:34:47,2,9997,0,9999
2023-09-07T20:47:40,2,9997,0,9999
2023-09-07T21:00:33,2,9997,0,9999
2023-09-07T21:13:26,2,9997,0,9999
2023-09-07T21:26:19,2,9997,0,9999
2023-09-07T21:39:12,2,9997,0,9999
2023-09-07T21:52:06,2,9997,0,9999
2023-09-07T22:05:00,2,9997,0,9999
2023-09-07T22:17:54,2,9997,0,9999
2023-09-07T22:31:00,2,9997,0,9999
2023-09-07T22:43:54,2,9997,0,9999
2023-09-07T22:56:48,2,9997,0,9999
2023-09-07T23:09:43,2,9997,0,9999
2023-09-07T23:22:37,2,9997,0,9999
2023-09-07T23:35:31,2,9997,0,9999
2023-09-07T23:48:26,2,9997,0,9999
2023-09-08T00:01:21,2,9997,0,9999
2023-09-08T00:14:41,2,9997,0,9999
2023-09-08T00:27:40,2,9997,0,9999
2023-09-08T00:40:37,2,9997,0,9999
2023-09-08T00:53:36,2,9997,0,9999
2023-09-08T01:06:34,2,9997,0,9999
2023-09-08T01:19:32,2,9997,0,9999
2023-09-08T01:32:30,2,9997,0,9999
2023-09-08T01:45:27,2,9997,0,9999
2023-09-08T01:58:25,2,9997,0,9999
2023-09-08T02:11:23,2,9997,0,9999
2023-09-08T02:24:19,2,9997,0,9999
2023-09-08T02:37:16,2,9997,0,9999
2023-09-08T02:50:12,2,9997,0,9999
2023-09-08T03:03:07,2,9997,0,9999
2023-09-08T03:16:04,2,9997,0,9999
2023-09-08T03:29:01,2,9997,0,9999
2023-09-08T03:42:07,2,9997,0,9999
2023-09-08T03:55:03,2,9997,0,9999
2023-09-08T04:07:59,2,9997,0,9999
2023-09-08T04:18:42,2,9997,0,9999
2023-09-08T04:32:05,2,9997,0,9999
2023-09-08T04:45:06,2,9997,0,9999
2023-09-08T04:58:03,2,9997,0,9999
2023-09-08T05:10:59,2,9997,0,9999
2023-09-08T05:23:56,2,9997,0,9999
2023-09-08T05:36:57,2,9997,0,9999
2023-09-08T05:49:55,2,9997,0,9999
2023-09-08T06:02:57,2,9997,0,9999
2023-09-08T06:15:53,2,9997,0,9999
2023-09-08T06:28:50,2,9997,0,9999
2023-09-08T06:41:46,2,9997,0,9999
2023-09-08T06:54:44,2,9997,0,9999
2023-09-08T07:07:43,2,9997,0,9999
2023-09-08T07:20:41,2,9997,0,9999
2023-09-08T07:33:39,2,9997,0,9999
2023-09-08T07:46:43,2,9997,0,9999
2023-09-08T07:59:38,2,9997,0,9999
2023-09-08T08:12:34,2,9997,0,9999
2023-09-08T08:25:29,2,9997,0,9999
2023-09-08T08:38:26,2,9997,0,9999
2023-09-08T08:51:22,2,9997,0,9999
2023-09-08T09:04:19,2,9997,0,9999
2023-09-08T09:17:15,2,9997,0,9999
2023-09-08T09:30:12,2,9997,0,9999
2023-09-08T09:43:08,2,9997,0,9999
2023-09-08T09:56:04,2,9997,0,9999
2023-09-08T10:09:00,2,9997,0,9999
2023-09-08T10:21:56,2,9997,0,9999
2023-09-08T10:35:04,2,9997,0,9999
2023-09-08T10:47:59,2,9997,0,9999
2023-09-08T11:00:54,2,9997,0,9999
2023-09-08T11:13:48,2,9997,0,9999
2023-09-08T11:26:44,2,9997,0,9999
2023-09-08T11:39:39,2,9997,0,9999
2023-09-08T11:52:34,2,9997,0,9999
2023-09-08T12:05:29,2,9997,0,9999
2023-09-08T12:18:34,2,9997,0,9999
2023-09-08T12:31:30,2,9997,0,9999
2023-09-08T12:44:24,2,9997,0,9999
2023-09-08T12:57:19,2,9997,0,9999
2023-09-08T13:10:13,2,9997,0,9999
2023-09-08T13:23:09,2,9997,0,9999
2023-09-08T13:36:04,2,9997,0,9999
2023-09-08T13:49:09,2,9997,0,9999
2023-09-08T14:02:04,2,9997,0,9999
2023-09-08T14:15:01,2,9997,0,9999
2023-09-08T14:27:56,2,9997,0,9999
2023-09-08T14:40:51,2,9997,0,9999
2023-09-08T14:53:46,2,9997,0,9999
2023-09-08T15:06:52,2,9997,0,9999
2023-09-08T15:19:47,2,9997,0,9999
2023-09-08T15:32:42,2,9997,0,9999
2023-09-08T15:45:37,2,9997,0,9999
2023-09-08T15:58:32,2,9997,0,9999
2023-09-08T16:11:27,2,9997,0,9999
2023-09-08T16:24:22,2,9997,0,9999
2023-09-08T16:37:28,2,9997,0,9999
2023-09-08T16:50:22,2,9997,0,9999
2023-09-08T17:03:17,2,9997,0,9999
2023-09-08T17:16:13,2,9997,0,9999
2023-09-08T17:29:08,2,9997,0,9999
2023-09-08T17:42:03,2,9997,0,9999
2023-09-08T17:55:00,2,9997,0,9999
2023-09-08T18:07:55,2,9997,0,9999
2023-09-08T18:20:53,2,9997,0,9999
2023-09-08T18:33:59,2,9997,0,9999
2023-09-08T18:46:54,2,9997,0,9999
2023-09-08T18:59:50,2,9997,0,9999
2023-09-08T19:12:47,2,9997,0,9999
2023-09-08T19:25:42,2,9997,0,9999
2023-09-08T19:38:37,2,9997,0,9999
2023-09-08T19:51:32,2,9997,0,9999
2023-09-08T20:04:27,2,9997,0,9999
2023-09-08T20:17:22,2,9997,0,9999
2023-09-08T20:30:17,2,9997,0,9999
2023-09-08T20:43:13,2,9997,0,9999
2023-09-08T20:56:19,2,9997,0,9999
2023-09-08T21:09:14,2,9997,0,9999
2023-09-08T21:22:09,2,9997,0,9999
2023-09-08T21:35:04,2,9997,0,9999
2023-09-08T21:47:59,2,9997,0,9999
2023-09-08T22:00:54,2,9997,0,9999
2023-09-08T22:13:48,2,9997,0,9999
2023-09-08T22:26:43,2,9997,0,9999
2023-09-08T22:39:49,2,9997,0,9999
2023-09-08T22:52:43,2,9997,0,9999
2023-09-08T23:05:39,2,9997,0,9999
2023-09-08T23:18:34,2,9997,0,9999
2023-09-08T23:31:30,2,9997,0,9999
2023-09-08T23:44:26,2,9997,0,9999
2023-09-08T23:57:22,2,9997,0,9999
2023-09-09T00:10:20,2,9997,0,9999
2023-09-09T00:23:22,2,9997,0,9999
2023-09-09T00:36:21,2,9997,0,9999
2023-09-09T00:49:20,2,9997,0,9999
2023-09-09T01:02:20,2,9997,0,9999
2023-09-09T01:15:19,2,9997,0,9999
2023-09-09T01:28:30,2,9997,0,9999
2023-09-09T01:41:31,2,9997,0,9999
2023-09-09T01:54:31,2,9997,0,9999
2023-09-09T02:07:29,2,9997,0,9999
2023-09-09T02:20:26,2,9997,0,9999
2023-09-09T02:33:24,2,9997,0,9999
2023-09-09T02:46:21,2,9997,0,9999
2023-09-09T02:59:16,2,9997,0,9999
2023-09-09T03:12:12,2,9997,0,9999
2023-09-09T03:25:10,2,9997,0,9999
2023-09-09T03:38:06,2,9997,0,9999
2023-09-09T03:51:03,2,9997,0,9999
2023-09-09T04:04:58,2,9997,0,9999
2023-09-09T04:21:22,2,9997,0,9999
2023-09-09T04:34:26,2,9997,0,9999
2023-09-09T04:47:28,2,9997,0,9999
2023-09-09T05:00:27,2,9997,0,9999
2023-09-09T05:13:32,2,9997,0,9999
2023-09-09T05:26:32,2,9997,0,9999
2023-09-09T05:39:31,2,9997,0,9999
2023-09-09T05:52:30,2,9997,0,9999
2023-09-09T06:05:28,2,9997,0,9999
2023-09-09T06:18:27,2,9997,0,9999
2023-09-09T06:31:27,2,9997,0,9999
2023-09-09T06:44:26,2,9997,0,9999
2023-09-09T06:57:24,2,9997,0,9999
2023-09-09T07:10:24,2,9997,0,9999
2023-09-09T07:23:23,2,9997,0,9999
2023-09-09T07:36:20,2,9997,0,9999
2023-09-09T07:49:17,2,9997,0,9999
2023-09-09T08:02:24,2,9997,0,9999
2023-09-09T08:15:22,2,9997,0,9999
2023-09-09T08:28:21,2,9997,0,9999
2023-09-09T08:41:19,2,9997,0,9999
2023-09-09T08:54:17,2,9997,0,9999
2023-09-09T09:07:16,2,9997,0,9999
2023-09-09T09:20:15,2,9997,0,9999
2023-09-09T09:33:13,2,9997,0,9999
2023-09-09T09:46:10,2,9997,0,9999
2023-09-09T09:59:08,2,9997,0,9999
2023-09-09T10:12:06,2,9997,0,9999
2023-09-09T10:25:03,2,9997,0,9999
2023-09-09T10:38:00,2,9997,0,9999
2023-09-09T10:51:08,2,9997,0,9999
2023-09-09T11:04:06,2,9997,0,9999
2023-09-09T11:17:02,2,9997,0,9999
2023-09-09T11:29:57,2,9997,0,9999
2023-09-09T11:42:52,2,9997,0,9999
2023-09-09T11:55:48,2,9997,0,9999
2023-09-09T12:08:44,2,9997,0,9999
2023-09-09T12:21:39,2,9997,0,9999
2023-09-09T12:34:34,2,9997,0,9999
2023-09-09T12:47:30,2,9997,0,9999
2023-09-09T13:00:25,2,9997,0,9999
2023-09-09T13:13:20,2,9997,0,9999
2023-09-09T13:26:15,2,9997,0,9999
2023-09-09T13:39:20,2,9997,0,9999
2023-09-09T13:52:16,2,9997,0,9999
2023-09-09T14:05:11,2,9997,0,9999
2023-09-09T14:18:07,2,9997,0,9999
2023-09-09T14:31:02,2,9997,0,9999
2023-09-09T14:43:57,2,9997,0,9999
2023-09-09T14:56:54,2,9997,0,9999
2023-09-09T15:09:48,2,9997,0,9999
2023-09-09T15:22:43,2,9997,0,9999
2023-09-09T15:35:38,2,9997,0,9999
2023-09-09T15:48:33,2,9997,0,9999
2023-09-09T16:01:28,2,9997,0,9999
2023-09-09T16:14:22,2,9997,0,9999
2023-09-09T16:27:27,2,9997,0,9999
2023-09-09T16:40:23,2,9997,0,9999
2023-09-09T16:53:18,2,9997,0,9999
2023-09-09T17:06:13,2,9997,0,9999
2023-09-09T17:19:08,2,9997,0,9999
2023-09-09T17:32:03,2,9997,0,9999
2023-09-09T17:44:58,2,9997,0,9999
2023-09-09T17:57:55,2,9997,0,9999
2023-09-09T18:10:49,2,9997,0,9999
2023-09-09T18:23:45,2,9997,0,9999
2023-09-09T18:36:40,2,9997,0,9999
2023-09-09T18:49:35,2,9997,0,9999
2023-09-09T19:02:30,2,9997,0,9999
2023-09-09T19:15:34,2,9997,0,9999
2023-09-09T19:28:29,2,9997,0,9999
2023-09-09T19:41:25,2,9997,0,9999
2023-09-09T19:54:20,2,9997,0,9999
2023-09-09T20:07:15,2,9997,0,9999
2023-09-09T20:20:11,2,9997,0,9999
2023-09-09T20:33:06,2,9997,0,9999
2023-09-09T20:46:01,2,9997,0,9999
2023-09-09T20:58:57,2,9997,0,9999
2023-09-09T21:11:52,2,9997,0,9999
2023-09-09T21:24:47,2,9997,0,9999
2023-09-09T21:37:42,2,9997,0,9999
2023-09-09T21:50:37,2,9997,0,9999
2023-09-09T22:03:42,2,9997,0,9999
2023-09-09T22:16:37,2,9997,0,9999
2023-09-09T22:29:33,2,9997,0,9999
2023-09-09T22:42:28,2,9997,0,9999
2023-09-09T22:55:24,2,9997,0,9999
2023-09-09T23:08:20,2,9997,0,9999
2023-09-09T23:21:17,2,9997,0,9999
2023-09-09T23:34:12,2,9997,0,9999
2023-09-09T23:47:07,2,9997,0,9999
2023-09-10T00:00:03,2,9997,0,9999
2023-09-10T00:13:00,2,9997,0,9999
2023-09-10T00:26:12,2,9997,0,9999
2023-09-10T00:39:09,2,9997,0,9999
2023-09-10T00:52:04,2,9997,0,9999
2023-09-10T01:04:59,2,9997,0,9999
2023-09-10T01:17:54,2,9997,0,9999
2023-09-10T01:30:59,2,9997,0,9999
2023-09-10T01:43:55,2,9997,0,9999
2023-09-10T01:56:50,2,9997,0,9999
2023-09-10T02:09:46,2,9997,0,9999
2023-09-10T02:22:43,2,9997,0,9999
2023-09-10T02:35:47,2,9997,0,9999
2023-09-10T02:48:49,2,9997,0,9999
2023-09-10T03:01:49,2,9997,0,9999
2023-09-10T03:15:13,2,9997,0,9999
2023-09-10T03:28:14,2,9997,0,9999
2023-09-10T03:41:24,2,9997,0,9999
2023-09-10T03:54:24,2,9997,0,9999
2023-09-10T04:07:24,2,9997,0,9999
2023-09-10T04:22:36,2,9997,0,9999
2023-09-10T04:36:01,2,9997,0,9999
2023-09-10T04:49:08,2,9997,0,9999
2023-09-10T05:02:12,2,9997,0,9999
2023-09-10T05:15:13,2,9997,0,9999
2023-09-10T05:28:11,2,9997,0,9999
2023-09-10T05:41:11,2,9997,0,9999
2023-09-10T05:54:10,2,9997,0,9999
2023-09-10T06:07:09,2,9997,0,9999
2023-09-10T06:20:18,2,9997,0,9999
2023-09-10T06:33:17,2,9997,0,9999
2023-09-10T06:46:18,2,9997,0,9999
2023-09-10T06:59:16,2,9997,0,9999
2023-09-10T07:12:13,2,9997,0,9999
2023-09-10T07:25:14,2,9997,0,9999
2023-09-10T07:38:12,2,9997,0,9999
2023-09-10T07:51:10,2,9997,0,9999
2023-09-10T08:04:10,2,9997,0,9999
2023-09-10T08:17:08,2,9997,0,9999
2023-09-10T08:30:11,2,9997,0,9999
2023-09-10T08:43:08,2,9997,0,9999
2023-09-10T08:56:06,2,9997,0,9999
2023-09-10T09:09:04,2,9997,0,9999
2023-09-10T09:22:04,2,9997,0,9999
2023-09-10T09:35:03,2,9997,0,9999
2023-09-10T09:48:01,2,9997,0,9999
2023-09-10T10:00:59,2,9997,0,9999
2023-09-10T10:13:56,2,9997,0,9999
2023-09-10T10:27:05,2,9997,0,9999
2023-09-10T10:40:01,2,9997,0,9999
2023-09-10T10:52:57,2,9997,0,9999
2023-09-10T11:05:51,2,9997,0,9999
2023-09-10T11:18:46,2,9997,0,9999
2023-09-10T11:31:41,2,9997,0,9999
2023-09-10T11:44:36,2,9997,0,9999
2023-09-10T11:57:31,2,9997,0,9999
2023-09-10T12:10:27,2,9997,0,9999
2023-09-10T12:23:22,2,9997,0,9999
2023-09-10T12:36:16,2,9997,0,9999
2023-09-10T12:49:12,2,9997,0,9999
2023-09-10T13:02:17,2,9997,0,9999
2023-09-10T13:15:12,2,9997,0,9999
2023-09-10T13:28:08,2,9997,0,9999
2023-09-10T13:41:03,2,9997,0,9999
2023-09-10T13:53:58,2,9997,0,9999
2023-09-10T14:06:53,2,9997,0,9999
2023-09-10T14:19:49,2,9997,0,9999
2023-09-10T14:32:43,2,9997,0,9999
2023-09-10T14:45:38,2,9997,0,9999
2023-09-10T14:58:34,2,9997,0,9999
2023-09-10T15:11:29,2,9997,0,9999
2023-09-10T15:24:24,2,9997,0,9999
2023-09-10T15:37:28,2,9997,0,9999
2023-09-10T15:50:24,2,9997,0,9999
2023-09-10T16:03:19,2,9997,0,9999
2023-09-10T16:16:14,2,9997,0,9999
2023-09-10T16:29:10,2,9997,0,9999
2023-09-10T16:42:06,2,9997,0,9999
2023-09-10T16:55:01,2,9997,0,9999
2023-09-10T17:07:56,2,9997,0,9999
2023-09-10T17:20:51,2,9997,0,9999
2023-09-10T17:33:46,2,9997,0,9999
2023-09-10T17:46:42,2,9997,0,9999
2023-09-10T17:59:37,2,9997,0,9999
2023-09-10T18:12:43,2,9997,0,9999
2023-09-10T18:25:39,2,9997,0,9999
2023-09-10T18:38:36,2,9997,0,9999
2023-09-10T18:51:32,2,9997,0,9999
2023-09-10T19:04:30,2,9997,0,9999
2023-09-10T19:17:27,2,9997,0,9999
2023-09-10T19:30:23,2,9997,0,9999
2023-09-10T19:43:19,2,9997,0,9999
2023-09-10T19:56:15,2,9997,0,9999
2023-09-10T20:09:11,2,9997,0,9999
2023-09-10T20:22:06,2,9997,0,9999
2023-09-10T20:35:02,2,9997,0,9999
2023-09-10T20:48:08,2,9997,0,9999
2023-09-10T21:01:02,2,9997,0,9999
2023-09-10T21:13:58,2,9997,0,9999
2023-09-10T21:26:54,2,9997,0,9999
2023-09-10T21:39:51,2,9997,0,9999
2023-09-10T21:52:48,2,9997,0,9999
2023-09-10T22:05:45,2,9997,0,9999
2023-09-10T22:18:41,2,9997,0,9999
2023-09-10T22:31:37,2,9997,0,9999
2023-09-10T22:44:32,2,9997,0,9999
2023-09-10T22:57:28,2,9997,0,9999
2023-09-10T23:10:25,2,9997,0,9999
2023-09-10T23:23:34,2,9997,0,9999
2023-09-10T23:36:31,2,9997,0,9999
2023-09-10T23:49:26,2,9997,0,9999
2023-09-11T00:02:23,2,9997,0,9999
2023-09-11T00:15:20,2,9997,0,9999
2023-09-11T00:28:26,2,9997,0,9999
2023-09-11T00:41:29,2,9997,0,9999
2023-09-11T00:54:33,2,9997,0,9999
2023-09-11T01:07:32,2,9997,0,9999
2023-09-11T01:20:28,2,9997,0,9999
2023-09-11T01:33:33,2,9997,0,9999
2023-09-11T01:46:34,2,9997,0,9999
2023-09-11T01:59:35,2,9997,0,9999
2023-09-11T02:12:38,2,9997,0,9999
2023-09-11T02:25:38,2,9997,0,9999
2023-09-11T02:38:37,2,9997,0,9999
2023-09-11T02:51:36,2,9997,0,9999
2023-09-11T03:04:36,2,9997,0,9999
2023-09-11T03:17:46,2,9997,0,9999
2023-09-11T03:30:45,2,9997,0,9999
2023-09-11T03:43:46,2,9997,0,9999
2023-09-11T03:56:45,2,9997,0,9999
2023-09-11T04:09:46,2,9997,0,9999
2023-09-11T04:27:39,2,9997,0,9999
2023-09-11T04:41:05,2,9997,0,9999
2023-09-11T04:54:07,2,9997,0,9999
2023-09-11T05:07:18,2,9997,0,9999
2023-09-11T05:20:19,2,9997,0,9999
2023-09-11T05:33:18,2,9997,0,9999
2023-09-11T05:46:19,2,9997,0,9999
2023-09-11T05:59:19,2,9997,0,9999
2023-09-11T06:12:19,2,9997,0,9999
2023-09-11T06:25:20,2,9997,0,9999
2023-09-11T06:38:20,2,9997,0,9999
2023-09-11T06:51:19,2,9997,0,9999
2023-09-11T07:04:19,2,9997,0,9999
2023-09-11T07:17:16,2,9997,0,9999
2023-09-11T07:30:11,2,9997,0,9999
2023-09-11T07:43:06,2,9997,0,9999
2023-09-11T07:56:01,2,9997,0,9999
2023-09-11T08:09:00,2,9997,0,9999
2023-09-11T08:21:56,2,9997,0,9999
2023-09-11T08:35:01,2,9997,0,9999
2023-09-11T08:47:57,2,9997,0,9999
2023-09-11T09:00:54,2,9997,0,9999
2023-09-11T09:13:51,2,9997,0,9999
2023-09-11T09:26:47,2,9997,0,9999
2023-09-11T09:39:44,2,9997,0,9999
2023-09-11T09:52:42,2,9997,0,9999
2023-09-11T10:05:38,2,9997,0,9999
2023-09-11T10:18:47,2,9997,0,9999
2023-09-11T10:31:43,2,9997,0,9999
2023-09-11T10:44:43,2,9997,0,9999
2023-09-11T10:57:40,2,9997,0,9999
2023-09-11T11:10:35,2,9997,0,9999
2023-09-11T11:23:42,2,9997,0,9999
2023-09-11T11:36:39,2,9997,0,9999
2023-09-11T11:49:35,2,9997,0,9999
2023-09-11T12:02:31,2,9997,0,9999
2023-09-11T12:15:26,2,9997,0,9999
2023-09-11T12:28:23,2,9997,0,9999
2023-09-11T12:41:30,2,9997,0,9999
2023-09-11T12:54:26,2,9997,0,9999
2023-09-11T13:07:22,2,9997,0,9999
2023-09-11T13:20:20,2,9997,0,9999
2023-09-11T13:33:17,2,9997,0,9999
2023-09-11T13:46:23,2,9997,0,9999
2023-09-11T13:59:19,2,9997,0,9999
2023-09-11T14:12:16,2,9997,0,9999
2023-09-11T14:25:14,2,9997,0,9999
2023-09-11T14:38:11,2,9997,0,9999
2023-09-11T14:51:08,2,9997,0,9999
2023-09-11T15:04:16,2,9997,0,9999
2023-09-11T15:17:12,2,9997,0,9999
2023-09-11T15:30:10,2,9997,0,9999
2023-09-11T15:43:07,2,9997,0,9999
2023-09-11T15:56:03,2,9997,0,9999
2023-09-11T16:09:01,2,9997,0,9999
2023-09-11T16:21:58,2,9997,0,9999
2023-09-11T16:35:06,2,9997,0,9999
2023-09-11T16:48:03,2,9997,0,9999
2023-09-11T17:01:00,2,9997,0,9999
2023-09-11T17:13:59,2,9997,0,9999
2023-09-11T17:27:08,2,9997,0,9999
2023-09-11T17:40:05,2,9997,0,9999
2023-09-11T17:53:02,1,9998,0,9999
2023-09-11T18:06:01,2,9997,0,9999
2023-09-11T18:18:59,2,9997,0,9999
2023-09-11T18:32:06,2,9997,0,9999
2023-09-11T18:45:01,2,9997,0,9999
2023-09-11T18:57:57,2,9997,0,9999
2023-09-11T19:10:56,2,9997,0,9999
2023-09-11T19:23:52,2,9997,0,9999
2023-09-11T19:36:48,2,9997,0,9999
2023-09-11T19:49:45,2,9997,0,9999
2023-09-11T20:02:59,2,9997,0,9999
2023-09-11T20:15:55,2,9997,0,9999
2023-09-11T20:28:51,2,9997,0,9999
2023-09-11T20:41:47,2,9997,0,9999
2023-09-11T20:54:44,2,9997,0,9999
2023-09-11T21:07:41,2,9997,0,9999
2023-09-11T21:20:47,2,9997,0,9999
2023-09-11T21:33:44,2,9997,0,9999
2023-09-11T21:46:41,2,9997,0,9999
2023-09-11T21:59:39,2,9997,0,9999
2023-09-11T22:12:35,2,9997,0,9999
2023-09-11T22:25:31,2,9997,0,9999
2023-09-11T22:38:28,2,9997,0,9999
2023-09-11T22:51:24,2,9997,0,9999
2023-09-11T23:04:32,2,9997,0,9999
2023-09-11T23:17:30,2,9997,0,9999
2023-09-11T23:30:26,2,9997,0,9999
2023-09-11T23:43:23,2,9997,0,9999
2023-09-11T23:56:20,2,9997,0,9999
2023-09-12T00:09:19,2,9997,0,9999
2023-09-12T00:22:24,2,9997,0,9999
2023-09-12T00:35:25,2,9997,0,9999
2023-09-12T00:48:27,2,9997,0,9999
2023-09-12T01:01:39,2,9997,0,9999
2023-09-12T01:14:40,2,9997,0,9999
2023-09-12T01:27:40,2,9997,0,9999
2023-09-12T01:40:42,2,9997,0,9999
2023-09-12T01:53:43,2,9997,0,9999
2023-09-12T02:06:44,2,9997,0,9999
2023-09-12T02:19:43,2,9997,0,9999
2023-09-12T02:32:42,2,9997,0,9999
2023-09-12T02:45:41,2,9997,0,9999
2023-09-12T02:58:37,2,9997,0,9999
2023-09-12T03:11:36,2,9997,0,9999
2023-09-12T03:24:35,2,9997,0,9999
2023-09-12T03:37:34,2,9997,0,9999
2023-09-12T03:50:33,2,9997,0,9999
2023-09-12T04:03:32,2,9997,0,9999
2023-09-12T04:16:44,2,9997,0,9999
2023-09-12T04:29:04,2,9997,0,9999
2023-09-12T04:43:29,2,9997,0,9999
2023-09-12T04:56:51,2,9997,0,9999
2023-09-12T05:09:53,2,9997,0,9999
2023-09-12T05:22:56,2,9997,0,9999
2023-09-12T05:35:58,2,9997,0,9999
2023-09-12T05:48:59,2,9997,0,9999
2023-09-12T06:01:59,2,9997,0,9999
2023-09-12T06:14:59,2,9997,0,9999
2023-09-12T06:27:59,2,9997,0,9999
2023-09-12T06:41:01,2,9997,0,9999
2023-09-12T06:54:01,2,9997,0,9999
2023-09-12T07:07:02,2,9997,0,9999
2023-09-12T07:20:02,2,9997,0,9999
2023-09-12T07:33:02,2,9997,0,9999
2023-09-12T07:46:00,2,9997,0,9999
2023-09-12T07:58:59,2,9997,0,9999
2023-09-12T08:11:58,2,9997,0,9999
2023-09-12T08:25:09,2,9997,0,9999
2023-09-12T08:38:09,2,9997,0,9999
2023-09-12T08:51:09,2,9997,0,9999
2023-09-12T09:04:08,2,9997,0,9999
2023-09-12T09:17:08,2,9997,0,9999
2023-09-12T09:30:06,2,9997,0,9999
2023-09-12T09:43:03,2,9997,0,9999
2023-09-12T09:55:59,2,9997,0,9999
2023-09-12T10:09:09,2,9997,0,9999
2023-09-12T10:22:06,2,9997,0,9999
2023-09-12T10:35:03,2,9997,0,9999
2023-09-12T10:48:02,2,9997,0,9999
2023-09-12T11:00:59,2,9997,0,9999
2023-09-12T11:13:56,2,9997,0,9999
2023-09-12T11:26:53,2,9997,0,9999
2023-09-12T11:40:01,2,9997,0,9999
2023-09-12T11:52:59,2,9997,0,9999
2023-09-12T12:05:57,2,9997,0,9999
2023-09-12T12:18:54,2,9997,0,9999
2023-09-12T12:31:51,2,9997,0,9999
2023-09-12T12:44:58,2,9997,0,9999
2023-09-12T12:57:56,2,9997,0,9999
2023-09-12T13:10:53,2,9997,0,9999
2023-09-12T13:23:50,2,9997,0,9999
2023-09-12T13:36:47,2,9997,0,9999
2023-09-12T13:49:45,2,9997,0,9999
2023-09-12T14:02:44,2,9997,0,9999
2023-09-12T14:15:53,2,9997,0,9999
2023-09-12T14:28:50,2,9997,0,9999
2023-09-12T14:41:48,2,9997,0,9999
2023-09-12T14:54:45,2,9997,0,9999
2023-09-12T15:07:43,2,9997,0,9999
2023-09-12T15:20:42,2,9997,0,9999
2023-09-12T15:33:50,2,9997,0,9999
2023-09-12T15:46:48,2,9997,0,9999
2023-09-12T15:59:46,2,9997,0,9999
2023-09-12T16:12:43,2,9997,0,9999
2023-09-12T16:25:40,2,9997,0,9999
2023-09-12T16:38:38,2,9997,0,9999
2023-09-12T16:51:46,2,9997,0,9999
2023-09-12T17:04:43,2,9997,0,9999
2023-09-12T17:17:41,2,9997,0,9999
2023-09-12T17:30:38,2,9997,0,9999
2023-09-12T17:43:36,2,9997,0,9999
2023-09-12T17:56:32,2,9997,0,9999
2023-09-12T18:09:40,2,9997,0,9999
2023-09-12T18:22:38,2,9997,0,9999
2023-09-12T18:35:34,2,9997,0,9999
2023-09-12T18:48:31,2,9997,0,9999
2023-09-12T19:01:29,2,9997,0,9999
2023-09-12T19:14:29,2,9997,0,9999
2023-09-12T19:27:37,2,9997,0,9999
2023-09-12T19:40:35,2,9997,0,9999
2023-09-12T19:53:32,2,9997,0,9999
2023-09-12T20:06:29,2,9997,0,9999
2023-09-12T20:19:27,2,9997,0,9999
2023-09-12T20:32:25,2,9997,0,9999
2023-09-12T20:45:23,2,9997,0,9999
2023-09-12T20:58:19,2,9997,0,9999
2023-09-12T21:11:28,2,9997,0,9999
2023-09-12T21:24:25,2,9997,0,9999
2023-09-12T21:37:23,2,9997,0,9999
2023-09-12T21:50:20,2,9997,0,9999
2023-09-12T22:03:17,2,9997,0,9999
2023-09-12T22:16:14,2,9997,0,9999
2023-09-12T22:29:12,2,9997,0,9999
2023-09-12T22:42:22,2,9997,0,9999
2023-09-12T22:55:18,2,9997,0,9999
2023-09-12T23:08:16,2,9997,0,9999
2023-09-12T23:21:13,2,9997,0,9999
2023-09-12T23:34:12,2,9997,0,9999
2023-09-12T23:47:10,2,9997,0,9999
2023-09-13T00:00:07,2,9997,0,9999
2023-09-13T00:13:18,2,9997,0,9999
2023-09-13T00:26:17,2,9997,0,9999
2023-09-13T00:39:19,2,9997,0,9999
2023-09-13T00:52:20,2,9997,0,9999
2023-09-13T01:05:23,2,9997,0,9999
2023-09-13T01:18:27,2,9997,0,9999
2023-09-13T01:31:31,2,9997,0,9999
2023-09-13T01:44:32,2,9997,0,9999
2023-09-13T01:57:34,2,9997,0,9999
2023-09-13T02:10:38,2,9997,0,9999
2023-09-13T02:23:38,2,9997,0,9999
2023-09-13T02:36:48,2,9997,0,9999
2023-09-13T02:49:50,2,9997,0,9999
2023-09-13T03:02:51,2,9997,0,9999
2023-09-13T03:15:54,2,9997,0,9999
2023-09-13T03:28:59,2,9997,0,9999
2023-09-13T03:41:59,2,9997,0,9999
2023-09-13T03:55:01,2,9997,0,9999
2023-09-13T04:08:05,2,9997,0,9999
2023-09-13T04:23:20,2,9997,0,9999
2023-09-13T04:36:41,2,9997,0,9999
2023-09-13T04:49:47,2,9997,0,9999
2023-09-13T05:02:52,2,9997,0,9999
2023-09-13T05:15:56,2,9997,0,9999
2023-09-13T05:28:57,2,9997,0,9999
2023-09-13T05:41:59,2,9997,0,9999
2023-09-13T05:55:01,2,9997,0,9999
2023-09-13T06:08:02,2,9997,0,9999
2023-09-13T06:21:02,2,9997,0,9999
2023-09-13T06:34:03,2,9997,0,9999
2023-09-13T06:47:05,2,9997,0,9999
2023-09-13T07:00:05,2,9997,0,9999
2023-09-13T07:13:06,2,9997,0,9999
2023-09-13T07:26:09,2,9997,0,9999
2023-09-13T07:39:09,2,9997,0,9999
2023-09-13T07:52:08,2,9997,0,9999
2023-09-13T08:05:08,2,9997,0,9999
2023-09-13T08:18:17,2,9997,0,9999
2023-09-13T08:31:19,2,9997,0,9999
2023-09-13T08:44:19,2,9997,0,9999
2023-09-13T08:57:19,2,9997,0,9999
2023-09-13T09:10:18,2,9997,0,9999
2023-09-13T09:23:18,2,9997,0,9999
2023-09-13T09:36:17,2,9997,0,9999
2023-09-13T09:49:15,2,9997,0,9999
2023-09-13T10:02:13,2,9997,0,9999
2023-09-13T10:15:10,2,9997,0,9999
2023-09-13T10:28:20,2,9997,0,9999
2023-09-13T10:41:18,2,9997,0,9999
2023-09-13T10:54:15,2,9997,0,9999
2023-09-13T11:07:13,2,9997,0,9999
2023-09-13T11:20:11,2,9997,0,9999
2023-09-13T11:36:02,2,9997,0,9999
2023-09-13T11:49:11,2,9997,0,9999
2023-09-13T12:02:09,2,9997,0,9999
2023-09-13T12:15:07,2,9997,0,9999
2023-09-13T12:28:05,2,9997,0,9999
2023-09-13T12:41:03,2,9997,0,9999
2023-09-13T12:54:01,2,9997,0,9999
2023-09-13T13:06:58,2,9997,0,9999
2023-09-13T13:20:06,2,9997,0,9999
2023-09-13T13:33:03,2,9997,0,9999
2023-09-13T13:46:01,2,9997,0,9999
2023-09-13T13:58:59,2,9997,0,9999
2023-09-13T14:11:56,2,9997,0,9999
2023-09-13T14:24:54,2,9997,0,9999
2023-09-13T14:37:51,2,9997,0,9999
2023-09-13T14:50:58,2,9997,0,9999
2023-09-13T15:03:55,2,9997,0,9999
2023-09-13T15:16:52,2,9997,0,9999
2023-09-13T15:29:50,2,9997,0,9999
2023-09-13T15:42:47,2,9997,0,9999
2023-09-13T15:55:49,2,9997,0,9999
2023-09-13T16:08:57,2,9997,0,9999
2023-09-13T16:21:54,2,9997,0,9999
2023-09-13T16:34:52,2,9997,0,9999
2023-09-13T16:47:49,2,9997,0,9999
2023-09-13T17:00:46,2,9997,0,9999
2023-09-13T17:13:45,2,9997,0,9999
2023-09-13T17:26:43,2,9997,0,9999
2023-09-13T17:39:40,2,9997,0,9999
2023-09-13T17:52:46,2,9997,0,9999
2023-09-13T18:05:43,2,9997,0,9999
2023-09-13T18:18:40,2,9997,0,9999
2023-09-13T18:31:37,2,9997,0,9999
2023-09-13T18:44:36,2,9997,0,9999
2023-09-13T18:57:33,2,9997,0,9999
2023-09-13T19:10:31,2,9997,0,9999
2023-09-13T19:23:29,2,9997,0,9999
2023-09-13T19:36:36,2,9997,0,9999
2023-09-13T19:49:32,2,9997,0,9999
2023-09-13T20:02:30,2,9997,0,9999
2023-09-13T20:15:28,2,9997,0,9999
2023-09-13T20:28:25,2,9997,0,9999
2023-09-13T20:41:23,2,9997,0,9999
2023-09-13T20:54:20,2,9997,0,9999
2023-09-13T21:07:17,2,9997,0,9999
2023-09-13T21:20:14,2,9997,0,9999
2023-09-13T21:33:21,2,9997,0,9999
2023-09-13T21:46:20,2,9997,0,9999
2023-09-13T21:59:18,2,9997,0,9999
2023-09-13T22:12:15,2,9997,0,9999
2023-09-13T22:25:12,2,9997,0,9999
2023-09-13T22:38:10,2,9997,0,9999
2023-09-13T22:51:09,2,9997,0,9999
2023-09-13T23:04:06,2,9997,0,9999
2023-09-13T23:17:14,2,9997,0,9999
2023-09-13T23:30:13,2,9997,0,9999
2023-09-13T23:43:10,2,9997,0,9999
2023-09-13T23:56:08,2,9997,0,9999
2023-09-14T00:09:06,2,9997,0,9999
2023-09-14T00:22:09,2,9997,0,9999
2023-09-14T00:35:09,2,9997,0,9999
2023-09-14T00:48:11,2,9997,0,9999
2023-09-14T01:01:14,2,9997,0,9999
2023-09-14T01:14:16,2,9997,0,9999
2023-09-14T01:27:16,2,9997,0,9999
2023-09-14T01:40:27,2,9997,0,9999
2023-09-14T01:53:30,2,9997,0,9999
2023-09-14T02:06:32,2,9997,0,9999
2023-09-14T02:19:32,2,9997,0,9999
2023-09-14T02:32:30,2,9997,0,9999
2023-09-14T02:45:30,2,9997,0,9999
2023-09-14T02:58:28,2,9997,0,9999
2023-09-14T03:11:26,2,9997,0,9999
2023-09-14T03:24:26,2,9997,0,9999
2023-09-14T03:37:26,2,9997,0,9999
2023-09-14T03:50:26,2,9997,0,9999
2023-09-14T04:03:30,2,9997,0,9999
2023-09-14T04:16:42,2,9997,0,9999
2023-09-14T04:28:08,2,9997,0,9999
2023-09-14T04:42:24,2,9997,0,9999
2023-09-14T04:55:42,2,9997,0,9999
2023-09-14T05:08:46,2,9997,0,9999
2023-09-14T05:21:49,2,9997,0,9999
2023-09-14T05:34:53,2,9997,0,9999
2023-09-14T05:47:55,2,9997,0,9999
2023-09-14T06:00:56,2,9997,0,9999
2023-09-14T06:13:57,2,9997,0,9999
2023-09-14T06:26:59,2,9997,0,9999
2023-09-14T06:40:00,2,9997,0,9999
2023-09-14T06:53:01,2,9997,0,9999
2023-09-14T07:06:03,2,9997,0,9999
2023-09-14T07:19:03,2,9997,0,9999
2023-09-14T07:32:06,2,9997,0,9999
2023-09-14T07:45:05,2,9997,0,9999
2023-09-14T07:58:06,2,9997,0,9999
2023-09-14T08:11:06,2,9997,0,9999
2023-09-14T08:24:07,2,9997,0,9999
2023-09-14T08:37:17,2,9997,0,9999
2023-09-14T08:50:16,2,9997,0,9999
2023-09-14T09:03:18,2,9997,0,9999
2023-09-14T09:16:16,2,9997,0,9999
2023-09-14T09:29:14,2,9997,0,9999
2023-09-14T09:42:13,2,9997,0,9999
2023-09-14T09:55:12,2,9997,0,9999
2023-09-14T10:08:10,2,9997,0,9999
2023-09-14T10:21:08,2,9997,0,9999
2023-09-14T10:34:16,2,9997,0,9999
2023-09-14T10:47:15,2,9997,0,9999
2023-09-14T11:00:13,2,9997,0,9999
2023-09-14T11:13:12,2,9997,0,9999
2023-09-14T11:26:12,2,9997,0,9999
2023-09-14T11:39:12,2,9997,0,9999
2023-09-14T11:52:10,2,9997,0,9999
2023-09-14T12:05:21,2,9997,0,9999
2023-09-14T12:18:19,2,9997,0,9999
2023-09-14T12:31:17,2,9997,0,9999
2023-09-14T12:44:16,2,9997,0,9999
2023-09-14T12:57:15,2,9997,0,9999
2023-09-14T13:10:13,2,9997,0,9999
2023-09-14T13:23:11,2,9997,0,9999
2023-09-14T13:36:20,2,9997,0,9999
2023-09-14T13:49:19,2,9997,0,9999
2023-09-14T14:02:19,2,9997,0,9999
2023-09-14T14:15:17,2,9997,0,9999
2023-09-14T14:28:16,2,9997,0,9999
2023-09-14T14:41:17,2,9997,0,9999
2023-09-14T14:54:17,2,9997,0,9999
2023-09-14T15:07:26,2,9997,0,9999
2023-09-14T15:20:24,2,9997,0,9999
2023-09-14T15:33:22,2,9997,0,9999
2023-09-14T15:46:22,2,9997,0,9999
2023-09-14T15:59:20,2,9997,0,9999
2023-09-14T16:12:19,2,9997,0,9999
2023-09-14T16:25:27,2,9997,0,9999
2023-09-14T16:38:27,2,9997,0,9999
2023-09-14T16:51:25,2,9997,0,9999
2023-09-14T17:04:24,2,9997,0,9999
2023-09-14T17:17:23,2,9997,0,9999
2023-09-14T17:30:21,2,9997,0,9999
2023-09-14T17:43:20,2,9997,0,9999
2023-09-14T17:56:19,2,9997,0,9999
2023-09-14T18:09:27,2,9997,0,9999
2023-09-14T18:22:25,2,9997,0,9999
2023-09-14T18:35:24,2,9997,0,9999
2023-09-14T18:48:22,2,9997,0,9999
2023-09-14T19:01:20,2,9997,0,9999
2023-09-14T19:14:19,2,9997,0,9999
2023-09-14T19:27:18,2,9997,0,9999
2023-09-14T19:40:17,2,9997,0,9999
2023-09-14T19:53:15,2,9997,0,9999
2023-09-14T20:06:24,2,9997,0,9999
2023-09-14T20:19:23,2,9997,0,9999
2023-09-14T20:32:22,2,9997,0,9999
2023-09-14T20:45:19,2,9997,0,9999
2023-09-14T20:58:18,2,9997,0,9999
2023-09-14T21:11:16,2,9997,0,9999
2023-09-14T21:24:15,2,9997,0,9999
2023-09-14T21:37:13,2,9997,0,9999
2023-09-14T21:50:22,2,9997,0,9999
2023-09-14T22:03:22,2,9997,0,9999
2023-09-14T22:16:20,2,9997,0,9999
2023-09-14T22:29:18,2,9997,0,9999
2023-09-14T22:42:16,2,9997,0,9999
2023-09-14T22:55:14,2,9997,0,9999
2023-09-14T23:08:12,2,9997,0,9999
2023-09-14T23:21:10,2,9997,0,9999
2023-09-14T23:34:20,2,9997,0,9999
2023-09-14T23:47:19,2,9997,0,9999
2023-09-15T00:00:18,2,9997,0,9999
2023-09-15T00:13:20,2,9997,0,9999
2023-09-15T00:26:23,2,9997,0,9999
2023-09-15T00:39:26,2,9997,0,9999
2023-09-15T00:52:29,2,9997,0,9999
2023-09-15T01:05:32,2,9997,0,9999
2023-09-15T01:18:35,2,9997,0,9999
2023-09-15T01:31:38,2,9997,0,9999
2023-09-15T01:45:20,2,9997,0,9999
2023-09-15T01:58:22,2,9997,0,9999
2023-09-15T02:11:24,2,9997,0,9999
2023-09-15T02:24:35,2,9997,0,9999
2023-09-15T02:37:37,2,9997,0,9999
2023-09-15T02:50:36,2,9997,0,9999
2023-09-15T03:03:36,2,9997,0,9999
2023-09-15T03:16:39,2,9997,0,9999
2023-09-15T03:29:42,2,9997,0,9999
2023-09-15T03:42:45,2,9997,0,9999
2023-09-15T03:55:47,2,9997,0,9999
2023-09-15T04:08:51,2,9997,0,9999
2023-09-15T04:21:28,2,9997,0,9999
2023-09-15T04:34:49,2,9997,0,9999
2023-09-15T04:47:53,2,9997,0,9999
2023-09-15T05:00:55,2,9997,0,9999
2023-09-15T05:14:01,2,9997,0,9999
2023-09-15T05:27:03,2,9997,0,9999
2023-09-15T05:40:06,2,9997,0,9999
2023-09-15T05:53:08,2,9997,0,9999
2023-09-15T06:06:10,2,9997,0,9999
2023-09-15T06:19:15,2,9997,0,9999
2023-09-15T06:32:18,2,9997,0,9999
2023-09-15T06:45:20,2,9997,0,9999
2023-09-15T06:58:21,2,9997,0,9999
2023-09-15T07:11:23,2,9997,0,9999
2023-09-15T07:24:27,2,9997,0,9999
2023-09-15T07:37:27,2,9997,0,9999
2023-09-15T07:50:31,2,9997,0,9999
2023-09-15T08:03:41,2,9997,0,9999
2023-09-15T08:16:42,2,9997,0,9999
2023-09-15T08:29:43,2,9997,0,9999
2023-09-15T08:42:42,2,9997,0,9999
2023-09-15T08:55:40,2,9997,0,9999
2023-09-15T09:08:38,2,9997,0,9999
2023-09-15T09:21:37,2,9997,0,9999
2023-09-15T09:34:36,2,9997,0,9999
2023-09-15T09:47:35,2,9997,0,9999
2023-09-15T10:00:33,2,9997,0,9999
2023-09-15T10:13:31,2,9997,0,9999
2023-09-15T10:26:41,2,9997,0,9999
2023-09-15T10:39:40,2,9997,0,9999
2023-09-15T10:52:38,2,9997,0,9999
2023-09-15T11:05:36,2,9997,0,9999
2023-09-15T11:18:36,2,9997,0,9999
2023-09-15T11:31:36,2,9997,0,9999
2023-09-15T11:44:36,2,9997,0,9999
2023-09-15T11:57:46,2,9997,0,9999
2023-09-15T12:10:46,2,9997,0,9999
2023-09-15T12:23:45,2,9997,0,9999
2023-09-15T12:36:44,2,9997,0,9999
2023-09-15T12:49:43,2,9997,0,9999
2023-09-15T13:02:43,2,9997,0,9999
2023-09-15T13:15:42,2,9997,0,9999
2023-09-15T13:28:52,2,9997,0,9999
2023-09-15T13:41:51,2,9997,0,9999
2023-09-15T13:54:50,2,9997,0,9999
2023-09-15T14:07:49,2,9997,0,9999
2023-09-15T14:20:49,2,9997,0,9999
2023-09-15T14:33:48,2,9997,0,9999
2023-09-15T14:46:48,2,9997,0,9999
2023-09-15T14:59:58,2,9997,0,9999
2023-09-15T15:12:57,2,9997,0,9999
2023-09-15T15:25:56,2,9997,0,9999
2023-09-15T15:38:56,2,9997,0,9999
2023-09-15T15:51:56,2,9997,0,9999
2023-09-15T16:04:56,2,9997,0,9999
2023-09-15T16:17:55,2,9997,0,9999
2023-09-15T16:31:04,2,9997,0,9999
2023-09-15T16:44:03,2,9997,0,9999
2023-09-15T16:57:02,2,9997,0,9999
2023-09-15T17:10:02,2,9997,0,9999
2023-09-15T17:23:02,2,9997,0,9999
2023-09-15T17:36:01,2,9997,0,9999
2023-09-15T17:49:00,2,9997,0,9999
2023-09-15T18:01:59,2,9997,0,9999
2023-09-15T18:15:07,2,9997,0,9999
2023-09-15T18:28:06,2,9997,0,9999
2023-09-15T18:41:05,2,9997,0,9999
2023-09-15T18:54:03,2,9997,0,9999
2023-09-15T19:07:02,2,9997,0,9999
2023-09-15T19:20:01,2,9997,0,9999
2023-09-15T19:33:01,2,9997,0,9999
2023-09-15T19:46:00,2,9997,0,9999
2023-09-15T19:58:59,2,9997,0,9999
2023-09-15T20:12:08,2,9997,0,9999
2023-09-15T20:25:07,2,9997,0,9999
2023-09-15T20:38:07,2,9997,0,9999
2023-09-15T20:51:06,2,9997,0,9999
2023-09-15T21:04:04,2,9997,0,9999
2023-09-15T21:17:04,2,9997,0,9999
2023-09-15T21:30:02,2,9997,0,9999
2023-09-15T21:43:01,2,9997,0,9999
2023-09-15T21:56:00,2,9997,0,9999
2023-09-15T22:09:10,2,9997,0,9999
2023-09-15T22:22:08,2,9997,0,9999
2023-09-15T22:35:07,2,9997,0,9999
2023-09-15T22:48:05,2,9997,0,9999
2023-09-15T23:01:04,2,9997,0,9999
2023-09-15T23:14:04,2,9997,0,9999
2023-09-15T23:27:03,2,9997,0,9999
2023-09-15T23:40:03,2,9997,0,9999
2023-09-15T23:53:03,2,9997,0,9999
2023-09-16T00:06:04,2,9997,0,9999
2023-09-16T00:19:20,2,9997,0,9999
2023-09-16T00:32:24,2,9997,0,9999
2023-09-16T00:45:28,2,9997,0,9999
2023-09-16T00:58:33,2,9997,0,9999
2023-09-16T01:11:36,2,9997,0,9999
2023-09-16T01:24:39,2,9997,0,9999
2023-09-16T01:37:44,2,9997,0,9999
2023-09-16T01:50:48,2,9997,0,9999
2023-09-16T02:03:55,2,9997,0,9999
2023-09-16T02:16:55,2,9997,0,9999
2023-09-16T02:29:56,2,9997,0,9999
2023-09-16T02:42:58,2,9997,0,9999
2023-09-16T02:55:57,2,9997,0,9999
2023-09-16T03:08:57,2,9997,0,9999
2023-09-16T03:22:10,2,9997,0,9999
2023-09-16T03:35:12,2,9997,0,9999
2023-09-16T03:48:15,2,9997,0,9999
2023-09-16T04:01:19,2,9997,0,9999
2023-09-16T04:14:28,2,9997,0,9999
2023-09-16T04:28:55,2,9997,0,9999
2023-09-16T04:42:18,2,9997,0,9999
2023-09-16T04:55:23,2,9997,0,9999
2023-09-16T05:08:27,2,9997,0,9999
2023-09-16T05:21:30,2,9997,0,9999
2023-09-16T05:34:33,2,9997,0,9999
2023-09-16T05:47:36,2,9997,0,9999
2023-09-16T06:00:39,2,9997,0,9999
2023-09-16T06:13:42,2,9997,0,9999
2023-09-16T06:26:44,2,9997,0,9999
2023-09-16T06:39:46,2,9997,0,9999
2023-09-16T06:52:51,2,9997,0,9999
2023-09-16T07:05:53,2,9997,0,9999
2023-09-16T07:18:54,2,9997,0,9999
2023-09-16T07:31:59,2,9997,0,9999
2023-09-16T07:45:00,2,9997,0,9999
2023-09-16T07:58:12,2,9997,0,9999
2023-09-16T08:11:14,2,9997,0,9999
2023-09-16T08:24:16,2,9997,0,9999
2023-09-16T08:37:19,2,9997,0,9999
2023-09-16T08:50:31,2,9997,0,9999
2023-09-16T09:03:33,2,9997,0,9999
2023-09-16T09:16:36,2,9997,0,9999
2023-09-16T09:29:38,2,9997,0,9999
2023-09-16T09:42:41,2,9997,0,9999
2023-09-16T09:55:52,2,9997,0,9999
2023-09-16T10:08:55,2,9997,0,9999
2023-09-16T10:21:57,2,9997,0,9999
2023-09-16T10:35:08,2,9997,0,9999
2023-09-16T10:48:10,2,9997,0,9999
2023-09-16T11:01:13,2,9997,0,9999
2023-09-16T11:14:13,2,9997,0,9999
2023-09-16T11:27:15,2,9997,0,9999
2023-09-16T11:40:14,2,9997,0,9999
2023-09-16T11:53:12,2,9997,0,9999
2023-09-16T12:06:11,2,9997,0,9999
2023-09-16T12:19:11,2,9997,0,9999
2023-09-16T12:32:10,2,9997,0,9999
2023-09-16T12:45:17,2,9997,0,9999
2023-09-16T12:58:17,2,9997,0,9999
2023-09-16T13:11:16,2,9997,0,9999
2023-09-16T13:24:16,2,9997,0,9999
2023-09-16T13:37:15,2,9997,0,9999
2023-09-16T13:50:14,2,9997,0,9999
2023-09-16T14:03:13,2,9997,0,9999
2023-09-16T14:16:12,2,9997,0,9999
2023-09-16T14:29:12,2,9997,0,9999
2023-09-16T14:42:22,2,9997,0,9999
2023-09-16T14:55:20,2,9997,0,9999
2023-09-16T15:08:20,2,9997,0,9999
2023-09-16T15:21:19,2,9997,0,9999
2023-09-16T15:34:18,2,9997,0,9999
2023-09-16T15:47:18,2,9997,0,9999
2023-09-16T16:00:17,2,9997,0,9999
2023-09-16T16:13:16,2,9997,0,9999
2023-09-16T16:26:14,2,9997,0,9999
2023-09-16T16:39:13,2,9997,0,9999
2023-09-16T16:52:12,2,9997,0,9999
2023-09-16T17:05:11,2,9997,0,9999
2023-09-16T17:18:21,2,9997,0,9999
2023-09-16T17:31:19,2,9997,0,9999
2023-09-16T17:44:18,2,9997,0,9999
2023-09-16T17:57:18,2,9997,0,9999
2023-09-16T18:10:17,2,9997,0,9999
2023-09-16T18:23:16,2,9997,0,9999
2023-09-16T18:36:15,2,9997,0,9999
2023-09-16T18:49:14,2,9997,0,9999
2023-09-16T19:02:13,2,9997,0,9999
2023-09-16T19:15:13,2,9997,0,9999
2023-09-16T19:28:12,2,9997,0,9999
2023-09-16T19:41:22,2,9997,0,9999
2023-09-16T19:54:21,2,9997,0,9999
2023-09-16T20:07:20,2,9997,0,9999
2023-09-16T20:20:19,2,9997,0,9999
2023-09-16T20:33:19,2,9997,0,9999
2023-09-16T20:46:18,2,9997,0,9999
2023-09-16T20:59:17,2,9997,0,9999
2023-09-16T21:12:16,2,9997,0,9999
2023-09-16T21:25:15,2,9997,0,9999
2023-09-16T21:38:14,2,9997,0,9999
2023-09-16T21:51:13,2,9997,0,9999
2023-09-16T22:04:12,2,9997,0,9999
2023-09-16T22:17:11,2,9997,0,9999
2023-09-16T22:30:21,2,9997,0,9999
2023-09-16T22:43:19,2,9997,0,9999
2023-09-16T22:56:18,2,9997,0,9999
2023-09-16T23:09:18,2,9997,0,9999
2023-09-16T23:22:17,2,9997,0,9999
2023-09-16T23:35:15,2,9997,0,9999
2023-09-16T23:48:14,2,9997,0,9999
2023-09-17T00:01:14,2,9997,0,9999
2023-09-17T00:14:15,2,9997,0,9999
2023-09-17T00:27:15,2,9997,0,9999
2023-09-17T00:53:12,2,9997,0,9999
2023-09-17T01:06:12,2,9997,0,9999
2023-09-17T01:19:10,2,9997,0,9999
2023-09-17T01:32:09,2,9997,0,9999
2023-09-17T01:45:10,2,9997,0,9999
2023-09-17T01:58:13,2,9997,0,9999
2023-09-17T02:11:19,2,9997,0,9999
2023-09-17T02:24:39,2,9997,0,9999
2023-09-17T02:37:44,2,9997,0,9999
2023-09-17T02:51:08,2,9997,0,9999
2023-09-17T03:04:09,2,9997,0,9999
2023-09-17T03:17:13,2,9997,0,9999
2023-09-17T03:30:15,2,9997,0,9999
2023-09-17T03:43:19,2,9997,0,9999
2023-09-17T03:56:23,2,9997,0,9999
2023-09-17T04:09:26,2,9997,0,9999
2023-09-17T04:18:55,2,9997,0,9999
2023-09-17T04:32:00,2,9997,0,9999
2023-09-17T04:46:41,2,9997,0,9999
2023-09-17T04:59:46,2,9997,0,9999
2023-09-17T05:12:52,2,9997,0,9999
2023-09-17T05:25:56,2,9997,0,9999
2023-09-17T05:38:57,2,9997,0,9999
2023-09-17T05:51:58,2,9997,0,9999
2023-09-17T06:05:00,2,9997,0,9999
2023-09-17T06:18:05,2,9997,0,9999
2023-09-17T06:31:07,2,9997,0,9999
2023-09-17T06:44:08,2,9997,0,9999
2023-09-17T06:57:07,2,9997,0,9999
2023-09-17T07:10:05,2,9997,0,9999
2023-09-17T07:23:05,2,9997,0,9999
2023-09-17T07:36:04,2,9997,0,9999
2023-09-17T07:49:03,2,9997,0,9999
2023-09-17T08:02:03,2,9997,0,9999
2023-09-17T08:15:05,2,9997,0,9999
2023-09-17T08:28:07,2,9997,0,9999
2023-09-17T08:41:16,2,9997,0,9999
2023-09-17T08:54:27,2,9997,0,9999
2023-09-17T09:07:29,2,9997,0,9999
2023-09-17T09:20:34,2,9997,0,9999
2023-09-17T09:33:49,2,9997,0,9999
2023-09-17T09:46:56,2,9997,0,9999
2023-09-17T10:00:06,2,9997,0,9999
2023-09-17T10:13:10,2,9997,0,9999
2023-09-17T10:26:14,2,9997,0,9999
2023-09-17T10:39:27,2,9997,0,9999
2023-09-17T10:52:26,2,9997,0,9999
2023-09-17T11:05:25,2,9997,0,9999
2023-09-17T11:18:24,2,9997,0,9999
2023-09-17T11:31:23,2,9997,0,9999
2023-09-17T11:44:22,2,9997,0,9999
2023-09-17T11:57:20,2,9997,0,9999
2023-09-17T12:10:19,2,9997,0,9999
2023-09-17T12:23:18,2,9997,0,9999
2023-09-17T12:36:16,2,9997,0,9999
2023-09-17T12:49:23,2,9997,0,9999
2023-09-17T13:02:22,2,9997,0,9999
2023-09-17T13:15:20,2,9997,0,9999
2023-09-17T13:28:19,2,9997,0,9999
2023-09-17T13:41:18,2,9997,0,9999
2023-09-17T13:54:16,2,9997,0,9999
2023-09-17T14:07:15,2,9997,0,9999
2023-09-17T14:20:14,2,9997,0,9999
2023-09-17T14:33:13,2,9997,0,9999
2023-09-17T14:46:11,2,9997,0,9999
2023-09-17T14:59:19,2,9997,0,9999
2023-09-17T15:12:18,2,9997,0,9999
2023-09-17T15:25:16,2,9997,0,9999
2023-09-17T15:38:15,2,9997,0,9999
2023-09-17T15:51:13,2,9997,0,9999
2023-09-17T16:04:12,2,9997,0,9999
2023-09-17T16:17:11,2,9997,0,9999
2023-09-17T16:30:10,2,9997,0,9999
2023-09-17T16:43:10,2,9997,0,9999
2023-09-17T16:56:08,2,9997,0,9999
2023-09-17T17:09:17,2,9997,0,9999
2023-09-17T17:22:16,2,9997,0,9999
2023-09-17T17:35:18,2,9997,0,9999
2023-09-17T17:48:17,2,9997,0,9999
2023-09-17T18:01:15,2,9997,0,9999
2023-09-17T18:14:13,2,9997,0,9999
2023-09-17T18:27:11,2,9997,0,9999
2023-09-17T18:40:11,2,9997,0,9999
2023-09-17T18:53:11,2,9997,0,9999
2023-09-17T19:06:11,2,9997,0,9999
2023-09-17T19:19:11,2,9997,0,9999
2023-09-17T19:32:12,2,9997,0,9999
2023-09-17T19:45:22,2,9997,0,9999
2023-09-17T19:58:21,2,9997,0,9999
2023-09-17T20:11:20,2,9997,0,9999
2023-09-17T20:24:19,2,9997,0,9999
2023-09-17T20:37:19,2,9997,0,9999
2023-09-17T20:50:18,2,9997,0,9999
2023-09-17T21:03:16,2,9997,0,9999
2023-09-17T21:16:16,2,9997,0,9999
2023-09-17T21:29:27,2,9997,0,9999
2023-09-17T21:42:30,2,9997,0,9999
2023-09-17T21:55:30,2,9997,0,9999
2023-09-17T22:08:29,2,9997,0,9999
2023-09-17T22:21:29,2,9997,0,9999
2023-09-17T22:34:28,2,9997,0,9999
2023-09-17T22:47:28,2,9997,0,9999
2023-09-17T23:00:27,2,9997,0,9999
2023-09-17T23:13:27,2,9997,0,9999
2023-09-17T23:26:26,2,9997,0,9999
2023-09-17T23:39:26,2,9997,0,9999
2023-09-17T23:52:37,2,9997,0,9999
2023-09-18T00:05:39,2,9997,0,9999
2023-09-18T00:18:44,2,9997,0,9999
2023-09-18T00:31:58,2,9997,0,9999
2023-09-18T00:45:07,2,9997,0,9999
2023-09-18T00:58:13,2,9997,0,9999
2023-09-18T01:11:14,2,9997,0,9999
2023-09-18T01:24:31,2,9997,0,9999
2023-09-18T01:37:35,2,9997,0,9999
2023-09-18T01:50:39,2,9997,0,9999
2023-09-18T02:03:47,2,9997,0,9999
2023-09-18T02:16:49,2,9997,0,9999
2023-09-18T02:29:58,2,9997,0,9999
2023-09-18T02:42:59,2,9997,0,9999
2023-09-18T02:56:03,2,9997,0,9999
2023-09-18T03:09:06,2,9997,0,9999
2023-09-18T03:22:10,2,9997,0,9999
2023-09-18T03:35:15,2,9997,0,9999
2023-09-18T03:48:17,2,9997,0,9999
2023-09-18T04:01:19,2,9997,0,9999
2023-09-18T04:16:12,2,9997,0,9999
2023-09-18T04:27:20,2,9997,0,9999
2023-09-18T04:40:56,2,9997,0,9999
2023-09-18T04:54:02,2,9997,0,9999
2023-09-18T05:07:10,2,9997,0,9999
2023-09-18T05:20:15,2,9997,0,9999
2023-09-18T05:33:18,2,9997,0,9999
2023-09-18T05:46:22,2,9997,0,9999
2023-09-18T05:59:27,2,9997,0,9999
2023-09-18T06:12:30,2,9997,0,9999
2023-09-18T06:25:36,2,9997,0,9999
2023-09-18T06:38:39,2,9997,0,9999
2023-09-18T06:51:43,2,9997,0,9999
2023-09-18T07:04:44,2,9997,0,9999
2023-09-18T07:17:47,2,9997,0,9999
2023-09-18T07:30:48,2,9997,0,9999
2023-09-18T07:43:48,2,9997,0,9999
2023-09-18T07:56:50,2,9997,0,9999
2023-09-18T08:09:51,2,9997,0,9999
2023-09-18T08:22:56,2,9997,0,9999
2023-09-18T08:35:58,2,9997,0,9999
2023-09-18T08:49:19,2,9997,0,9999
2023-09-18T09:02:19,2,9997,0,9999
2023-09-18T09:15:18,2,9997,0,9999
2023-09-18T09:28:17,2,9997,0,9999
2023-09-18T09:41:16,2,9997,0,9999
2023-09-18T09:54:17,2,9997,0,9999
2023-09-18T10:07:18,2,9997,0,9999
2023-09-18T10:20:17,2,9997,0,9999
2023-09-18T10:33:35,2,9997,0,9999
2023-09-18T10:46:34,2,9997,0,9999
2023-09-18T10:59:34,2,9997,0,9999
2023-09-18T11:12:33,2,9997,0,9999
2023-09-18T11:25:32,2,9997,0,9999
2023-09-18T11:38:33,2,9997,0,9999
2023-09-18T11:51:33,2,9997,0,9999
2023-09-18T12:04:42,2,9997,0,9999
2023-09-18T12:17:41,2,9997,0,9999
2023-09-18T12:30:42,2,9997,0,9999
2023-09-18T12:43:42,2,9997,0,9999
2023-09-18T12:56:42,2,9997,0,9999
2023-09-18T13:09:53,2,9997,0,9999
2023-09-18T13:22:53,2,9997,0,9999
2023-09-18T13:35:53,2,9997,0,9999
2023-09-18T13:48:53,2,9997,0,9999
2023-09-18T14:01:53,2,9997,0,9999
2023-09-18T14:14:52,2,9997,0,9999
2023-09-18T14:28:10,2,9997,0,9999
2023-09-18T14:41:10,2,9997,0,9999
2023-09-18T14:54:10,2,9997,0,9999
2023-09-18T15:07:10,2,9997,0,9999
2023-09-18T15:20:11,2,9997,0,9999
2023-09-18T15:33:22,2,9997,0,9999
2023-09-18T15:46:22,2,9997,0,9999
2023-09-18T15:59:21,2,9997,0,9999
2023-09-18T16:12:22,2,9997,0,9999
2023-09-18T16:25:41,2,9997,0,9999
2023-09-18T16:38:40,2,9997,0,9999
2023-09-18T16:51:40,2,9997,0,9999
2023-09-18T17:04:40,2,9997,0,9999
2023-09-18T17:17:40,2,9997,0,9999
2023-09-18T17:30:39,2,9997,0,9999
2023-09-18T17:43:39,2,9997,0,9999
2023-09-18T17:56:39,2,9997,0,9999
2023-09-18T18:09:50,2,9997,0,9999
2023-09-18T18:22:50,2,9997,0,9999
2023-09-18T18:35:50,2,9997,0,9999
2023-09-18T18:48:51,2,9997,0,9999
2023-09-18T19:01:51,2,9997,0,9999
2023-09-18T19:14:50,2,9997,0,9999
2023-09-18T19:27:50,2,9997,0,9999
2023-09-18T19:40:50,2,9997,0,9999
2023-09-18T19:54:00,2,9997,0,9999
2023-09-18T20:07:00,2,9997,0,9999
2023-09-18T20:20:00,2,9997,0,9999
2023-09-18T20:33:01,2,9997,0,9999
2023-09-18T20:46:01,2,9997,0,9999
2023-09-18T20:59:01,2,9997,0,9999
2023-09-18T21:12:00,2,9997,0,9999
2023-09-18T21:25:00,2,9997,0,9999
2023-09-18T21:38:10,2,9997,0,9999
2023-09-18T21:51:11,2,9997,0,9999
2023-09-18T22:04:10,2,9997,0,9999
2023-09-18T22:17:10,2,9997,0,9999
2023-09-18T22:30:11,2,9997,0,9999
2023-09-18T22:43:11,2,9997,0,9999
2023-09-18T22:56:10,2,9997,0,9999
2023-09-18T23:09:13,2,9997,0,9999
2023-09-18T23:22:48,2,9997,0,9999
2023-09-18T23:35:47,2,9997,0,9999
2023-09-18T23:48:48,2,9997,0,9999
2023-09-19T00:01:49,2,9997,0,9999
2023-09-19T00:14:54,2,9997,0,9999
2023-09-19T00:28:03,2,9997,0,9999
2023-09-19T00:41:07,2,9997,0,9999
2023-09-19T00:54:12,2,9997,0,9999
2023-09-19T01:07:17,2,9997,0,9999
2023-09-19T01:20:21,2,9997,0,9999
2023-09-19T01:33:42,2,9997,0,9999
2023-09-19T01:46:46,2,9997,0,9999
2023-09-19T01:59:49,2,9997,0,9999
2023-09-19T02:13:05,2,9997,0,9999
2023-09-19T02:26:07,2,9997,0,9999
2023-09-19T02:39:10,2,9997,0,9999
2023-09-19T02:52:12,2,9997,0,9999
2023-09-19T03:05:13,2,9997,0,9999
2023-09-19T03:18:16,2,9997,0,9999
2023-09-19T03:31:18,2,9997,0,9999
2023-09-19T03:44:22,2,9997,0,9999
2023-09-19T03:57:26,2,9997,0,9999
2023-09-19T04:10:30,2,9997,0,9999
2023-09-19T04:29:02,2,9997,0,9999
2023-09-19T04:43:29,2,9997,0,9999
2023-09-19T04:56:55,2,9997,0,9999
2023-09-19T05:10:04,2,9997,0,9999
2023-09-19T05:23:10,2,9997,0,9999
2023-09-19T05:36:14,2,9997,0,9999
2023-09-19T05:49:18,2,9997,0,9999
2023-09-19T06:02:23,2,9997,0,9999
2023-09-19T06:15:27,2,9997,0,9999
2023-09-19T06:28:30,2,9997,0,9999
2023-09-19T06:41:33,2,9997,0,9999
2023-09-19T06:54:36,2,9997,0,9999
2023-09-19T07:07:41,2,9997,0,9999
2023-09-19T07:20:44,2,9997,0,9999
2023-09-19T07:33:48,2,9997,0,9999
2023-09-19T07:46:50,2,9997,0,9999
2023-09-19T07:59:52,2,9997,0,9999
2023-09-19T08:12:54,2,9997,0,9999
2023-09-19T08:25:57,2,9997,0,9999
2023-09-19T08:38:59,2,9997,0,9999
2023-09-19T08:52:02,2,9997,0,9999
2023-09-19T09:05:04,2,9997,0,9999
2023-09-19T09:18:23,2,9997,0,9999
2023-09-19T09:31:24,2,9997,0,9999
2023-09-19T09:44:27,2,9997,0,9999
2023-09-19T09:57:27,2,9997,0,9999
2023-09-19T10:10:29,2,9997,0,9999
2023-09-19T10:23:29,2,9997,0,9999
2023-09-19T10:36:31,2,9997,0,9999
2023-09-19T10:49:31,2,9997,0,9999
2023-09-19T11:02:32,2,9997,0,9999
2023-09-19T11:15:46,2,9997,0,9999
2023-09-19T11:28:46,2,9997,0,9999
2023-09-19T11:41:47,2,9997,0,9999
2023-09-19T11:54:46,2,9997,0,9999
2023-09-19T12:07:47,2,9997,0,9999
2023-09-19T12:21:09,2,9997,0,9999
2023-09-19T12:34:09,2,9997,0,9999
2023-09-19T12:47:09,2,9997,0,9999
2023-09-19T13:00:08,2,9997,0,9999
2023-09-19T13:13:08,2,9997,0,9999
2023-09-19T13:26:08,2,9997,0,9999
2023-09-19T13:39:07,2,9997,0,9999
2023-09-19T13:52:17,2,9997,0,9999
2023-09-19T14:05:17,2,9997,0,9999
2023-09-19T14:18:17,2,9997,0,9999
2023-09-19T14:31:17,2,9997,0,9999
2023-09-19T14:44:17,2,9997,0,9999
2023-09-19T14:57:40,2,9997,0,9999
2023-09-19T15:10:41,2,9997,0,9999
2023-09-19T15:23:41,2,9997,0,9999
2023-09-19T15:36:40,2,9997,0,9999
2023-09-19T15:49:40,2,9997,0,9999
2023-09-19T16:02:41,2,9997,0,9999
2023-09-19T16:15:50,2,9997,0,9999
2023-09-19T16:28:50,2,9997,0,9999
2023-09-19T16:41:50,2,9997,0,9999
2023-09-19T16:54:49,2,9997,0,9999
2023-09-19T17:07:48,2,9997,0,9999
2023-09-19T17:20:49,2,9997,0,9999
2023-09-19T17:33:49,2,9997,0,9999
2023-09-19T17:47:09,2,9997,0,9999
2023-09-19T18:00:09,2,9997,0,9999
2023-09-19T18:13:08,2,9997,0,9999
2023-09-19T18:26:08,2,9997,0,9999
2023-09-19T18:39:07,2,9997,0,9999
2023-09-19T18:52:07,2,9997,0,9999
2023-09-19T19:05:07,2,9997,0,9999
2023-09-19T19:18:17,2,9997,0,9999
2023-09-19T19:31:18,2,9997,0,9999
2023-09-19T19:44:19,2,9997,0,9999
2023-09-19T19:57:19,2,9997,0,9999
2023-09-19T20:10:19,2,9997,0,9999
2023-09-19T20:23:20,2,9997,0,9999
2023-09-19T20:36:22,2,9997,0,9999
2023-09-19T20:49:40,2,9997,0,9999
2023-09-19T21:02:40,2,9997,0,9999
2023-09-19T21:15:40,2,9997,0,9999
2023-09-19T21:28:40,2,9997,0,9999
2023-09-19T21:41:40,2,9997,0,9999
2023-09-19T21:54:40,2,9997,0,9999
2023-09-19T22:07:51,2,9997,0,9999
2023-09-19T22:20:50,2,9997,0,9999
2023-09-19T22:33:50,2,9997,0,9999
2023-09-19T22:46:49,2,9997,0,9999
2023-09-19T22:59:48,2,9997,0,9999
2023-09-19T23:12:49,2,9997,0,9999
2023-09-19T23:25:49,2,9997,0,9999
2023-09-19T23:39:10,2,9997,0,9999
2023-09-19T23:52:10,2,9997,0,9999
2023-09-20T00:05:11,2,9997,0,9999
2023-09-20T00:18:15,2,9997,0,9999
2023-09-20T00:31:18,2,9997,0,9999
2023-09-20T00:44:25,2,9997,0,9999
2023-09-20T00:57:30,2,9997,0,9999
2023-09-20T01:10:35,2,9997,0,9999
2023-09-20T01:23:40,2,9997,0,9999
2023-09-20T01:36:45,2,9997,0,9999
2023-09-20T01:49:50,2,9997,0,9999
2023-09-20T02:03:08,2,9997,0,9999
2023-09-20T02:16:12,2,9997,0,9999
2023-09-20T02:29:14,2,9997,0,9999
2023-09-20T02:42:18,2,9997,0,9999
2023-09-20T02:55:20,2,9997,0,9999
2023-09-20T03:08:23,2,9997,0,9999
2023-09-20T03:21:50,2,9997,0,9999
2023-09-20T03:35:12,2,9997,0,9999
2023-09-20T03:48:17,2,9997,0,9999
2023-09-20T04:01:29,2,9997,0,9999
2023-09-20T04:25:47,2,9997,0,9999
2023-09-20T04:39:16,2,9997,0,9999
2023-09-20T04:52:20,2,9997,0,9999
2023-09-20T05:05:34,2,9997,0,9999
2023-09-20T05:18:41,2,9997,0,9999
2023-09-20T05:31:45,2,9997,0,9999
2023-09-20T05:44:58,2,9997,0,9999
2023-09-20T05:58:04,2,9997,0,9999
2023-09-20T06:11:09,2,9997,0,9999
2023-09-20T06:24:13,2,9997,0,9999
2023-09-20T06:37:17,2,9997,0,9999
2023-09-20T06:50:20,2,9997,0,9999
2023-09-20T07:03:23,2,9997,0,9999
2023-09-20T07:16:26,2,9997,0,9999
2023-09-20T07:29:29,2,9997,0,9999
2023-09-20T07:42:31,2,9997,0,9999
2023-09-20T07:55:33,2,9997,0,9999
2023-09-20T08:08:36,2,9997,0,9999
2023-09-20T08:21:38,2,9997,0,9999
2023-09-20T08:34:47,2,9997,0,9999
2023-09-20T08:47:47,2,9997,0,9999
2023-09-20T09:00:46,2,9997,0,9999
2023-09-20T09:13:51,2,9997,0,9999
2023-09-20T09:26:51,2,9997,0,9999
2023-09-20T09:39:51,2,9997,0,9999
2023-09-20T09:52:51,2,9997,0,9999
2023-09-20T10:05:50,2,9997,0,9999
2023-09-20T10:19:00,2,9997,0,9999
2023-09-20T10:32:00,2,9997,0,9999
2023-09-20T10:45:00,2,9997,0,9999
2023-09-20T10:57:59,2,9997,0,9999
2023-09-20T11:11:00,2,9997,0,9999
2023-09-20T11:23:59,2,9997,0,9999
2023-09-20T11:37:09,2,9997,0,9999
2023-09-20T11:50:10,2,9997,0,9999
2023-09-20T12:03:10,2,9997,0,9999
2023-09-20T12:16:10,2,9997,0,9999
2023-09-20T12:29:10,2,9997,0,9999
2023-09-20T12:42:10,2,9997,0,9999
2023-09-20T12:55:21,2,9997,0,9999
2023-09-20T13:08:20,2,9997,0,9999
2023-09-20T13:21:20,2,9997,0,9999
2023-09-20T13:34:19,2,9997,0,9999
2023-09-20T13:47:20,2,9997,0,9999
2023-09-20T14:00:21,2,9997,0,9999
2023-09-20T14:13:32,2,9997,0,9999
2023-09-20T14:26:33,2,9997,0,9999
2023-09-20T14:39:34,2,9997,0,9999
2023-09-20T14:52:34,2,9997,0,9999
2023-09-20T15:05:35,2,9997,0,9999
2023-09-20T15:18:37,2,9997,0,9999
2023-09-20T15:31:37,2,9997,0,9999
2023-09-20T15:44:48,2,9997,0,9999
2023-09-20T15:57:48,2,9997,0,9999
2023-09-20T16:10:48,2,9997,0,9999
2023-09-20T16:23:48,2,9997,0,9999
2023-09-20T16:36:48,2,9997,0,9999
2023-09-20T16:49:49,2,9997,0,9999
2023-09-20T17:02:59,2,9997,0,9999
2023-09-20T17:16:03,2,9997,0,9999
2023-09-20T17:29:04,2,9997,0,9999
2023-09-20T17:42:03,2,9997,0,9999
2023-09-20T17:55:05,2,9997,0,9999
2023-09-20T18:08:05,2,9997,0,9999
2023-09-20T18:21:05,2,9997,0,9999
2023-09-20T18:34:14,2,9997,0,9999
2023-09-20T18:47:14,2,9997,0,9999
2023-09-20T19:00:15,2,9997,0,9999
2023-09-20T19:13:15,2,9997,0,9999
2023-09-20T19:26:17,2,9997,0,9999
2023-09-20T19:39:17,2,9997,0,9999
2023-09-20T19:52:18,2,9997,0,9999
2023-09-20T20:05:19,2,9997,0,9999
2023-09-20T20:18:30,2,9997,0,9999
2023-09-20T20:31:30,2,9997,0,9999
2023-09-20T20:44:30,2,9997,0,9999
2023-09-20T20:57:30,2,9997,0,9999
2023-09-20T21:10:30,2,9997,0,9999
2023-09-20T21:23:30,2,9997,0,9999
2023-09-20T21:36:42,2,9997,0,9999
2023-09-20T21:49:42,2,9997,0,9999
2023-09-20T22:02:42,2,9997,0,9999
2023-09-20T22:15:42,2,9997,0,9999
2023-09-20T22:28:43,2,9997,0,9999
2023-09-20T22:41:44,2,9997,0,9999
2023-09-20T22:54:54,2,9997,0,9999
2023-09-20T23:07:55,2,9997,0,9999
2023-09-20T23:20:56,2,9997,0,9999
2023-09-20T23:33:56,2,9997,0,9999
2023-09-20T23:46:56,2,9997,0,9999
2023-09-20T23:59:57,2,9997,0,9999
2023-09-21T00:13:02,2,9997,0,9999
2023-09-21T00:26:07,2,9997,0,9999
2023-09-21T00:39:12,2,9997,0,9999
2023-09-21T00:52:27,2,9997,0,9999
2023-09-21T01:05:33,2,9997,0,9999
2023-09-21T01:18:37,2,9997,0,9999
2023-09-21T01:31:41,2,9997,0,9999
2023-09-21T01:44:45,2,9997,0,9999
2023-09-21T01:57:49,2,9997,0,9999
2023-09-21T02:10:53,2,9997,0,9999
2023-09-21T02:23:57,2,9997,0,9999
2023-09-21T02:37:00,2,9997,0,9999
2023-09-21T02:50:02,2,9997,0,9999
2023-09-21T03:03:03,2,9997,0,9999
2023-09-21T03:16:06,2,9997,0,9999
2023-09-21T03:29:11,2,9997,0,9999
2023-09-21T03:42:14,2,9997,0,9999
2023-09-21T03:55:19,2,9997,0,9999
2023-09-21T04:08:26,2,9997,0,9999
2023-09-21T04:24:41,2,9997,0,9999
2023-09-21T04:37:49,2,9997,0,9999
2023-09-21T04:52:31,2,9997,0,9999
2023-09-21T05:05:39,2,9997,0,9999
2023-09-21T05:18:43,2,9997,0,9999
2023-09-21T05:31:47,2,9997,0,9999
2023-09-21T05:44:51,2,9997,0,9999
2023-09-21T05:57:55,2,9997,0,9999
2023-09-21T06:10:58,2,9997,0,9999
2023-09-21T06:24:03,2,9997,0,9999
2023-09-21T06:37:10,2,9997,0,9999
2023-09-21T06:50:15,2,9997,0,9999
2023-09-21T07:03:18,2,9997,0,9999
2023-09-21T07:16:22,2,9997,0,9999
2023-09-21T07:29:26,2,9997,0,9999
2023-09-21T07:42:28,2,9997,0,9999
2023-09-21T07:55:32,2,9997,0,9999
2023-09-21T08:08:37,2,9997,0,9999
2023-09-21T08:21:42,2,9997,0,9999
2023-09-21T08:35:00,2,9997,0,9999
2023-09-21T08:48:03,2,9997,0,9999
2023-09-21T09:01:05,2,9997,0,9999
2023-09-21T09:14:07,2,9997,0,9999
2023-09-21T09:27:07,2,9997,0,9999
2023-09-21T09:40:07,2,9997,0,9999
2023-09-21T09:53:07,2,9997,0,9999
2023-09-21T10:06:08,2,9997,0,9999
2023-09-21T10:19:08,2,9997,0,9999
2023-09-21T10:32:19,2,9997,0,9999
2023-09-21T10:45:19,2,9997,0,9999
2023-09-21T10:58:20,2,9997,0,9999
2023-09-21T11:11:20,2,9997,0,9999
2023-09-21T11:24:20,2,9997,0,9999
2023-09-21T11:37:20,2,9997,0,9999
2023-09-21T11:50:40,2,9997,0,9999
2023-09-21T12:03:41,2,9997,0,9999
2023-09-21T12:16:41,2,9997,0,9999
2023-09-21T12:29:42,2,9997,0,9999
2023-09-21T12:42:43,2,9997,0,9999
2023-09-21T12:55:44,2,9997,0,9999
2023-09-21T13:08:55,2,9997,0,9999
2023-09-21T13:21:55,2,9997,0,9999
2023-09-21T13:34:58,2,9997,0,9999
2023-09-21T13:47:59,2,9997,0,9999
2023-09-21T14:01:00,2,9997,0,9999
2023-09-21T14:14:11,2,9997,0,9999
2023-09-21T14:27:11,2,9997,0,9999
2023-09-21T14:40:12,2,9997,0,9999
2023-09-21T14:53:13,2,9997,0,9999
2023-09-21T15:06:14,2,9997,0,9999
2023-09-21T15:19:15,2,9997,0,9999
2023-09-21T15:32:27,2,9997,0,9999
2023-09-21T15:45:29,2,9997,0,9999
2023-09-21T15:58:30,2,9997,0,9999
2023-09-21T16:11:31,2,9997,0,9999
2023-09-21T16:24:33,2,9997,0,9999
2023-09-21T16:37:35,2,9997,0,9999
2023-09-21T16:50:46,2,9997,0,9999
2023-09-21T17:03:47,2,9997,0,9999
2023-09-21T17:16:49,2,9997,0,9999
2023-09-21T17:29:50,2,9997,0,9999
2023-09-21T17:42:50,2,9997,0,9999
2023-09-21T17:55:51,2,9997,0,9999
2023-09-21T18:08:52,2,9997,0,9999
2023-09-21T18:22:05,2,9997,0,9999
2023-09-21T18:35:06,2,9997,0,9999
2023-09-21T18:48:07,2,9997,0,9999
2023-09-21T19:01:07,2,9997,0,9999
2023-09-21T19:14:09,2,9997,0,9999
2023-09-21T19:27:10,2,9997,0,9999
2023-09-21T19:40:11,2,9997,0,9999
2023-09-21T19:53:11,2,9997,0,9999
2023-09-21T20:06:31,2,9997,0,9999
2023-09-21T20:19:32,2,9997,0,9999
2023-09-21T20:32:33,2,9997,0,9999
2023-09-21T20:45:33,2,9997,0,9999
2023-09-21T20:58:34,2,9997,0,9999
2023-09-21T21:11:34,2,9997,0,9999
2023-09-21T21:24:38,2,9997,0,9999
2023-09-21T21:37:49,2,9997,0,9999
2023-09-21T21:50:50,2,9997,0,9999
2023-09-21T22:03:51,2,9997,0,9999
2023-09-21T22:16:52,2,9997,0,9999
2023-09-21T22:29:53,2,9997,0,9999
2023-09-21T22:42:53,2,9997,0,9999
2023-09-21T22:55:53,2,9997,0,9999
2023-09-21T23:09:15,2,9997,0,9999
2023-09-21T23:22:16,2,9997,0,9999
2023-09-21T23:35:17,2,9997,0,9999
2023-09-21T23:48:19,2,9997,0,9999
2023-09-22T00:01:21,2,9997,0,9999
2023-09-22T00:14:25,2,9997,0,9999
2023-09-22T00:27:31,2,9997,0,9999
2023-09-22T00:40:37,2,9997,0,9999
2023-09-22T00:53:42,2,9997,0,9999
2023-09-22T01:06:59,2,9997,0,9999
2023-09-22T01:20:05,2,9997,0,9999
2023-09-22T01:33:11,2,9997,0,9999
2023-09-22T01:46:17,2,9997,0,9999
2023-09-22T01:59:23,2,9997,0,9999
2023-09-22T02:12:31,2,9997,0,9999
2023-09-22T02:25:33,2,9997,0,9999
2023-09-22T02:38:38,2,9997,0,9999
2023-09-22T02:51:42,2,9997,0,9999
2023-09-22T03:04:45,2,9997,0,9999
2023-09-22T03:17:51,2,9997,0,9999
2023-09-22T03:31:15,2,9997,0,9999
2023-09-22T03:44:22,2,9997,0,9999
2023-09-22T03:57:27,2,9997,0,9999
2023-09-22T07:02:43,2,9997,0,9999
2023-09-22T07:15:49,2,9997,0,9999
2023-09-22T07:28:54,2,9997,0,9999
2023-09-22T07:42:00,2,9997,0,9999
2023-09-22T07:55:03,2,9997,0,9999
2023-09-22T08:08:14,2,9997,0,9999
2023-09-22T08:21:18,2,9997,0,9999
2023-09-22T08:34:20,2,9997,0,9999
2023-09-22T08:47:24,2,9997,0,9999
2023-09-22T09:00:25,2,9997,0,9999
2023-09-22T09:13:27,2,9997,0,9999
2023-09-22T09:26:30,2,9997,0,9999
2023-09-22T09:39:32,2,9997,0,9999
2023-09-22T09:52:34,2,9997,0,9999
2023-09-22T10:05:47,2,9997,0,9999
2023-09-22T10:18:49,2,9997,0,9999
2023-09-22T10:31:51,2,9997,0,9999
2023-09-22T10:44:53,2,9997,0,9999
2023-09-22T10:57:55,2,9997,0,9999
2023-09-22T11:10:56,2,9997,0,9999
2023-09-22T11:23:58,2,9997,0,9999
2023-09-22T11:37:10,2,9997,0,9999
2023-09-22T11:50:11,2,9997,0,9999
2023-09-22T12:03:12,2,9997,0,9999
2023-09-22T12:16:14,2,9997,0,9999
2023-09-22T12:29:16,2,9997,0,9999
2023-09-22T12:42:38,2,9997,0,9999
2023-09-22T12:55:39,2,9997,0,9999
2023-09-22T13:08:41,2,9997,0,9999
2023-09-22T13:21:43,2,9997,0,9999
2023-09-22T13:34:44,2,9997,0,9999
2023-09-22T13:47:45,2,9997,0,9999
2023-09-22T14:00:48,2,9997,0,9999
2023-09-22T14:14:02,2,9997,0,9999
2023-09-22T14:27:07,2,9997,0,9999
2023-09-22T14:40:12,2,9997,0,9999
2023-09-22T14:53:16,2,9997,0,9999
2023-09-22T15:06:20,2,9997,0,9999
2023-09-22T15:19:25,2,9997,0,9999
2023-09-22T15:32:40,2,9997,0,9999
2023-09-22T15:45:43,2,9997,0,9999
2023-09-22T15:58:43,2,9997,0,9999
2023-09-22T16:11:45,2,9997,0,9999
2023-09-22T16:24:46,2,9997,0,9999
2023-09-22T16:37:47,2,9997,0,9999
2023-09-22T16:51:07,2,9997,0,9999
2023-09-22T17:04:08,2,9997,0,9999
2023-09-22T17:17:10,2,9997,0,9999
2023-09-22T17:30:10,2,9997,0,9999
2023-09-22T17:43:12,2,9997,0,9999
2023-09-22T17:56:13,2,9997,0,9999
2023-09-22T18:09:23,2,9997,0,9999
2023-09-22T18:22:25,2,9997,0,9999
2023-09-22T18:35:28,2,9997,0,9999
2023-09-22T18:48:29,2,9997,0,9999
2023-09-22T19:01:32,2,9997,0,9999
2023-09-22T19:14:33,2,9997,0,9999
2023-09-22T19:27:35,2,9997,0,9999
2023-09-22T19:40:46,2,9997,0,9999
2023-09-22T19:53:47,2,9997,0,9999
2023-09-22T20:06:48,2,9997,0,9999
2023-09-22T20:19:50,2,9997,0,9999
2023-09-22T20:32:51,2,9997,0,9999
2023-09-22T20:45:52,2,9997,0,9999
2023-09-22T20:52:45,2,9997,0,9999
2023-09-22T21:05:47,2,9997,0,9999
2023-09-22T21:18:47,2,9997,0,9999
2023-09-22T21:31:47,2,9997,0,9999
2023-09-22T21:44:48,2,9997,0,9999
2023-09-22T21:57:49,2,9997,0,9999
2023-09-22T22:10:50,2,9997,0,9999
2023-09-22T22:24:02,2,9997,0,9999
2023-09-22T22:37:03,2,9997,0,9999
2023-09-22T22:50:03,2,9997,0,9999
2023-09-22T23:03:04,2,9997,0,9999
2023-09-22T23:16:07,2,9997,0,9999
2023-09-22T23:29:08,2,9997,0,9999
2023-09-22T23:42:10,2,9997,0,9999
2023-09-22T23:55:12,2,9997,0,9999
2023-09-23T00:08:15,2,9997,0,9999
2023-09-23T00:21:34,2,9997,0,9999
2023-09-23T00:34:39,2,9997,0,9999
2023-09-23T00:47:46,2,9997,0,9999
2023-09-23T00:55:59,2,9997,0,9999
2023-09-23T01:09:06,2,9997,0,9999
2023-09-23T01:22:12,2,9997,0,9999
2023-09-23T01:35:19,2,9997,0,9999
2023-09-23T01:48:25,2,9997,0,9999
2023-09-23T02:01:33,2,9997,0,9999
2023-09-23T02:14:38,2,9997,0,9999
2023-09-23T02:27:42,2,9997,0,9999
2023-09-23T02:40:47,2,9997,0,9999
2023-09-23T02:53:50,2,9997,0,9999
2023-09-23T03:06:52,2,9997,0,9999
2023-09-23T03:19:57,2,9997,0,9999
2023-09-23T03:33:00,2,9997,0,9999
2023-09-23T03:46:07,2,9997,0,9999
2023-09-23T04:01:12,2,9997,0,9999
2023-09-23T04:18:59,2,9997,0,9999
2023-09-23T04:32:33,2,9997,0,9999
2023-09-23T04:45:42,2,9997,0,9999
2023-09-23T04:58:49,2,9997,0,9999
2023-09-23T05:11:55,2,9997,0,9999
2023-09-23T05:25:01,2,9997,0,9999
2023-09-23T05:38:07,2,9997,0,9999
2023-09-23T05:51:13,2,9997,0,9999
2023-09-23T06:04:18,2,9997,0,9999
2023-09-23T06:17:25,2,9997,0,9999
2023-09-23T06:30:30,2,9997,0,9999
2023-09-23T06:43:35,2,9997,0,9999
2023-09-23T06:56:40,2,9997,0,9999
2023-09-23T07:09:45,2,9997,0,9999
2023-09-23T07:22:50,2,9997,0,9999
2023-09-23T07:35:53,2,9997,0,9999
2023-09-23T07:48:58,2,9997,0,9999
2023-09-23T08:02:10,2,9997,0,9999
2023-09-23T08:15:15,2,9997,0,9999
2023-09-23T08:28:19,2,9997,0,9999
2023-09-23T08:41:25,2,9997,0,9999
2023-09-23T08:54:29,2,9997,0,9999
2023-09-23T09:07:33,2,9997,0,9999
2023-09-23T09:20:36,2,9997,0,9999
2023-09-23T09:33:39,2,9997,0,9999
2023-09-23T09:46:42,2,9997,0,9999
2023-09-23T09:59:45,2,9997,0,9999
2023-09-23T10:12:48,2,9997,0,9999
2023-09-23T10:25:50,2,9997,0,9999
2023-09-23T10:39:03,2,9997,0,9999
2023-09-23T10:52:06,2,9997,0,9999
2023-09-23T11:05:07,2,9997,0,9999
2023-09-23T11:18:08,2,9997,0,9999
2023-09-23T11:31:08,2,9997,0,9999
2023-09-23T11:44:10,2,9997,0,9999
2023-09-23T11:57:12,2,9997,0,9999
2023-09-23T12:10:12,2,9997,0,9999
2023-09-23T12:23:16,2,9997,0,9999
2023-09-23T12:36:27,2,9997,0,9999
2023-09-23T12:49:28,2,9997,0,9999
2023-09-23T13:02:29,2,9997,0,9999
2023-09-23T13:15:30,2,9997,0,9999
2023-09-23T13:28:30,2,9997,0,9999
2023-09-23T13:41:31,2,9997,0,9999
2023-09-23T13:54:32,2,9997,0,9999
2023-09-23T14:07:42,2,9997,0,9999
2023-09-23T14:20:44,2,9997,0,9999
2023-09-23T14:33:50,2,9997,0,9999
2023-09-23T14:46:51,2,9997,0,9999
2023-09-23T14:59:53,2,9997,0,9999
2023-09-23T15:12:53,2,9997,0,9999
2023-09-23T15:25:55,2,9997,0,9999
2023-09-23T15:38:56,2,9997,0,9999
2023-09-23T15:52:06,2,9997,0,9999
2023-09-23T16:05:07,2,9997,0,9999
2023-09-23T16:18:07,2,9997,0,9999
2023-09-23T16:31:08,2,9997,0,9999
2023-09-23T16:44:09,2,9997,0,9999
2023-09-23T16:57:10,2,9997,0,9999
2023-09-23T17:10:11,2,9997,0,9999
2023-09-23T17:23:13,2,9997,0,9999
2023-09-23T17:36:14,2,9997,0,9999
2023-09-23T17:49:15,2,9997,0,9999
2023-09-23T18:02:26,2,9997,0,9999
2023-09-23T18:15:27,2,9997,0,9999
2023-09-23T18:28:27,2,9997,0,9999
2023-09-23T18:41:28,2,9997,0,9999
2023-09-23T18:54:29,2,9997,0,9999
2023-09-23T19:07:31,2,9997,0,9999
2023-09-23T19:20:32,2,9997,0,9999
2023-09-23T19:33:33,2,9997,0,9999
2023-09-23T19:46:34,2,9997,0,9999
2023-09-23T19:59:45,2,9997,0,9999
2023-09-23T20:12:46,2,9997,0,9999
2023-09-23T20:25:46,2,9997,0,9999
2023-09-23T20:38:47,2,9997,0,9999
2023-09-23T20:51:48,2,9997,0,9999
2023-09-23T21:04:50,2,9997,0,9999
2023-09-23T21:17:51,2,9997,0,9999
2023-09-23T21:30:52,2,9997,0,9999
2023-09-23T21:43:53,2,9997,0,9999
2023-09-23T21:56:54,2,9997,0,9999
2023-09-23T22:10:04,2,9997,0,9999
2023-09-23T22:23:05,2,9997,0,9999
2023-09-23T22:36:06,2,9997,0,9999
2023-09-23T22:49:07,2,9997,0,9999
2023-09-23T23:02:07,2,9997,0,9999
2023-09-23T23:15:09,2,9997,0,9999
2023-09-23T23:28:10,2,9997,0,9999
2023-09-23T23:41:11,2,9997,0,9999
2023-09-23T23:54:11,2,9997,0,9999
2023-09-24T00:07:23,2,9997,0,9999
2023-09-24T00:20:30,2,9997,0,9999
2023-09-24T00:33:33,2,9997,0,9999
2023-09-24T00:46:35,2,9997,0,9999
2023-09-24T00:59:36,2,9997,0,9999
2023-09-24T01:12:37,2,9997,0,9999
2023-09-24T01:25:37,2,9997,0,9999
2023-09-24T01:38:38,2,9997,0,9999
2023-09-24T01:51:40,2,9997,0,9999
2023-09-24T02:04:42,2,9997,0,9999
2023-09-24T02:17:43,2,9997,0,9999
2023-09-24T02:30:45,2,9997,0,9999
2023-09-24T02:43:49,2,9997,0,9999
2023-09-24T02:56:50,2,9997,0,9999
2023-09-24T03:09:51,2,9997,0,9999
2023-09-24T03:22:53,2,9997,0,9999
2023-09-24T03:35:55,2,9997,0,9999
2023-09-24T03:49:24,2,9997,0,9999
2023-09-24T04:02:33,2,9997,0,9999
2023-09-24T04:19:45,2,9997,0,9999
2023-09-24T04:33:18,2,9997,0,9999
2023-09-24T04:46:26,2,9997,0,9999
2023-09-24T04:59:32,2,9997,0,9999
2023-09-24T05:12:40,2,9997,0,9999
2023-09-24T05:25:47,2,9997,0,9999
2023-09-24T05:38:53,2,9997,0,9999
2023-09-24T05:52:00,2,9997,0,9999
2023-09-24T06:05:06,2,9997,0,9999
2023-09-24T06:18:12,2,9997,0,9999
2023-09-24T06:31:17,2,9997,0,9999
2023-09-24T06:44:22,2,9997,0,9999
2023-09-24T06:57:28,2,9997,0,9999
2023-09-24T07:10:50,2,9997,0,9999
2023-09-24T07:23:55,2,9997,0,9999
2023-09-24T07:36:59,2,9997,0,9999
2023-09-24T07:50:02,2,9997,0,9999
2023-09-24T08:03:07,2,9997,0,9999
2023-09-24T08:16:11,2,9997,0,9999
2023-09-24T08:29:14,2,9997,0,9999
2023-09-24T08:42:23,2,9997,0,9999
2023-09-24T08:55:25,2,9997,0,9999
2023-09-24T09:08:30,2,9997,0,9999
2023-09-24T09:21:35,2,9997,0,9999
2023-09-24T09:34:49,2,9997,0,9999
2023-09-24T09:47:56,2,9997,0,9999
2023-09-24T10:01:01,2,9997,0,9999
2023-09-24T10:14:06,2,9997,0,9999
2023-09-24T10:27:14,2,9997,0,9999
2023-09-24T10:40:23,2,9997,0,9999
2023-09-24T10:53:33,2,9997,0,9999
2023-09-24T11:06:39,2,9997,0,9999
2023-09-24T11:19:43,2,9997,0,9999
2023-09-24T11:32:55,2,9997,0,9999
2023-09-24T11:45:57,2,9997,0,9999
2023-09-24T11:58:58,2,9997,0,9999
2023-09-24T12:12:00,2,9997,0,9999
2023-09-24T12:25:02,2,9997,0,9999
2023-09-24T12:38:03,2,9997,0,9999
2023-09-24T12:51:15,2,9997,0,9999
2023-09-24T13:04:15,2,9997,0,9999
2023-09-24T13:17:16,2,9997,0,9999
2023-09-24T13:30:16,2,9997,0,9999
2023-09-24T13:43:17,2,9997,0,9999
2023-09-24T13:56:18,2,9997,0,9999
2023-09-24T14:09:19,2,9997,0,9999
2023-09-24T14:22:20,2,9997,0,9999
2023-09-24T14:35:31,2,9997,0,9999
2023-09-24T14:48:32,2,9997,0,9999
2023-09-24T15:01:33,2,9997,0,9999
2023-09-24T15:14:34,2,9997,0,9999
2023-09-24T15:27:35,2,9997,0,9999
2023-09-24T15:40:36,2,9997,0,9999
2023-09-24T15:53:38,2,9997,0,9999
2023-09-24T16:06:48,2,9997,0,9999
2023-09-24T16:19:50,2,9997,0,9999
2023-09-24T16:32:51,2,9997,0,9999
2023-09-24T16:45:53,2,9997,0,9999
2023-09-24T16:58:53,2,9997,0,9999
2023-09-24T17:11:54,2,9997,0,9999
2023-09-24T17:24:55,2,9997,0,9999
2023-09-24T17:38:06,2,9997,0,9999
2023-09-24T17:51:07,2,9997,0,9999
2023-09-24T18:04:08,2,9997,0,9999
2023-09-24T18:17:09,2,9997,0,9999
2023-09-24T18:30:10,2,9997,0,9999
2023-09-24T18:43:20,2,9997,0,9999
2023-09-24T18:56:21,2,9997,0,9999
2023-09-24T19:09:25,2,9997,0,9999
2023-09-24T19:22:26,2,9997,0,9999
2023-09-24T19:35:27,2,9997,0,9999
2023-09-24T19:48:28,2,9997,0,9999
2023-09-24T20:01:29,2,9997,0,9999
2023-09-24T20:14:40,2,9997,0,9999
2023-09-24T20:27:40,2,9997,0,9999
2023-09-24T20:40:41,2,9997,0,9999
2023-09-24T20:53:41,2,9997,0,9999
2023-09-24T21:06:42,2,9997,0,9999
2023-09-24T21:19:43,2,9997,0,9999
2023-09-24T21:32:45,2,9997,0,9999
2023-09-24T21:45:57,2,9997,0,9999
2023-09-24T21:58:59,2,9997,0,9999
2023-09-24T22:12:01,2,9997,0,9999
2023-09-24T22:25:02,2,9997,0,9999
2023-09-24T22:38:03,2,9997,0,9999
2023-09-24T22:51:04,2,9997,0,9999
2023-09-24T23:04:15,2,9997,0,9999
2023-09-24T23:17:16,2,9997,0,9999
2023-09-24T23:30:18,2,9997,0,9999
2023-09-24T23:43:21,2,9997,0,9999
2023-09-24T23:56:22,2,9997,0,9999
2023-09-25T00:09:25,2,9997,0,9999
2023-09-25T00:22:42,2,9997,0,9999
2023-09-25T00:36:09,2,9997,0,9999
2023-09-25T00:49:16,2,9997,0,9999
2023-09-25T01:02:19,2,9997,0,9999
2023-09-25T01:15:28,2,9997,0,9999
2023-09-25T01:28:36,2,9997,0,9999
2023-09-25T01:41:43,2,9997,0,9999
2023-09-25T01:54:51,2,9997,0,9999
2023-09-25T02:08:09,2,9997,0,9999
2023-09-25T02:21:14,2,9997,0,9999
2023-09-25T02:34:20,2,9997,0,9999
2023-09-25T02:47:23,2,9997,0,9999
2023-09-25T03:00:26,2,9997,0,9999
2023-09-25T03:13:32,2,9997,0,9999
2023-09-25T03:26:46,2,9997,0,9999
2023-09-25T03:39:51,2,9997,0,9999
2023-09-25T03:52:56,2,9997,0,9999
2023-09-25T04:06:02,2,9997,0,9999
2023-09-25T04:20:01,2,9997,0,9999
2023-09-25T04:33:09,2,9997,0,9999
2023-09-25T04:46:16,2,9997,0,9999
2023-09-25T05:01:07,2,9997,0,9999
2023-09-25T05:14:25,2,9997,0,9999
2023-09-25T05:27:40,2,9997,0,9999
2023-09-25T05:40:46,2,9997,0,9999
2023-09-25T05:53:51,2,9997,0,9999
2023-09-25T06:06:57,2,9997,0,9999
2023-09-25T06:20:10,2,9997,0,9999
2023-09-25T06:33:15,2,9997,0,9999
2023-09-25T06:46:20,2,9997,0,9999
2023-09-25T06:59:25,2,9997,0,9999
2023-09-25T07:12:30,2,9997,0,9999
2023-09-25T07:25:33,2,9997,0,9999
2023-09-25T07:38:36,2,9997,0,9999
2023-09-25T07:51:36,2,9997,0,9999
2023-09-25T08:04:37,2,9997,0,9999
2023-09-25T08:17:47,2,9997,0,9999
2023-09-25T08:30:48,2,9997,0,9999
2023-09-25T08:43:49,2,9997,0,9999
2023-09-25T08:56:50,2,9997,0,9999
2023-09-25T09:10:04,2,9997,0,9999
2023-09-25T09:23:07,2,9997,0,9999
2023-09-25T09:36:12,2,9997,0,9999
2023-09-25T09:49:13,2,9997,0,9999
2023-09-25T10:02:14,2,9997,0,9999
2023-09-25T10:15:26,2,9997,0,9999
2023-09-25T10:28:27,2,9997,0,9999
2023-09-25T10:41:28,2,9997,0,9999
2023-09-25T10:54:40,2,9997,0,9999
2023-09-25T11:07:42,2,9997,0,9999
2023-09-25T11:20:44,2,9997,0,9999
2023-09-25T11:33:45,2,9997,0,9999
2023-09-25T11:46:56,2,9997,0,9999
2023-09-25T11:59:57,2,9997,0,9999
2023-09-25T12:12:58,2,9997,0,9999
2023-09-25T12:25:59,2,9997,0,9999
2023-09-25T12:39:11,2,9997,0,9999
2023-09-25T12:52:13,2,9997,0,9999
2023-09-25T13:05:14,2,9997,0,9999
2023-09-25T13:18:15,2,9997,0,9999
2023-09-25T13:31:26,2,9997,0,9999
2023-09-25T13:44:27,2,9997,0,9999
2023-09-25T13:57:29,2,9997,0,9999
2023-09-25T14:10:32,2,9997,0,9999
2023-09-25T14:23:34,2,9997,0,9999
2023-09-25T14:36:46,2,9997,0,9999
2023-09-25T14:49:48,2,9997,0,9999
2023-09-25T15:02:50,2,9997,0,9999
2023-09-25T15:15:51,2,9997,0,9999
2023-09-25T15:29:04,2,9997,0,9999
2023-09-25T15:42:06,2,9997,0,9999
2023-09-25T15:55:08,2,9997,0,9999
2023-09-25T16:08:09,2,9997,0,9999
2023-09-25T16:21:21,2,9997,0,9999
2023-09-25T16:34:22,2,9997,0,9999
2023-09-25T16:47:24,2,9997,0,9999
2023-09-25T17:00:38,2,9997,0,9999
2023-09-25T17:13:40,2,9997,0,9999
2023-09-25T17:26:42,2,9997,0,9999
2023-09-25T17:39:44,2,9997,0,9999
2023-09-25T17:52:45,2,9997,0,9999
2023-09-25T18:05:56,2,9997,0,9999
2023-09-25T18:18:58,2,9997,0,9999
2023-09-25T18:31:59,2,9997,0,9999
2023-09-25T18:45:00,2,9997,0,9999
2023-09-25T18:58:01,2,9997,0,9999
2023-09-25T19:11:14,2,9997,0,9999
2023-09-25T19:24:15,2,9997,0,9999
2023-09-25T19:37:16,2,9997,0,9999
2023-09-25T19:50:18,2,9997,0,9999
2023-09-25T20:03:19,2,9997,0,9999
2023-09-25T20:16:31,2,9997,0,9999
2023-09-25T20:29:32,2,9997,0,9999
2023-09-25T20:42:33,2,9997,0,9999
2023-09-25T20:55:34,2,9997,0,9999
2023-09-25T21:08:46,2,9997,0,9999
2023-09-25T21:21:47,2,9997,0,9999
2023-09-25T21:34:49,2,9997,0,9999
2023-09-25T21:47:50,2,9997,0,9999
2023-09-25T22:00:51,2,9997,0,9999
2023-09-25T22:13:52,2,9997,0,9999
2023-09-25T22:27:04,2,9997,0,9999
2023-09-25T22:40:05,2,9997,0,9999
2023-09-25T22:53:06,2,9997,0,9999
2023-09-25T23:06:08,2,9997,0,9999
2023-09-25T23:19:09,2,9997,0,9999
2023-09-25T23:32:22,2,9997,0,9999
2023-09-25T23:45:25,2,9997,0,9999
2023-09-25T23:58:27,2,9997,0,9999
2023-09-26T00:11:30,2,9997,0,9999
2023-09-26T00:24:38,2,9997,0,9999
2023-09-26T00:37:44,2,9997,0,9999
2023-09-26T00:51:04,2,9997,0,9999
2023-09-26T01:04:11,2,9997,0,9999
2023-09-26T01:17:17,2,9997,0,9999
2023-09-26T01:30:22,2,9997,0,9999
2023-09-26T01:43:28,2,9997,0,9999
2023-09-26T01:56:35,2,9997,0,9999
2023-09-26T02:09:40,2,9997,0,9999
2023-09-26T02:22:45,2,9997,0,9999
2023-09-26T02:35:48,2,9997,0,9999
2023-09-26T02:48:51,2,9997,0,9999
2023-09-26T03:01:53,2,9997,0,9999
2023-09-26T03:14:58,2,9997,0,9999
2023-09-26T03:28:03,2,9997,0,9999
2023-09-26T03:41:10,2,9997,0,9999
2023-09-26T03:54:29,2,9997,0,9999
2023-09-26T04:07:35,2,9997,0,9999
2023-09-26T04:20:51,2,9997,0,9999
2023-09-26T04:35:32,2,9997,0,9999
2023-09-26T04:48:40,2,9997,0,9999
2023-09-26T05:01:47,2,9997,0,9999
2023-09-26T05:14:56,2,9997,0,9999
2023-09-26T05:28:02,2,9997,0,9999
2023-09-26T05:41:10,2,9997,0,9999
2023-09-26T05:54:19,2,9997,0,9999
2023-09-26T06:07:28,2,9997,0,9999
2023-09-26T06:20:34,2,9997,0,9999
2023-09-26T06:33:40,2,9997,0,9999
2023-09-26T06:46:45,2,9997,0,9999
2023-09-26T06:59:49,2,9997,0,9999
2023-09-26T07:12:57,2,9997,0,9999
2023-09-26T07:26:01,2,9997,0,9999
2023-09-26T07:39:04,2,9997,0,9999
2023-09-26T07:52:08,2,9997,0,9999
2023-09-26T08:05:12,2,9997,0,9999
2023-09-26T08:18:15,2,9997,0,9999
2023-09-26T08:31:32,2,9997,0,9999
2023-09-26T08:44:35,2,9997,0,9999
2023-09-26T08:57:37,2,9997,0,9999
2023-09-26T09:10:38,2,9997,0,9999
2023-09-26T09:23:39,2,9997,0,9999
2023-09-26T09:36:41,2,9997,0,9999
2023-09-26T09:49:43,2,9997,0,9999
2023-09-26T10:02:55,2,9997,0,9999
2023-09-26T10:15:57,2,9997,0,9999
2023-09-26T10:28:59,2,9997,0,9999
2023-09-26T10:42:01,2,9997,0,9999
2023-09-26T10:55:05,2,9997,0,9999
2023-09-26T11:08:18,2,9997,0,9999
2023-09-26T11:21:19,2,9997,0,9999
2023-09-26T11:34:22,2,9997,0,9999
2023-09-26T11:47:38,2,9997,0,9999
2023-09-26T12:00:39,2,9997,0,9999
2023-09-26T12:13:41,2,9997,0,9999
2023-09-26T12:26:54,2,9997,0,9999
2023-09-26T12:39:55,2,9997,0,9999
2023-09-26T12:52:56,2,9997,0,9999
2023-09-26T13:05:58,2,9997,0,9999
2023-09-26T13:19:11,2,9997,0,9999
2023-09-26T13:32:12,2,9997,0,9999
2023-09-26T13:45:14,2,9997,0,9999
2023-09-26T13:58:18,2,9997,0,9999
2023-09-26T14:11:29,2,9997,0,9999
2023-09-26T14:24:31,2,9997,0,9999
2023-09-26T14:37:33,2,9997,0,9999
2023-09-26T14:50:35,2,9997,0,9999
2023-09-26T15:03:49,2,9997,0,9999
2023-09-26T15:16:51,2,9997,0,9999
2023-09-26T15:29:53,2,9997,0,9999
2023-09-26T15:42:55,2,9997,0,9999
2023-09-26T15:56:08,2,9997,0,9999
2023-09-26T16:09:10,2,9997,0,9999
2023-09-26T16:22:12,2,9997,0,9999
2023-09-26T16:35:15,2,9997,0,9999
2023-09-26T16:48:30,2,9997,0,9999
2023-09-26T17:01:31,2,9997,0,9999
2023-09-26T17:14:35,2,9997,0,9999
2023-09-26T17:27:38,2,9997,0,9999
2023-09-26T17:40:39,2,9997,0,9999
2023-09-26T17:53:53,2,9997,0,9999
2023-09-26T18:06:55,2,9997,0,9999
2023-09-26T18:19:56,2,9997,0,9999
2023-09-26T18:32:59,2,9997,0,9999
2023-09-26T18:46:01,2,9997,0,9999
2023-09-26T18:59:13,2,9997,0,9999
2023-09-26T19:12:17,2,9997,0,9999
2023-09-26T19:25:18,2,9997,0,9999
2023-09-26T19:38:20,2,9997,0,9999
2023-09-26T19:51:22,2,9997,0,9999
2023-09-26T20:04:36,2,9997,0,9999
2023-09-26T20:17:38,2,9997,0,9999
2023-09-26T20:30:40,2,9997,0,9999
2023-09-26T20:43:42,2,9997,0,9999
2023-09-26T20:56:44,2,9997,0,9999
2023-09-26T21:09:46,2,9997,0,9999
2023-09-26T21:22:59,2,9997,0,9999
2023-09-26T21:36:01,2,9997,0,9999
2023-09-26T21:49:03,2,9997,0,9999
2023-09-26T22:02:05,2,9997,0,9999
2023-09-26T22:15:07,2,9997,0,9999
2023-09-26T22:28:19,2,9997,0,9999
2023-09-26T22:41:22,2,9997,0,9999
2023-09-26T22:54:24,2,9997,0,9999
2023-09-26T23:07:28,2,9997,0,9999
2023-09-26T23:20:30,2,9997,0,9999
2023-09-26T23:33:33,2,9997,0,9999
2023-09-26T23:46:46,2,9997,0,9999
2023-09-26T23:59:53,2,9997,0,9999
2023-09-27T00:13:03,2,9997,0,9999
2023-09-27T00:26:13,2,9997,0,9999
2023-09-27T00:39:18,2,9997,0,9999
2023-09-27T00:52:26,2,9997,0,9999
2023-09-27T01:05:33,2,9997,0,9999
2023-09-27T01:18:51,2,9997,0,9999
2023-09-27T01:31:58,2,9997,0,9999
2023-09-27T01:45:05,2,9997,0,9999
2023-09-27T01:58:14,2,9997,0,9999
2023-09-27T02:11:25,2,9997,0,9999
2023-09-27T02:24:30,2,9997,0,9999
2023-09-27T02:37:34,2,9997,0,9999
2023-09-27T02:50:39,2,9997,0,9999
2023-09-27T03:03:47,2,9997,0,9999
2023-09-27T03:16:55,2,9997,0,9999
2023-09-27T03:30:02,2,9997,0,9999
2023-09-27T03:43:10,2,9997,0,9999
2023-09-27T03:56:18,2,9997,0,9999
2023-09-27T04:09:26,2,9997,0,9999
2023-09-27T04:23:34,2,9997,0,9999
2023-09-27T04:36:43,2,9997,0,9999
2023-09-27T04:51:09,2,9997,0,9999
2023-09-27T05:04:34,2,9997,0,9999
2023-09-27T05:17:41,2,9997,0,9999
2023-09-27T05:30:48,2,9997,0,9999
2023-09-27T05:43:55,2,9997,0,9999
2023-09-27T05:57:02,2,9997,0,9999
2023-09-27T06:10:08,2,9997,0,9999
2023-09-27T06:23:14,2,9997,0,9999
2023-09-27T06:36:20,2,9997,0,9999
2023-09-27T06:49:26,2,9997,0,9999
2023-09-27T07:02:34,2,9997,0,9999
2023-09-27T07:15:40,2,9997,0,9999
2023-09-27T07:28:46,2,9997,0,9999
2023-09-27T07:41:49,2,9997,0,9999
2023-09-27T07:54:53,2,9997,0,9999
2023-09-27T08:07:57,2,9997,0,9999
2023-09-27T08:21:09,2,9997,0,9999
2023-09-27T08:34:14,2,9997,0,9999
2023-09-27T08:47:16,2,9997,0,9999
2023-09-27T09:00:19,2,9997,0,9999
2023-09-27T09:13:24,2,9997,0,9999
2023-09-27T09:26:26,2,9997,0,9999
2023-09-27T09:39:29,2,9997,0,9999
2023-09-27T09:52:41,2,9997,0,9999
2023-09-27T10:05:44,2,9997,0,9999
2023-09-27T10:18:46,2,9997,0,9999
2023-09-27T10:31:50,2,9997,0,9999
2023-09-27T10:45:05,2,9997,0,9999
2023-09-27T10:58:07,2,9997,0,9999
2023-09-27T11:11:09,2,9997,0,9999
2023-09-27T11:24:24,2,9997,0,9999
2023-09-27T11:37:26,2,9997,0,9999
2023-09-27T11:50:29,2,9997,0,9999
2023-09-27T12:03:45,2,9997,0,9999
2023-09-27T12:16:48,2,9997,0,9999
2023-09-27T12:29:50,2,9997,0,9999
2023-09-27T12:42:54,2,9997,0,9999
2023-09-27T12:56:09,2,9997,0,9999
2023-09-27T13:09:12,2,9997,0,9999
2023-09-27T13:22:27,2,9997,0,9999
2023-09-27T13:35:30,2,9997,0,9999
2023-09-27T13:48:33,2,9997,0,9999
2023-09-27T14:01:47,2,9997,0,9999
2023-09-27T14:14:50,2,9997,0,9999
2023-09-27T14:27:52,2,9997,0,9999
2023-09-27T14:41:08,2,9997,0,9999
2023-09-27T14:54:11,2,9997,0,9999
2023-09-27T15:07:13,2,9997,0,9999
2023-09-27T15:20:27,2,9997,0,9999
2023-09-27T15:33:30,2,9997,0,9999
2023-09-27T15:46:33,2,9997,0,9999
2023-09-27T15:59:47,2,9997,0,9999
2023-09-27T16:12:49,2,9997,0,9999
2023-09-27T16:25:52,2,9997,0,9999
2023-09-27T16:39:06,2,9997,0,9999
2023-09-27T16:52:11,2,9997,0,9999
2023-09-27T17:05:16,2,9997,0,9999
2023-09-27T17:18:19,2,9997,0,9999
2023-09-27T17:31:35,2,9997,0,9999
2023-09-27T17:44:37,2,9997,0,9999
2023-09-27T17:57:40,2,9997,0,9999
2023-09-27T18:10:53,2,9997,0,9999
2023-09-27T18:23:56,2,9997,0,9999
2023-09-27T18:36:59,2,9997,0,9999
2023-09-27T18:50:12,2,9997,0,9999
2023-09-27T19:03:14,2,9997,0,9999
2023-09-27T19:16:18,2,9997,0,9999
2023-09-27T19:29:35,2,9997,0,9999
2023-09-27T19:42:38,2,9997,0,9999
2023-09-27T19:55:40,2,9997,0,9999
2023-09-27T20:08:43,2,9997,0,9999
2023-09-27T20:21:57,2,9997,0,9999
2023-09-27T20:34:59,2,9997,0,9999
2023-09-27T20:48:01,2,9997,0,9999
2023-09-27T21:01:16,2,9997,0,9999
2023-09-27T21:14:18,2,9997,0,9999
2023-09-27T21:27:21,2,9997,0,9999
2023-09-27T21:40:35,2,9997,0,9999
2023-09-27T21:53:37,2,9997,0,9999
2023-09-27T22:06:52,2,9997,0,9999
2023-09-27T22:19:55,2,9997,0,9999
2023-09-27T22:32:59,2,9997,0,9999
2023-09-27T22:46:14,2,9997,0,9999
2023-09-27T22:59:15,2,9997,0,9999
2023-09-27T23:12:20,2,9997,0,9999
2023-09-27T23:25:34,2,9997,0,9999
2023-09-27T23:38:42,2,9997,0,9999
2023-09-27T23:51:46,2,9997,0,9999
2023-09-28T00:06:17,2,9997,0,9999
2023-09-28T00:19:28,2,9997,0,9999
2023-09-28T00:32:37,2,9997,0,9999
2023-09-28T00:45:55,2,9997,0,9999
2023-09-28T00:59:02,2,9997,0,9999
2023-09-28T01:12:08,2,9997,0,9999
2023-09-28T01:25:13,2,9997,0,9999
2023-09-28T01:38:19,2,9997,0,9999
2023-09-28T01:51:26,2,9997,0,9999
2023-09-28T02:04:34,2,9997,0,9999
2023-09-28T02:17:51,2,9997,0,9999
2023-09-28T02:30:55,2,9997,0,9999
2023-09-28T02:44:03,2,9997,0,9999
2023-09-28T02:57:07,2,9997,0,9999
2023-09-28T03:10:11,2,9997,0,9999
2023-09-28T03:23:19,2,9997,0,9999
2023-09-28T03:36:25,2,9997,0,9999
2023-09-28T03:49:30,2,9997,0,9999
2023-09-28T04:02:38,2,9997,0,9999
2023-09-28T04:15:14,2,9997,0,9999
2023-09-28T04:29:39,2,9997,0,9999
2023-09-28T04:43:07,2,9997,0,9999
2023-09-28T04:56:15,2,9997,0,9999
2023-09-28T05:09:23,2,9997,0,9999
2023-09-28T05:22:29,2,9997,0,9999
2023-09-28T05:35:35,2,9997,0,9999
2023-09-28T05:48:42,2,9997,0,9999
2023-09-28T06:01:48,2,9997,0,9999
2023-09-28T06:14:53,2,9997,0,9999
2023-09-28T06:28:00,2,9997,0,9999
2023-09-28T06:41:05,2,9997,0,9999
2023-09-28T06:54:12,2,9997,0,9999
2023-09-28T07:07:17,2,9997,0,9999
2023-09-28T07:20:30,2,9997,0,9999
2023-09-28T07:33:35,2,9997,0,9999
2023-09-28T07:46:39,2,9997,0,9999
2023-09-28T07:59:45,2,9997,0,9999
2023-09-28T08:13:08,2,9997,0,9999
2023-09-28T08:26:12,2,9997,0,9999
2023-09-28T08:39:16,2,9997,0,9999
2023-09-28T08:52:30,2,9997,0,9999
2023-09-28T09:05:34,2,9997,0,9999
2023-09-28T09:18:50,2,9997,0,9999
2023-09-28T09:32:11,2,9997,0,9999
2023-09-28T09:45:18,2,9997,0,9999
2023-09-28T09:58:32,2,9997,0,9999
2023-09-28T10:11:52,2,9997,0,9999
2023-09-28T10:24:54,2,9997,0,9999
2023-09-28T10:38:09,2,9997,0,9999
2023-09-28T10:51:12,2,9997,0,9999
2023-09-28T11:04:24,2,9997,0,9999
2023-09-28T11:17:37,2,9997,0,9999
2023-09-28T11:30:50,2,9997,0,9999
2023-09-28T11:43:54,2,9997,0,9999
2023-09-28T11:57:06,2,9997,0,9999
2023-09-28T12:10:26,2,9997,0,9999
2023-09-28T12:23:28,2,9997,0,9999
2023-09-28T12:36:41,2,9997,0,9999
2023-09-28T12:50:04,2,9997,0,9999
2023-09-28T13:03:07,2,9997,0,9999
2023-09-28T13:16:21,2,9997,0,9999
2023-09-28T13:29:23,2,9997,0,9999
2023-09-28T13:42:44,2,9997,0,9999
2023-09-28T13:55:46,2,9997,0,9999
2023-09-28T14:09:00,2,9997,0,9999
2023-09-28T14:22:21,2,9997,0,9999
2023-09-28T14:35:23,2,9997,0,9999
2023-09-28T14:48:37,2,9997,0,9999
2023-09-28T15:01:40,2,9997,0,9999
2023-09-28T15:14:54,2,9997,0,9999
2023-09-28T15:27:57,2,9997,0,9999
2023-09-28T15:41:19,2,9997,0,9999
2023-09-28T15:54:21,2,9997,0,9999
2023-09-28T16:07:35,2,9997,0,9999
2023-09-28T16:20:38,2,9997,0,9999
2023-09-28T16:34:01,2,9997,0,9999
2023-09-28T16:47:03,2,9997,0,9999
2023-09-28T17:00:20,2,9997,0,9999
2023-09-28T17:13:24,2,9997,0,9999
2023-09-28T17:26:46,2,9997,0,9999
2023-09-28T17:39:48,2,9997,0,9999
2023-09-28T17:52:50,2,9997,0,9999
2023-09-28T18:06:16,2,9997,0,9999
2023-09-28T18:19:18,2,9997,0,9999
2023-09-28T18:32:20,2,9997,0,9999
2023-09-28T18:45:22,2,9997,0,9999
2023-09-28T18:58:35,2,9997,0,9999
2023-09-28T19:11:37,2,9997,0,9999
2023-09-28T19:24:39,2,9997,0,9999
2023-09-28T19:37:41,2,9997,0,9999
2023-09-28T19:50:52,2,9997,0,9999
2023-09-28T20:03:54,2,9997,0,9999
2023-09-28T20:16:56,2,9997,0,9999
2023-09-28T20:29:58,2,9997,0,9999
2023-09-28T20:43:09,2,9997,0,9999
2023-09-28T20:56:11,2,9997,0,9999
2023-09-28T21:09:13,2,9997,0,9999
2023-09-28T21:22:15,2,9997,0,9999
2023-09-28T21:35:27,2,9997,0,9999
2023-09-28T21:48:30,2,9997,0,9999
2023-09-28T22:01:32,2,9997,0,9999
2023-09-28T22:14:33,2,9997,0,9999
2023-09-28T22:27:46,2,9997,0,9999
2023-09-28T22:40:48,2,9997,0,9999
2023-09-28T22:53:50,2,9997,0,9999
2023-09-28T23:06:53,2,9997,0,9999
2023-09-28T23:19:56,2,9997,0,9999
2023-09-28T23:33:08,2,9997,0,9999
2023-09-28T23:46:11,2,9997,0,9999
2023-09-28T23:59:13,2,9997,0,9999
2023-09-29T00:12:22,2,9997,0,9999
2023-09-29T00:25:29,2,9997,0,9999
2023-09-29T00:38:43,2,9997,0,9999
2023-09-29T00:51:51,2,9997,0,9999
2023-09-29T01:04:58,2,9997,0,9999
2023-09-29T01:18:05,2,9997,0,9999
2023-09-29T01:31:12,2,9997,0,9999
2023-09-29T01:45:08,2,9997,0,9999
2023-09-29T01:58:16,2,9997,0,9999
2023-09-29T02:11:23,2,9997,0,9999
2023-09-29T02:24:28,2,9997,0,9999
2023-09-29T02:37:32,2,9997,0,9999
2023-09-29T02:50:36,2,9997,0,9999
2023-09-29T03:04:04,2,9997,0,9999
2023-09-29T03:17:12,2,9997,0,9999
2023-09-29T03:30:20,2,9997,0,9999
2023-09-29T03:43:27,2,9997,0,9999
2023-09-29T03:56:34,2,9997,0,9999
2023-09-29T04:09:42,2,9997,0,9999
2023-09-29T04:29:18,2,9997,0,9999
2023-09-29T04:42:50,2,9997,0,9999
2023-09-29T04:55:58,2,9997,0,9999
2023-09-29T05:09:07,2,9997,0,9999
2023-09-29T05:22:13,2,9997,0,9999
2023-09-29T05:35:20,2,9997,0,9999
2023-09-29T05:48:26,2,9997,0,9999
2023-09-29T06:01:35,2,9997,0,9999
2023-09-29T06:14:39,2,9997,0,9999
2023-09-29T06:27:44,2,9997,0,9999
2023-09-29T06:40:48,2,9997,0,9999
2023-09-29T06:53:55,2,9997,0,9999
2023-09-29T07:07:00,2,9997,0,9999
2023-09-29T07:20:04,2,9997,0,9999
2023-09-29T07:33:08,2,9997,0,9999
2023-09-29T07:46:27,2,9997,0,9999
2023-09-29T07:59:31,2,9997,0,9999
2023-09-29T08:12:34,2,9997,0,9999
2023-09-29T08:25:36,2,9997,0,9999
2023-09-29T08:38:38,2,9997,0,9999
2023-09-29T08:51:49,2,9997,0,9999
2023-09-29T09:04:52,2,9997,0,9999
2023-09-29T09:17:54,2,9997,0,9999
2023-09-29T09:31:05,2,9997,0,9999
2023-09-29T09:44:07,2,9997,0,9999
2023-09-29T09:57:09,2,9997,0,9999
2023-09-29T10:10:20,2,9997,0,9999
2023-09-29T10:23:23,2,9997,0,9999
2023-09-29T10:36:34,2,9997,0,9999
2023-09-29T10:49:36,2,9997,0,9999
2023-09-29T11:02:48,2,9997,0,9999
2023-09-29T11:15:50,2,9997,0,9999
2023-09-29T11:29:11,2,9997,0,9999
2023-09-29T11:42:13,2,9997,0,9999
2023-09-29T11:55:24,2,9997,0,9999
2023-09-29T12:08:26,2,9997,0,9999
2023-09-29T12:21:46,2,9997,0,9999
2023-09-29T12:34:48,2,9997,0,9999
2023-09-29T12:48:02,2,9997,0,9999
2023-09-29T13:01:04,2,9997,0,9999
2023-09-29T13:14:06,2,9997,0,9999
2023-09-29T13:27:26,2,9997,0,9999
2023-09-29T13:40:28,2,9997,0,9999
2023-09-29T13:53:40,2,9997,0,9999
2023-09-29T14:06:43,2,9997,0,9999
2023-09-29T14:20:02,2,9997,0,9999
2023-09-29T14:33:04,2,9997,0,9999
2023-09-29T14:46:06,2,9997,0,9999
2023-09-29T14:59:18,2,9997,0,9999
2023-09-29T15:12:21,2,9997,0,9999
2023-09-29T15:25:41,2,9997,0,9999
2023-09-29T15:38:43,2,9997,0,9999
2023-09-29T15:51:45,2,9997,0,9999
2023-09-29T16:04:57,2,9997,0,9999
2023-09-29T16:18:00,2,9997,0,9999
2023-09-29T16:31:03,2,9997,0,9999
2023-09-29T16:44:24,2,9997,0,9999
2023-09-29T16:57:26,2,9997,0,9999
2023-09-29T17:10:30,2,9997,0,9999
2023-09-29T17:23:33,2,9997,0,9999
2023-09-29T17:36:45,2,9997,0,9999
2023-09-29T17:49:48,2,9997,0,9999
2023-09-29T18:02:50,2,9997,0,9999
2023-09-29T18:16:12,2,9997,0,9999
2023-09-29T18:29:14,2,9997,0,9999
2023-09-29T18:42:17,2,9997,0,9999
2023-09-29T18:56:29,2,9997,0,9999
2023-09-29T19:09:32,2,9997,0,9999
2023-09-29T19:22:34,2,9997,0,9999
2023-09-29T19:35:37,2,9997,0,9999
2023-09-29T19:48:49,2,9997,0,9999
2023-09-29T20:01:52,2,9997,0,9999
2023-09-29T20:14:55,2,9997,0,9999
2023-09-29T20:27:57,2,9997,0,9999
2023-09-29T20:41:00,2,9997,0,9999
2023-09-29T20:54:21,2,9997,0,9999
2023-09-29T21:07:23,2,9997,0,9999
2023-09-29T21:20:26,2,9997,0,9999
2023-09-29T21:33:28,2,9997,0,9999
2023-09-29T21:46:41,2,9997,0,9999
2023-09-29T21:59:43,2,9997,0,9999
2023-09-29T22:12:48,2,9997,0,9999
2023-09-29T22:25:50,2,9997,0,9999
2023-09-29T22:38:54,2,9997,0,9999
2023-09-29T22:52:13,2,9997,0,9999
2023-09-29T23:05:16,2,9997,0,9999
2023-09-29T23:18:19,2,9997,0,9999
2023-09-29T23:31:23,2,9997,0,9999
2023-09-29T23:44:26,2,9997,0,9999
2023-09-29T23:57:39,2,9997,0,9999
2023-09-30T00:10:43,2,9997,0,9999
2023-09-30T00:23:53,2,9997,0,9999
2023-09-30T00:37:02,2,9997,0,9999
2023-09-30T00:50:10,2,9997,0,9999
2023-09-30T01:03:19,2,9997,0,9999
2023-09-30T01:16:27,2,9997,0,9999
2023-09-30T01:29:54,2,9997,0,9999
2023-09-30T01:43:02,2,9997,0,9999
2023-09-30T01:56:13,2,9997,0,9999
2023-09-30T02:09:21,2,9997,0,9999
2023-09-30T02:22:26,2,9997,0,9999
2023-09-30T02:35:30,2,9997,0,9999
2023-09-30T02:48:33,2,9997,0,9999
2023-09-30T03:01:36,2,9997,0,9999
2023-09-30T03:14:45,2,9997,0,9999
2023-09-30T03:28:57,2,9997,0,9999
2023-09-30T03:42:05,2,9997,0,9999
2023-09-30T03:55:14,2,9997,0,9999
2023-09-30T04:08:24,2,9997,0,9999
2023-09-30T04:19:34,2,9997,0,9999
2023-09-30T04:34:10,2,9997,0,9999
2023-09-30T04:47:40,2,9997,0,9999
2023-09-30T05:00:49,2,9997,0,9999
2023-09-30T05:13:56,2,9997,0,9999
2023-09-30T05:27:04,2,9997,0,9999
2023-09-30T05:40:11,2,9997,0,9999
2023-09-30T05:53:19,2,9997,0,9999
2023-09-30T06:06:26,2,9997,0,9999
2023-09-30T06:19:34,2,9997,0,9999
2023-09-30T06:32:41,2,9997,0,9999
2023-09-30T06:45:47,2,9997,0,9999
2023-09-30T06:58:55,2,9997,0,9999
2023-09-30T07:12:02,2,9997,0,9999
2023-09-30T07:25:09,2,9997,0,9999
2023-09-30T07:38:15,2,9997,0,9999
2023-09-30T07:51:20,2,9997,0,9999
2023-09-30T08:04:28,2,9997,0,9999
2023-09-30T08:17:37,2,9997,0,9999
2023-09-30T08:30:51,2,9997,0,9999
2023-09-30T08:43:57,2,9997,0,9999
2023-09-30T08:57:02,2,9997,0,9999
2023-09-30T09:10:06,2,9997,0,9999
2023-09-30T09:23:10,2,9997,0,9999
2023-09-30T09:36:14,2,9997,0,9999
2023-09-30T09:49:19,2,9997,0,9999
2023-09-30T10:02:22,2,9997,0,9999
2023-09-30T10:15:26,2,9997,0,9999
2023-09-30T10:28:30,2,9997,0,9999
2023-09-30T10:41:45,2,9997,0,9999
2023-09-30T10:54:47,2,9997,0,9999
2023-09-30T11:07:49,2,9997,0,9999
2023-09-30T11:20:51,2,9997,0,9999
2023-09-30T11:33:53,2,9997,0,9999
2023-09-30T11:46:55,2,9997,0,9999
2023-09-30T11:59:58,2,9997,0,9999
2023-09-30T12:13:01,2,9997,0,9999
2023-09-30T12:26:04,2,9997,0,9999
2023-09-30T12:39:16,2,9997,0,9999
2023-09-30T12:52:18,2,9997,0,9999
2023-09-30T13:05:21,2,9997,0,9999
2023-09-30T13:18:24,2,9997,0,9999
2023-09-30T13:31:28,2,9997,0,9999
2023-09-30T13:44:40,2,9997,0,9999
2023-09-30T13:57:43,2,9997,0,9999
2023-09-30T14:10:44,2,9997,0,9999
2023-09-30T14:23:47,2,9997,0,9999
2023-09-30T14:36:49,2,9997,0,9999
2023-09-30T14:49:52,2,9997,0,9999
2023-09-30T15:02:54,2,9997,0,9999
2023-09-30T15:15:57,2,9997,0,9999
2023-09-30T15:28:59,2,9997,0,9999
2023-09-30T15:42:13,2,9997,0,9999
2023-09-30T15:55:16,2,9997,0,9999
2023-09-30T16:08:19,2,9997,0,9999
2023-09-30T16:21:21,2,9997,0,9999
2023-09-30T16:34:23,2,9997,0,9999
2023-09-30T16:47:25,2,9997,0,9999
2023-09-30T17:00:27,2,9997,0,9999
2023-09-30T17:13:40,2,9997,0,9999
2023-09-30T17:26:43,2,9997,0,9999
2023-09-30T17:39:45,2,9997,0,9999
2023-09-30T17:52:48,2,9997,0,9999
2023-09-30T18:05:51,2,9997,0,9999
2023-09-30T18:18:53,2,9997,0,9999
2023-09-30T18:31:55,2,9997,0,9999
2023-09-30T18:45:07,2,9997,0,9999
2023-09-30T18:58:09,2,9997,0,9999
2023-09-30T19:11:12,2,9997,0,9999
2023-09-30T19:24:14,2,9997,0,9999
2023-09-30T19:37:17,2,9997,0,9999
2023-09-30T19:50:20,2,9997,0,9999
2023-09-30T20:03:22,2,9997,0,9999
2023-09-30T20:16:25,2,9997,0,9999
2023-09-30T20:29:27,2,9997,0,9999
2023-09-30T20:42:31,2,9997,0,9999
2023-09-30T20:55:43,2,9997,0,9999
2023-09-30T21:08:46,2,9997,0,9999
2023-09-30T21:21:48,2,9997,0,9999
2023-09-30T21:34:51,2,9997,0,9999
2023-09-30T21:47:54,2,9997,0,9999
2023-09-30T22:00:57,2,9997,0,9999
2023-09-30T22:13:59,2,9997,0,9999
2023-09-30T22:27:02,2,9997,0,9999
2023-09-30T22:40:04,2,9997,0,9999
2023-09-30T22:53:17,2,9997,0,9999
2023-09-30T23:06:21,2,9997,0,9999
2023-09-30T23:19:25,2,9997,0,9999
2023-09-30T23:32:29,2,9997,0,9999
2023-09-30T23:45:32,2,9997,0,9999
2023-09-30T23:58:35,2,9997,0,9999
2023-10-01T00:11:41,2,9997,0,9999
2023-10-01T00:24:52,2,9997,0,9999
2023-10-01T00:38:00,2,9997,0,9999
2023-10-01T00:51:07,2,9997,0,9999
2023-10-01T01:04:15,2,9997,0,9999
2023-10-01T01:17:20,2,9997,0,9999
2023-10-01T01:30:27,2,9997,0,9999
2023-10-01T01:43:44,2,9997,0,9999
2023-10-01T01:56:54,2,9997,0,9999
2023-10-01T02:10:01,2,9997,0,9999
2023-10-01T02:23:08,2,9997,0,9999
2023-10-01T02:36:16,2,9997,0,9999
2023-10-01T02:49:22,2,9997,0,9999
2023-10-01T03:02:27,2,9997,0,9999
2023-10-01T03:15:34,2,9997,0,9999
2023-10-01T03:28:40,2,9997,0,9999
2023-10-01T03:41:47,2,9997,0,9999
2023-10-01T03:54:54,2,9997,0,9999
2023-10-01T04:09:18,2,9997,0,9999
2023-10-01T04:27:37,2,9997,0,9999
2023-10-01T04:41:10,2,9997,0,9999
2023-10-01T04:54:20,2,9997,0,9999
2023-10-01T05:07:28,2,9997,0,9999
2023-10-01T05:20:34,2,9997,0,9999
2023-10-01T05:33:42,2,9997,0,9999
2023-10-01T05:46:50,2,9997,0,9999
2023-10-01T05:59:57,2,9997,0,9999
2023-10-01T06:13:05,2,9997,0,9999
2023-10-01T06:26:12,2,9997,0,9999
2023-10-01T06:39:18,2,9997,0,9999
2023-10-01T06:52:23,2,9997,0,9999
2023-10-01T07:05:27,2,9997,0,9999
2023-10-01T07:18:30,2,9997,0,9999
2023-10-01T07:31:33,2,9997,0,9999
2023-10-01T07:44:36,2,9997,0,9999
2023-10-01T07:57:39,2,9997,0,9999
2023-10-01T08:10:42,2,9997,0,9999
2023-10-01T08:23:44,2,9997,0,9999
2023-10-01T08:36:48,2,9997,0,9999
2023-10-01T08:49:51,2,9997,0,9999
2023-10-01T09:02:53,2,9997,0,9999
2023-10-01T09:15:56,2,9997,0,9999
2023-10-01T09:28:58,2,9997,0,9999
2023-10-01T09:42:12,2,9997,0,9999
2023-10-01T09:55:15,2,9997,0,9999
2023-10-01T10:08:17,2,9997,0,9999
2023-10-01T10:21:20,2,9997,0,9999
2023-10-01T10:34:22,2,9997,0,9999
2023-10-01T10:47:27,2,9997,0,9999
2023-10-01T11:00:33,2,9997,0,9999
2023-10-01T11:13:39,2,9997,0,9999
2023-10-01T11:26:41,2,9997,0,9999
2023-10-01T11:39:43,2,9997,0,9999
2023-10-01T11:52:57,2,9997,0,9999
2023-10-01T12:06:00,2,9997,0,9999
2023-10-01T12:19:02,2,9997,0,9999
2023-10-01T12:32:05,2,9997,0,9999
2023-10-01T12:45:07,2,9997,0,9999
2023-10-01T12:58:09,2,9997,0,9999
2023-10-01T13:11:11,2,9997,0,9999
2023-10-01T13:24:24,2,9997,0,9999
2023-10-01T13:37:26,2,9997,0,9999
2023-10-01T13:50:28,2,9997,0,9999
2023-10-01T14:03:31,2,9997,0,9999
2023-10-01T14:16:33,2,9997,0,9999
2023-10-01T14:29:35,2,9997,0,9999
2023-10-01T14:42:37,2,9997,0,9999
2023-10-01T14:55:51,2,9997,0,9999
2023-10-01T15:08:54,2,9997,0,9999
2023-10-01T15:21:57,2,9997,0,9999
2023-10-01T15:34:59,2,9997,0,9999
2023-10-01T15:48:01,2,9997,0,9999
2023-10-01T16:01:03,2,9997,0,9999
2023-10-01T16:14:06,2,9997,0,9999
2023-10-01T16:27:19,2,9997,0,9999
2023-10-01T16:40:22,2,9997,0,9999
2023-10-01T16:53:25,2,9997,0,9999
2023-10-01T17:06:28,2,9997,0,9999
2023-10-01T17:19:30,2,9997,0,9999
2023-10-01T17:32:33,2,9997,0,9999
2023-10-01T17:45:46,2,9997,0,9999
2023-10-01T17:58:48,2,9997,0,9999
2023-10-01T18:11:51,2,9997,0,9999
2023-10-01T18:24:53,2,9997,0,9999
2023-10-01T18:38:06,2,9997,0,9999
2023-10-01T18:46:47,2,9997,0,9999
2023-10-01T18:59:49,2,9997,0,9999
2023-10-01T19:12:53,2,9997,0,9999
2023-10-01T19:25:56,2,9997,0,9999
2023-10-01T19:38:58,2,9997,0,9999
2023-10-01T19:52:13,2,9997,0,9999
2023-10-01T20:05:16,2,9997,0,9999
2023-10-01T20:18:19,2,9997,0,9999
2023-10-01T20:31:22,2,9997,0,9999
2023-10-01T20:44:25,2,9997,0,9999
2023-10-01T20:57:28,2,9997,0,9999
2023-10-01T21:10:41,2,9997,0,9999
2023-10-01T21:23:43,2,9997,0,9999
2023-10-01T21:36:46,2,9997,0,9999
2023-10-01T21:49:50,2,9997,0,9999
2023-10-01T22:02:53,2,9997,0,9999
2023-10-01T22:16:06,2,9997,0,9999
2023-10-01T22:29:08,2,9997,0,9999
2023-10-01T22:42:11,2,9997,0,9999
2023-10-01T22:55:17,2,9997,0,9999
2023-10-01T23:08:20,2,9997,0,9999
2023-10-01T23:21:33,2,9997,0,9999
2023-10-01T23:34:37,2,9997,0,9999
2023-10-01T23:47:40,2,9997,0,9999
2023-10-02T00:00:43,2,9997,0,9999
2023-10-02T00:13:54,2,9997,0,9999
2023-10-02T00:27:20,2,9997,0,9999
2023-10-02T00:40:32,2,9997,0,9999
2023-10-02T00:54:09,2,9997,0,9999
2023-10-02T01:07:15,2,9997,0,9999
2023-10-02T01:20:28,2,9997,0,9999
2023-10-02T01:33:36,2,9997,0,9999
2023-10-02T01:46:44,2,9997,0,9999
2023-10-02T01:59:53,2,9997,0,9999
2023-10-02T02:13:01,2,9997,0,9999
2023-10-02T02:26:08,2,9997,0,9999
2023-10-02T02:39:23,2,9997,0,9999
2023-10-02T02:52:28,2,9997,0,9999
2023-10-02T03:05:33,2,9997,0,9999
2023-10-02T03:18:40,2,9997,0,9999
2023-10-02T03:31:47,2,9997,0,9999
2023-10-02T03:44:54,2,9997,0,9999
2023-10-02T03:58:01,2,9997,0,9999
2023-10-02T04:17:56,2,9997,0,9999
2023-10-02T04:32:26,2,9997,0,9999
2023-10-02T04:45:56,2,9997,0,9999
2023-10-02T04:59:04,2,9997,0,9999
2023-10-02T05:12:17,2,9997,0,9999
2023-10-02T05:25:24,2,9997,0,9999
2023-10-02T05:38:33,2,9997,0,9999
2023-10-02T05:51:41,2,9997,0,9999
2023-10-02T06:04:48,2,9997,0,9999
2023-10-02T06:17:55,2,9997,0,9999
2023-10-02T06:31:02,2,9997,0,9999
2023-10-02T06:44:08,2,9997,0,9999
2023-10-02T06:57:14,2,9997,0,9999
2023-10-02T07:10:19,2,9997,0,9999
2023-10-02T07:23:22,2,9997,0,9999
2023-10-02T07:36:25,2,9997,0,9999
2023-10-02T07:49:28,2,9997,0,9999
2023-10-02T08:02:42,2,9997,0,9999
2023-10-02T08:15:45,2,9997,0,9999
2023-10-02T08:28:49,2,9997,0,9999
2023-10-02T08:41:53,2,9997,0,9999
2023-10-02T08:54:56,2,9997,0,9999
2023-10-02T09:08:10,2,9997,0,9999
2023-10-02T09:21:12,2,9997,0,9999
2023-10-02T09:34:15,2,9997,0,9999
2023-10-02T09:47:29,2,9997,0,9999
2023-10-02T10:00:32,2,9997,0,9999
2023-10-02T10:13:37,2,9997,0,9999
2023-10-02T10:26:50,2,9997,0,9999
2023-10-02T10:39:54,2,9997,0,9999
2023-10-02T10:52:57,2,9997,0,9999
2023-10-02T11:06:11,2,9997,0,9999
2023-10-02T11:19:23,2,9997,0,9999
2023-10-02T11:32:38,2,9997,0,9999
2023-10-02T11:45:41,2,9997,0,9999
2023-10-02T11:58:55,2,9997,0,9999
2023-10-02T12:11:59,2,9997,0,9999
2023-10-02T12:25:03,2,9997,0,9999
2023-10-02T12:38:17,2,9997,0,9999
2023-10-02T12:51:20,2,9997,0,9999
2023-10-02T13:04:23,2,9997,0,9999
2023-10-02T13:17:40,2,9997,0,9999
2023-10-02T13:30:43,2,9997,0,9999
2023-10-02T13:43:58,2,9997,0,9999
2023-10-02T13:57:01,2,9997,0,9999
2023-10-02T14:10:05,2,9997,0,9999
2023-10-02T14:23:26,2,9997,0,9999
2023-10-02T14:36:29,2,9997,0,9999
2023-10-02T14:49:45,2,9997,0,9999
2023-10-02T15:02:48,2,9997,0,9999
2023-10-02T15:15:51,2,9997,0,9999
2023-10-02T15:29:05,2,9997,0,9999
2023-10-02T15:42:09,2,9997,0,9999
2023-10-02T15:55:24,2,9997,0,9999
2023-10-02T16:08:28,2,9997,0,9999
2023-10-02T16:21:32,2,9997,0,9999
2023-10-02T16:34:46,2,9997,0,9999
2023-10-02T16:47:49,2,9997,0,9999
2023-10-02T17:01:04,2,9997,0,9999
2023-10-02T17:14:09,2,9997,0,9999
2023-10-02T17:27:24,2,9997,0,9999
2023-10-02T17:40:26,2,9997,0,9999
2023-10-02T17:53:29,2,9997,0,9999
2023-10-02T18:06:43,2,9997,0,9999
2023-10-02T18:19:45,2,9997,0,9999
2023-10-02T18:32:49,2,9997,0,9999
2023-10-02T18:46:03,2,9997,0,9999
2023-10-02T18:59:05,2,9997,0,9999
2023-10-02T19:12:08,2,9997,0,9999
2023-10-02T19:25:12,2,9997,0,9999
2023-10-02T19:38:25,2,9997,0,9999
2023-10-02T19:51:28,2,9997,0,9999
2023-10-02T20:04:31,2,9997,0,9999
2023-10-02T20:17:34,2,9997,0,9999
2023-10-02T20:30:47,2,9997,0,9999
2023-10-02T20:43:50,2,9997,0,9999
2023-10-02T20:56:53,2,9997,0,9999
2023-10-02T21:09:56,2,9997,0,9999
2023-10-02T21:22:59,2,9997,0,9999
2023-10-02T21:36:13,2,9997,0,9999
2023-10-02T21:49:15,2,9997,0,9999
2023-10-02T22:02:18,2,9997,0,9999
2023-10-02T22:15:21,2,9997,0,9999
2023-10-02T22:28:34,2,9997,0,9999
2023-10-02T22:41:37,2,9997,0,9999
2023-10-02T22:54:40,2,9997,0,9999
2023-10-02T23:07:44,2,9997,0,9999
2023-10-02T23:20:47,2,9997,0,9999
2023-10-02T23:34:02,2,9997,0,9999
2023-10-02T23:47:05,2,9997,0,9999
2023-10-03T00:00:08,2,9997,0,9999
2023-10-03T00:13:15,2,9997,0,9999
2023-10-03T00:26:23,2,9997,0,9999
2023-10-03T00:39:30,2,9997,0,9999
2023-10-03T00:52:38,2,9997,0,9999
2023-10-03T01:05:59,2,9997,0,9999
2023-10-03T01:19:06,2,9997,0,9999
2023-10-03T01:32:13,2,9997,0,9999
2023-10-03T01:45:37,2,9997,0,9999
2023-10-03T01:58:46,2,9997,0,9999
2023-10-03T02:11:53,2,9997,0,9999
2023-10-03T02:24:59,2,9997,0,9999
2023-10-03T02:38:03,2,9997,0,9999
2023-10-03T02:51:07,2,9997,0,9999
2023-10-03T03:04:11,2,9997,0,9999
2023-10-03T03:17:17,2,9997,0,9999
2023-10-03T03:30:23,2,9997,0,9999
2023-10-03T03:43:29,2,9997,0,9999
2023-10-03T03:56:35,2,9997,0,9999
2023-10-03T04:18:08,2,9997,0,9999
2023-10-03T04:31:20,2,9997,0,9999
2023-10-03T04:46:03,2,9997,0,9999
2023-10-03T04:59:13,2,9997,0,9999
2023-10-03T05:12:21,2,9997,0,9999
2023-10-03T05:25:29,2,9997,0,9999
2023-10-03T05:38:36,2,9997,0,9999
2023-10-03T05:51:44,2,9997,0,9999
2023-10-03T06:04:52,2,9997,0,9999
2023-10-03T06:17:59,2,9997,0,9999
2023-10-03T06:31:04,2,9997,0,9999
2023-10-03T06:44:11,2,9997,0,9999
2023-10-03T06:57:17,2,9997,0,9999
2023-10-03T07:10:23,2,9997,0,9999
2023-10-03T07:23:31,2,9997,0,9999
2023-10-03T07:36:34,2,9997,0,9999
2023-10-03T07:49:38,2,9997,0,9999
2023-10-03T08:02:45,2,9997,0,9999
2023-10-03T08:16:14,2,9997,0,9999
2023-10-03T08:29:25,2,9997,0,9999
2023-10-03T08:42:35,2,9997,0,9999
2023-10-03T08:55:42,2,9997,0,9999
2023-10-03T09:08:50,2,9997,0,9999
2023-10-03T09:22:07,2,9997,0,9999
2023-10-03T09:35:12,2,9997,0,9999
2023-10-03T09:48:17,2,9997,0,9999
2023-10-03T10:01:31,2,9997,0,9999
2023-10-03T10:14:39,2,9997,0,9999
2023-10-03T10:27:48,2,9997,0,9999
2023-10-03T10:40:59,2,9997,0,9999
2023-10-03T10:54:18,2,9997,0,9999
2023-10-03T11:07:28,2,9997,0,9999
2023-10-03T11:20:33,2,9997,0,9999
2023-10-03T11:33:48,2,9997,0,9999
2023-10-03T11:46:52,2,9997,0,9999
2023-10-03T11:59:55,2,9997,0,9999
2023-10-03T12:13:10,2,9997,0,9999
2023-10-03T12:26:13,2,9997,0,9999
2023-10-03T12:39:16,2,9997,0,9999
2023-10-03T12:52:28,2,9997,0,9999
2023-10-03T13:05:31,2,9997,0,9999
2023-10-03T13:18:35,2,9997,0,9999
2023-10-03T13:31:49,2,9997,0,9999
2023-10-03T13:44:53,2,9997,0,9999
2023-10-03T13:57:56,2,9997,0,9999
2023-10-03T14:11:13,2,9997,0,9999
2023-10-03T14:24:17,2,9997,0,9999
2023-10-03T14:37:43,2,9997,0,9999
2023-10-03T14:50:58,2,9997,0,9999
2023-10-03T15:04:04,2,9997,0,9999
2023-10-03T15:17:20,2,9997,0,9999
2023-10-03T15:30:44,2,9997,0,9999
2023-10-03T15:43:47,2,9997,0,9999
2023-10-03T15:57:01,2,9997,0,9999
2023-10-03T16:10:05,2,9997,0,9999
2023-10-03T16:23:08,2,9997,0,9999
2023-10-03T16:36:31,2,9997,0,9999
2023-10-03T16:49:34,2,9997,0,9999
2023-10-03T17:02:36,2,9997,0,9999
2023-10-03T17:15:52,2,9997,0,9999
2023-10-03T17:28:55,2,9997,0,9999
2023-10-03T17:41:58,2,9997,0,9999
2023-10-03T17:55:01,2,9997,0,9999
2023-10-03T18:08:16,2,9997,0,9999
2023-10-03T18:21:19,2,9997,0,9999
2023-10-03T18:34:23,2,9997,0,9999
2023-10-03T18:47:49,2,9997,0,9999
2023-10-03T19:00:52,2,9997,0,9999
2023-10-03T19:13:58,2,9997,0,9999
2023-10-03T19:27:01,2,9997,0,9999
2023-10-03T19:40:04,2,9997,0,9999
2023-10-03T19:53:18,2,9997,0,9999
2023-10-03T20:06:21,2,9997,0,9999
2023-10-03T20:19:24,2,9997,0,9999
2023-10-03T20:32:38,2,9997,0,9999
2023-10-03T20:45:41,2,9997,0,9999
2023-10-03T20:58:44,2,9997,0,9999
2023-10-03T21:11:47,2,9997,0,9999
2023-10-03T21:25:01,2,9997,0,9999
2023-10-03T21:38:04,2,9997,0,9999
2023-10-03T21:51:06,2,9997,0,9999
2023-10-03T22:04:10,2,9997,0,9999
2023-10-03T22:17:13,2,9997,0,9999
2023-10-03T22:30:19,2,9997,0,9999
2023-10-03T22:43:34,2,9997,0,9999
2023-10-03T22:56:37,2,9997,0,9999
2023-10-03T23:09:40,2,9997,0,9999
2023-10-03T23:22:44,2,9997,0,9999
2023-10-03T23:35:48,2,9997,0,9999
2023-10-03T23:49:03,2,9997,0,9999
2023-10-04T00:02:06,2,9997,0,9999
2023-10-04T00:15:12,2,9997,0,9999
2023-10-04T00:28:19,2,9997,0,9999
2023-10-04T00:41:26,2,9997,0,9999
2023-10-04T00:54:34,2,9997,0,9999
2023-10-04T01:07:43,2,9997,0,9999
2023-10-04T01:20:50,2,9997,0,9999
2023-10-04T01:34:07,2,9997,0,9999
2023-10-04T01:47:13,2,9997,0,9999
2023-10-04T02:00:21,2,9997,0,9999
2023-10-04T02:13:27,2,9997,0,9999
2023-10-04T02:26:32,2,9997,0,9999
2023-10-04T02:39:37,2,9997,0,9999
2023-10-04T02:52:44,2,9997,0,9999
2023-10-04T03:05:52,2,9997,0,9999
2023-10-04T03:19:00,2,9997,0,9999
2023-10-04T03:32:07,2,9997,0,9999
2023-10-04T03:45:13,2,9997,0,9999
2023-10-04T03:58:20,2,9997,0,9999
2023-10-04T04:12:02,2,9997,0,9999
2023-10-04T04:23:14,2,9997,0,9999
2023-10-04T04:36:48,2,9997,0,9999
2023-10-04T04:49:58,2,9997,0,9999
2023-10-04T05:03:09,2,9997,0,9999
2023-10-04T05:16:17,2,9997,0,9999
2023-10-04T05:29:25,2,9997,0,9999
2023-10-04T05:42:33,2,9997,0,9999
2023-10-04T05:55:40,2,9997,0,9999
2023-10-04T06:08:46,2,9997,0,9999
2023-10-04T06:21:52,2,9997,0,9999
2023-10-04T06:34:58,2,9997,0,9999
2023-10-04T06:48:06,2,9997,0,9999
2023-10-04T07:01:15,2,9997,0,9999
2023-10-04T07:14:23,2,9997,0,9999
2023-10-04T07:27:27,2,9997,0,9999
2023-10-04T07:40:32,2,9997,0,9999
2023-10-04T07:53:37,2,9997,0,9999
2023-10-04T08:06:53,2,9997,0,9999
2023-10-04T08:19:58,2,9997,0,9999
2023-10-04T08:33:04,2,9997,0,9999
2023-10-04T08:46:10,2,9997,0,9999
2023-10-04T08:59:15,2,9997,0,9999
2023-10-04T09:12:19,2,9997,0,9999
2023-10-04T09:25:33,2,9997,0,9999
2023-10-04T09:41:22,2,9997,0,9999
2023-10-04T09:54:17,2,9997,0,9999
2023-10-04T10:07:13,2,9997,0,9999
2023-10-04T10:20:22,2,9997,0,9999
2023-10-04T10:33:16,2,9997,0,9999
2023-10-04T10:46:14,2,9997,0,9999
2023-10-04T10:59:10,2,9997,0,9999
2023-10-04T11:12:17,2,9997,0,9999
2023-10-04T11:25:14,2,9997,0,9999
2023-10-04T11:38:10,2,9997,0,9999
2023-10-04T11:51:16,2,9997,0,9999
2023-10-04T12:04:12,2,9997,0,9999
2023-10-04T12:17:09,2,9997,0,9999
2023-10-04T12:30:04,2,9997,0,9999
2023-10-04T12:43:10,2,9997,0,9999
2023-10-04T12:56:06,2,9997,0,9999
2023-10-04T13:09:02,2,9997,0,9999
2023-10-04T13:22:08,2,9997,0,9999
2023-10-04T13:35:04,2,9997,0,9999
2023-10-04T13:48:00,2,9997,0,9999
2023-10-04T14:00:56,2,9997,0,9999
2023-10-04T14:14:02,2,9997,0,9999
2023-10-04T14:26:58,2,9997,0,9999
2023-10-04T14:39:54,2,9997,0,9999
2023-10-04T14:53:01,2,9997,0,9999
2023-10-04T15:05:58,2,9997,0,9999
2023-10-04T15:18:55,2,9997,0,9999
2023-10-04T15:31:52,2,9997,0,9999
2023-10-04T15:45:02,2,9997,0,9999
2023-10-04T15:57:59,2,9997,0,9999
2023-10-04T16:10:56,2,9997,0,9999
2023-10-04T16:24:08,2,9997,0,9999
2023-10-04T16:37:05,2,9997,0,9999
2023-10-04T16:50:01,2,9997,0,9999
2023-10-04T17:02:58,2,9997,0,9999
2023-10-04T17:16:06,2,9997,0,9999
2023-10-04T17:29:02,2,9997,0,9999
2023-10-04T17:41:58,2,9997,0,9999
2023-10-04T17:54:55,2,9997,0,9999
2023-10-04T18:08:04,2,9997,0,9999
2023-10-04T18:21:01,2,9997,0,9999
2023-10-04T18:33:58,2,9997,0,9999
2023-10-04T18:46:54,2,9997,0,9999
2023-10-04T18:59:49,2,9997,0,9999
2023-10-04T19:12:56,2,9997,0,9999
2023-10-04T19:25:53,2,9997,0,9999
2023-10-04T19:38:49,2,9997,0,9999
2023-10-04T19:51:44,2,9997,0,9999
2023-10-04T20:04:50,2,9997,0,9999
2023-10-04T20:17:46,2,9997,0,9999
2023-10-04T20:30:42,2,9997,0,9999
2023-10-04T20:43:39,2,9997,0,9999
2023-10-04T20:56:39,2,9997,0,9999
2023-10-04T21:09:35,2,9997,0,9999
2023-10-04T21:22:42,2,9997,0,9999
2023-10-04T21:35:39,2,9997,0,9999
2023-10-04T21:48:35,2,9997,0,9999
2023-10-04T22:01:31,2,9997,0,9999
2023-10-04T22:14:38,2,9997,0,9999
2023-10-04T22:27:34,2,9997,0,9999
2023-10-04T22:40:30,2,9997,0,9999
2023-10-04T22:53:27,2,9997,0,9999
2023-10-04T23:06:24,2,9997,0,9999
2023-10-04T23:19:21,2,9997,0,9999
2023-10-04T23:32:29,2,9997,0,9999
2023-10-04T23:45:25,2,9997,0,9999
2023-10-04T23:58:22,2,9997,0,9999
2023-10-05T00:11:21,2,9997,0,9999
2023-10-05T00:24:27,2,9997,0,9999
2023-10-05T00:37:27,2,9997,0,9999
2023-10-05T00:50:28,2,9997,0,9999
2023-10-05T01:03:29,2,9997,0,9999
2023-10-05T01:16:31,2,9997,0,9999
2023-10-05T01:29:42,2,9997,0,9999
2023-10-05T01:42:42,2,9997,0,9999
2023-10-05T01:55:47,2,9997,0,9999
2023-10-05T02:08:50,2,9997,0,9999
2023-10-05T02:21:48,2,9997,0,9999
2023-10-05T02:34:47,2,9997,0,9999
2023-10-05T02:47:43,2,9997,0,9999
2023-10-05T03:00:39,2,9997,0,9999
2023-10-05T03:13:39,2,9997,0,9999
2023-10-05T03:26:39,2,9997,0,9999
2023-10-05T03:39:41,2,9997,0,9999
2023-10-05T03:52:43,2,9997,0,9999
2023-10-05T04:05:45,2,9997,0,9999
2023-10-05T04:18:27,2,9997,0,9999
2023-10-05T04:31:32,2,9997,0,9999
2023-10-05T04:46:08,2,9997,0,9999
2023-10-05T04:59:11,2,9997,0,9999
2023-10-05T05:12:21,2,9997,0,9999
2023-10-05T05:25:23,2,9997,0,9999
2023-10-05T05:38:23,2,9997,0,9999
2023-10-05T05:51:32,2,9997,0,9999
2023-10-05T06:05:10,2,9997,0,9999
2023-10-05T06:18:19,2,9997,0,9999
2023-10-05T06:31:27,2,9997,0,9999
2023-10-05T06:44:35,2,9997,0,9999
2023-10-05T06:57:42,2,9997,0,9999
2023-10-05T07:10:55,2,9997,0,9999
2023-10-05T07:24:03,2,9997,0,9999
2023-10-05T07:37:10,2,9997,0,9999
2023-10-05T07:50:17,2,9997,0,9999
2023-10-05T08:03:23,2,9997,0,9999
2023-10-05T08:16:30,2,9997,0,9999
2023-10-05T08:29:46,2,9997,0,9999
2023-10-05T08:42:54,2,9997,0,9999
2023-10-05T08:55:59,2,9997,0,9999
2023-10-05T09:09:03,2,9997,0,9999
2023-10-05T09:22:08,2,9997,0,9999
2023-10-05T09:35:12,2,9997,0,9999
2023-10-05T09:48:27,2,9997,0,9999
2023-10-05T10:01:31,2,9997,0,9999
2023-10-05T10:14:36,2,9997,0,9999
2023-10-05T10:27:42,2,9997,0,9999
2023-10-05T10:40:58,2,9997,0,9999
2023-10-05T10:54:03,2,9997,0,9999
2023-10-05T11:07:09,2,9997,0,9999
2023-10-05T11:20:14,2,9997,0,9999
2023-10-05T11:33:18,2,9997,0,9999
2023-10-05T11:46:32,2,9997,0,9999
2023-10-05T11:59:37,2,9997,0,9999
2023-10-05T12:12:42,2,9997,0,9999
2023-10-05T12:25:47,2,9997,0,9999
2023-10-05T12:39:02,2,9997,0,9999
2023-10-05T12:52:06,2,9997,0,9999
2023-10-05T13:05:11,2,9997,0,9999
2023-10-05T13:18:27,2,9997,0,9999
2023-10-05T13:31:31,2,9997,0,9999
2023-10-05T13:44:36,2,9997,0,9999
2023-10-05T13:57:53,2,9997,0,9999
2023-10-05T14:10:59,2,9997,0,9999
2023-10-05T14:24:04,2,9997,0,9999
2023-10-05T14:37:19,2,9997,0,9999
2023-10-05T14:50:24,2,9997,0,9999
2023-10-05T15:03:29,2,9997,0,9999
2023-10-05T15:16:34,2,9997,0,9999
2023-10-05T15:29:38,2,9997,0,9999
2023-10-05T15:42:53,2,9997,0,9999
2023-10-05T15:55:57,2,9997,0,9999
2023-10-05T16:09:01,2,9997,0,9999
2023-10-05T16:22:05,2,9997,0,9999
2023-10-05T16:35:20,2,9997,0,9999
2023-10-05T16:48:24,2,9997,0,9999
2023-10-05T17:01:41,2,9997,0,9999
2023-10-05T17:14:47,2,9997,0,9999
2023-10-05T17:27:51,2,9997,0,9999
2023-10-05T17:40:55,2,9997,0,9999
2023-10-05T17:54:09,2,9997,0,9999
2023-10-05T18:07:13,2,9997,0,9999
2023-10-05T18:20:18,2,9997,0,9999
2023-10-05T18:33:22,2,9997,0,9999
2023-10-05T18:46:26,2,9997,0,9999
2023-10-05T18:59:40,2,9997,0,9999
2023-10-05T19:12:44,2,9997,0,9999
2023-10-05T19:25:52,2,9997,0,9999
2023-10-05T19:38:56,2,9997,0,9999
2023-10-05T19:52:01,2,9997,0,9999
2023-10-05T20:05:05,2,9997,0,9999
2023-10-05T20:18:21,2,9997,0,9999
2023-10-05T20:31:24,2,9997,0,9999
2023-10-05T20:44:28,2,9997,0,9999
2023-10-05T20:57:34,2,9997,0,9999
2023-10-05T21:10:38,2,9997,0,9999
2023-10-05T21:23:42,2,9997,0,9999
2023-10-05T21:36:47,2,9997,0,9999
2023-10-05T21:50:02,2,9997,0,9999
2023-10-05T22:03:05,2,9997,0,9999
2023-10-05T22:16:09,2,9997,0,9999
2023-10-05T22:29:13,2,9997,0,9999
2023-10-05T22:42:18,2,9997,0,9999
2023-10-05T22:55:23,2,9997,0,9999
2023-10-05T23:08:39,2,9997,0,9999
2023-10-05T23:21:45,2,9997,0,9999
2023-10-05T23:34:49,2,9997,0,9999
2023-10-05T23:47:55,2,9997,0,9999
2023-10-06T00:01:01,2,9997,0,9999
2023-10-06T00:14:09,2,9997,0,9999
2023-10-06T00:27:30,2,9997,0,9999
2023-10-06T00:40:39,2,9997,0,9999
2023-10-06T00:53:48,2,9997,0,9999
2023-10-06T01:06:58,2,9997,0,9999
2023-10-06T01:20:08,2,9997,0,9999
2023-10-06T01:33:27,2,9997,0,9999
2023-10-06T01:46:36,2,9997,0,9999
2023-10-06T01:59:49,2,9997,0,9999
2023-10-06T02:13:00,2,9997,0,9999
2023-10-06T02:26:08,2,9997,0,9999
2023-10-06T02:39:15,2,9997,0,9999
2023-10-06T02:52:24,2,9997,0,9999
2023-10-06T03:05:34,2,9997,0,9999
2023-10-06T03:18:55,2,9997,0,9999
2023-10-06T03:32:05,2,9997,0,9999
2023-10-06T03:45:15,2,9997,0,9999
2023-10-06T03:58:24,2,9997,0,9999
2023-10-06T04:11:34,2,9997,0,9999
2023-10-06T04:27:14,2,9997,0,9999
2023-10-06T04:41:54,2,9997,0,9999
2023-10-06T04:55:09,2,9997,0,9999
2023-10-06T05:08:21,2,9997,0,9999
2023-10-06T05:21:31,2,9997,0,9999
2023-10-06T05:34:42,2,9997,0,9999
2023-10-06T05:47:51,2,9997,0,9999
2023-10-06T06:01:02,2,9997,0,9999
2023-10-06T06:14:09,2,9997,0,9999
2023-10-06T06:27:18,2,9997,0,9999
2023-10-06T06:40:27,2,9997,0,9999
2023-10-06T06:53:35,2,9997,0,9999
2023-10-06T07:06:44,2,9997,0,9999
2023-10-06T07:19:56,2,9997,0,9999
2023-10-06T07:33:03,2,9997,0,9999
2023-10-06T07:46:21,2,9997,0,9999
2023-10-06T07:59:26,2,9997,0,9999
2023-10-06T08:12:31,2,9997,0,9999
2023-10-06T08:25:40,2,9997,0,9999
2023-10-06T08:38:45,2,9997,0,9999
2023-10-06T08:51:49,2,9997,0,9999
2023-10-06T09:04:57,2,9997,0,9999
2023-10-06T09:18:02,2,9997,0,9999
2023-10-06T09:31:17,2,9997,0,9999
2023-10-06T09:44:23,2,9997,0,9999
2023-10-06T09:57:27,2,9997,0,9999
2023-10-06T10:10:32,2,9997,0,9999
2023-10-06T10:23:36,2,9997,0,9999
2023-10-06T10:37:06,2,9997,0,9999
2023-10-06T10:50:11,2,9997,0,9999
2023-10-06T11:03:17,2,9997,0,9999
2023-10-06T11:16:26,2,9997,0,9999
2023-10-06T11:29:41,2,9997,0,9999
2023-10-06T11:42:47,2,9997,0,9999
2023-10-06T11:55:52,2,9997,0,9999
2023-10-06T12:08:57,2,9997,0,9999
2023-10-06T12:22:01,2,9997,0,9999
2023-10-06T12:35:25,2,9997,0,9999
2023-10-06T12:48:30,2,9997,0,9999
2023-10-06T13:01:35,2,9997,0,9999
2023-10-06T13:14:50,2,9997,0,9999
2023-10-06T13:27:55,2,9997,0,9999
2023-10-06T13:40:59,2,9997,0,9999
2023-10-06T13:54:04,2,9997,0,9999
2023-10-06T14:07:10,2,9997,0,9999
2023-10-06T14:20:42,2,9997,0,9999
2023-10-06T14:33:47,2,9997,0,9999
2023-10-06T14:46:51,2,9997,0,9999
2023-10-06T14:59:55,2,9997,0,9999
2023-10-06T15:12:59,2,9997,0,9999
2023-10-06T15:26:03,2,9997,0,9999
2023-10-06T15:39:17,2,9997,0,9999
2023-10-06T15:52:22,2,9997,0,9999
2023-10-06T16:05:26,2,9997,0,9999
2023-10-06T16:18:32,2,9997,0,9999
2023-10-06T16:31:36,2,9997,0,9999
2023-10-06T16:45:03,2,9997,0,9999
2023-10-06T16:58:07,2,9997,0,9999
2023-10-06T17:11:11,2,9997,0,9999
2023-10-06T17:24:18,2,9997,0,9999
2023-10-06T17:37:23,2,9997,0,9999
2023-10-06T17:50:28,2,9997,0,9999
2023-10-06T18:03:32,2,9997,0,9999
2023-10-06T18:16:56,2,9997,0,9999
2023-10-06T18:30:01,2,9997,0,9999
2023-10-06T18:43:06,2,9997,0,9999
2023-10-06T18:56:10,2,9997,0,9999
2023-10-06T19:09:16,2,9997,0,9999
2023-10-06T19:22:21,2,9997,0,9999
2023-10-06T19:35:27,2,9997,0,9999
2023-10-06T19:48:32,2,9997,0,9999
2023-10-06T20:01:47,2,9997,0,9999
2023-10-06T20:14:52,2,9997,0,9999
2023-10-06T20:27:56,2,9997,0,9999
2023-10-06T20:41:01,2,9997,0,9999
2023-10-06T20:54:07,2,9997,0,9999
2023-10-06T21:07:12,2,9997,0,9999
2023-10-06T21:20:17,2,9997,0,9999
2023-10-06T21:33:21,2,9997,0,9999
2023-10-06T21:46:27,2,9997,0,9999
2023-10-06T21:59:51,2,9997,0,9999
2023-10-06T22:12:55,2,9997,0,9999
2023-10-06T22:26:01,2,9997,0,9999
2023-10-06T22:39:06,2,9997,0,9999
2023-10-06T22:52:11,2,9997,0,9999
2023-10-06T23:05:18,2,9997,0,9999
2023-10-06T23:18:24,2,9997,0,9999
2023-10-06T23:31:33,2,9997,0,9999
2023-10-06T23:44:39,2,9997,0,9999
2023-10-06T23:57:46,2,9997,0,9999
2023-10-07T00:11:07,2,9997,0,9999
2023-10-07T00:24:23,2,9997,0,9999
2023-10-07T00:37:31,2,9997,0,9999
2023-10-07T00:50:52,2,9997,0,9999
2023-10-07T01:04:02,2,9997,0,9999
2023-10-07T01:17:13,2,9997,0,9999
2023-10-07T01:30:23,2,9997,0,9999
2023-10-07T01:43:33,2,9997,0,9999
2023-10-07T01:56:45,2,9997,0,9999
2023-10-07T02:09:55,2,9997,0,9999
2023-10-07T02:23:06,2,9997,0,9999
2023-10-07T02:36:16,2,9997,0,9999
2023-10-07T02:49:38,2,9997,0,9999
2023-10-07T03:03:37,2,9997,0,9999
2023-10-07T03:16:47,2,9997,0,9999
2023-10-07T03:29:57,2,9997,0,9999
2023-10-07T03:43:09,2,9997,0,9999
2023-10-07T03:56:19,2,9997,0,9999
2023-10-07T04:18:55,2,9997,0,9999
2023-10-07T04:32:31,2,9997,0,9999
2023-10-07T04:45:43,2,9997,0,9999
2023-10-07T04:58:51,2,9997,0,9999
2023-10-07T05:12:00,2,9997,0,9999
2023-10-07T05:26:54,2,9997,0,9999
2023-10-07T05:40:05,2,9997,0,9999
2023-10-07T05:53:16,2,9997,0,9999
2023-10-07T06:06:28,2,9997,0,9999
2023-10-07T06:19:36,2,9997,0,9999
2023-10-07T06:32:46,2,9997,0,9999
2023-10-07T06:45:55,2,9997,0,9999
2023-10-07T06:59:05,2,9997,0,9999
2023-10-07T07:12:14,2,9997,0,9999
2023-10-07T07:25:30,2,9997,0,9999
2023-10-07T07:38:37,2,9997,0,9999
2023-10-07T07:51:43,2,9997,0,9999
2023-10-07T08:04:51,2,9997,0,9999
2023-10-07T08:18:00,2,9997,0,9999
2023-10-07T08:31:09,2,9997,0,9999
2023-10-07T08:44:17,2,9997,0,9999
2023-10-07T08:57:23,2,9997,0,9999
2023-10-07T09:10:30,2,9997,0,9999
2023-10-07T09:23:38,2,9997,0,9999
2023-10-07T09:36:45,2,9997,0,9999
2023-10-07T09:49:52,2,9997,0,9999
2023-10-07T10:02:58,2,9997,0,9999
2023-10-07T10:16:03,2,9997,0,9999
2023-10-07T10:29:10,2,9997,0,9999
2023-10-07T10:42:26,2,9997,0,9999
2023-10-07T10:55:31,2,9997,0,9999
2023-10-07T11:08:35,2,9997,0,9999
2023-10-07T11:21:39,2,9997,0,9999
2023-10-07T11:34:43,2,9997,0,9999
2023-10-07T11:47:47,2,9997,0,9999
2023-10-07T12:00:52,2,9997,0,9999
2023-10-07T12:13:56,2,9997,0,9999
2023-10-07T12:27:01,2,9997,0,9999
2023-10-07T12:40:06,2,9997,0,9999
2023-10-07T12:53:10,2,9997,0,9999
2023-10-07T13:06:16,2,9997,0,9999
2023-10-07T13:19:32,2,9997,0,9999
2023-10-07T13:32:37,2,9997,0,9999
2023-10-07T13:45:42,2,9997,0,9999
2023-10-07T13:58:46,2,9997,0,9999
2023-10-07T14:11:50,2,9997,0,9999
2023-10-07T14:24:54,2,9997,0,9999
2023-10-07T14:38:00,2,9997,0,9999
2023-10-07T14:51:05,2,9997,0,9999
2023-10-07T15:04:09,2,9997,0,9999
2023-10-07T15:17:13,2,9997,0,9999
2023-10-07T15:30:17,2,9997,0,9999
2023-10-07T15:43:32,2,9997,0,9999
2023-10-07T15:56:37,2,9997,0,9999
2023-10-07T16:09:41,2,9997,0,9999
2023-10-07T16:22:46,2,9997,0,9999
2023-10-07T16:35:50,2,9997,0,9999
2023-10-07T16:48:55,2,9997,0,9999
2023-10-07T17:02:00,2,9997,0,9999
2023-10-07T17:15:06,2,9997,0,9999
2023-10-07T17:28:11,2,9997,0,9999
2023-10-07T17:41:16,2,9997,0,9999
2023-10-07T17:54:21,2,9997,0,9999
2023-10-07T18:07:26,2,9997,0,9999
2023-10-07T18:20:41,2,9997,0,9999
2023-10-07T18:33:46,2,9997,0,9999
2023-10-07T18:46:51,2,9997,0,9999
2023-10-07T19:00:01,2,9997,0,9999
2023-10-07T19:13:06,2,9997,0,9999
2023-10-07T19:26:11,2,9997,0,9999
2023-10-07T19:39:15,2,9997,0,9999
2023-10-07T19:52:19,2,9997,0,9999
2023-10-07T20:05:24,2,9997,0,9999
2023-10-07T20:18:28,2,9997,0,9999
2023-10-07T20:31:34,2,9997,0,9999
2023-10-07T20:44:40,2,9997,0,9999
2023-10-07T20:57:44,2,9997,0,9999
2023-10-07T21:10:57,2,9997,0,9999
2023-10-07T21:24:02,2,9997,0,9999
2023-10-07T21:37:07,2,9997,0,9999
2023-10-07T21:50:12,2,9997,0,9999
2023-10-07T22:03:18,2,9997,0,9999
2023-10-07T22:16:23,2,9997,0,9999
2023-10-07T22:29:31,2,9997,0,9999
2023-10-07T22:42:36,2,9997,0,9999
2023-10-07T22:55:41,2,9997,0,9999
2023-10-07T23:08:47,2,9997,0,9999
2023-10-07T23:21:53,2,9997,0,9999
2023-10-07T23:34:58,2,9997,0,9999
2023-10-07T23:48:03,2,9997,0,9999
2023-10-08T00:01:07,2,9997,0,9999
2023-10-08T00:14:15,2,9997,0,9999
2023-10-08T00:27:39,2,9997,0,9999
2023-10-08T00:40:46,2,9997,0,9999
2023-10-08T00:53:52,2,9997,0,9999
2023-10-08T01:06:57,2,9997,0,9999
2023-10-08T01:20:03,2,9997,0,9999
2023-10-08T01:33:07,2,9997,0,9999
2023-10-08T01:46:12,2,9997,0,9999
2023-10-08T01:59:16,2,9997,0,9999
2023-10-08T02:12:23,2,9997,0,9999
2023-10-08T02:25:28,2,9997,0,9999
2023-10-08T02:38:33,2,9997,0,9999
2023-10-08T02:51:39,2,9997,0,9999
2023-10-08T03:04:50,2,9997,0,9999
2023-10-08T03:18:05,2,9997,0,9999
2023-10-08T03:31:16,2,9997,0,9999
2023-10-08T03:44:27,2,9997,0,9999
2023-10-08T03:57:36,2,9997,0,9999
2023-10-08T04:16:13,2,9997,0,9999
2023-10-08T04:30:43,2,9997,0,9999
2023-10-08T04:44:17,2,9997,0,9999
2023-10-08T04:57:31,2,9997,0,9999
2023-10-08T05:10:44,2,9997,0,9999
2023-10-08T05:23:54,2,9997,0,9999
2023-10-08T05:37:03,2,9997,0,9999
2023-10-08T05:50:14,2,9997,0,9999
2023-10-08T06:03:23,2,9997,0,9999
2023-10-08T06:16:33,2,9997,0,9999
2023-10-08T06:29:42,2,9997,0,9999
2023-10-08T06:42:52,2,9997,0,9999
2023-10-08T06:55:59,2,9997,0,9999
2023-10-08T07:09:06,2,9997,0,9999
2023-10-08T07:22:15,2,9997,0,9999
2023-10-08T07:35:23,2,9997,0,9999
2023-10-08T07:48:30,2,9997,0,9999
2023-10-08T08:01:38,2,9997,0,9999
2023-10-08T08:14:46,2,9997,0,9999
2023-10-08T08:28:01,2,9997,0,9999
2023-10-08T08:41:11,2,9997,0,9999
2023-10-08T08:54:18,2,9997,0,9999
2023-10-08T09:07:27,2,9997,0,9999
2023-10-08T09:20:34,2,9997,0,9999
2023-10-08T09:33:43,2,9997,0,9999
2023-10-08T09:46:51,2,9997,0,9999
2023-10-08T09:59:59,2,9997,0,9999
2023-10-08T10:13:07,2,9997,0,9999
2023-10-08T10:26:13,2,9997,0,9999
2023-10-08T10:39:20,2,9997,0,9999
2023-10-08T10:52:25,2,9997,0,9999
2023-10-08T11:05:39,2,9997,0,9999
2023-10-08T11:18:45,2,9997,0,9999
2023-10-08T11:31:50,2,9997,0,9999
2023-10-08T11:44:55,2,9997,0,9999
2023-10-08T11:58:01,2,9997,0,9999
2023-10-08T12:11:08,2,9997,0,9999
2023-10-08T12:24:16,2,9997,0,9999
2023-10-08T12:37:22,2,9997,0,9999
2023-10-08T12:50:28,2,9997,0,9999
2023-10-08T13:03:34,2,9997,0,9999
2023-10-08T13:16:38,2,9997,0,9999
2023-10-08T13:29:54,2,9997,0,9999
2023-10-08T13:42:59,2,9997,0,9999
2023-10-08T13:56:05,2,9997,0,9999
2023-10-08T14:09:11,2,9997,0,9999
2023-10-08T14:22:15,2,9997,0,9999
2023-10-08T14:35:20,2,9997,0,9999
2023-10-08T14:48:27,2,9997,0,9999
2023-10-08T15:01:32,2,9997,0,9999
2023-10-08T15:14:48,2,9997,0,9999
2023-10-08T15:27:53,2,9997,0,9999
2023-10-08T15:40:57,2,9997,0,9999
2023-10-08T15:54:01,2,9997,0,9999
2023-10-08T16:07:06,2,9997,0,9999
2023-10-08T16:20:12,2,9997,0,9999
2023-10-08T16:33:18,2,9997,0,9999
2023-10-08T16:46:23,2,9997,0,9999
2023-10-08T16:59:37,2,9997,0,9999
2023-10-08T17:12:42,2,9997,0,9999
2023-10-08T17:25:47,2,9997,0,9999
2023-10-08T17:38:52,2,9997,0,9999
2023-10-08T17:51:56,2,9997,0,9999
2023-10-08T18:05:01,2,9997,0,9999
2023-10-08T18:18:06,2,9997,0,9999
2023-10-08T18:31:11,2,9997,0,9999
2023-10-08T18:44:26,2,9997,0,9999
2023-10-08T18:57:31,2,9997,0,9999
2023-10-08T19:10:38,2,9997,0,9999
2023-10-08T19:23:44,2,9997,0,9999
2023-10-08T19:36:50,2,9997,0,9999
2023-10-08T19:49:55,2,9997,0,9999
2023-10-08T20:03:00,2,9997,0,9999
2023-10-08T20:16:05,2,9997,0,9999
2023-10-08T20:29:21,2,9997,0,9999
2023-10-08T20:42:25,2,9997,0,9999
2023-10-08T20:55:30,2,9997,0,9999
2023-10-08T21:08:34,2,9997,0,9999
2023-10-08T21:21:38,2,9997,0,9999
2023-10-08T21:34:44,2,9997,0,9999
2023-10-08T21:47:51,2,9997,0,9999
2023-10-08T22:00:57,2,9997,0,9999
2023-10-08T22:14:03,2,9997,0,9999
2023-10-08T22:27:22,2,9997,0,9999
2023-10-08T22:40:27,2,9997,0,9999
2023-10-08T22:53:31,2,9997,0,9999
2023-10-08T23:06:37,2,9997,0,9999
2023-10-08T23:19:43,2,9997,0,9999
2023-10-08T23:32:49,2,9997,0,9999
2023-10-08T23:45:55,2,9997,0,9999
2023-10-08T23:59:00,2,9997,0,9999
2023-10-09T00:12:18,2,9997,0,9999
2023-10-09T00:25:31,2,9997,0,9999
2023-10-09T00:38:47,2,9997,0,9999
2023-10-09T00:52:05,2,9997,0,9999
2023-10-09T01:05:13,2,9997,0,9999
2023-10-09T01:18:23,2,9997,0,9999
2023-10-09T01:31:47,2,9997,0,9999
2023-10-09T01:44:58,2,9997,0,9999
2023-10-09T01:58:08,2,9997,0,9999
2023-10-09T02:11:21,2,9997,0,9999
2023-10-09T02:24:47,2,9997,0,9999
2023-10-09T02:37:54,2,9997,0,9999
2023-10-09T02:51:02,2,9997,0,9999
2023-10-09T03:04:09,2,9997,0,9999
2023-10-09T03:17:18,2,9997,0,9999
2023-10-09T03:30:27,2,9997,0,9999
2023-10-09T03:43:37,2,9997,0,9999
2023-10-09T03:56:44,2,9997,0,9999
2023-10-09T04:09:52,2,9997,0,9999
2023-10-09T04:21:46,2,9997,0,9999
2023-10-09T04:36:25,2,9997,0,9999
2023-10-09T04:49:39,2,9997,0,9999
2023-10-09T05:02:55,2,9997,0,9999
2023-10-09T05:16:13,2,9997,0,9999
2023-10-09T05:29:22,2,9997,0,9999
2023-10-09T05:42:34,2,9997,0,9999
2023-10-09T05:55:45,2,9997,0,9999
2023-10-09T06:08:55,2,9997,0,9999
2023-10-09T06:22:05,2,9997,0,9999
2023-10-09T06:35:15,2,9997,0,9999
2023-10-09T06:48:23,2,9997,0,9999
2023-10-09T07:01:31,2,9997,0,9999
2023-10-09T07:14:38,2,9997,0,9999
2023-10-09T07:27:43,2,9997,0,9999
2023-10-09T07:40:56,2,9997,0,9999
2023-10-09T07:54:00,2,9997,0,9999
2023-10-09T08:07:05,2,9997,0,9999
2023-10-09T08:20:10,2,9997,0,9999
2023-10-09T08:33:15,2,9997,0,9999
2023-10-09T08:46:21,2,9997,0,9999
2023-10-09T08:59:27,2,9997,0,9999
2023-10-09T09:12:32,2,9997,0,9999
2023-10-09T09:25:37,2,9997,0,9999
2023-10-09T09:38:54,2,9997,0,9999
2023-10-09T09:51:59,2,9997,0,9999
2023-10-09T10:05:04,2,9997,0,9999
2023-10-09T10:18:12,2,9997,0,9999
2023-10-09T10:31:17,2,9997,0,9999
2023-10-09T10:44:33,2,9997,0,9999
2023-10-09T10:57:38,2,9997,0,9999
2023-10-09T11:10:43,2,9997,0,9999
2023-10-09T11:23:47,2,9997,0,9999
2023-10-09T11:36:54,2,9997,0,9999
2023-10-09T11:50:13,2,9997,0,9999
2023-10-09T12:03:18,2,9997,0,9999
2023-10-09T12:16:25,2,9997,0,9999
2023-10-09T12:29:29,2,9997,0,9999
2023-10-09T12:42:34,2,9997,0,9999
2023-10-09T12:55:50,2,9997,0,9999
2023-10-09T13:08:55,2,9997,0,9999
2023-10-09T13:22:00,2,9997,0,9999
2023-10-09T13:35:05,2,9997,0,9999
2023-10-09T13:48:21,2,9997,0,9999
2023-10-09T14:01:27,2,9997,0,9999
2023-10-09T14:14:33,2,9997,0,9999
2023-10-09T14:27:39,2,9997,0,9999
2023-10-09T14:40:56,2,9997,0,9999
2023-10-09T14:54:02,2,9997,0,9999
2023-10-09T15:07:07,2,9997,0,9999
2023-10-09T15:20:13,2,9997,0,9999
2023-10-09T15:33:18,2,9997,0,9999
2023-10-09T15:46:36,2,9997,0,9999
2023-10-09T15:59:41,2,9997,0,9999
2023-10-09T16:12:47,2,9997,0,9999
2023-10-09T16:25:52,2,9997,0,9999
2023-10-09T16:39:09,2,9997,0,9999
2023-10-09T16:52:14,2,9997,0,9999
2023-10-09T17:05:20,2,9997,0,9999
2023-10-09T17:18:27,2,9997,0,9999
2023-10-09T17:31:32,2,9997,0,9999
2023-10-09T17:44:49,2,9997,0,9999
2023-10-09T17:57:53,2,9997,0,9999
2023-10-09T18:10:58,2,9997,0,9999
2023-10-09T18:24:02,2,9997,0,9999
2023-10-09T18:37:19,2,9997,0,9999
2023-10-09T18:50:24,2,9997,0,9999
2023-10-09T19:03:30,2,9997,0,9999
2023-10-09T19:16:36,2,9997,0,9999
2023-10-09T19:29:41,2,9997,0,9999
2023-10-09T19:42:45,2,9997,0,9999
2023-10-09T19:55:50,2,9997,0,9999
2023-10-09T20:09:06,2,9997,0,9999
2023-10-09T20:22:10,2,9997,0,9999
2023-10-09T20:35:16,2,9997,0,9999
2023-10-09T20:48:21,2,9997,0,9999
2023-10-09T21:01:25,2,9997,0,9999
2023-10-09T21:14:29,2,9997,0,9999
2023-10-09T21:27:36,2,9997,0,9999
2023-10-09T21:40:41,2,9997,0,9999
2023-10-09T21:53:46,2,9997,0,9999
2023-10-09T22:07:03,2,9997,0,9999
2023-10-09T22:20:08,2,9997,0,9999
2023-10-09T22:33:13,2,9997,0,9999
2023-10-09T22:46:19,2,9997,0,9999
2023-10-09T22:59:24,2,9997,0,9999
2023-10-09T23:12:30,2,9997,0,9999
2023-10-09T23:25:36,2,9997,0,9999
2023-10-09T23:38:41,2,9997,0,9999
2023-10-09T23:51:58,2,9997,0,9999
2023-10-10T00:05:05,2,9997,0,9999
2023-10-10T00:18:12,2,9997,0,9999
2023-10-10T00:31:24,2,9997,0,9999
2023-10-10T00:44:37,2,9997,0,9999
2023-10-10T00:57:46,2,9997,0,9999
2023-10-10T01:10:56,2,9997,0,9999
2023-10-10T01:24:06,2,9997,0,9999
2023-10-10T01:37:16,2,9997,0,9999
2023-10-10T01:50:36,2,9997,0,9999
2023-10-10T02:03:47,2,9997,0,9999
2023-10-10T02:16:56,2,9997,0,9999
2023-10-10T02:30:02,2,9997,0,9999
2023-10-10T02:43:11,2,9997,0,9999
2023-10-10T02:56:19,2,9997,0,9999
2023-10-10T03:09:27,2,9997,0,9999
2023-10-10T03:22:37,2,9997,0,9999
2023-10-10T03:35:45,2,9997,0,9999
2023-10-10T03:48:53,2,9997,0,9999
2023-10-10T04:02:03,2,9997,0,9999
2023-10-10T04:15:28,2,9997,0,9999
2023-10-10T04:26:26,2,9997,0,9999
2023-10-10T04:39:40,2,9997,0,9999
2023-10-10T04:54:11,2,9997,0,9999
2023-10-10T05:07:43,2,9997,0,9999
2023-10-10T05:20:55,2,9997,0,9999
2023-10-10T05:34:04,2,9997,0,9999
2023-10-10T05:47:13,2,9997,0,9999
2023-10-10T06:00:27,2,9997,0,9999
2023-10-10T06:13:35,2,9997,0,9999
2023-10-10T06:26:43,2,9997,0,9999
2023-10-10T06:39:51,2,9997,0,9999
2023-10-10T06:53:03,2,9997,0,9999
2023-10-10T07:06:13,2,9997,0,9999
2023-10-10T07:19:22,2,9997,0,9999
2023-10-10T07:32:30,2,9997,0,9999
2023-10-10T07:45:37,2,9997,0,9999
2023-10-10T07:58:44,2,9997,0,9999
2023-10-10T08:12:01,2,9997,0,9999
2023-10-10T08:25:09,2,9997,0,9999
2023-10-10T08:38:17,2,9997,0,9999
2023-10-10T08:51:23,2,9997,0,9999
2023-10-10T09:04:30,2,9997,0,9999
2023-10-10T09:17:37,2,9997,0,9999
2023-10-10T09:30:43,2,9997,0,9999
2023-10-10T09:44:00,2,9997,0,9999
2023-10-10T09:57:06,2,9997,0,9999
2023-10-10T10:10:11,2,9997,0,9999
2023-10-10T10:23:17,2,9997,0,9999
2023-10-10T10:36:22,2,9997,0,9999
2023-10-10T10:49:27,2,9997,0,9999
2023-10-10T11:02:44,2,9997,0,9999
2023-10-10T11:15:50,2,9997,0,9999
2023-10-10T11:28:55,2,9997,0,9999
2023-10-10T11:42:01,2,9997,0,9999
2023-10-10T11:55:06,2,9997,0,9999
2023-10-10T12:08:11,2,9997,0,9999
2023-10-10T12:21:28,2,9997,0,9999
2023-10-10T12:34:33,2,9997,0,9999
2023-10-10T12:47:39,2,9997,0,9999
2023-10-10T13:00:43,2,9997,0,9999
2023-10-10T13:13:50,2,9997,0,9999
2023-10-10T13:27:08,2,9997,0,9999
2023-10-10T13:40:13,2,9997,0,9999
2023-10-10T13:53:18,2,9997,0,9999
2023-10-10T14:06:23,2,9997,0,9999
2023-10-10T14:19:29,2,9997,0,9999
2023-10-10T14:32:46,2,9997,0,9999
2023-10-10T14:45:50,2,9997,0,9999
2023-10-10T14:58:55,2,9997,0,9999
2023-10-10T15:12:00,2,9997,0,9999
2023-10-10T15:25:05,2,9997,0,9999
2023-10-10T15:38:25,2,9997,0,9999
2023-10-10T15:51:29,2,9997,0,9999
2023-10-10T16:04:34,2,9997,0,9999
2023-10-10T16:17:40,2,9997,0,9999
2023-10-10T16:30:44,2,9997,0,9999
2023-10-10T16:43:49,2,9997,0,9999
2023-10-10T16:57:05,2,9997,0,9999
2023-10-10T17:10:11,2,9997,0,9999
2023-10-10T17:23:17,2,9997,0,9999
2023-10-10T17:36:21,2,9997,0,9999
2023-10-10T17:49:26,2,9997,0,9999
2023-10-10T18:02:31,2,9997,0,9999
2023-10-10T18:15:36,2,9997,0,9999
2023-10-10T18:28:53,2,9997,0,9999
2023-10-10T18:41:59,2,9997,0,9999
2023-10-10T18:55:04,2,9997,0,9999
2023-10-10T19:08:09,2,9997,0,9999
2023-10-10T19:21:14,2,9997,0,9999
2023-10-10T19:34:19,2,9997,0,9999
2023-10-10T19:47:23,2,9997,0,9999
2023-10-10T20:00:28,2,9997,0,9999
2023-10-10T20:13:32,2,9997,0,9999
2023-10-10T20:26:49,2,9997,0,9999
2023-10-10T20:39:54,2,9997,0,9999
2023-10-10T20:52:58,2,9997,0,9999
2023-10-10T21:06:03,2,9997,0,9999
2023-10-10T21:19:08,2,9997,0,9999
2023-10-10T21:32:13,2,9997,0,9999
2023-10-10T21:45:18,2,9997,0,9999
2023-10-10T21:58:23,2,9997,0,9999
2023-10-10T22:11:28,2,9997,0,9999
2023-10-10T22:24:43,2,9997,0,9999
2023-10-10T22:37:48,2,9997,0,9999
2023-10-10T22:50:53,2,9997,0,9999
2023-10-10T23:03:57,2,9997,0,9999
2023-10-10T23:17:02,2,9997,0,9999
2023-10-10T23:30:08,2,9997,0,9999
2023-10-10T23:43:13,2,9997,0,9999
2023-10-10T23:56:19,2,9997,0,9999
2023-10-11T00:09:25,2,9997,0,9999
2023-10-11T00:22:36,2,9997,0,9999
2023-10-11T00:47:10,2,9997,0,9999
2023-10-11T01:00:21,2,9997,0,9999
2023-10-11T01:13:34,2,9997,0,9999
2023-10-11T01:26:44,2,9997,0,9999
2023-10-11T01:40:04,2,9997,0,9999
2023-10-11T01:53:14,2,9997,0,9999
2023-10-11T02:06:26,2,9997,0,9999
2023-10-11T02:19:35,2,9997,0,9999
2023-10-11T02:32:43,2,9997,0,9999
2023-10-11T02:45:50,2,9997,0,9999
2023-10-11T02:59:00,2,9997,0,9999
2023-10-11T03:12:12,2,9997,0,9999
2023-10-11T03:25:22,2,9997,0,9999
2023-10-11T03:38:31,2,9997,0,9999
2023-10-11T03:51:41,2,9997,0,9999
2023-10-11T04:05:06,2,9997,0,9999
2023-10-11T04:17:42,2,9997,0,9999
2023-10-11T04:30:55,2,9997,0,9999
2023-10-11T04:45:24,2,9997,0,9999
2023-10-11T04:58:58,2,9997,0,9999
2023-10-11T05:12:15,2,9997,0,9999
2023-10-11T05:25:25,2,9997,0,9999
2023-10-11T05:38:36,2,9997,0,9999
2023-10-11T05:51:47,2,9997,0,9999
2023-10-11T06:05:01,2,9997,0,9999
2023-10-11T06:18:10,2,9997,0,9999
2023-10-11T06:31:20,2,9997,0,9999
2023-10-11T06:44:29,2,9997,0,9999
2023-10-11T06:57:37,2,9997,0,9999
2023-10-11T07:10:46,2,9997,0,9999
2023-10-11T07:23:54,2,9997,0,9999
2023-10-11T07:37:01,2,9997,0,9999
2023-10-11T07:50:06,2,9997,0,9999
2023-10-11T08:03:13,2,9997,0,9999
2023-10-11T08:16:18,2,9997,0,9999
2023-10-11T08:29:33,2,9997,0,9999
2023-10-11T08:42:38,2,9997,0,9999
2023-10-11T08:55:42,2,9997,0,9999
2023-10-11T09:08:47,2,9997,0,9999
2023-10-11T09:21:52,2,9997,0,9999
2023-10-11T09:34:57,2,9997,0,9999
2023-10-11T09:48:01,2,9997,0,9999
2023-10-11T10:01:08,2,9997,0,9999
2023-10-11T10:14:12,2,9997,0,9999
2023-10-11T10:27:36,2,9997,0,9999
2023-10-11T10:40:41,2,9997,0,9999
2023-10-11T10:53:45,2,9997,0,9999
2023-10-11T11:06:51,2,9997,0,9999
2023-10-11T11:19:56,2,9997,0,9999
2023-10-11T11:33:00,2,9997,0,9999
2023-10-11T11:46:15,2,9997,0,9999
2023-10-11T11:59:20,2,9997,0,9999
2023-10-11T12:12:25,2,9997,0,9999
2023-10-11T12:25:29,2,9997,0,9999
2023-10-11T12:38:34,2,9997,0,9999
2023-10-11T12:51:38,2,9997,0,9999
2023-10-11T13:04:53,2,9997,0,9999
2023-10-11T13:17:58,2,9997,0,9999
2023-10-11T13:31:02,2,9997,0,9999
2023-10-11T13:44:07,2,9997,0,9999
2023-10-11T13:57:13,2,9997,0,9999
2023-10-11T14:10:37,2,9997,0,9999
2023-10-11T14:23:42,2,9997,0,9999
2023-10-11T14:36:47,2,9997,0,9999
2023-10-11T14:49:53,2,9997,0,9999
2023-10-11T15:02:58,2,9997,0,9999
2023-10-11T15:16:03,2,9997,0,9999
2023-10-11T15:29:18,2,9997,0,9999
2023-10-11T15:42:24,2,9997,0,9999
2023-10-11T15:55:28,2,9997,0,9999
2023-10-11T16:08:33,2,9997,0,9999
2023-10-11T16:21:38,2,9997,0,9999
2023-10-11T16:34:43,2,9997,0,9999
2023-10-11T16:48:01,2,9997,0,9999
2023-10-11T17:01:06,2,9997,0,9999
2023-10-11T17:14:13,2,9997,0,9999
2023-10-11T17:27:18,2,9997,0,9999
2023-10-11T17:40:23,2,9997,0,9999
2023-10-11T17:53:28,2,9997,0,9999
2023-10-11T18:06:33,2,9997,0,9999
2023-10-11T18:19:49,2,9997,0,9999
2023-10-11T18:32:54,2,9997,0,9999
2023-10-11T18:46:00,2,9997,0,9999
2023-10-11T18:59:05,2,9997,0,9999
2023-10-11T19:12:10,2,9997,0,9999
2023-10-11T19:25:15,2,9997,0,9999
2023-10-11T19:38:21,2,9997,0,9999
2023-10-11T19:51:27,2,9997,0,9999
2023-10-11T20:04:32,2,9997,0,9999
2023-10-11T20:17:49,2,9997,0,9999
2023-10-11T20:30:54,2,9997,0,9999
2023-10-11T20:43:59,2,9997,0,9999
2023-10-11T20:57:04,2,9997,0,9999
2023-10-11T21:10:09,2,9997,0,9999
2023-10-11T21:23:14,2,9997,0,9999
2023-10-11T21:36:19,2,9997,0,9999
2023-10-11T21:49:26,2,9997,0,9999
2023-10-11T22:02:31,2,9997,0,9999
2023-10-11T22:15:38,2,9997,0,9999
2023-10-11T22:28:59,2,9997,0,9999
2023-10-11T22:42:04,2,9997,0,9999
2023-10-11T22:55:10,2,9997,0,9999
2023-10-11T23:08:15,2,9997,0,9999
2023-10-11T23:21:21,2,9997,0,9999
2023-10-11T23:34:27,2,9997,0,9999
2023-10-11T23:47:32,2,9997,0,9999
2023-10-12T00:00:38,2,9997,0,9999
2023-10-12T00:13:50,2,9997,0,9999
2023-10-12T00:27:20,2,9997,0,9999
2023-10-12T00:40:30,2,9997,0,9999
2023-10-12T00:53:40,2,9997,0,9999
2023-10-12T01:06:51,2,9997,0,9999
2023-10-12T01:20:01,2,9997,0,9999
2023-10-12T01:33:11,2,9997,0,9999
2023-10-12T01:46:21,2,9997,0,9999
2023-10-12T01:59:32,2,9997,0,9999
2023-10-12T02:12:41,2,9997,0,9999
2023-10-12T02:25:49,2,9997,0,9999
2023-10-12T02:38:57,2,9997,0,9999
2023-10-12T02:52:02,2,9997,0,9999
2023-10-12T03:05:09,2,9997,0,9999
2023-10-12T03:18:20,2,9997,0,9999
2023-10-12T03:31:32,2,9997,0,9999
2023-10-12T03:44:42,2,9997,0,9999
2023-10-12T03:57:53,2,9997,0,9999
2023-10-12T04:11:14,2,9997,0,9999
2023-10-12T04:21:50,2,9997,0,9999
2023-10-12T04:35:03,2,9997,0,9999
2023-10-12T04:49:42,2,9997,0,9999
2023-10-12T05:02:55,2,9997,0,9999
2023-10-12T05:16:08,2,9997,0,9999
2023-10-12T05:29:20,2,9997,0,9999
2023-10-12T05:42:30,2,9997,0,9999
2023-10-12T05:55:40,2,9997,0,9999
2023-10-12T06:08:51,2,9997,0,9999
2023-10-12T06:22:00,2,9997,0,9999
2023-10-12T06:35:09,2,9997,0,9999
2023-10-12T06:48:20,2,9997,0,9999
2023-10-12T07:01:28,2,9997,0,9999
2023-10-12T07:14:36,2,9997,0,9999
2023-10-12T07:27:43,2,9997,0,9999
2023-10-12T07:40:50,2,9997,0,9999
2023-10-12T07:53:57,2,9997,0,9999
2023-10-12T08:07:12,2,9997,0,9999
2023-10-12T08:20:19,2,9997,0,9999
2023-10-12T08:33:25,2,9997,0,9999
2023-10-12T08:46:30,2,9997,0,9999
2023-10-12T08:59:35,2,9997,0,9999
2023-10-12T09:12:39,2,9997,0,9999
2023-10-12T09:25:44,2,9997,0,9999
2023-10-12T09:38:49,2,9997,0,9999
2023-10-12T09:51:54,2,9997,0,9999
2023-10-12T10:05:10,2,9997,0,9999
2023-10-12T10:18:15,2,9997,0,9999
2023-10-12T10:31:20,2,9997,0,9999
2023-10-12T10:44:25,2,9997,0,9999
2023-10-12T10:57:30,2,9997,0,9999
2023-10-12T11:10:35,2,9997,0,9999
2023-10-12T11:23:51,2,9997,0,9999
2023-10-12T11:36:56,2,9997,0,9999
2023-10-12T11:50:02,2,9997,0,9999
2023-10-12T12:03:08,2,9997,0,9999
2023-10-12T12:16:13,2,9997,0,9999
2023-10-12T12:29:19,2,9997,0,9999
2023-10-12T12:42:24,2,9997,0,9999
2023-10-12T12:55:40,2,9997,0,9999
2023-10-12T13:08:45,2,9997,0,9999
2023-10-12T13:21:51,2,9997,0,9999
2023-10-12T13:34:56,2,9997,0,9999
2023-10-12T13:48:01,2,9997,0,9999
2023-10-12T14:01:19,2,9997,0,9999
2023-10-12T14:14:25,2,9997,0,9999
2023-10-12T14:27:32,2,9997,0,9999
2023-10-12T14:40:38,2,9997,0,9999
2023-10-12T14:53:44,2,9997,0,9999
2023-10-12T15:06:50,2,9997,0,9999
2023-10-12T15:20:08,2,9997,0,9999
2023-10-12T15:33:14,2,9997,0,9999
2023-10-12T15:46:19,2,9997,0,9999
2023-10-12T15:59:25,2,9997,0,9999
2023-10-12T16:12:32,2,9997,0,9999
2023-10-12T16:25:37,2,9997,0,9999
2023-10-12T16:38:54,2,9997,0,9999
2023-10-12T16:51:59,2,9997,0,9999
2023-10-12T17:05:05,2,9997,0,9999
2023-10-12T17:18:13,2,9997,0,9999
2023-10-12T17:31:19,2,9997,0,9999
2023-10-12T17:44:25,2,9997,0,9999
2023-10-12T17:57:42,2,9997,0,9999
2023-10-12T18:10:47,2,9997,0,9999
2023-10-12T18:23:53,2,9997,0,9999
2023-10-12T18:36:59,2,9997,0,9999
2023-10-12T18:50:05,2,9997,0,9999
2023-10-12T19:03:11,2,9997,0,9999
2023-10-12T19:16:18,2,9997,0,9999
2023-10-12T19:29:24,2,9997,0,9999
2023-10-12T19:42:42,2,9997,0,9999
2023-10-12T19:55:48,2,9997,0,9999
2023-10-12T20:08:54,2,9997,0,9999
2023-10-12T20:22:00,2,9997,0,9999
2023-10-12T20:35:06,2,9997,0,9999
2023-10-12T20:48:11,2,9997,0,9999
2023-10-12T21:01:17,2,9997,0,9999
2023-10-12T21:14:23,2,9997,0,9999
2023-10-12T21:27:29,2,9997,0,9999
2023-10-12T21:40:46,2,9997,0,9999
2023-10-12T21:53:52,2,9997,0,9999
2023-10-12T22:06:58,2,9997,0,9999
2023-10-12T22:20:04,2,9997,0,9999
2023-10-12T22:33:09,2,9997,0,9999
2023-10-12T22:46:15,2,9997,0,9999
2023-10-12T22:59:21,2,9997,0,9999
2023-10-12T23:12:27,2,9997,0,9999
2023-10-12T23:25:44,2,9997,0,9999
2023-10-12T23:38:51,2,9997,0,9999
2023-10-12T23:51:57,2,9997,0,9999
2023-10-13T00:05:04,2,9997,0,9999
2023-10-13T00:18:18,2,9997,0,9999
2023-10-13T00:31:30,2,9997,0,9999
2023-10-13T00:44:42,2,9997,0,9999
2023-10-13T00:57:54,2,9997,0,9999
2023-10-13T01:11:05,2,9997,0,9999
2023-10-13T01:24:17,2,9997,0,9999
2023-10-13T01:37:29,2,9997,0,9999
2023-10-13T01:50:50,2,9997,0,9999
2023-10-13T02:04:04,2,9997,0,9999
2023-10-13T02:17:15,2,9997,0,9999
2023-10-13T02:30:25,2,9997,0,9999
2023-10-13T02:43:33,2,9997,0,9999
2023-10-13T02:56:45,2,9997,0,9999
2023-10-13T03:09:57,2,9997,0,9999
2023-10-13T03:23:07,2,9997,0,9999
2023-10-13T03:36:17,2,9997,0,9999
2023-10-13T03:49:27,2,9997,0,9999
2023-10-13T04:02:38,2,9997,0,9999
2023-10-13T04:21:25,2,9997,0,9999
2023-10-13T04:35:01,2,9997,0,9999
2023-10-13T04:48:13,2,9997,0,9999
2023-10-13T05:01:24,2,9997,0,9999
2023-10-13T05:14:39,2,9997,0,9999
2023-10-13T05:27:50,2,9997,0,9999
2023-10-13T05:41:03,2,9997,0,9999
2023-10-13T05:54:13,2,9997,0,9999
2023-10-13T06:07:24,2,9997,0,9999
2023-10-13T06:20:34,2,9997,0,9999
2023-10-13T06:33:46,2,9997,0,9999
2023-10-13T06:46:57,2,9997,0,9999
2023-10-13T07:00:06,2,9997,0,9999
2023-10-13T07:13:18,2,9997,0,9999
2023-10-13T07:26:31,2,9997,0,9999
2023-10-13T07:39:47,2,9997,0,9999
2023-10-13T07:52:56,2,9997,0,9999
2023-10-13T08:06:03,2,9997,0,9999
2023-10-13T08:19:10,2,9997,0,9999
2023-10-13T08:32:17,2,9997,0,9999
2023-10-13T08:45:23,2,9997,0,9999
2023-10-13T08:58:29,2,9997,0,9999
2023-10-13T09:11:35,2,9997,0,9999
2023-10-13T09:24:45,2,9997,0,9999
2023-10-13T09:38:03,2,9997,0,9999
2023-10-13T09:51:11,2,9997,0,9999
2023-10-13T10:04:17,2,9997,0,9999
2023-10-13T10:17:23,2,9997,0,9999
2023-10-13T10:30:29,2,9997,0,9999
2023-10-13T10:43:35,2,9997,0,9999
2023-10-13T10:56:52,2,9997,0,9999
2023-10-13T11:09:58,2,9997,0,9999
2023-10-13T11:23:03,2,9997,0,9999
2023-10-13T11:36:09,2,9997,0,9999
2023-10-13T11:49:16,2,9997,0,9999
2023-10-13T12:02:22,2,9997,0,9999
2023-10-13T12:15:28,2,9997,0,9999
2023-10-13T12:28:46,2,9997,0,9999
2023-10-13T12:41:55,2,9997,0,9999
2023-10-13T12:55:04,2,9997,0,9999
2023-10-13T13:08:10,2,9997,0,9999
2023-10-13T13:21:16,2,9997,0,9999
2023-10-13T13:34:32,2,9997,0,9999
2023-10-13T13:47:38,2,9997,0,9999
2023-10-13T14:00:45,2,9997,0,9999
2023-10-13T14:13:52,2,9997,0,9999
2023-10-13T14:26:58,2,9997,0,9999
2023-10-13T14:40:05,2,9997,0,9999
2023-10-13T14:53:11,2,9997,0,9999
2023-10-13T15:06:27,2,9997,0,9999
2023-10-13T15:19:34,2,9997,0,9999
2023-10-13T15:32:40,2,9997,0,9999
2023-10-13T15:45:47,2,9997,0,9999
2023-10-13T15:58:53,2,9997,0,9999
2023-10-13T16:12:11,2,9997,0,9999
2023-10-13T16:25:17,2,9997,0,9999
2023-10-13T16:38:24,2,9997,0,9999
2023-10-13T16:51:30,2,9997,0,9999
2023-10-13T17:04:37,2,9997,0,9999
2023-10-13T17:17:45,2,9997,0,9999
2023-10-13T17:42:22,2,9997,0,9999
2023-10-13T17:55:58,2,9997,0,9999
2023-10-13T18:09:05,2,9997,0,9999
2023-10-13T18:22:13,2,9997,0,9999
2023-10-13T18:35:22,2,9997,0,9999
2023-10-13T18:48:37,2,9997,0,9999
2023-10-13T19:01:44,2,9997,0,9999
2023-10-13T19:14:49,2,9997,0,9999
2023-10-13T19:27:59,2,9997,0,9999
2023-10-13T19:41:05,2,9997,0,9999
2023-10-13T19:54:12,2,9997,0,9999
2023-10-13T20:07:18,2,9997,0,9999
2023-10-13T20:20:35,2,9997,0,9999
2023-10-13T20:33:42,2,9997,0,9999
2023-10-13T20:46:48,2,9997,0,9999
2023-10-13T20:59:54,2,9997,0,9999
2023-10-13T21:13:01,2,9997,0,9999
2023-10-13T21:26:08,2,9997,0,9999
2023-10-13T21:39:14,2,9997,0,9999
2023-10-13T21:52:21,2,9997,0,9999
2023-10-13T22:05:27,2,9997,0,9999
2023-10-13T22:18:33,2,9997,0,9999
2023-10-13T22:31:39,2,9997,0,9999
2023-10-13T22:44:46,2,9997,0,9999
2023-10-13T22:58:01,2,9997,0,9999
2023-10-13T23:11:08,2,9997,0,9999
2023-10-13T23:24:15,2,9997,0,9999
2023-10-13T23:37:22,2,9997,0,9999
2023-10-13T23:50:29,2,9997,0,9999
2023-10-14T00:03:37,2,9997,0,9999
2023-10-14T00:16:54,2,9997,0,9999
2023-10-14T00:30:05,2,9997,0,9999
2023-10-14T00:43:17,2,9997,0,9999
2023-10-14T00:56:28,2,9997,0,9999
2023-10-14T01:09:40,2,9997,0,9999
2023-10-14T01:22:52,2,9997,0,9999
2023-10-14T01:36:04,2,9997,0,9999
2023-10-14T01:49:15,2,9997,0,9999
2023-10-14T02:02:27,2,9997,0,9999
2023-10-14T02:15:48,2,9997,0,9999
2023-10-14T02:28:57,2,9997,0,9999
2023-10-14T02:42:04,2,9997,0,9999
2023-10-14T02:55:10,2,9997,0,9999
2023-10-14T03:08:18,2,9997,0,9999
2023-10-14T03:21:33,2,9997,0,9999
2023-10-14T03:36:21,2,9997,0,9999
2023-10-14T03:49:34,2,9997,0,9999
2023-10-14T04:02:46,2,9997,0,9999
2023-10-14T04:22:41,2,9997,0,9999
2023-10-14T04:35:55,2,9997,0,9999
2023-10-14T04:50:40,2,9997,0,9999
2023-10-14T05:03:53,2,9997,0,9999
2023-10-14T05:17:03,2,9997,0,9999
2023-10-14T05:30:16,2,9997,0,9999
2023-10-14T05:43:28,2,9997,0,9999
2023-10-14T05:56:39,2,9997,0,9999
2023-10-14T06:09:56,2,9997,0,9999
2023-10-14T06:23:07,2,9997,0,9999
2023-10-14T06:36:17,2,9997,0,9999
2023-10-14T06:49:27,2,9997,0,9999
2023-10-14T07:02:41,2,9997,0,9999
2023-10-14T07:15:52,2,9997,0,9999
2023-10-14T07:29:02,2,9997,0,9999
2023-10-14T07:42:11,2,9997,0,9999
2023-10-14T07:55:21,2,9997,0,9999
2023-10-14T08:08:32,2,9997,0,9999
2023-10-14T08:21:42,2,9997,0,9999
2023-10-14T08:35:01,2,9997,0,9999
2023-10-14T08:48:10,2,9997,0,9999
2023-10-14T09:01:18,2,9997,0,9999
2023-10-14T09:14:29,2,9997,0,9999
2023-10-14T09:27:38,2,9997,0,9999
2023-10-14T09:40:46,2,9997,0,9999
2023-10-14T09:53:53,2,9997,0,9999
2023-10-14T10:07:01,2,9997,0,9999
2023-10-14T10:20:09,2,9997,0,9999
2023-10-14T10:33:20,2,9997,0,9999
2023-10-14T10:46:27,2,9997,0,9999
2023-10-14T10:59:33,2,9997,0,9999
2023-10-14T11:12:39,2,9997,0,9999
2023-10-14T11:25:53,2,9997,0,9999
2023-10-14T11:38:59,2,9997,0,9999
2023-10-14T11:52:05,2,9997,0,9999
2023-10-14T12:05:11,2,9997,0,9999
2023-10-14T12:18:17,2,9997,0,9999
2023-10-14T12:31:23,2,9997,0,9999
2023-10-14T12:44:29,2,9997,0,9999
2023-10-14T12:57:35,2,9997,0,9999
2023-10-14T13:10:41,2,9997,0,9999
2023-10-14T13:23:47,2,9997,0,9999
2023-10-14T13:36:53,2,9997,0,9999
2023-10-14T13:49:59,2,9997,0,9999
2023-10-14T14:03:05,2,9997,0,9999
2023-10-14T14:16:11,2,9997,0,9999
2023-10-14T14:29:28,2,9997,0,9999
2023-10-14T14:42:34,2,9997,0,9999
2023-10-14T14:55:40,2,9997,0,9999
2023-10-14T15:08:46,2,9997,0,9999
2023-10-14T15:21:51,2,9997,0,9999
2023-10-14T15:34:58,2,9997,0,9999
2023-10-14T15:48:04,2,9997,0,9999
2023-10-14T16:01:10,2,9997,0,9999
2023-10-14T16:14:16,2,9997,0,9999
2023-10-14T16:27:22,2,9997,0,9999
2023-10-14T16:40:30,2,9997,0,9999
2023-10-14T16:53:37,2,9997,0,9999
2023-10-14T17:06:43,2,9997,0,9999
2023-10-14T17:19:50,2,9997,0,9999
2023-10-14T17:33:06,2,9997,0,9999
2023-10-14T17:46:12,2,9997,0,9999
2023-10-14T17:59:18,2,9997,0,9999
2023-10-14T18:12:25,2,9997,0,9999
2023-10-14T18:25:31,2,9997,0,9999
2023-10-14T18:38:39,2,9997,0,9999
2023-10-14T18:51:44,2,9997,0,9999
2023-10-14T19:04:51,2,9997,0,9999
2023-10-14T19:17:58,2,9997,0,9999
2023-10-14T19:31:03,2,9997,0,9999
2023-10-14T19:44:10,2,9997,0,9999
2023-10-14T19:57:16,2,9997,0,9999
2023-10-14T20:10:24,2,9997,0,9999
2023-10-14T20:23:30,2,9997,0,9999
2023-10-14T20:36:36,2,9997,0,9999
2023-10-14T20:49:42,2,9997,0,9999
2023-10-14T21:02:59,2,9997,0,9999
2023-10-14T21:16:05,2,9997,0,9999
2023-10-14T21:29:11,2,9997,0,9999
2023-10-14T21:42:17,2,9997,0,9999
2023-10-14T21:55:23,2,9997,0,9999
2023-10-14T22:08:29,2,9997,0,9999
2023-10-14T22:21:35,2,9997,0,9999
2023-10-14T22:34:41,2,9997,0,9999
2023-10-14T22:47:47,2,9997,0,9999
2023-10-14T23:00:52,2,9997,0,9999
2023-10-14T23:14:00,2,9997,0,9999
2023-10-14T23:27:06,2,9997,0,9999
2023-10-14T23:40:13,2,9997,0,9999
2023-10-14T23:53:19,2,9997,0,9999
2023-10-15T00:06:26,2,9997,0,9999
2023-10-15T00:19:33,2,9997,0,9999
2023-10-15T00:32:42,2,9997,0,9999
2023-10-15T00:55:27,2,9997,0,9999
2023-10-15T01:08:50,2,9997,0,9999
2023-10-15T01:22:03,2,9997,0,9999
2023-10-15T01:35:15,2,9997,0,9999
2023-10-15T01:48:29,2,9997,0,9999
2023-10-15T02:01:42,2,9997,0,9999
2023-10-15T02:14:54,2,9997,0,9999
2023-10-15T02:28:06,2,9997,0,9999
2023-10-15T02:41:16,2,9997,0,9999
2023-10-15T02:54:26,2,9997,0,9999
2023-10-15T03:07:38,2,9997,0,9999
2023-10-15T03:20:49,2,9997,0,9999
2023-10-15T03:33:59,2,9997,0,9999
2023-10-15T03:47:09,2,9997,0,9999
2023-10-15T04:00:21,2,9997,0,9999
2023-10-15T04:18:32,2,9997,0,9999
2023-10-15T04:33:02,2,9997,0,9999
2023-10-15T04:46:32,2,9997,0,9999
2023-10-15T04:59:44,2,9997,0,9999
2023-10-15T05:12:56,2,9997,0,9999
2023-10-15T05:26:09,2,9997,0,9999
2023-10-15T05:39:20,2,9997,0,9999
2023-10-15T05:52:32,2,9997,0,9999
2023-10-15T06:05:45,2,9997,0,9999
2023-10-15T06:18:56,2,9997,0,9999
2023-10-15T06:32:07,2,9997,0,9999
2023-10-15T06:45:17,2,9997,0,9999
2023-10-15T06:58:30,2,9997,0,9999
2023-10-15T07:11:42,2,9997,0,9999
2023-10-15T07:24:51,2,9997,0,9999
2023-10-15T07:37:59,2,9997,0,9999
2023-10-15T07:51:06,2,9997,0,9999
2023-10-15T08:04:13,2,9997,0,9999
2023-10-15T08:17:19,2,9997,0,9999
2023-10-15T08:30:27,2,9997,0,9999
2023-10-15T08:43:34,2,9997,0,9999
2023-10-15T08:56:49,2,9997,0,9999
2023-10-15T09:09:55,2,9997,0,9999
2023-10-15T09:23:03,2,9997,0,9999
2023-10-15T09:36:09,2,9997,0,9999
2023-10-15T09:49:16,2,9997,0,9999
2023-10-15T10:02:21,2,9997,0,9999
2023-10-15T10:15:27,2,9997,0,9999
2023-10-15T10:28:34,2,9997,0,9999
2023-10-15T10:41:40,2,9997,0,9999
2023-10-15T10:54:47,2,9997,0,9999
2023-10-15T11:07:52,2,9997,0,9999
2023-10-15T11:21:00,2,9997,0,9999
2023-10-15T11:34:05,2,9997,0,9999
2023-10-15T11:47:11,2,9997,0,9999
2023-10-15T12:00:17,2,9997,0,9999
2023-10-15T12:13:22,2,9997,0,9999
2023-10-15T12:26:28,2,9997,0,9999
2023-10-15T12:39:44,2,9997,0,9999
2023-10-15T12:52:50,2,9997,0,9999
2023-10-15T13:05:56,2,9997,0,9999
2023-10-15T13:19:01,2,9997,0,9999
2023-10-15T13:32:07,2,9997,0,9999
2023-10-15T13:45:13,2,9997,0,9999
2023-10-15T13:58:19,2,9997,0,9999
2023-10-15T14:11:25,2,9997,0,9999
2023-10-15T14:24:31,2,9997,0,9999
2023-10-15T14:37:37,2,9997,0,9999
2023-10-15T14:50:43,2,9997,0,9999
2023-10-15T15:03:49,2,9997,0,9999
2023-10-15T15:16:55,2,9997,0,9999
2023-10-15T15:30:01,2,9997,0,9999
2023-10-15T15:43:06,2,9997,0,9999
2023-10-15T15:56:12,2,9997,0,9999
2023-10-15T16:09:19,2,9997,0,9999
2023-10-15T16:22:35,2,9997,0,9999
2023-10-15T16:35:42,2,9997,0,9999
2023-10-15T16:48:48,2,9997,0,9999
2023-10-15T17:01:54,2,9997,0,9999
2023-10-15T17:15:00,2,9997,0,9999
2023-10-15T17:28:06,2,9997,0,9999
2023-10-15T17:41:12,2,9997,0,9999
2023-10-15T17:54:17,2,9997,0,9999
2023-10-15T18:07:23,2,9997,0,9999
2023-10-15T18:20:29,2,9997,0,9999
2023-10-15T18:33:35,2,9997,0,9999
2023-10-15T18:46:42,2,9997,0,9999
2023-10-15T18:59:48,2,9997,0,9999
2023-10-15T19:12:57,2,9997,0,9999
2023-10-15T19:26:07,2,9997,0,9999
2023-10-15T19:39:25,2,9997,0,9999
2023-10-15T19:52:32,2,9997,0,9999
2023-10-15T20:05:39,2,9997,0,9999
2023-10-15T20:18:45,2,9997,0,9999
2023-10-15T20:31:52,2,9997,0,9999
2023-10-15T20:44:58,2,9997,0,9999
2023-10-15T20:58:04,2,9997,0,9999
2023-10-15T21:11:11,2,9997,0,9999
2023-10-15T21:24:17,2,9997,0,9999
2023-10-15T21:37:24,2,9997,0,9999
2023-10-15T21:50:30,2,9997,0,9999
2023-10-15T22:03:36,2,9997,0,9999
2023-10-15T22:16:43,2,9997,0,9999
2023-10-15T22:30:01,2,9997,0,9999
2023-10-15T22:43:08,2,9997,0,9999
2023-10-15T22:56:15,2,9997,0,9999
2023-10-15T23:09:22,2,9997,0,9999
2023-10-15T23:22:29,2,9997,0,9999
2023-10-15T23:35:36,2,9997,0,9999
2023-10-15T23:48:42,2,9997,0,9999
2023-10-16T00:01:49,2,9997,0,9999
2023-10-16T00:15:02,2,9997,0,9999
2023-10-16T00:28:30,2,9997,0,9999
2023-10-16T00:41:45,2,9997,0,9999
2023-10-16T00:54:55,2,9997,0,9999
2023-10-16T01:08:03,2,9997,0,9999
2023-10-16T01:21:25,2,9997,0,9999
2023-10-16T01:34:40,2,9997,0,9999
2023-10-16T01:47:53,2,9997,0,9999
2023-10-16T02:01:04,2,9997,0,9999
2023-10-16T02:14:17,2,9997,0,9999
2023-10-16T02:27:26,2,9997,0,9999
2023-10-16T02:40:49,2,9997,0,9999
2023-10-16T02:53:58,2,9997,0,9999
2023-10-16T03:07:07,2,9997,0,9999
2023-10-16T03:20:18,2,9997,0,9999
2023-10-16T03:33:38,2,9997,0,9999
2023-10-16T03:46:47,2,9997,0,9999
2023-10-16T03:59:57,2,9997,0,9999
2023-10-16T04:15:28,2,9997,0,9999
2023-10-16T04:24:38,2,9997,0,9999
2023-10-16T04:38:18,2,9997,0,9999
2023-10-16T04:51:31,2,9997,0,9999
2023-10-16T05:04:52,2,9997,0,9999
2023-10-16T05:18:07,2,9997,0,9999
2023-10-16T05:31:19,2,9997,0,9999
2023-10-16T05:44:32,2,9997,0,9999
2023-10-16T05:57:44,2,9997,0,9999
2023-10-16T06:10:56,2,9997,0,9999
2023-10-16T06:24:07,2,9997,0,9999
2023-10-16T06:37:18,2,9997,0,9999
2023-10-16T06:50:33,2,9997,0,9999
2023-10-16T07:03:42,2,9997,0,9999
2023-10-16T07:16:50,2,9997,0,9999
2023-10-16T07:29:57,2,9997,0,9999
2023-10-16T07:43:13,2,9997,0,9999
2023-10-16T07:56:19,2,9997,0,9999
2023-10-16T08:09:26,2,9997,0,9999
2023-10-16T08:22:34,2,9997,0,9999
2023-10-16T08:35:42,2,9997,0,9999
2023-10-16T08:48:49,2,9997,0,9999
2023-10-16T09:01:56,2,9997,0,9999
2023-10-16T09:15:03,2,9997,0,9999
2023-10-16T09:28:10,2,9997,0,9999
2023-10-16T09:41:17,2,9997,0,9999
2023-10-16T09:58:45,2,9997,0,9999
2023-10-16T10:12:29,2,9997,0,9999
2023-10-16T10:25:38,2,9997,0,9999
2023-10-16T10:38:46,2,9997,0,9999
2023-10-16T10:51:53,2,9997,0,9999
2023-10-16T11:05:01,2,9997,0,9999
2023-10-16T11:18:08,2,9997,0,9999
2023-10-16T11:31:15,2,9997,0,9999
2023-10-16T11:44:34,2,9997,0,9999
2023-10-16T11:57:41,2,9997,0,9999
2023-10-16T12:10:49,2,9997,0,9999
2023-10-16T12:23:56,2,9997,0,9999
2023-10-16T12:37:03,2,9997,0,9999
2023-10-16T12:50:10,2,9997,0,9999
2023-10-16T13:03:17,2,9997,0,9999
2023-10-16T13:16:25,2,9997,0,9999
2023-10-16T13:29:45,2,9997,0,9999
2023-10-16T13:42:53,2,9997,0,9999
2023-10-16T13:56:01,2,9997,0,9999
2023-10-16T14:09:11,2,9997,0,9999
2023-10-16T14:22:18,2,9997,0,9999
2023-10-16T14:35:26,2,9997,0,9999
2023-10-16T14:48:33,2,9997,0,9999
2023-10-16T15:01:40,2,9997,0,9999
2023-10-16T15:14:59,2,9997,0,9999
2023-10-16T15:28:06,2,9997,0,9999
2023-10-16T15:41:13,2,9997,0,9999
2023-10-16T15:54:21,2,9997,0,9999
2023-10-16T16:07:28,2,9997,0,9999
2023-10-16T16:20:35,2,9997,0,9999
2023-10-16T16:33:41,2,9997,0,9999
2023-10-16T16:46:48,2,9997,0,9999
2023-10-16T16:59:55,2,9997,0,9999
2023-10-16T17:13:14,2,9997,0,9999
2023-10-16T17:26:21,2,9997,0,9999
2023-10-16T17:39:28,2,9997,0,9999
2023-10-16T17:52:35,2,9997,0,9999
2023-10-16T18:05:42,2,9997,0,9999
2023-10-16T18:18:49,2,9997,0,9999
2023-10-16T18:31:56,2,9997,0,9999
2023-10-16T18:45:03,2,9997,0,9999
2023-10-16T18:58:10,2,9997,0,9999
2023-10-16T19:11:17,2,9997,0,9999
2023-10-16T19:24:24,2,9997,0,9999
2023-10-16T19:37:44,2,9997,0,9999
2023-10-16T19:50:51,2,9997,0,9999
2023-10-16T20:03:58,2,9997,0,9999
2023-10-16T20:17:05,2,9997,0,9999
2023-10-16T20:30:11,2,9997,0,9999
2023-10-16T20:43:18,2,9997,0,9999
2023-10-16T20:56:24,2,9997,0,9999
2023-10-16T21:09:33,2,9997,0,9999
2023-10-16T21:22:40,2,9997,0,9999
2023-10-16T21:35:47,2,9997,0,9999
2023-10-16T21:48:54,2,9997,0,9999
2023-10-16T22:02:11,2,9997,0,9999
2023-10-16T22:15:20,2,9997,0,9999
2023-10-16T22:28:27,2,9997,0,9999
2023-10-16T22:41:34,2,9997,0,9999
2023-10-16T22:54:40,2,9997,0,9999
2023-10-16T23:07:48,2,9997,0,9999
2023-10-16T23:20:55,2,9997,0,9999
2023-10-16T23:34:02,2,9997,0,9999
2023-10-16T23:47:09,2,9997,0,9999
2023-10-17T00:00:16,2,9997,0,9999
2023-10-17T00:13:36,2,9997,0,9999
2023-10-17T00:26:48,2,9997,0,9999
2023-10-17T00:40:00,2,9997,0,9999
2023-10-17T00:53:13,2,9997,0,9999
2023-10-17T01:06:27,2,9997,0,9999
2023-10-17T01:19:39,2,9997,0,9999
2023-10-17T01:32:50,2,9997,0,9999
2023-10-17T01:46:01,2,9997,0,9999
2023-10-17T01:59:12,2,9997,0,9999
2023-10-17T02:12:21,2,9997,0,9999
2023-10-17T02:25:29,2,9997,0,9999
2023-10-17T02:38:38,2,9997,0,9999
2023-10-17T02:51:47,2,9997,0,9999
2023-10-17T03:04:56,2,9997,0,9999
2023-10-17T03:18:06,2,9997,0,9999
2023-10-17T03:31:16,2,9997,0,9999
2023-10-17T03:44:28,2,9997,0,9999
2023-10-17T03:57:51,2,9997,0,9999
2023-10-17T04:14:23,2,9997,0,9999
2023-10-17T04:27:39,2,9997,0,9999
2023-10-17T04:40:51,2,9997,0,9999
2023-10-17T04:55:41,2,9997,0,9999
2023-10-17T05:08:58,2,9997,0,9999
2023-10-17T05:22:10,2,9997,0,9999
2023-10-17T05:35:22,2,9997,0,9999
2023-10-17T05:48:34,2,9997,0,9999
2023-10-17T06:01:45,2,9997,0,9999
2023-10-17T06:14:56,2,9997,0,9999
2023-10-17T06:28:07,2,9997,0,9999
2023-10-17T06:41:18,2,9997,0,9999
2023-10-17T06:54:33,2,9997,0,9999
2023-10-17T07:07:44,2,9997,0,9999
2023-10-17T07:20:55,2,9997,0,9999
2023-10-17T07:34:06,2,9997,0,9999
2023-10-17T07:47:15,2,9997,0,9999
2023-10-17T08:00:24,2,9997,0,9999
2023-10-17T08:13:34,2,9997,0,9999
2023-10-17T08:26:44,2,9997,0,9999
2023-10-17T08:39:52,2,9997,0,9999
2023-10-17T08:53:01,2,9997,0,9999
2023-10-17T09:06:19,2,9997,0,9999
2023-10-17T09:19:27,2,9997,0,9999
2023-10-17T09:32:35,2,9997,0,9999
2023-10-17T09:45:42,2,9997,0,9999
2023-10-17T09:58:50,2,9997,0,9999
2023-10-17T10:11:58,2,9997,0,9999
2023-10-17T10:25:08,2,9997,0,9999
2023-10-17T10:38:17,2,9997,0,9999
2023-10-17T10:51:24,2,9997,0,9999
2023-10-17T11:04:32,2,9997,0,9999
2023-10-17T11:17:40,2,9997,0,9999
2023-10-17T11:31:00,2,9997,0,9999
2023-10-17T11:44:08,2,9997,0,9999
2023-10-17T11:57:16,2,9997,0,9999
2023-10-17T12:10:25,2,9997,0,9999
2023-10-17T12:23:33,2,9997,0,9999
2023-10-17T12:36:41,2,9997,0,9999
2023-10-17T12:49:49,2,9997,0,9999
2023-10-17T13:02:57,2,9997,0,9999
2023-10-17T13:16:17,2,9997,0,9999
2023-10-17T13:29:26,2,9997,0,9999
2023-10-17T13:42:34,2,9997,0,9999
2023-10-17T13:55:41,2,9997,0,9999
2023-10-17T14:08:49,2,9997,0,9999
2023-10-17T14:21:57,2,9997,0,9999
2023-10-17T14:35:05,2,9997,0,9999
2023-10-17T14:48:13,2,9997,0,9999
2023-10-17T15:01:21,2,9997,0,9999
2023-10-17T15:14:41,2,9997,0,9999
2023-10-17T15:27:49,2,9997,0,9999
2023-10-17T15:40:56,2,9997,0,9999
2023-10-17T15:54:05,2,9997,0,9999
2023-10-17T16:07:13,2,9997,0,9999
2023-10-17T16:20:23,2,9997,0,9999
2023-10-17T16:33:31,2,9997,0,9999
2023-10-17T16:46:49,2,9997,0,9999
2023-10-17T16:59:57,2,9997,0,9999
2023-10-17T17:13:06,2,9997,0,9999
2023-10-17T17:26:14,2,9997,0,9999
2023-10-17T17:39:22,2,9997,0,9999
2023-10-17T17:52:30,2,9997,0,9999
2023-10-17T18:05:39,2,9997,0,9999
2023-10-17T18:18:47,2,9997,0,9999
2023-10-17T18:31:55,2,9997,0,9999
2023-10-17T18:45:14,2,9997,0,9999
2023-10-17T18:58:22,2,9997,0,9999
2023-10-17T19:11:30,2,9997,0,9999
2023-10-17T19:24:39,2,9997,0,9999
2023-10-17T19:37:47,2,9997,0,9999
2023-10-17T19:50:54,2,9997,0,9999
2023-10-17T20:04:02,2,9997,0,9999
2023-10-17T20:17:10,2,9997,0,9999
2023-10-17T20:30:19,2,9997,0,9999
2023-10-17T20:43:27,2,9997,0,9999
2023-10-17T20:56:34,2,9997,0,9999
2023-10-17T21:09:42,2,9997,0,9999
2023-10-17T21:22:51,2,9997,0,9999
2023-10-17T21:35:59,2,9997,0,9999
2023-10-17T21:49:18,2,9997,0,9999
2023-10-17T22:02:25,2,9997,0,9999
2023-10-17T22:15:33,2,9997,0,9999
2023-10-17T22:28:41,2,9997,0,9999
2023-10-17T22:41:49,2,9997,0,9999
2023-10-17T22:54:57,2,9997,0,9999
2023-10-17T23:08:16,2,9997,0,9999
2023-10-17T23:21:25,2,9997,0,9999
2023-10-17T23:34:33,2,9997,0,9999
2023-10-17T23:47:41,2,9997,0,9999
2023-10-18T00:00:52,2,9997,0,9999
2023-10-18T00:14:04,2,9997,0,9999
2023-10-18T00:27:17,2,9997,0,9999
2023-10-18T00:40:30,2,9997,0,9999
2023-10-18T00:53:54,2,9997,0,9999
2023-10-18T01:07:08,2,9997,0,9999
2023-10-18T01:20:21,2,9997,0,9999
2023-10-18T01:33:34,2,9997,0,9999
2023-10-18T01:46:49,2,9997,0,9999
2023-10-18T02:00:03,2,9997,0,9999
2023-10-18T02:13:15,2,9997,0,9999
2023-10-18T02:26:28,2,9997,0,9999
2023-10-18T02:39:37,2,9997,0,9999
2023-10-18T02:52:50,2,9997,0,9999
2023-10-18T03:06:01,2,9997,0,9999
2023-10-18T03:19:11,2,9997,0,9999
2023-10-18T03:32:22,2,9997,0,9999
2023-10-18T03:45:44,2,9997,0,9999
2023-10-18T03:58:57,2,9997,0,9999
2023-10-18T04:12:10,2,9997,0,9999
2023-10-18T04:26:11,2,9997,0,9999
2023-10-18T04:40:56,2,9997,0,9999
2023-10-18T04:54:13,2,9997,0,9999
2023-10-18T05:07:29,2,9997,0,9999
2023-10-18T05:20:44,2,9997,0,9999
2023-10-18T05:33:57,2,9997,0,9999
2023-10-18T05:47:10,2,9997,0,9999
2023-10-18T06:00:23,2,9997,0,9999
2023-10-18T06:13:40,2,9997,0,9999
2023-10-18T06:26:54,2,9997,0,9999
2023-10-18T06:40:08,2,9997,0,9999
2023-10-18T06:53:22,2,9997,0,9999
2023-10-18T07:06:35,2,9997,0,9999
2023-10-18T07:19:46,2,9997,0,9999
2023-10-18T07:32:57,2,9997,0,9999
2023-10-18T07:46:08,2,9997,0,9999
2023-10-18T07:59:19,2,9997,0,9999
2023-10-18T08:12:30,2,9997,0,9999
2023-10-18T08:25:42,2,9997,0,9999
2023-10-18T08:38:54,2,9997,0,9999
2023-10-18T08:52:03,2,9997,0,9999
2023-10-18T09:05:11,2,9997,0,9999
2023-10-18T09:18:46,2,9997,0,9999
2023-10-18T09:31:55,2,9997,0,9999
2023-10-18T09:45:03,2,9997,0,9999
2023-10-18T09:58:12,2,9997,0,9999
2023-10-18T10:11:21,2,9997,0,9999
2023-10-18T10:24:30,2,9997,0,9999
2023-10-18T10:37:39,2,9997,0,9999
2023-10-18T10:50:47,2,9997,0,9999
2023-10-18T11:03:56,2,9997,0,9999
2023-10-18T11:17:05,2,9997,0,9999
2023-10-18T11:30:14,2,9997,0,9999
2023-10-18T11:43:34,2,9997,0,9999
