time,enrolled,available,waitlisted,total
2023-05-25T01:22:43,0,9999,0,9999
2023-05-25T01:34:20,0,9999,0,9999
2023-05-25T01:46:04,0,9999,0,9999
2023-05-25T01:57:39,0,9999,0,9999
2023-05-25T02:09:15,0,9999,0,9999
2023-05-25T02:20:52,0,9999,0,9999
2023-05-25T02:32:26,0,9999,0,9999
2023-05-25T02:43:59,0,9999,0,9999
2023-05-25T02:55:32,0,9999,0,9999
2023-05-25T03:07:06,0,9999,0,9999
2023-05-25T03:18:45,0,9999,0,9999
2023-05-25T03:30:43,0,9999,0,9999
2023-05-25T03:42:20,0,9999,0,9999
2023-05-25T03:53:56,0,9999,0,9999
2023-05-25T04:05:31,0,9999,0,9999
2023-05-25T04:25:19,0,9999,0,9999
2023-05-25T04:36:56,0,9999,0,9999
2023-05-25T04:48:32,0,9999,0,9999
2023-05-25T05:00:07,0,9999,0,9999
2023-05-25T05:11:44,0,9999,0,9999
2023-05-25T05:23:20,0,9999,0,9999
2023-05-25T05:34:57,0,9999,0,9999
2023-05-25T05:46:33,0,9999,0,9999
2023-05-25T05:58:10,0,9999,0,9999
2023-05-25T06:09:46,0,9999,0,9999
2023-05-25T06:21:21,0,9999,0,9999
2023-05-25T06:32:56,0,9999,0,9999
2023-05-25T06:44:31,0,9999,0,9999
2023-05-25T06:56:06,0,9999,0,9999
2023-05-25T07:07:42,0,9999,0,9999
2023-05-25T07:19:16,0,9999,0,9999
2023-05-25T07:30:50,0,9999,0,9999
2023-05-25T07:42:26,0,9999,0,9999
2023-05-25T07:54:02,0,9999,0,9999
2023-05-25T08:05:37,0,9999,0,9999
2023-05-25T08:17:12,0,9999,0,9999
2023-05-25T08:28:56,0,9999,0,9999
2023-05-25T08:40:29,0,9999,0,9999
2023-05-25T08:52:01,0,9999,0,9999
2023-05-25T09:03:35,0,9999,0,9999
2023-05-25T09:15:08,0,9999,0,9999
2023-05-25T09:26:40,0,9999,0,9999
2023-05-25T09:38:13,0,9999,0,9999
2023-05-25T09:49:45,0,9999,0,9999
2023-05-25T10:01:19,0,9999,0,9999
2023-05-25T10:13:03,0,9999,0,9999
2023-05-25T10:24:36,0,9999,0,9999
2023-05-25T10:36:09,0,9999,0,9999
2023-05-25T10:47:42,0,9999,0,9999
2023-05-25T10:59:24,0,9999,0,9999
2023-05-25T11:10:57,0,9999,0,9999
2023-05-25T11:22:30,0,9999,0,9999
2023-05-25T11:34:02,0,9999,0,9999
2023-05-25T11:45:35,0,9999,0,9999
2023-05-25T11:57:20,0,9999,0,9999
2023-05-25T12:08:52,0,9999,0,9999
2023-05-25T12:20:25,0,9999,0,9999
2023-05-25T12:31:58,0,9999,0,9999
2023-05-25T12:43:31,0,9999,0,9999
2023-05-25T12:55:04,0,9999,0,9999
2023-05-25T13:06:47,0,9999,0,9999
2023-05-25T13:18:20,0,9999,0,9999
2023-05-25T13:29:53,0,9999,0,9999
2023-05-25T13:41:26,0,9999,0,9999
2023-05-25T13:52:59,0,9999,0,9999
2023-05-25T14:04:43,0,9999,0,9999
2023-05-25T14:16:17,0,9999,0,9999
2023-05-25T14:27:50,0,9999,0,9999
2023-05-25T14:39:23,0,9999,0,9999
2023-05-25T14:50:56,0,9999,0,9999
2023-05-25T15:02:41,0,9999,0,9999
2023-05-25T15:14:15,0,9999,0,9999
2023-05-25T15:25:49,0,9999,0,9999
2023-05-25T15:37:24,0,9999,0,9999
2023-05-25T15:48:59,0,9999,0,9999
2023-05-25T16:00:33,0,9999,0,9999
2023-05-25T16:12:19,0,9999,0,9999
2023-05-25T16:23:54,0,9999,0,9999
2023-05-25T16:35:29,0,9999,0,9999
2023-05-25T16:47:04,0,9999,0,9999
2023-05-25T16:58:40,0,9999,0,9999
2023-05-25T17:10:17,0,9999,0,9999
2023-05-25T17:22:04,0,9999,0,9999
2023-05-25T17:33:39,0,9999,0,9999
2023-05-25T17:45:15,0,9999,0,9999
2023-05-25T17:56:51,0,9999,0,9999
2023-05-25T18:08:27,0,9999,0,9999
2023-05-25T18:20:03,0,9999,0,9999
2023-05-25T18:31:38,0,9999,0,9999
2023-05-25T18:43:24,0,9999,0,9999
2023-05-25T18:55:00,0,9999,0,9999
2023-05-25T19:06:36,0,9999,0,9999
2023-05-25T19:18:12,0,9999,0,9999
2023-05-25T19:29:47,0,9999,0,9999
2023-05-25T19:41:23,0,9999,0,9999
2023-05-25T19:53:09,0,9999,0,9999
2023-05-25T20:04:45,0,9999,0,9999
2023-05-25T20:16:21,0,9999,0,9999
2023-05-25T20:27:57,0,9999,0,9999
2023-05-25T20:39:32,0,9999,0,9999
2023-05-25T20:51:08,0,9999,0,9999
2023-05-25T21:02:43,0,9999,0,9999
2023-05-25T21:14:20,0,9999,0,9999
2023-05-25T21:26:06,0,9999,0,9999
2023-05-25T21:37:42,0,9999,0,9999
2023-05-25T21:49:18,0,9999,0,9999
2023-05-25T22:00:53,0,9999,0,9999
2023-05-25T22:12:29,0,9999,0,9999
2023-05-25T22:24:04,0,9999,0,9999
2023-05-25T22:35:40,0,9999,0,9999
2023-05-25T22:47:26,0,9999,0,9999
2023-05-25T22:59:01,0,9999,0,9999
2023-05-25T23:10:40,0,9999,0,9999
2023-05-25T23:22:15,0,9999,0,9999
2023-05-25T23:33:51,0,9999,0,9999
2023-05-25T23:45:27,0,9999,0,9999
2023-05-25T23:57:04,0,9999,0,9999
2023-05-26T00:09:00,0,9999,0,9999
2023-05-26T00:20:40,0,9999,0,9999
2023-05-26T00:32:19,0,9999,0,9999
2023-05-26T00:43:58,0,9999,0,9999
2023-05-26T00:55:36,0,9999,0,9999
2023-05-26T01:07:16,0,9999,0,9999
2023-05-26T01:18:55,0,9999,0,9999
2023-05-26T01:30:33,0,9999,0,9999
2023-05-26T01:42:10,0,9999,0,9999
2023-05-26T01:53:59,0,9999,0,9999
2023-05-26T02:05:41,0,9999,0,9999
2023-05-26T02:17:19,0,9999,0,9999
2023-05-26T02:28:56,0,9999,0,9999
2023-05-26T02:40:35,0,9999,0,9999
2023-05-26T02:52:24,0,9999,0,9999
2023-05-26T03:04:04,0,9999,0,9999
2023-05-26T03:15:44,0,9999,0,9999
2023-05-26T03:27:25,0,9999,0,9999
2023-05-26T03:39:03,0,9999,0,9999
2023-05-26T03:50:41,0,9999,0,9999
2023-05-26T04:02:20,0,9999,0,9999
2023-05-26T04:14:08,0,9999,0,9999
2023-05-26T04:36:32,0,9999,0,9999
2023-05-26T04:48:13,0,9999,0,9999
2023-05-26T04:59:53,0,9999,0,9999
2023-05-26T05:11:35,0,9999,0,9999
2023-05-26T05:23:14,0,9999,0,9999
2023-05-26T05:34:52,0,9999,0,9999
2023-05-26T05:46:32,0,9999,0,9999
2023-05-26T05:58:10,0,9999,0,9999
2023-05-26T06:09:49,0,9999,0,9999
2023-05-26T06:21:28,0,9999,0,9999
2023-05-26T06:33:07,0,9999,0,9999
2023-05-26T06:44:46,0,9999,0,9999
2023-05-26T06:56:24,0,9999,0,9999
2023-05-26T07:08:02,0,9999,0,9999
2023-05-26T07:19:41,0,9999,0,9999
2023-05-26T07:31:27,0,9999,0,9999
2023-05-26T07:43:04,0,9999,0,9999
2023-05-26T07:54:42,0,9999,0,9999
2023-05-26T08:06:18,0,9999,0,9999
2023-05-26T08:17:54,0,9999,0,9999
2023-05-26T08:29:30,0,9999,0,9999
2023-05-26T08:41:06,0,9999,0,9999
2023-05-26T08:52:42,0,9999,0,9999
2023-05-26T09:04:18,0,9999,0,9999
2023-05-26T09:15:55,0,9999,0,9999
2023-05-26T09:27:31,0,9999,0,9999
2023-05-26T09:39:18,0,9999,0,9999
2023-05-26T09:50:54,0,9999,0,9999
2023-05-26T10:02:30,0,9999,0,9999
2023-05-26T10:14:07,0,9999,0,9999
2023-05-26T10:25:43,0,9999,0,9999
2023-05-26T10:37:31,0,9999,0,9999
2023-05-26T10:49:07,0,9999,0,9999
2023-05-26T11:00:44,0,9999,0,9999
2023-05-26T11:12:21,0,9999,0,9999
2023-05-26T11:23:57,0,9999,0,9999
2023-05-26T11:35:33,0,9999,0,9999
2023-05-26T11:47:19,0,9999,0,9999
2023-05-26T11:58:55,0,9999,0,9999
2023-05-26T12:10:32,0,9999,0,9999
2023-05-26T12:22:08,0,9999,0,9999
2023-05-26T12:33:44,0,9999,0,9999
2023-05-26T12:45:31,0,9999,0,9999
2023-05-26T12:57:07,0,9999,0,9999
2023-05-26T13:08:43,0,9999,0,9999
2023-05-26T13:20:18,0,9999,0,9999
2023-05-26T13:32:05,0,9999,0,9999
2023-05-26T13:43:41,0,9999,0,9999
2023-05-26T13:55:17,0,9999,0,9999
2023-05-26T14:06:53,0,9999,0,9999
2023-05-26T14:18:28,0,9999,0,9999
2023-05-26T14:30:16,0,9999,0,9999
2023-05-26T14:41:52,0,9999,0,9999
2023-05-26T14:53:28,0,9999,0,9999
2023-05-26T15:05:05,0,9999,0,9999
2023-05-26T15:16:42,0,9999,0,9999
2023-05-26T15:28:29,0,9999,0,9999
2023-05-26T15:40:04,0,9999,0,9999
2023-05-26T15:51:40,0,9999,0,9999
2023-05-26T16:03:16,0,9999,0,9999
2023-05-26T16:14:52,0,9999,0,9999
2023-05-26T16:26:27,0,9999,0,9999
2023-05-26T16:38:13,0,9999,0,9999
2023-05-26T16:49:49,0,9999,0,9999
2023-05-26T17:01:24,0,9999,0,9999
2023-05-26T17:13:01,0,9999,0,9999
2023-05-26T17:24:37,0,9999,0,9999
2023-05-26T17:36:13,0,9999,0,9999
2023-05-26T17:47:59,0,9999,0,9999
2023-05-26T17:59:34,0,9999,0,9999
2023-05-26T18:11:10,0,9999,0,9999
2023-05-26T18:22:46,0,9999,0,9999
2023-05-26T18:34:22,0,9999,0,9999
2023-05-26T18:45:57,0,9999,0,9999
2023-05-26T18:57:43,0,9999,0,9999
2023-05-26T19:09:19,0,9999,0,9999
2023-05-26T19:20:56,0,9999,0,9999
2023-05-26T19:32:32,0,9999,0,9999
2023-05-26T19:44:07,0,9999,0,9999
2023-05-26T19:55:42,0,9999,0,9999
2023-05-26T20:07:19,0,9999,0,9999
2023-05-26T20:19:04,0,9999,0,9999
2023-05-26T20:30:40,0,9999,0,9999
2023-05-26T20:42:15,0,9999,0,9999
2023-05-26T20:53:50,0,9999,0,9999
2023-05-26T21:05:26,0,9999,0,9999
2023-05-26T21:17:03,0,9999,0,9999
2023-05-26T21:28:39,0,9999,0,9999
2023-05-26T21:40:15,0,9999,0,9999
2023-05-26T21:52:02,0,9999,0,9999
2023-05-26T22:03:38,0,9999,0,9999
2023-05-26T22:15:13,0,9999,0,9999
2023-05-26T22:26:49,0,9999,0,9999
2023-05-26T22:38:26,0,9999,0,9999
2023-05-26T22:50:01,0,9999,0,9999
2023-05-26T23:01:38,0,9999,0,9999
2023-05-26T23:13:26,0,9999,0,9999
2023-05-26T23:25:02,0,9999,0,9999
2023-05-26T23:36:39,0,9999,0,9999
2023-05-26T23:48:15,0,9999,0,9999
2023-05-26T23:59:51,0,9999,0,9999
2023-05-27T00:11:30,0,9999,0,9999
2023-05-27T00:23:10,0,9999,0,9999
2023-05-27T00:34:48,0,9999,0,9999
2023-05-27T00:46:28,0,9999,0,9999
2023-05-27T00:58:07,0,9999,0,9999
2023-05-27T01:09:45,0,9999,0,9999
2023-05-27T01:21:35,0,9999,0,9999
2023-05-27T01:33:13,0,9999,0,9999
2023-05-27T01:44:53,0,9999,0,9999
2023-05-27T01:56:32,0,9999,0,9999
2023-05-27T02:08:09,0,9999,0,9999
2023-05-27T02:19:47,0,9999,0,9999
2023-05-27T02:31:24,0,9999,0,9999
2023-05-27T02:43:01,0,9999,0,9999
2023-05-27T02:54:37,0,9999,0,9999
2023-05-27T03:06:14,0,9999,0,9999
2023-05-27T03:17:52,0,9999,0,9999
2023-05-27T03:29:29,0,9999,0,9999
2023-05-27T03:41:06,0,9999,0,9999
2023-05-27T03:52:44,0,9999,0,9999
2023-05-27T04:04:23,0,9999,0,9999
2023-05-27T04:16:17,0,9999,0,9999
2023-05-27T04:38:52,0,9999,0,9999
2023-05-27T04:50:49,0,9999,0,9999
2023-05-27T05:02:29,0,9999,0,9999
2023-05-27T05:14:07,0,9999,0,9999
2023-05-27T05:25:46,0,9999,0,9999
2023-05-27T05:37:26,0,9999,0,9999
2023-05-27T05:49:05,0,9999,0,9999
2023-05-27T06:00:44,0,9999,0,9999
2023-05-27T06:12:22,0,9999,0,9999
2023-05-27T06:24:03,0,9999,0,9999
2023-05-27T06:35:41,0,9999,0,9999
2023-05-27T06:47:20,0,9999,0,9999
2023-05-27T06:58:58,0,9999,0,9999
2023-05-27T07:10:37,0,9999,0,9999
2023-05-27T07:22:14,0,9999,0,9999
2023-05-27T07:33:52,0,9999,0,9999
2023-05-27T07:45:29,0,9999,0,9999
2023-05-27T07:57:20,0,9999,0,9999
2023-05-27T08:08:58,0,9999,0,9999
2023-05-27T08:20:35,0,9999,0,9999
2023-05-27T08:32:14,0,9999,0,9999
2023-05-27T08:43:52,0,9999,0,9999
2023-05-27T08:55:30,0,9999,0,9999
2023-05-27T09:07:08,0,9999,0,9999
2023-05-27T09:18:45,0,9999,0,9999
2023-05-27T09:30:25,0,9999,0,9999
2023-05-27T09:42:02,0,9999,0,9999
2023-05-27T09:53:40,0,9999,0,9999
2023-05-27T10:05:17,0,9999,0,9999
2023-05-27T10:17:12,0,9999,0,9999
2023-05-27T10:28:49,0,9999,0,9999
2023-05-27T10:40:26,0,9999,0,9999
2023-05-27T10:52:03,0,9999,0,9999
2023-05-27T11:03:39,0,9999,0,9999
2023-05-27T11:15:15,0,9999,0,9999
2023-05-27T11:26:50,0,9999,0,9999
2023-05-27T11:38:25,0,9999,0,9999
2023-05-27T11:50:00,0,9999,0,9999
2023-05-27T12:01:35,0,9999,0,9999
2023-05-27T12:13:20,0,9999,0,9999
2023-05-27T12:24:54,0,9999,0,9999
2023-05-27T12:36:30,0,9999,0,9999
2023-05-27T12:48:06,0,9999,0,9999
2023-05-27T12:59:41,0,9999,0,9999
2023-05-27T13:11:16,0,9999,0,9999
2023-05-27T13:22:51,0,9999,0,9999
2023-05-27T13:34:46,0,9999,0,9999
2023-05-27T13:46:21,0,9999,0,9999
2023-05-27T13:57:57,0,9999,0,9999
2023-05-27T14:09:32,0,9999,0,9999
2023-05-27T14:21:08,0,9999,0,9999
2023-05-27T14:32:43,0,9999,0,9999
2023-05-27T14:44:18,0,9999,0,9999
2023-05-27T14:55:53,0,9999,0,9999
2023-05-27T15:07:39,0,9999,0,9999
2023-05-27T15:19:14,0,9999,0,9999
2023-05-27T15:30:49,0,9999,0,9999
2023-05-27T15:42:24,0,9999,0,9999
2023-05-27T15:53:59,0,9999,0,9999
2023-05-27T16:05:34,0,9999,0,9999
2023-05-27T16:17:09,0,9999,0,9999
2023-05-27T16:28:54,0,9999,0,9999
2023-05-27T16:40:30,0,9999,0,9999
2023-05-27T16:52:05,0,9999,0,9999
2023-05-27T17:03:41,0,9999,0,9999
2023-05-27T17:15:19,0,9999,0,9999
2023-05-27T17:26:54,0,9999,0,9999
2023-05-27T17:38:39,0,9999,0,9999
2023-05-27T17:50:15,0,9999,0,9999
2023-05-27T18:01:50,0,9999,0,9999
2023-05-27T18:13:26,0,9999,0,9999
2023-05-27T18:25:02,0,9999,0,9999
2023-05-27T18:36:37,0,9999,0,9999
2023-05-27T18:48:11,0,9999,0,9999
2023-05-27T18:59:47,0,9999,0,9999
2023-05-27T19:11:43,0,9999,0,9999
2023-05-27T19:23:18,0,9999,0,9999
2023-05-27T19:34:54,0,9999,0,9999
2023-05-27T19:46:30,0,9999,0,9999
2023-05-27T19:58:05,0,9999,0,9999
2023-05-27T20:09:40,0,9999,0,9999
2023-05-27T20:21:16,0,9999,0,9999
2023-05-27T20:32:51,0,9999,0,9999
2023-05-27T20:44:26,0,9999,0,9999
2023-05-27T20:56:11,0,9999,0,9999
2023-05-27T21:07:46,0,9999,0,9999
2023-05-27T21:19:21,0,9999,0,9999
2023-05-27T21:30:57,0,9999,0,9999
2023-05-27T21:42:32,0,9999,0,9999
2023-05-27T21:54:07,0,9999,0,9999
2023-05-27T22:05:43,0,9999,0,9999
2023-05-27T22:17:27,0,9999,0,9999
2023-05-27T22:29:03,0,9999,0,9999
2023-05-27T22:40:38,0,9999,0,9999
2023-05-27T22:52:14,0,9999,0,9999
2023-05-27T23:03:53,0,9999,0,9999
2023-05-27T23:15:29,0,9999,0,9999
2023-05-27T23:27:05,0,9999,0,9999
2023-05-27T23:38:57,0,9999,0,9999
2023-05-27T23:50:33,0,9999,0,9999
2023-05-28T00:02:09,0,9999,0,9999
2023-05-28T00:13:47,0,9999,0,9999
2023-05-28T00:25:27,0,9999,0,9999
2023-05-28T00:37:05,0,9999,0,9999
2023-05-28T00:48:42,0,9999,0,9999
2023-05-28T01:00:18,0,9999,0,9999
2023-05-28T01:11:54,0,9999,0,9999
2023-05-28T01:23:31,0,9999,0,9999
2023-05-28T01:35:16,0,9999,0,9999
2023-05-28T01:46:51,0,9999,0,9999
2023-05-28T01:58:27,0,9999,0,9999
2023-05-28T02:10:03,0,9999,0,9999
2023-05-28T02:21:39,0,9999,0,9999
2023-05-28T02:33:16,0,9999,0,9999
2023-05-28T02:44:57,0,9999,0,9999
2023-05-28T02:56:37,0,9999,0,9999
2023-05-28T03:08:18,0,9999,0,9999
2023-05-28T03:19:58,0,9999,0,9999
2023-05-28T03:31:37,0,9999,0,9999
2023-05-28T03:43:55,0,9999,0,9999
2023-05-28T03:56:24,0,9999,0,9999
2023-05-28T04:08:02,0,9999,0,9999
2023-05-28T04:33:43,0,9999,0,9999
2023-05-28T04:46:55,0,9999,0,9999
2023-05-28T04:58:36,0,9999,0,9999
2023-05-28T05:10:15,0,9999,0,9999
2023-05-28T05:21:53,0,9999,0,9999
2023-05-28T05:33:31,0,9999,0,9999
2023-05-28T05:45:15,0,9999,0,9999
2023-05-28T05:56:55,0,9999,0,9999
2023-05-28T06:08:34,0,9999,0,9999
2023-05-28T06:20:13,0,9999,0,9999
2023-05-28T06:31:51,0,9999,0,9999
2023-05-28T06:43:29,0,9999,0,9999
2023-05-28T06:55:07,0,9999,0,9999
2023-05-28T07:06:45,0,9999,0,9999
2023-05-28T07:18:23,0,9999,0,9999
2023-05-28T07:30:02,0,9999,0,9999
2023-05-28T07:41:40,0,9999,0,9999
2023-05-28T07:53:19,0,9999,0,9999
2023-05-28T08:05:01,0,9999,0,9999
2023-05-28T08:16:40,0,9999,0,9999
2023-05-28T08:28:18,0,9999,0,9999
2023-05-28T08:39:55,0,9999,0,9999
2023-05-28T08:51:34,0,9999,0,9999
2023-05-28T09:03:13,0,9999,0,9999
2023-05-28T09:14:49,0,9999,0,9999
2023-05-28T09:26:34,0,9999,0,9999
2023-05-28T09:38:09,0,9999,0,9999
2023-05-28T09:49:46,0,9999,0,9999
2023-05-28T10:01:22,0,9999,0,9999
2023-05-28T10:12:58,0,9999,0,9999
2023-05-28T10:24:34,0,9999,0,9999
2023-05-28T10:36:09,0,9999,0,9999
2023-05-28T10:47:45,0,9999,0,9999
2023-05-28T10:59:20,0,9999,0,9999
2023-05-28T11:10:57,0,9999,0,9999
2023-05-28T11:22:32,0,9999,0,9999
2023-05-28T11:34:09,0,9999,0,9999
2023-05-28T11:45:44,0,9999,0,9999
2023-05-28T11:57:19,0,9999,0,9999
2023-05-28T12:09:04,0,9999,0,9999
2023-05-28T12:20:40,0,9999,0,9999
2023-05-28T12:32:16,0,9999,0,9999
2023-05-28T12:43:52,0,9999,0,9999
2023-05-28T12:55:28,0,9999,0,9999
2023-05-28T13:07:04,0,9999,0,9999
2023-05-28T13:18:39,0,9999,0,9999
2023-05-28T13:30:15,0,9999,0,9999
2023-05-28T13:41:51,0,9999,0,9999
2023-05-28T13:53:26,0,9999,0,9999
2023-05-28T14:05:01,0,9999,0,9999
2023-05-28T14:16:45,0,9999,0,9999
2023-05-28T14:28:21,0,9999,0,9999
2023-05-28T14:39:56,0,9999,0,9999
2023-05-28T14:51:32,0,9999,0,9999
2023-05-28T15:03:08,0,9999,0,9999
2023-05-28T15:14:43,0,9999,0,9999
2023-05-28T15:26:19,0,9999,0,9999
2023-05-28T15:37:55,0,9999,0,9999
2023-05-28T15:49:30,0,9999,0,9999
2023-05-28T16:01:06,0,9999,0,9999
2023-05-28T16:12:51,0,9999,0,9999
2023-05-28T16:24:28,0,9999,0,9999
2023-05-28T16:36:03,0,9999,0,9999
2023-05-28T16:47:38,0,9999,0,9999
2023-05-28T16:59:14,0,9999,0,9999
2023-05-28T17:10:49,0,9999,0,9999
2023-05-28T17:22:25,0,9999,0,9999
2023-05-28T17:34:01,0,9999,0,9999
2023-05-28T17:45:36,0,9999,0,9999
2023-05-28T17:57:21,0,9999,0,9999
2023-05-28T18:08:57,0,9999,0,9999
2023-05-28T18:20:32,0,9999,0,9999
2023-05-28T18:32:08,0,9999,0,9999
2023-05-28T18:43:43,0,9999,0,9999
2023-05-28T18:55:18,0,9999,0,9999
2023-05-28T19:06:55,0,9999,0,9999
2023-05-28T19:18:31,0,9999,0,9999
2023-05-28T19:30:07,0,9999,0,9999
2023-05-28T19:41:52,0,9999,0,9999
2023-05-28T19:53:27,0,9999,0,9999
2023-05-28T20:05:02,0,9999,0,9999
2023-05-28T20:16:38,0,9999,0,9999
2023-05-28T20:28:13,0,9999,0,9999
2023-05-28T20:39:48,0,9999,0,9999
2023-05-28T20:51:23,0,9999,0,9999
2023-05-28T21:02:59,0,9999,0,9999
2023-05-28T21:14:34,0,9999,0,9999
2023-05-28T21:26:19,0,9999,0,9999
2023-05-28T21:37:54,0,9999,0,9999
2023-05-28T21:49:30,0,9999,0,9999
2023-05-28T22:01:06,0,9999,0,9999
2023-05-28T22:12:41,0,9999,0,9999
2023-05-28T22:24:16,0,9999,0,9999
2023-05-28T22:35:53,0,9999,0,9999
2023-05-28T22:47:28,0,9999,0,9999
2023-05-28T22:59:05,0,9999,0,9999
2023-05-28T23:10:53,0,9999,0,9999
2023-05-28T23:22:29,0,9999,0,9999
2023-05-28T23:34:05,0,9999,0,9999
2023-05-28T23:45:42,0,9999,0,9999
2023-05-28T23:57:18,0,9999,0,9999
2023-05-29T00:08:56,0,9999,0,9999
2023-05-29T00:20:45,0,9999,0,9999
2023-05-29T00:32:29,0,9999,0,9999
2023-05-29T00:44:07,0,9999,0,9999
2023-05-29T00:55:57,0,9999,0,9999
2023-05-29T01:07:35,0,9999,0,9999
2023-05-29T01:19:15,0,9999,0,9999
2023-05-29T01:30:54,0,9999,0,9999
2023-05-29T01:42:33,0,9999,0,9999
2023-05-29T01:54:10,0,9999,0,9999
2023-05-29T02:05:55,0,9999,0,9999
2023-05-29T02:17:33,0,9999,0,9999
2023-05-29T02:29:10,0,9999,0,9999
2023-05-29T02:40:48,0,9999,0,9999
2023-05-29T02:52:24,0,9999,0,9999
2023-05-29T03:04:00,0,9999,0,9999
2023-05-29T03:15:38,0,9999,0,9999
2023-05-29T03:27:16,0,9999,0,9999
2023-05-29T03:38:54,0,9999,0,9999
2023-05-29T03:50:40,0,9999,0,9999
2023-05-29T04:02:19,0,9999,0,9999
2023-05-29T04:13:59,0,9999,0,9999
2023-05-29T04:36:42,0,9999,0,9999
2023-05-29T04:49:33,0,9999,0,9999
2023-05-29T05:01:31,0,9999,0,9999
2023-05-29T05:13:10,0,9999,0,9999
2023-05-29T05:24:49,0,9999,0,9999
2023-05-29T05:36:28,0,9999,0,9999
2023-05-29T05:48:07,0,9999,0,9999
2023-05-29T05:59:45,0,9999,0,9999
2023-05-29T06:11:23,0,9999,0,9999
2023-05-29T06:23:02,0,9999,0,9999
2023-05-29T06:34:40,0,9999,0,9999
2023-05-29T06:46:17,0,9999,0,9999
2023-05-29T06:57:57,0,9999,0,9999
2023-05-29T07:09:34,0,9999,0,9999
2023-05-29T07:21:09,0,9999,0,9999
2023-05-29T07:32:53,0,9999,0,9999
2023-05-29T07:44:28,0,9999,0,9999
2023-05-29T07:56:04,0,9999,0,9999
2023-05-29T08:07:38,0,9999,0,9999
2023-05-29T08:19:13,0,9999,0,9999
2023-05-29T08:30:48,0,9999,0,9999
2023-05-29T08:42:24,0,9999,0,9999
2023-05-29T08:53:59,0,9999,0,9999
2023-05-29T09:05:34,0,9999,0,9999
2023-05-29T09:17:10,0,9999,0,9999
2023-05-29T09:28:45,0,9999,0,9999
2023-05-29T09:40:20,0,9999,0,9999
2023-05-29T09:52:06,0,9999,0,9999
2023-05-29T10:03:42,0,9999,0,9999
2023-05-29T10:15:17,0,9999,0,9999
2023-05-29T10:26:52,0,9999,0,9999
2023-05-29T10:38:27,0,9999,0,9999
2023-05-29T10:50:02,0,9999,0,9999
2023-05-29T11:01:37,0,9999,0,9999
2023-05-29T11:13:22,0,9999,0,9999
2023-05-29T11:24:57,0,9999,0,9999
2023-05-29T11:36:32,0,9999,0,9999
2023-05-29T11:48:07,0,9999,0,9999
2023-05-29T11:59:42,0,9999,0,9999
2023-05-29T12:11:17,0,9999,0,9999
2023-05-29T12:23:02,0,9999,0,9999
2023-05-29T12:34:38,0,9999,0,9999
2023-05-29T12:46:15,0,9999,0,9999
2023-05-29T12:57:50,0,9999,0,9999
2023-05-29T13:09:26,0,9999,0,9999
2023-05-29T13:21:11,0,9999,0,9999
2023-05-29T13:32:47,0,9999,0,9999
2023-05-29T13:44:23,0,9999,0,9999
2023-05-29T13:55:59,0,9999,0,9999
2023-05-29T14:07:35,0,9999,0,9999
2023-05-29T14:19:21,0,9999,0,9999
2023-05-29T14:30:57,0,9999,0,9999
2023-05-29T14:42:35,0,9999,0,9999
2023-05-29T14:54:12,0,9999,0,9999
2023-05-29T15:05:59,0,9999,0,9999
2023-05-29T15:17:36,0,9999,0,9999
2023-05-29T15:29:11,0,9999,0,9999
2023-05-29T15:40:47,0,9999,0,9999
2023-05-29T15:52:34,0,9999,0,9999
2023-05-29T16:04:11,0,9999,0,9999
2023-05-29T16:15:48,0,9999,0,9999
2023-05-29T16:27:25,0,9999,0,9999
2023-05-29T16:39:01,0,9999,0,9999
2023-05-29T16:50:47,0,9999,0,9999
2023-05-29T17:02:25,0,9999,0,9999
2023-05-29T17:14:03,0,9999,0,9999
2023-05-29T17:25:40,0,9999,0,9999
2023-05-29T17:37:17,0,9999,0,9999
2023-05-29T17:49:02,0,9999,0,9999
2023-05-29T18:00:40,0,9999,0,9999
2023-05-29T18:12:18,0,9999,0,9999
2023-05-29T18:23:54,0,9999,0,9999
2023-05-29T18:35:44,0,9999,0,9999
2023-05-29T18:47:21,0,9999,0,9999
2023-05-29T18:58:57,0,9999,0,9999
2023-05-29T19:10:35,0,9999,0,9999
2023-05-29T19:22:11,0,9999,0,9999
2023-05-29T19:33:47,0,9999,0,9999
2023-05-29T19:45:32,0,9999,0,9999
2023-05-29T19:57:09,0,9999,0,9999
2023-05-29T20:08:46,0,9999,0,9999
2023-05-29T20:20:24,0,9999,0,9999
2023-05-29T20:32:01,0,9999,0,9999
2023-05-29T20:43:47,0,9999,0,9999
2023-05-29T20:55:23,0,9999,0,9999
2023-05-29T21:07:00,0,9999,0,9999
2023-05-29T21:18:36,0,9999,0,9999
2023-05-29T21:30:25,0,9999,0,9999
2023-05-29T21:42:03,0,9999,0,9999
2023-05-29T21:53:41,0,9999,0,9999
2023-05-29T22:05:17,0,9999,0,9999
2023-05-29T22:16:53,0,9999,0,9999
2023-05-29T22:28:28,0,9999,0,9999
2023-05-29T22:40:14,0,9999,0,9999
2023-05-29T22:51:50,0,9999,0,9999
2023-05-29T23:03:27,0,9999,0,9999
2023-05-29T23:15:03,0,9999,0,9999
2023-05-29T23:26:39,0,9999,0,9999
2023-05-29T23:38:25,0,9999,0,9999
2023-05-29T23:50:02,0,9999,0,9999
2023-05-30T00:01:38,0,9999,0,9999
2023-05-30T00:13:16,0,9999,0,9999
2023-05-30T00:24:53,0,9999,0,9999
2023-05-30T00:36:30,0,9999,0,9999
2023-05-30T00:48:09,0,9999,0,9999
2023-05-30T00:59:55,0,9999,0,9999
2023-05-30T01:11:33,0,9999,0,9999
2023-05-30T01:23:11,0,9999,0,9999
2023-05-30T01:34:48,0,9999,0,9999
2023-05-30T01:46:23,0,9999,0,9999
2023-05-30T01:58:00,0,9999,0,9999
2023-05-30T02:09:37,0,9999,0,9999
2023-05-30T02:21:23,0,9999,0,9999
2023-05-30T02:33:00,0,9999,0,9999
2023-05-30T02:44:36,0,9999,0,9999
2023-05-30T02:56:23,0,9999,0,9999
2023-05-30T03:08:02,0,9999,0,9999
2023-05-30T03:19:40,0,9999,0,9999
2023-05-30T03:31:18,0,9999,0,9999
2023-05-30T03:42:56,0,9999,0,9999
2023-05-30T03:54:34,0,9999,0,9999
2023-05-30T04:06:11,0,9999,0,9999
2023-05-30T04:17:49,0,9999,0,9999
2023-05-30T04:39:59,0,9999,0,9999
2023-05-30T04:51:39,0,9999,0,9999
2023-05-30T05:03:20,0,9999,0,9999
2023-05-30T05:14:58,0,9999,0,9999
2023-05-30T05:26:37,0,9999,0,9999
2023-05-30T05:38:15,0,9999,0,9999
2023-05-30T05:49:54,0,9999,0,9999
2023-05-30T06:01:33,0,9999,0,9999
2023-05-30T06:13:11,0,9999,0,9999
2023-05-30T06:24:50,0,9999,0,9999
2023-05-30T06:36:29,0,9999,0,9999
2023-05-30T06:48:07,0,9999,0,9999
2023-05-30T06:59:45,0,9999,0,9999
2023-05-30T07:11:23,0,9999,0,9999
2023-05-30T07:22:59,0,9999,0,9999
2023-05-30T07:34:35,0,9999,0,9999
2023-05-30T07:46:14,0,9999,0,9999
2023-05-30T07:57:50,0,9999,0,9999
2023-05-30T08:09:25,0,9999,0,9999
2023-05-30T08:21:12,0,9999,0,9999
2023-05-30T08:32:49,0,9999,0,9999
2023-05-30T08:44:25,0,9999,0,9999
2023-05-30T08:56:01,0,9999,0,9999
2023-05-30T09:07:38,0,9999,0,9999
2023-05-30T09:19:15,0,9999,0,9999
2023-05-30T09:30:53,0,9999,0,9999
2023-05-30T09:42:42,0,9999,0,9999
2023-05-30T09:54:19,0,9999,0,9999
2023-05-30T10:05:59,0,9999,0,9999
2023-05-30T10:17:37,0,9999,0,9999
2023-05-30T10:29:27,0,9999,0,9999
2023-05-30T10:41:11,0,9999,0,9999
2023-05-30T10:52:49,0,9999,0,9999
2023-05-30T11:04:30,0,9999,0,9999
2023-05-30T11:16:26,0,9999,0,9999
2023-05-30T11:28:05,0,9999,0,9999
2023-05-30T11:39:56,0,9999,0,9999
2023-05-30T11:51:37,0,9999,0,9999
2023-05-30T12:03:18,0,9999,0,9999
2023-05-30T12:15:06,0,9999,0,9999
2023-05-30T12:26:44,0,9999,0,9999
2023-05-30T12:38:24,0,9999,0,9999
2023-05-30T12:50:07,0,9999,0,9999
2023-05-30T13:02:04,0,9999,0,9999
2023-05-30T13:13:45,0,9999,0,9999
2023-05-30T13:25:25,0,9999,0,9999
2023-05-30T13:37:15,0,9999,0,9999
2023-05-30T13:48:57,0,9999,0,9999
2023-05-30T14:00:37,0,9999,0,9999
2023-05-30T14:12:32,0,9999,0,9999
2023-05-30T14:24:12,0,9999,0,9999
2023-05-30T14:36:06,0,9999,0,9999
2023-05-30T14:47:44,0,9999,0,9999
2023-05-30T14:59:23,0,9999,0,9999
2023-05-30T15:11:17,0,9999,0,9999
2023-05-30T15:22:57,0,9999,0,9999
2023-05-30T15:34:37,0,9999,0,9999
2023-05-30T15:46:30,0,9999,0,9999
2023-05-30T15:58:10,0,9999,0,9999
2023-05-30T16:09:54,0,9999,0,9999
2023-05-30T16:21:48,0,9999,0,9999
2023-05-30T16:33:29,0,9999,0,9999
2023-05-30T16:45:06,0,9999,0,9999
2023-05-30T16:56:56,0,9999,0,9999
2023-05-30T17:08:37,0,9999,0,9999
2023-05-30T17:20:16,0,9999,0,9999
2023-05-30T17:31:55,0,9999,0,9999
2023-05-30T17:43:45,0,9999,0,9999
2023-05-30T17:55:22,0,9999,0,9999
2023-05-30T18:07:10,0,9999,0,9999
2023-05-30T18:18:49,0,9999,0,9999
2023-05-30T18:30:41,0,9999,0,9999
2023-05-30T18:42:19,0,9999,0,9999
2023-05-30T18:53:57,0,9999,0,9999
2023-05-30T19:05:37,0,9999,0,9999
2023-05-30T19:17:28,0,9999,0,9999
2023-05-30T19:29:07,0,9999,0,9999
2023-05-30T19:40:48,0,9999,0,9999
2023-05-30T19:52:36,0,9999,0,9999
2023-05-30T20:04:14,0,9999,0,9999
2023-05-30T20:15:53,0,9999,0,9999
2023-05-30T20:27:32,0,9999,0,9999
2023-05-30T20:39:10,0,9999,0,9999
2023-05-30T20:51:00,0,9999,0,9999
2023-05-30T21:02:40,0,9999,0,9999
2023-05-30T21:14:18,0,9999,0,9999
2023-05-30T21:25:57,0,9999,0,9999
2023-05-30T21:37:36,0,9999,0,9999
2023-05-30T21:49:25,0,9999,0,9999
2023-05-30T22:01:02,0,9999,0,9999
2023-05-30T22:12:42,0,9999,0,9999
2023-05-30T22:24:18,0,9999,0,9999
2023-05-30T22:36:06,0,9999,0,9999
2023-05-30T22:47:42,0,9999,0,9999
2023-05-30T22:59:17,0,9999,0,9999
2023-05-30T23:10:54,0,9999,0,9999
2023-05-30T23:22:33,0,9999,0,9999
2023-05-30T23:34:10,0,9999,0,9999
2023-05-30T23:45:58,0,9999,0,9999
2023-05-30T23:57:34,0,9999,0,9999
2023-05-31T00:09:12,0,9999,0,9999
2023-05-31T00:20:54,0,9999,0,9999
2023-05-31T00:32:32,0,9999,0,9999
2023-05-31T00:44:11,0,9999,0,9999
2023-05-31T00:55:49,0,9999,0,9999
2023-05-31T01:07:27,0,9999,0,9999
2023-05-31T01:19:19,0,9999,0,9999
2023-05-31T01:30:58,0,9999,0,9999
2023-05-31T01:42:37,0,9999,0,9999
2023-05-31T01:54:15,0,9999,0,9999
2023-05-31T02:05:54,0,9999,0,9999
2023-05-31T02:17:33,0,9999,0,9999
2023-05-31T02:29:10,0,9999,0,9999
2023-05-31T02:40:49,0,9999,0,9999
2023-05-31T02:52:26,0,9999,0,9999
2023-05-31T03:04:05,0,9999,0,9999
2023-05-31T03:15:55,0,9999,0,9999
2023-05-31T03:27:35,0,9999,0,9999
2023-05-31T03:39:14,0,9999,0,9999
2023-05-31T03:50:55,0,9999,0,9999
2023-05-31T04:02:48,0,9999,0,9999
2023-05-31T04:14:28,0,9999,0,9999
2023-05-31T04:37:47,0,9999,0,9999
2023-05-31T04:49:45,0,9999,0,9999
2023-05-31T05:01:25,0,9999,0,9999
2023-05-31T05:13:06,0,9999,0,9999
2023-05-31T05:24:46,0,9999,0,9999
2023-05-31T05:36:27,0,9999,0,9999
2023-05-31T05:48:08,0,9999,0,9999
2023-05-31T05:59:46,0,9999,0,9999
2023-05-31T06:11:26,0,9999,0,9999
2023-05-31T06:23:04,0,9999,0,9999
2023-05-31T06:34:43,0,9999,0,9999
2023-05-31T06:46:22,0,9999,0,9999
2023-05-31T06:58:02,0,9999,0,9999
2023-05-31T07:09:40,0,9999,0,9999
2023-05-31T07:21:17,0,9999,0,9999
2023-05-31T07:32:55,0,9999,0,9999
2023-05-31T07:44:36,0,9999,0,9999
2023-05-31T07:56:14,0,9999,0,9999
2023-05-31T08:08:02,0,9999,0,9999
2023-05-31T08:19:39,0,9999,0,9999
2023-05-31T08:31:19,0,9999,0,9999
2023-05-31T08:42:57,0,9999,0,9999
2023-05-31T08:54:37,0,9999,0,9999
2023-05-31T09:06:18,0,9999,0,9999
2023-05-31T09:17:57,0,9999,0,9999
2023-05-31T09:29:37,0,9999,0,9999
2023-05-31T09:41:28,0,9999,0,9999
2023-05-31T09:53:07,0,9999,0,9999
2023-05-31T10:04:46,0,9999,0,9999
2023-05-31T10:16:25,0,9999,0,9999
2023-05-31T10:28:04,0,9999,0,9999
2023-05-31T10:39:55,0,9999,0,9999
2023-05-31T10:51:40,0,9999,0,9999
2023-05-31T11:03:18,0,9999,0,9999
2023-05-31T11:14:58,0,9999,0,9999
2023-05-31T11:26:49,0,9999,0,9999
2023-05-31T11:38:28,0,9999,0,9999
2023-05-31T11:50:08,0,9999,0,9999
2023-05-31T12:01:47,0,9999,0,9999
2023-05-31T12:13:37,0,9999,0,9999
2023-05-31T12:25:16,0,9999,0,9999
2023-05-31T12:36:55,0,9999,0,9999
2023-05-31T12:48:33,0,9999,0,9999
2023-05-31T13:00:21,0,9999,0,9999
2023-05-31T13:11:59,0,9999,0,9999
2023-05-31T13:23:37,0,9999,0,9999
2023-05-31T13:35:16,0,9999,0,9999
2023-05-31T13:47:05,0,9999,0,9999
2023-05-31T13:58:42,0,9999,0,9999
2023-05-31T14:10:20,0,9999,0,9999
2023-05-31T14:21:58,0,9999,0,9999
2023-05-31T14:33:36,0,9999,0,9999
2023-05-31T14:45:25,0,9999,0,9999
2023-05-31T14:57:05,0,9999,0,9999
2023-05-31T15:08:45,0,9999,0,9999
2023-05-31T15:20:24,0,9999,0,9999
2023-05-31T15:32:02,0,9999,0,9999
2023-05-31T15:43:50,0,9999,0,9999
2023-05-31T15:55:28,0,9999,0,9999
2023-05-31T16:07:06,0,9999,0,9999
2023-05-31T16:18:44,0,9999,0,9999
2023-05-31T16:30:22,0,9999,0,9999
2023-05-31T16:42:11,0,9999,0,9999
2023-05-31T16:53:49,0,9999,0,9999
2023-05-31T17:05:28,0,9999,0,9999
2023-05-31T17:17:07,0,9999,0,9999
2023-05-31T17:28:46,0,9999,0,9999
2023-05-31T17:40:24,0,9999,0,9999
2023-05-31T17:52:03,0,9999,0,9999
2023-05-31T18:03:52,0,9999,0,9999
2023-05-31T18:15:30,0,9999,0,9999
2023-05-31T18:27:08,0,9999,0,9999
2023-05-31T18:38:46,0,9999,0,9999
2023-05-31T18:50:24,0,9999,0,9999
2023-05-31T19:02:02,0,9999,0,9999
2023-05-31T19:13:41,0,9999,0,9999
2023-05-31T19:25:30,0,9999,0,9999
2023-05-31T19:37:08,0,9999,0,9999
2023-05-31T19:48:46,0,9999,0,9999
2023-05-31T20:00:24,0,9999,0,9999
2023-05-31T20:12:02,0,9999,0,9999
2023-05-31T20:23:40,0,9999,0,9999
2023-05-31T20:35:17,0,9999,0,9999
2023-05-31T20:47:06,0,9999,0,9999
2023-05-31T20:58:44,0,9999,0,9999
2023-05-31T21:10:22,0,9999,0,9999
2023-05-31T21:22:00,0,9999,0,9999
2023-05-31T21:33:38,0,9999,0,9999
2023-05-31T21:45:15,0,9999,0,9999
2023-05-31T21:56:53,0,9999,0,9999
2023-05-31T22:08:31,0,9999,0,9999
2023-05-31T22:20:19,0,9999,0,9999
2023-05-31T22:31:58,0,9999,0,9999
2023-05-31T22:43:36,0,9999,0,9999
2023-05-31T22:55:14,0,9999,0,9999
2023-05-31T23:06:53,0,9999,0,9999
2023-05-31T23:18:31,0,9999,0,9999
2023-05-31T23:30:20,0,9999,0,9999
2023-05-31T23:41:59,0,9999,0,9999
2023-05-31T23:53:38,0,9999,0,9999
2023-06-01T00:05:19,0,9999,0,9999
2023-06-01T00:17:04,0,9999,0,9999
2023-06-01T00:28:44,0,9999,0,9999
2023-06-01T00:40:25,0,9999,0,9999
2023-06-01T00:52:08,0,9999,0,9999
2023-06-01T01:03:49,0,9999,0,9999
2023-06-01T01:15:30,0,9999,0,9999
2023-06-01T01:27:11,0,9999,0,9999
2023-06-01T01:39:02,0,9999,0,9999
2023-06-01T01:50:41,0,9999,0,9999
2023-06-01T02:02:20,0,9999,0,9999
2023-06-01T02:13:59,0,9999,0,9999
2023-06-01T02:25:37,0,9999,0,9999
2023-06-01T02:37:17,0,9999,0,9999
2023-06-01T02:48:57,0,9999,0,9999
2023-06-01T03:00:36,0,9999,0,9999
2023-06-01T03:12:18,0,9999,0,9999
2023-06-01T03:23:59,0,9999,0,9999
2023-06-01T03:35:40,0,9999,0,9999
2023-06-01T03:47:22,0,9999,0,9999
2023-06-01T03:59:03,0,9999,0,9999
2023-06-01T04:10:44,0,9999,0,9999
2023-06-01T04:36:23,0,9999,0,9999
2023-06-01T04:49:24,0,9999,0,9999
2023-06-01T05:01:25,0,9999,0,9999
2023-06-01T05:13:08,0,9999,0,9999
2023-06-01T05:24:49,0,9999,0,9999
2023-06-01T05:36:30,0,9999,0,9999
2023-06-01T05:48:12,0,9999,0,9999
2023-06-01T05:59:53,0,9999,0,9999
2023-06-01T06:11:34,0,9999,0,9999
2023-06-01T06:23:16,0,9999,0,9999
2023-06-01T06:34:56,0,9999,0,9999
2023-06-01T06:46:37,0,9999,0,9999
2023-06-01T06:58:18,0,9999,0,9999
2023-06-01T07:10:00,0,9999,0,9999
2023-06-01T07:21:40,0,9999,0,9999
2023-06-01T07:33:20,0,9999,0,9999
2023-06-01T07:44:59,0,9999,0,9999
2023-06-01T07:56:39,0,9999,0,9999
2023-06-01T08:08:24,0,9999,0,9999
2023-06-01T08:20:04,0,9999,0,9999
2023-06-01T08:31:44,0,9999,0,9999
2023-06-01T08:43:35,0,9999,0,9999
2023-06-01T08:55:15,0,9999,0,9999
2023-06-01T09:06:54,0,9999,0,9999
2023-06-01T09:18:34,0,9999,0,9999
2023-06-01T09:30:14,0,9999,0,9999
2023-06-01T09:41:52,0,9999,0,9999
2023-06-01T09:53:32,0,9999,0,9999
2023-06-01T10:05:12,0,9999,0,9999
2023-06-01T10:16:50,0,9999,0,9999
2023-06-01T10:28:29,0,9999,0,9999
2023-06-01T10:40:18,0,9999,0,9999
2023-06-01T10:51:56,0,9999,0,9999
2023-06-01T11:03:34,0,9999,0,9999
2023-06-01T11:15:12,0,9999,0,9999
2023-06-01T11:26:51,0,9999,0,9999
2023-06-01T11:38:29,0,9999,0,9999
2023-06-01T11:50:06,0,9999,0,9999
2023-06-01T12:01:55,0,9999,0,9999
2023-06-01T12:13:33,0,9999,0,9999
2023-06-01T12:25:11,0,9999,0,9999
2023-06-01T12:36:49,0,9999,0,9999
2023-06-01T12:48:28,0,9999,0,9999
2023-06-01T13:00:06,0,9999,0,9999
2023-06-01T13:11:56,0,9999,0,9999
2023-06-01T13:23:34,0,9999,0,9999
2023-06-01T13:35:12,0,9999,0,9999
2023-06-01T13:46:51,0,9999,0,9999
2023-06-01T13:58:30,0,9999,0,9999
2023-06-01T14:10:08,0,9999,0,9999
2023-06-01T14:21:58,0,9999,0,9999
2023-06-01T14:33:37,0,9999,0,9999
2023-06-01T14:45:15,0,9999,0,9999
2023-06-01T14:56:54,0,9999,0,9999
2023-06-01T15:08:35,0,9999,0,9999
2023-06-01T15:20:26,0,9999,0,9999
2023-06-01T15:32:04,0,9999,0,9999
2023-06-01T15:43:44,0,9999,0,9999
2023-06-01T15:55:22,0,9999,0,9999
2023-06-01T16:07:01,0,9999,0,9999
2023-06-01T16:18:40,0,9999,0,9999
2023-06-01T16:30:18,0,9999,0,9999
2023-06-01T16:42:08,0,9999,0,9999
2023-06-01T16:53:47,0,9999,0,9999
2023-06-01T17:05:26,0,9999,0,9999
2023-06-01T17:17:07,0,9999,0,9999
2023-06-01T17:28:45,0,9999,0,9999
2023-06-01T17:40:24,0,9999,0,9999
2023-06-01T17:52:03,0,9999,0,9999
2023-06-01T18:03:52,0,9999,0,9999
2023-06-01T18:15:31,0,9999,0,9999
2023-06-01T18:27:12,0,9999,0,9999
2023-06-01T18:38:52,0,9999,0,9999
2023-06-01T18:50:32,0,9999,0,9999
2023-06-01T19:02:13,0,9999,0,9999
2023-06-01T19:13:53,0,9999,0,9999
2023-06-01T19:25:34,0,9999,0,9999
2023-06-01T19:37:15,0,9999,0,9999
2023-06-01T19:49:07,0,9999,0,9999
2023-06-01T20:00:47,0,9999,0,9999
2023-06-01T20:12:28,0,9999,0,9999
2023-06-01T20:24:09,0,9999,0,9999
2023-06-01T20:35:49,0,9999,0,9999
2023-06-01T20:47:30,0,9999,0,9999
2023-06-01T20:59:10,0,9999,0,9999
2023-06-01T21:10:51,0,9999,0,9999
2023-06-01T21:22:31,0,9999,0,9999
2023-06-01T21:34:12,0,9999,0,9999
2023-06-01T21:46:03,0,9999,0,9999
2023-06-01T21:57:43,0,9999,0,9999
2023-06-01T22:09:24,0,9999,0,9999
2023-06-01T22:21:04,0,9999,0,9999
2023-06-01T22:32:56,0,9999,0,9999
2023-06-01T22:44:36,0,9999,0,9999
2023-06-01T22:56:16,0,9999,0,9999
2023-06-01T23:07:57,0,9999,0,9999
2023-06-01T23:19:38,0,9999,0,9999
2023-06-01T23:31:19,0,9999,0,9999
2023-06-01T23:43:00,0,9999,0,9999
2023-06-01T23:54:40,0,9999,0,9999
2023-06-02T00:06:21,0,9999,0,9999
2023-06-02T00:18:17,0,9999,0,9999
2023-06-02T00:30:01,0,9999,0,9999
2023-06-02T00:41:46,0,9999,0,9999
2023-06-02T00:53:32,0,9999,0,9999
2023-06-02T01:05:17,0,9999,0,9999
2023-06-02T01:17:02,0,9999,0,9999
2023-06-02T01:28:47,0,9999,0,9999
2023-06-02T01:40:31,0,9999,0,9999
2023-06-02T01:52:15,0,9999,0,9999
2023-06-02T02:04:00,0,9999,0,9999
2023-06-02T02:15:43,0,9999,0,9999
2023-06-02T02:27:25,0,9999,0,9999
2023-06-02T02:39:08,0,9999,0,9999
2023-06-02T02:51:02,0,9999,0,9999
2023-06-02T03:02:45,0,9999,0,9999
2023-06-02T03:14:28,0,9999,0,9999
2023-06-02T03:26:12,0,9999,0,9999
2023-06-02T03:37:55,0,9999,0,9999
2023-06-02T03:49:39,0,9999,0,9999
2023-06-02T04:01:22,0,9999,0,9999
2023-06-02T04:13:06,0,9999,0,9999
2023-06-02T04:34:53,0,9999,0,9999
2023-06-02T04:46:54,0,9999,0,9999
2023-06-02T04:58:39,0,9999,0,9999
2023-06-02T05:10:23,0,9999,0,9999
2023-06-02T05:22:06,0,9999,0,9999
2023-06-02T05:33:58,0,9999,0,9999
2023-06-02T05:45:53,0,9999,0,9999
2023-06-02T05:57:38,0,9999,0,9999
2023-06-02T06:09:21,0,9999,0,9999
2023-06-02T06:21:04,0,9999,0,9999
2023-06-02T06:32:47,0,9999,0,9999
2023-06-02T06:44:30,0,9999,0,9999
2023-06-02T06:56:12,0,9999,0,9999
2023-06-02T07:07:54,0,9999,0,9999
2023-06-02T07:19:36,0,9999,0,9999
2023-06-02T07:31:19,0,9999,0,9999
2023-06-02T07:43:00,0,9999,0,9999
2023-06-02T07:54:43,0,9999,0,9999
2023-06-02T08:06:36,0,9999,0,9999
2023-06-02T08:18:18,0,9999,0,9999
2023-06-02T08:30:01,0,9999,0,9999
2023-06-02T08:41:43,0,9999,0,9999
2023-06-02T08:53:25,0,9999,0,9999
2023-06-02T09:05:08,0,9999,0,9999
2023-06-02T09:16:50,0,9999,0,9999
2023-06-02T09:28:33,0,9999,0,9999
2023-06-02T09:40:16,0,9999,0,9999
2023-06-02T09:51:58,0,9999,0,9999
2023-06-02T10:03:40,0,9999,0,9999
2023-06-02T10:15:22,0,9999,0,9999
2023-06-02T10:27:15,0,9999,0,9999
2023-06-02T10:38:55,0,9999,0,9999
2023-06-02T10:50:36,0,9999,0,9999
2023-06-02T11:02:16,0,9999,0,9999
2023-06-02T11:13:57,0,9999,0,9999
2023-06-02T11:25:38,0,9999,0,9999
2023-06-02T11:37:18,0,9999,0,9999
2023-06-02T11:49:10,0,9999,0,9999
2023-06-02T12:00:50,0,9999,0,9999
2023-06-02T12:12:30,0,9999,0,9999
2023-06-02T12:24:10,0,9999,0,9999
2023-06-02T12:35:51,0,9999,0,9999
2023-06-02T12:47:32,0,9999,0,9999
2023-06-02T12:59:24,0,9999,0,9999
2023-06-02T13:11:04,0,9999,0,9999
2023-06-02T13:22:45,0,9999,0,9999
2023-06-02T13:34:25,0,9999,0,9999
2023-06-02T13:46:06,0,9999,0,9999
2023-06-02T13:57:47,0,9999,0,9999
2023-06-02T14:09:27,0,9999,0,9999
2023-06-02T14:21:19,0,9999,0,9999
2023-06-02T14:33:00,0,9999,0,9999
2023-06-02T14:44:41,0,9999,0,9999
2023-06-02T14:56:22,0,9999,0,9999
2023-06-02T15:08:03,0,9999,0,9999
2023-06-02T15:19:43,0,9999,0,9999
2023-06-02T15:31:26,0,9999,0,9999
2023-06-02T15:43:18,0,9999,0,9999
2023-06-02T15:54:59,0,9999,0,9999
2023-06-02T16:06:42,0,9999,0,9999
2023-06-02T16:18:23,0,9999,0,9999
2023-06-02T16:30:05,0,9999,0,9999
2023-06-02T16:41:47,0,9999,0,9999
2023-06-02T16:53:28,0,9999,0,9999
2023-06-02T17:05:11,0,9999,0,9999
2023-06-02T17:16:53,0,9999,0,9999
2023-06-02T17:28:45,0,9999,0,9999
2023-06-02T17:40:26,0,9999,0,9999
2023-06-02T17:52:07,0,9999,0,9999
2023-06-02T18:03:47,0,9999,0,9999
2023-06-02T18:15:28,0,9999,0,9999
2023-06-02T18:27:09,0,9999,0,9999
2023-06-02T18:38:50,0,9999,0,9999
2023-06-02T18:50:31,0,9999,0,9999
2023-06-02T19:02:12,0,9999,0,9999
2023-06-02T19:13:54,0,9999,0,9999
2023-06-02T19:25:46,0,9999,0,9999
2023-06-02T19:37:28,0,9999,0,9999
2023-06-02T19:49:09,0,9999,0,9999
2023-06-02T20:00:50,0,9999,0,9999
2023-06-02T20:12:31,0,9999,0,9999
2023-06-02T20:24:13,0,9999,0,9999
2023-06-02T20:35:54,0,9999,0,9999
2023-06-02T20:47:35,0,9999,0,9999
2023-06-02T20:59:16,0,9999,0,9999
2023-06-02T21:10:57,0,9999,0,9999
2023-06-02T21:22:39,0,9999,0,9999
2023-06-02T21:34:31,0,9999,0,9999
2023-06-02T21:46:11,0,9999,0,9999
2023-06-02T21:57:52,0,9999,0,9999
2023-06-02T22:09:33,0,9999,0,9999
2023-06-02T22:21:15,0,9999,0,9999
2023-06-02T22:32:55,0,9999,0,9999
2023-06-02T22:44:36,0,9999,0,9999
2023-06-02T22:56:17,0,9999,0,9999
2023-06-02T23:07:59,0,9999,0,9999
2023-06-02T23:19:41,0,9999,0,9999
2023-06-02T23:31:23,0,9999,0,9999
2023-06-02T23:43:15,0,9999,0,9999
2023-06-02T23:54:57,0,9999,0,9999
2023-06-03T00:07:15,0,9999,0,9999
2023-06-03T00:19:04,0,9999,0,9999
2023-06-03T00:30:49,0,9999,0,9999
2023-06-03T00:42:33,0,9999,0,9999
2023-06-03T00:54:17,0,9999,0,9999
2023-06-03T01:06:01,0,9999,0,9999
2023-06-03T01:17:48,0,9999,0,9999
2023-06-03T01:29:32,0,9999,0,9999
2023-06-03T01:41:16,0,9999,0,9999
2023-06-03T01:53:10,0,9999,0,9999
2023-06-03T02:04:54,0,9999,0,9999
2023-06-03T02:16:37,0,9999,0,9999
2023-06-03T02:28:20,0,9999,0,9999
2023-06-03T02:40:02,0,9999,0,9999
2023-06-03T02:51:45,0,9999,0,9999
2023-06-03T03:03:27,0,9999,0,9999
2023-06-03T03:15:10,0,9999,0,9999
2023-06-03T03:26:53,0,9999,0,9999
2023-06-03T03:38:35,0,9999,0,9999
2023-06-03T03:50:18,0,9999,0,9999
2023-06-03T04:02:14,0,9999,0,9999
2023-06-03T04:29:23,0,9999,0,9999
2023-06-03T04:41:09,0,9999,0,9999
2023-06-03T04:52:54,0,9999,0,9999
2023-06-03T05:04:38,0,9999,0,9999
2023-06-03T05:16:23,0,9999,0,9999
2023-06-03T05:28:09,0,9999,0,9999
2023-06-03T05:39:54,0,9999,0,9999
2023-06-03T05:51:38,0,9999,0,9999
2023-06-03T06:03:22,0,9999,0,9999
2023-06-03T06:15:07,0,9999,0,9999
2023-06-03T06:26:52,0,9999,0,9999
2023-06-03T06:38:37,0,9999,0,9999
2023-06-03T06:50:25,0,9999,0,9999
2023-06-03T07:02:09,0,9999,0,9999
2023-06-03T07:13:53,0,9999,0,9999
2023-06-03T07:25:37,0,9999,0,9999
2023-06-03T07:37:29,0,9999,0,9999
2023-06-03T07:49:11,0,9999,0,9999
2023-06-03T08:00:55,0,9999,0,9999
2023-06-03T08:12:39,0,9999,0,9999
2023-06-03T08:24:23,0,9999,0,9999
2023-06-03T08:36:08,0,9999,0,9999
2023-06-03T08:47:52,0,9999,0,9999
2023-06-03T08:59:36,0,9999,0,9999
2023-06-03T09:11:19,0,9999,0,9999
2023-06-03T09:23:02,0,9999,0,9999
2023-06-03T09:34:56,0,9999,0,9999
2023-06-03T09:46:39,0,9999,0,9999
2023-06-03T09:58:21,0,9999,0,9999
2023-06-03T10:10:02,0,9999,0,9999
2023-06-03T10:21:45,0,9999,0,9999
2023-06-03T10:33:26,0,9999,0,9999
2023-06-03T10:45:08,0,9999,0,9999
2023-06-03T10:56:49,0,9999,0,9999
2023-06-03T11:08:30,0,9999,0,9999
2023-06-03T11:20:11,0,9999,0,9999
2023-06-03T11:32:02,0,9999,0,9999
2023-06-03T11:43:43,0,9999,0,9999
2023-06-03T11:55:23,0,9999,0,9999
2023-06-03T12:07:04,0,9999,0,9999
2023-06-03T12:18:44,0,9999,0,9999
2023-06-03T12:30:25,0,9999,0,9999
2023-06-03T12:42:05,0,9999,0,9999
2023-06-03T12:53:46,0,9999,0,9999
2023-06-03T13:05:27,0,9999,0,9999
2023-06-03T13:17:07,0,9999,0,9999
2023-06-03T13:28:58,0,9999,0,9999
2023-06-03T13:40:38,0,9999,0,9999
2023-06-03T13:52:20,0,9999,0,9999
2023-06-03T14:04:01,0,9999,0,9999
2023-06-03T14:15:41,0,9999,0,9999
2023-06-03T14:27:22,0,9999,0,9999
2023-06-03T14:39:03,0,9999,0,9999
2023-06-03T14:50:53,0,9999,0,9999
2023-06-03T15:02:34,0,9999,0,9999
2023-06-03T15:14:14,0,9999,0,9999
2023-06-03T15:25:55,0,9999,0,9999
2023-06-03T15:37:36,0,9999,0,9999
2023-06-03T15:49:17,0,9999,0,9999
2023-06-03T16:00:57,0,9999,0,9999
2023-06-03T16:12:38,0,9999,0,9999
2023-06-03T16:24:18,0,9999,0,9999
2023-06-03T16:36:09,0,9999,0,9999
2023-06-03T16:47:49,0,9999,0,9999
2023-06-03T16:59:30,0,9999,0,9999
2023-06-03T17:11:12,0,9999,0,9999
2023-06-03T17:22:54,0,9999,0,9999
2023-06-03T17:34:34,0,9999,0,9999
2023-06-03T17:46:15,0,9999,0,9999
2023-06-03T17:57:56,0,9999,0,9999
2023-06-03T18:09:36,0,9999,0,9999
2023-06-03T18:21:17,0,9999,0,9999
2023-06-03T18:32:58,0,9999,0,9999
2023-06-03T18:44:48,0,9999,0,9999
2023-06-03T18:56:28,0,9999,0,9999
2023-06-03T19:08:09,0,9999,0,9999
2023-06-03T19:19:50,0,9999,0,9999
2023-06-03T19:31:31,0,9999,0,9999
2023-06-03T19:43:12,0,9999,0,9999
2023-06-03T19:54:53,0,9999,0,9999
2023-06-03T20:06:33,0,9999,0,9999
2023-06-03T20:18:14,0,9999,0,9999
2023-06-03T20:29:55,0,9999,0,9999
2023-06-03T20:41:46,0,9999,0,9999
2023-06-03T20:53:27,0,9999,0,9999
2023-06-03T21:05:08,0,9999,0,9999
2023-06-03T21:16:49,0,9999,0,9999
2023-06-03T21:28:30,0,9999,0,9999
2023-06-03T21:40:11,0,9999,0,9999
2023-06-03T21:51:52,0,9999,0,9999
2023-06-03T22:03:34,0,9999,0,9999
2023-06-03T22:15:14,0,9999,0,9999
2023-06-03T22:26:55,0,9999,0,9999
2023-06-03T22:38:36,0,9999,0,9999
2023-06-03T22:50:26,0,9999,0,9999
2023-06-03T23:02:08,0,9999,0,9999
2023-06-03T23:13:49,0,9999,0,9999
2023-06-03T23:25:31,0,9999,0,9999
2023-06-03T23:37:12,0,9999,0,9999
2023-06-03T23:48:54,0,9999,0,9999
2023-06-04T00:00:35,0,9999,0,9999
2023-06-04T00:12:22,0,9999,0,9999
2023-06-04T00:24:08,0,9999,0,9999
2023-06-04T00:35:51,0,9999,0,9999
2023-06-04T00:47:36,0,9999,0,9999
2023-06-04T00:59:20,0,9999,0,9999
2023-06-04T01:11:03,0,9999,0,9999
2023-06-04T01:22:56,0,9999,0,9999
2023-06-04T01:34:41,0,9999,0,9999
2023-06-04T01:46:25,0,9999,0,9999
2023-06-04T01:58:08,0,9999,0,9999
2023-06-04T02:09:54,0,9999,0,9999
2023-06-04T02:21:53,0,9999,0,9999
2023-06-04T02:33:38,0,9999,0,9999
2023-06-04T02:45:22,0,9999,0,9999
2023-06-04T02:57:04,0,9999,0,9999
2023-06-04T03:08:48,0,9999,0,9999
2023-06-04T03:20:32,0,9999,0,9999
2023-06-04T03:32:16,0,9999,0,9999
2023-06-04T03:44:00,0,9999,0,9999
2023-06-04T03:55:44,0,9999,0,9999
2023-06-04T04:07:28,0,9999,0,9999
2023-06-04T04:35:32,0,9999,0,9999
2023-06-04T04:47:19,0,9999,0,9999
2023-06-04T04:59:04,0,9999,0,9999
2023-06-04T05:10:50,0,9999,0,9999
2023-06-04T05:22:34,0,9999,0,9999
2023-06-04T05:34:17,0,9999,0,9999
2023-06-04T05:46:02,0,9999,0,9999
2023-06-04T05:57:46,0,9999,0,9999
2023-06-04T06:09:30,0,9999,0,9999
2023-06-04T06:21:13,0,9999,0,9999
2023-06-04T06:32:57,0,9999,0,9999
2023-06-04T06:44:41,0,9999,0,9999
2023-06-04T06:56:24,0,9999,0,9999
2023-06-04T07:08:07,0,9999,0,9999
2023-06-04T07:19:50,0,9999,0,9999
2023-06-04T07:31:31,0,9999,0,9999
2023-06-04T07:43:12,0,9999,0,9999
2023-06-04T07:54:53,0,9999,0,9999
2023-06-04T08:06:34,0,9999,0,9999
2023-06-04T08:18:27,0,9999,0,9999
2023-06-04T08:30:10,0,9999,0,9999
2023-06-04T08:41:52,0,9999,0,9999
2023-06-04T08:53:33,0,9999,0,9999
2023-06-04T09:05:14,0,9999,0,9999
2023-06-04T09:16:56,0,9999,0,9999
2023-06-04T09:28:38,0,9999,0,9999
2023-06-04T09:40:19,0,9999,0,9999
2023-06-04T09:52:00,0,9999,0,9999
2023-06-04T10:03:41,0,9999,0,9999
2023-06-04T10:15:23,0,9999,0,9999
2023-06-04T10:27:04,0,9999,0,9999
2023-06-04T10:38:45,0,9999,0,9999
2023-06-04T10:50:26,0,9999,0,9999
2023-06-04T11:02:08,0,9999,0,9999
2023-06-04T11:13:50,0,9999,0,9999
2023-06-04T11:25:42,0,9999,0,9999
2023-06-04T11:37:24,0,9999,0,9999
2023-06-04T11:49:05,0,9999,0,9999
2023-06-04T12:00:46,0,9999,0,9999
2023-06-04T12:12:27,0,9999,0,9999
2023-06-04T12:24:08,0,9999,0,9999
2023-06-04T12:35:48,0,9999,0,9999
2023-06-04T12:47:29,0,9999,0,9999
2023-06-04T12:59:10,0,9999,0,9999
2023-06-04T13:10:50,0,9999,0,9999
2023-06-04T13:22:31,0,9999,0,9999
2023-06-04T13:34:12,0,9999,0,9999
2023-06-04T13:46:02,0,9999,0,9999
2023-06-04T13:57:43,0,9999,0,9999
2023-06-04T14:09:24,0,9999,0,9999
2023-06-04T14:21:04,0,9999,0,9999
2023-06-04T14:32:44,0,9999,0,9999
2023-06-04T14:44:25,0,9999,0,9999
2023-06-04T14:56:05,0,9999,0,9999
2023-06-04T15:07:46,0,9999,0,9999
2023-06-04T15:19:26,0,9999,0,9999
2023-06-04T15:31:07,0,9999,0,9999
2023-06-04T15:42:59,0,9999,0,9999
2023-06-04T15:54:39,0,9999,0,9999
2023-06-04T16:06:20,0,9999,0,9999
2023-06-04T16:18:02,0,9999,0,9999
2023-06-04T16:29:43,0,9999,0,9999
2023-06-04T16:41:25,0,9999,0,9999
2023-06-04T16:53:06,0,9999,0,9999
2023-06-04T17:04:47,0,9999,0,9999
2023-06-04T17:16:28,0,9999,0,9999
2023-06-04T17:28:10,0,9999,0,9999
2023-06-04T17:40:01,0,9999,0,9999
2023-06-04T17:51:42,0,9999,0,9999
2023-06-04T18:03:22,0,9999,0,9999
2023-06-04T18:15:03,0,9999,0,9999
2023-06-04T18:26:44,0,9999,0,9999
2023-06-04T18:38:26,0,9999,0,9999
2023-06-04T18:50:06,0,9999,0,9999
2023-06-04T19:01:49,0,9999,0,9999
2023-06-04T19:13:32,0,9999,0,9999
2023-06-04T19:25:23,0,9999,0,9999
2023-06-04T19:37:03,0,9999,0,9999
2023-06-04T19:48:45,0,9999,0,9999
2023-06-04T20:00:26,0,9999,0,9999
2023-06-04T20:12:07,0,9999,0,9999
2023-06-04T20:23:48,0,9999,0,9999
2023-06-04T20:35:29,0,9999,0,9999
2023-06-04T20:47:09,0,9999,0,9999
2023-06-04T20:58:50,0,9999,0,9999
2023-06-04T21:10:32,0,9999,0,9999
2023-06-04T21:22:23,0,9999,0,9999
2023-06-04T21:34:05,0,9999,0,9999
2023-06-04T21:45:47,0,9999,0,9999
2023-06-04T21:57:28,0,9999,0,9999
2023-06-04T22:09:09,0,9999,0,9999
2023-06-04T22:20:50,0,9999,0,9999
2023-06-04T22:32:31,0,9999,0,9999
2023-06-04T22:44:12,0,9999,0,9999
2023-06-04T22:55:53,0,9999,0,9999
2023-06-04T23:07:34,0,9999,0,9999
2023-06-04T23:19:25,0,9999,0,9999
2023-06-04T23:31:07,0,9999,0,9999
2023-06-04T23:42:49,0,9999,0,9999
2023-06-04T23:54:30,0,9999,0,9999
2023-06-05T00:06:13,0,9999,0,9999
2023-06-05T00:18:01,0,9999,0,9999
2023-06-05T00:29:57,0,9999,0,9999
2023-06-05T00:41:43,0,9999,0,9999
2023-06-05T00:53:27,0,9999,0,9999
2023-06-05T01:05:08,0,9999,0,9999
2023-06-05T01:17:08,0,9999,0,9999
2023-06-05T01:28:52,0,9999,0,9999
2023-06-05T01:40:37,0,9999,0,9999
2023-06-05T01:52:20,0,9999,0,9999
2023-06-05T02:04:10,0,9999,0,9999
2023-06-05T02:15:53,0,9999,0,9999
2023-06-05T02:27:37,0,9999,0,9999
2023-06-05T02:39:19,0,9999,0,9999
2023-06-05T02:51:02,0,9999,0,9999
2023-06-05T03:02:45,0,9999,0,9999
2023-06-05T03:14:28,0,9999,0,9999
2023-06-05T03:26:13,0,9999,0,9999
2023-06-05T03:37:56,0,9999,0,9999
2023-06-05T03:49:41,0,9999,0,9999
2023-06-05T04:01:26,0,9999,0,9999
2023-06-05T04:13:11,0,9999,0,9999
2023-06-05T04:39:03,0,9999,0,9999
2023-06-05T04:51:12,0,9999,0,9999
2023-06-05T05:02:58,0,9999,0,9999
2023-06-05T05:14:43,0,9999,0,9999
2023-06-05T05:26:27,0,9999,0,9999
2023-06-05T05:38:12,0,9999,0,9999
2023-06-05T05:49:57,0,9999,0,9999
2023-06-05T06:01:42,0,9999,0,9999
2023-06-05T06:13:29,0,9999,0,9999
2023-06-05T06:25:14,0,9999,0,9999
2023-06-05T06:36:58,0,9999,0,9999
2023-06-05T06:48:42,0,9999,0,9999
2023-06-05T07:00:26,0,9999,0,9999
2023-06-05T07:12:11,0,9999,0,9999
2023-06-05T07:23:53,0,9999,0,9999
2023-06-05T07:35:34,0,9999,0,9999
2023-06-05T07:47:15,0,9999,0,9999
2023-06-05T07:58:56,0,9999,0,9999
2023-06-05T08:10:38,0,9999,0,9999
2023-06-05T08:22:19,0,9999,0,9999
2023-06-05T08:34:11,0,9999,0,9999
2023-06-05T08:45:52,0,9999,0,9999
2023-06-05T08:57:33,0,9999,0,9999
2023-06-05T09:09:15,0,9999,0,9999
2023-06-05T09:20:56,0,9999,0,9999
2023-06-05T09:32:37,0,9999,0,9999
2023-06-05T09:44:18,0,9999,0,9999
2023-06-05T09:56:00,0,9999,0,9999
2023-06-05T10:07:41,0,9999,0,9999
2023-06-05T10:19:33,0,9999,0,9999
2023-06-05T10:31:14,0,9999,0,9999
2023-06-05T10:42:56,0,9999,0,9999
2023-06-05T10:54:37,0,9999,0,9999
2023-06-05T11:06:19,0,9999,0,9999
2023-06-05T11:18:00,0,9999,0,9999
2023-06-05T11:29:52,0,9999,0,9999
2023-06-05T11:41:34,0,9999,0,9999
2023-06-05T11:53:15,0,9999,0,9999
2023-06-05T12:04:56,0,9999,0,9999
2023-06-05T12:16:38,0,9999,0,9999
2023-06-05T12:28:31,0,9999,0,9999
2023-06-05T12:40:13,0,9999,0,9999
2023-06-05T12:51:56,0,9999,0,9999
2023-06-05T13:03:38,0,9999,0,9999
2023-06-05T13:15:31,0,9999,0,9999
2023-06-05T13:27:13,0,9999,0,9999
2023-06-05T13:38:54,0,9999,0,9999
2023-06-05T13:50:35,0,9999,0,9999
2023-06-05T14:02:16,0,9999,0,9999
2023-06-05T14:14:08,0,9999,0,9999
2023-06-05T14:25:49,0,9999,0,9999
2023-06-05T14:37:34,0,9999,0,9999
2023-06-05T14:49:15,0,9999,0,9999
2023-06-05T15:01:08,0,9999,0,9999
2023-06-05T15:12:50,0,9999,0,9999
2023-06-05T15:24:32,0,9999,0,9999
2023-06-05T15:36:14,0,9999,0,9999
2023-06-05T15:47:56,0,9999,0,9999
2023-06-05T15:59:47,0,9999,0,9999
2023-06-05T16:11:29,0,9999,0,9999
2023-06-05T16:23:10,0,9999,0,9999
2023-06-05T16:34:51,0,9999,0,9999
2023-06-05T16:46:34,0,9999,0,9999
2023-06-05T16:58:26,0,9999,0,9999
2023-06-05T17:10:08,0,9999,0,9999
2023-06-05T17:21:50,0,9999,0,9999
2023-06-05T17:33:31,0,9999,0,9999
2023-06-05T17:45:15,0,9999,0,9999
2023-06-05T17:56:56,0,9999,0,9999
2023-06-05T18:08:48,0,9999,0,9999
2023-06-05T18:20:29,0,9999,0,9999
2023-06-05T18:32:10,0,9999,0,9999
2023-06-05T18:43:50,0,9999,0,9999
2023-06-05T18:55:31,0,9999,0,9999
2023-06-05T19:07:14,0,9999,0,9999
2023-06-05T19:19:05,0,9999,0,9999
2023-06-05T19:30:46,0,9999,0,9999
2023-06-05T19:42:28,0,9999,0,9999
2023-06-05T19:54:09,0,9999,0,9999
2023-06-05T20:05:51,0,9999,0,9999
2023-06-05T20:17:33,0,9999,0,9999
2023-06-05T20:29:14,0,9999,0,9999
2023-06-05T20:41:08,0,9999,0,9999
2023-06-05T20:52:49,0,9999,0,9999
2023-06-05T21:04:31,0,9999,0,9999
2023-06-05T21:16:12,0,9999,0,9999
2023-06-05T21:27:53,0,9999,0,9999
2023-06-05T21:39:35,0,9999,0,9999
2023-06-05T21:51:17,0,9999,0,9999
2023-06-05T22:03:10,0,9999,0,9999
2023-06-05T22:14:51,0,9999,0,9999
2023-06-05T22:26:32,0,9999,0,9999
2023-06-05T22:38:14,0,9999,0,9999
2023-06-05T22:49:55,0,9999,0,9999
2023-06-05T23:01:37,0,9999,0,9999
2023-06-05T23:13:20,0,9999,0,9999
2023-06-05T23:25:13,0,9999,0,9999
2023-06-05T23:36:55,0,9999,0,9999
2023-06-05T23:48:37,0,9999,0,9999
2023-06-06T00:00:19,0,9999,0,9999
2023-06-06T00:12:03,0,9999,0,9999
2023-06-06T00:23:46,0,9999,0,9999
2023-06-06T00:35:30,0,9999,0,9999
2023-06-06T00:47:16,0,9999,0,9999
2023-06-06T00:59:12,0,9999,0,9999
2023-06-06T01:10:56,0,9999,0,9999
2023-06-06T01:22:41,0,9999,0,9999
2023-06-06T01:34:25,0,9999,0,9999
2023-06-06T01:46:09,0,9999,0,9999
2023-06-06T01:57:55,0,9999,0,9999
2023-06-06T02:09:38,0,9999,0,9999
2023-06-06T02:21:22,0,9999,0,9999
2023-06-06T02:33:05,0,9999,0,9999
2023-06-06T02:44:48,0,9999,0,9999
2023-06-06T02:56:30,0,9999,0,9999
2023-06-06T03:08:13,0,9999,0,9999
2023-06-06T03:19:56,0,9999,0,9999
2023-06-06T03:31:40,0,9999,0,9999
2023-06-06T03:43:23,0,9999,0,9999
2023-06-06T03:55:08,0,9999,0,9999
2023-06-06T04:06:52,0,9999,0,9999
2023-06-06T04:34:39,0,9999,0,9999
2023-06-06T04:47:59,0,9999,0,9999
2023-06-06T04:59:52,0,9999,0,9999
2023-06-06T05:11:37,0,9999,0,9999
2023-06-06T05:23:22,0,9999,0,9999
2023-06-06T05:35:07,0,9999,0,9999
2023-06-06T05:46:52,0,9999,0,9999
2023-06-06T05:58:36,0,9999,0,9999
2023-06-06T06:10:23,0,9999,0,9999
2023-06-06T06:22:09,0,9999,0,9999
2023-06-06T06:33:54,0,9999,0,9999
2023-06-06T06:45:37,0,9999,0,9999
2023-06-06T06:57:21,0,9999,0,9999
2023-06-06T07:09:06,0,9999,0,9999
2023-06-06T07:20:49,0,9999,0,9999
2023-06-06T07:32:33,0,9999,0,9999
2023-06-06T07:44:17,0,9999,0,9999
2023-06-06T07:55:59,0,9999,0,9999
2023-06-06T08:07:43,0,9999,0,9999
2023-06-06T08:19:26,0,9999,0,9999
2023-06-06T08:31:09,0,9999,0,9999
2023-06-06T08:42:52,0,9999,0,9999
2023-06-06T08:54:45,0,9999,0,9999
2023-06-06T09:06:29,0,9999,0,9999
2023-06-06T09:18:12,0,9999,0,9999
2023-06-06T09:29:54,0,9999,0,9999
2023-06-06T09:41:37,0,9999,0,9999
2023-06-06T09:53:20,0,9999,0,9999
2023-06-06T10:05:02,0,9999,0,9999
2023-06-06T10:16:43,0,9999,0,9999
2023-06-06T10:28:37,0,9999,0,9999
2023-06-06T10:40:19,0,9999,0,9999
2023-06-06T10:52:00,0,9999,0,9999
2023-06-06T11:03:42,0,9999,0,9999
2023-06-06T11:15:25,0,9999,0,9999
2023-06-06T11:27:19,0,9999,0,9999
2023-06-06T11:39:01,0,9999,0,9999
2023-06-06T11:50:43,0,9999,0,9999
2023-06-06T12:02:24,0,9999,0,9999
2023-06-06T12:14:17,0,9999,0,9999
2023-06-06T12:26:00,0,9999,0,9999
2023-06-06T12:37:42,0,9999,0,9999
2023-06-06T12:49:23,0,9999,0,9999
2023-06-06T13:01:05,0,9999,0,9999
2023-06-06T13:12:58,0,9999,0,9999
2023-06-06T13:24:40,0,9999,0,9999
2023-06-06T13:36:23,0,9999,0,9999
2023-06-06T13:48:06,0,9999,0,9999
2023-06-06T14:00:01,0,9999,0,9999
2023-06-06T14:11:45,0,9999,0,9999
2023-06-06T14:23:29,0,9999,0,9999
2023-06-06T14:35:22,0,9999,0,9999
2023-06-06T14:47:05,0,9999,0,9999
2023-06-06T14:58:47,0,9999,0,9999
2023-06-06T15:10:29,0,9999,0,9999
2023-06-06T15:22:14,0,9999,0,9999
2023-06-06T15:34:08,0,9999,0,9999
2023-06-06T15:45:50,0,9999,0,9999
2023-06-06T15:57:33,0,9999,0,9999
2023-06-06T16:09:16,0,9999,0,9999
2023-06-06T16:21:10,0,9999,0,9999
2023-06-06T16:32:53,0,9999,0,9999
2023-06-06T16:44:36,0,9999,0,9999
2023-06-06T16:56:18,0,9999,0,9999
2023-06-06T17:08:03,0,9999,0,9999
2023-06-06T17:19:57,0,9999,0,9999
2023-06-06T17:31:39,0,9999,0,9999
2023-06-06T17:43:22,0,9999,0,9999
2023-06-06T17:55:05,0,9999,0,9999
2023-06-06T18:07:01,0,9999,0,9999
2023-06-06T18:18:44,0,9999,0,9999
2023-06-06T18:30:26,0,9999,0,9999
2023-06-06T18:42:09,0,9999,0,9999
2023-06-06T18:53:51,0,9999,0,9999
2023-06-06T19:05:45,0,9999,0,9999
2023-06-06T19:17:25,0,9999,0,9999
2023-06-06T19:29:04,0,9999,0,9999
2023-06-06T19:40:43,0,9999,0,9999
2023-06-06T19:52:22,0,9999,0,9999
2023-06-06T20:04:13,0,9999,0,9999
2023-06-06T20:15:53,0,9999,0,9999
2023-06-06T20:27:32,0,9999,0,9999
2023-06-06T20:39:11,0,9999,0,9999
2023-06-06T20:50:50,0,9999,0,9999
2023-06-06T21:02:40,0,9999,0,9999
2023-06-06T21:14:19,0,9999,0,9999
2023-06-06T21:25:59,0,9999,0,9999
2023-06-06T21:37:37,0,9999,0,9999
2023-06-06T21:49:16,0,9999,0,9999
2023-06-06T22:00:54,0,9999,0,9999
2023-06-06T22:12:44,0,9999,0,9999
2023-06-06T22:24:22,0,9999,0,9999
2023-06-06T22:36:00,0,9999,0,9999
2023-06-06T22:47:39,0,9999,0,9999
2023-06-06T22:59:17,0,9999,0,9999
2023-06-06T23:10:57,0,9999,0,9999
2023-06-06T23:22:36,0,9999,0,9999
2023-06-06T23:34:16,0,9999,0,9999
2023-06-06T23:46:06,0,9999,0,9999
2023-06-06T23:57:45,0,9999,0,9999
2023-06-07T00:09:25,0,9999,0,9999
2023-06-07T00:21:11,0,9999,0,9999
2023-06-07T00:32:52,0,9999,0,9999
2023-06-07T00:44:33,0,9999,0,9999
2023-06-07T00:56:15,0,9999,0,9999
2023-06-07T01:07:57,0,9999,0,9999
2023-06-07T01:19:51,0,9999,0,9999
2023-06-07T01:31:33,0,9999,0,9999
2023-06-07T01:43:14,0,9999,0,9999
2023-06-07T01:54:56,0,9999,0,9999
2023-06-07T02:06:38,0,9999,0,9999
2023-06-07T02:18:18,0,9999,0,9999
2023-06-07T02:29:57,0,9999,0,9999
2023-06-07T02:41:39,0,9999,0,9999
2023-06-07T02:53:21,0,9999,0,9999
2023-06-07T03:05:04,0,9999,0,9999
2023-06-07T03:16:47,0,9999,0,9999
2023-06-07T03:28:28,0,9999,0,9999
2023-06-07T03:40:11,0,9999,0,9999
2023-06-07T03:51:54,0,9999,0,9999
2023-06-07T04:03:35,0,9999,0,9999
2023-06-07T04:26:00,0,9999,0,9999
2023-06-07T04:37:45,0,9999,0,9999
2023-06-07T04:51:19,0,9999,0,9999
2023-06-07T05:03:05,0,9999,0,9999
2023-06-07T05:14:52,0,9999,0,9999
2023-06-07T05:26:37,0,9999,0,9999
2023-06-07T05:38:22,0,9999,0,9999
2023-06-07T05:50:07,0,9999,0,9999
2023-06-07T06:01:52,0,9999,0,9999
2023-06-07T06:13:37,0,9999,0,9999
2023-06-07T06:25:22,0,9999,0,9999
2023-06-07T06:37:07,0,9999,0,9999
2023-06-07T06:48:52,0,9999,0,9999
2023-06-07T07:00:35,0,9999,0,9999
2023-06-07T07:12:23,0,9999,0,9999
2023-06-07T07:24:08,0,9999,0,9999
2023-06-07T07:35:52,0,9999,0,9999
2023-06-07T07:47:34,0,9999,0,9999
2023-06-07T07:59:17,0,9999,0,9999
2023-06-07T08:11:00,0,9999,0,9999
2023-06-07T08:22:42,0,9999,0,9999
2023-06-07T08:34:34,0,9999,0,9999
2023-06-07T08:46:18,0,9999,0,9999
2023-06-07T08:58:01,0,9999,0,9999
2023-06-07T09:09:43,0,9999,0,9999
2023-06-07T09:21:27,0,9999,0,9999
2023-06-07T09:33:09,0,9999,0,9999
2023-06-07T09:44:52,0,9999,0,9999
2023-06-07T09:56:34,0,9999,0,9999
2023-06-07T10:08:30,0,9999,0,9999
2023-06-07T10:20:13,0,9999,0,9999
2023-06-07T10:31:55,0,9999,0,9999
2023-06-07T10:43:38,0,9999,0,9999
2023-06-07T10:55:32,0,9999,0,9999
2023-06-07T11:07:16,0,9999,0,9999
2023-06-07T11:19:00,0,9999,0,9999
2023-06-07T11:30:44,0,9999,0,9999
2023-06-07T11:42:50,0,9999,0,9999
2023-06-07T11:54:33,0,9999,0,9999
2023-06-07T12:06:17,0,9999,0,9999
2023-06-07T12:18:00,0,9999,0,9999
2023-06-07T12:29:54,0,9999,0,9999
2023-06-07T12:41:36,0,9999,0,9999
2023-06-07T12:53:18,0,9999,0,9999
2023-06-07T13:05:01,0,9999,0,9999
2023-06-07T13:16:44,0,9999,0,9999
2023-06-07T13:28:36,0,9999,0,9999
2023-06-07T13:40:18,0,9999,0,9999
2023-06-07T13:52:01,0,9999,0,9999
2023-06-07T14:04:00,0,9999,0,9999
2023-06-07T14:15:43,0,9999,0,9999
2023-06-07T14:27:25,0,9999,0,9999
2023-06-07T14:39:07,0,9999,0,9999
2023-06-07T14:50:49,0,9999,0,9999
2023-06-07T15:02:42,0,9999,0,9999
2023-06-07T15:14:26,0,9999,0,9999
2023-06-07T15:26:09,0,9999,0,9999
2023-06-07T15:37:53,0,9999,0,9999
2023-06-07T15:49:56,0,9999,0,9999
2023-06-07T16:01:40,0,9999,0,9999
2023-06-07T16:13:23,0,9999,0,9999
2023-06-07T16:25:07,0,9999,0,9999
2023-06-07T16:37:00,0,9999,0,9999
2023-06-07T16:48:43,0,9999,0,9999
2023-06-07T17:00:26,0,9999,0,9999
2023-06-07T17:12:32,0,9999,0,9999
2023-06-07T17:24:15,0,9999,0,9999
2023-06-07T17:35:57,0,9999,0,9999
2023-06-07T17:47:39,0,9999,0,9999
2023-06-07T17:59:23,0,9999,0,9999
2023-06-07T18:11:22,0,9999,0,9999
2023-06-07T18:23:05,0,9999,0,9999
2023-06-07T18:34:48,0,9999,0,9999
2023-06-07T18:46:30,0,9999,0,9999
2023-06-07T18:58:13,0,9999,0,9999
2023-06-07T19:10:07,0,9999,0,9999
2023-06-07T19:21:50,0,9999,0,9999
2023-06-07T19:33:34,0,9999,0,9999
2023-06-07T19:45:17,0,9999,0,9999
2023-06-07T19:56:59,0,9999,0,9999
2023-06-07T20:08:42,0,9999,0,9999
2023-06-07T20:20:36,0,9999,0,9999
2023-06-07T20:32:18,0,9999,0,9999
2023-06-07T20:44:00,0,9999,0,9999
2023-06-07T20:55:42,0,9999,0,9999
2023-06-07T21:07:24,0,9999,0,9999
2023-06-07T21:19:26,0,9999,0,9999
2023-06-07T21:31:08,0,9999,0,9999
2023-06-07T21:42:52,0,9999,0,9999
2023-06-07T21:54:34,0,9999,0,9999
2023-06-07T22:06:16,0,9999,0,9999
2023-06-07T22:18:09,0,9999,0,9999
2023-06-07T22:29:51,0,9999,0,9999
2023-06-07T22:41:34,0,9999,0,9999
2023-06-07T22:53:16,0,9999,0,9999
2023-06-07T23:04:59,0,9999,0,9999
2023-06-07T23:16:41,0,9999,0,9999
2023-06-07T23:28:23,0,9999,0,9999
2023-06-07T23:40:17,0,9999,0,9999
2023-06-07T23:52:00,0,9999,0,9999
2023-06-08T00:03:43,0,9999,0,9999
2023-06-08T00:15:28,0,9999,0,9999
2023-06-08T00:27:14,0,9999,0,9999
2023-06-08T00:39:01,0,9999,0,9999
2023-06-08T00:50:46,0,9999,0,9999
2023-06-08T01:02:54,0,9999,0,9999
2023-06-08T01:14:38,0,9999,0,9999
2023-06-08T01:26:23,0,9999,0,9999
2023-06-08T01:38:08,0,9999,0,9999
2023-06-08T01:49:53,0,9999,0,9999
2023-06-08T02:01:40,0,9999,0,9999
2023-06-08T02:13:25,0,9999,0,9999
2023-06-08T02:25:09,0,9999,0,9999
2023-06-08T02:36:54,0,9999,0,9999
2023-06-08T02:48:37,0,9999,0,9999
2023-06-08T03:00:19,0,9999,0,9999
2023-06-08T03:12:03,0,9999,0,9999
2023-06-08T03:23:58,0,9999,0,9999
2023-06-08T03:35:43,0,9999,0,9999
2023-06-08T03:47:27,0,9999,0,9999
2023-06-08T03:59:12,0,9999,0,9999
2023-06-08T04:10:59,0,9999,0,9999
2023-06-08T04:39:50,0,9999,0,9999
2023-06-08T04:51:40,0,9999,0,9999
2023-06-08T05:03:27,0,9999,0,9999
2023-06-08T05:15:12,0,9999,0,9999
2023-06-08T05:26:57,0,9999,0,9999
2023-06-08T05:38:42,0,9999,0,9999
2023-06-08T05:52:03,0,9999,0,9999
2023-06-08T06:04:11,0,9999,0,9999
2023-06-08T06:15:56,0,9999,0,9999
2023-06-08T06:27:40,0,9999,0,9999
2023-06-08T06:39:25,0,9999,0,9999
2023-06-08T06:51:11,0,9999,0,9999
2023-06-08T07:02:56,0,9999,0,9999
2023-06-08T07:14:41,0,9999,0,9999
2023-06-08T07:26:28,0,9999,0,9999
2023-06-08T07:38:11,0,9999,0,9999
2023-06-08T07:49:55,0,9999,0,9999
2023-06-08T08:01:40,0,9999,0,9999
2023-06-08T08:13:24,0,9999,0,9999
2023-06-08T08:25:08,0,9999,0,9999
2023-06-08T08:37:08,0,9999,0,9999
2023-06-08T08:48:53,0,9999,0,9999
2023-06-08T09:00:37,0,9999,0,9999
2023-06-08T09:12:20,0,9999,0,9999
2023-06-08T09:24:03,0,9999,0,9999
2023-06-08T09:35:47,0,9999,0,9999
2023-06-08T09:47:30,0,9999,0,9999
2023-06-08T09:59:13,0,9999,0,9999
2023-06-08T10:11:08,0,9999,0,9999
2023-06-08T10:22:51,0,9999,0,9999
2023-06-08T10:34:33,0,9999,0,9999
2023-06-08T10:46:15,0,9999,0,9999
2023-06-08T10:57:59,0,9999,0,9999
2023-06-08T11:09:42,0,9999,0,9999
2023-06-08T11:21:37,0,9999,0,9999
2023-06-08T11:33:20,0,9999,0,9999
2023-06-08T11:45:03,0,9999,0,9999
2023-06-08T11:56:48,0,9999,0,9999
2023-06-08T12:08:31,0,9999,0,9999
2023-06-08T12:20:25,0,9999,0,9999
2023-06-08T12:32:08,0,9999,0,9999
2023-06-08T12:43:51,0,9999,0,9999
2023-06-08T12:55:34,0,9999,0,9999
2023-06-08T13:07:17,0,9999,0,9999
2023-06-08T13:19:09,0,9999,0,9999
2023-06-08T13:30:52,0,9999,0,9999
2023-06-08T13:42:34,0,9999,0,9999
2023-06-08T13:54:16,0,9999,0,9999
2023-06-08T14:06:00,0,9999,0,9999
2023-06-08T14:17:43,0,9999,0,9999
2023-06-08T14:29:36,0,9999,0,9999
2023-06-08T14:41:18,0,9999,0,9999
2023-06-08T14:53:00,0,9999,0,9999
2023-06-08T15:04:43,0,9999,0,9999
2023-06-08T15:16:25,0,9999,0,9999
2023-06-08T15:28:26,0,9999,0,9999
2023-06-08T15:40:08,0,9999,0,9999
2023-06-08T15:51:51,0,9999,0,9999
2023-06-08T16:03:33,0,9999,0,9999
2023-06-08T16:15:15,0,9999,0,9999
2023-06-08T16:26:58,0,9999,0,9999
2023-06-08T16:38:40,0,9999,0,9999
2023-06-08T16:50:33,0,9999,0,9999
2023-06-08T17:02:15,0,9999,0,9999
2023-06-08T17:13:59,0,9999,0,9999
2023-06-08T17:25:42,0,9999,0,9999
2023-06-08T17:37:24,0,9999,0,9999
2023-06-08T17:49:07,0,9999,0,9999
2023-06-08T18:00:49,0,9999,0,9999
2023-06-08T18:12:32,0,9999,0,9999
2023-06-08T18:24:24,0,9999,0,9999
2023-06-08T18:36:07,0,9999,0,9999
2023-06-08T18:47:49,0,9999,0,9999
2023-06-08T18:59:31,0,9999,0,9999
2023-06-08T19:11:14,0,9999,0,9999
2023-06-08T19:22:56,0,9999,0,9999
2023-06-08T19:34:39,0,9999,0,9999
2023-06-08T20:06:01,0,9999,0,9999
2023-06-08T20:17:43,0,9999,0,9999
2023-06-08T20:29:26,0,9999,0,9999
2023-06-08T20:41:08,0,9999,0,9999
2023-06-08T20:52:50,0,9999,0,9999
2023-06-08T21:04:33,0,9999,0,9999
2023-06-08T21:16:15,0,9999,0,9999
2023-06-08T21:27:57,0,9999,0,9999
2023-06-08T21:39:40,0,9999,0,9999
2023-06-08T21:51:22,0,9999,0,9999
2023-06-08T22:03:15,0,9999,0,9999
2023-06-08T22:14:57,0,9999,0,9999
2023-06-08T22:26:40,0,9999,0,9999
2023-06-08T22:38:22,0,9999,0,9999
2023-06-08T22:50:04,0,9999,0,9999
2023-06-08T23:01:46,0,9999,0,9999
2023-06-08T23:13:29,0,9999,0,9999
2023-06-08T23:25:12,0,9999,0,9999
2023-06-08T23:36:55,0,9999,0,9999
2023-06-08T23:48:38,0,9999,0,9999
2023-06-09T00:00:21,0,9999,0,9999
2023-06-09T00:12:22,0,9999,0,9999
2023-06-09T00:24:09,0,9999,0,9999
2023-06-09T00:35:55,0,9999,0,9999
2023-06-09T00:47:41,0,9999,0,9999
2023-06-09T00:59:27,0,9999,0,9999
2023-06-09T01:11:13,0,9999,0,9999
2023-06-09T01:22:59,0,9999,0,9999
2023-06-09T01:34:45,0,9999,0,9999
2023-06-09T01:46:31,0,9999,0,9999
2023-06-09T01:58:19,0,9999,0,9999
2023-06-09T02:10:04,0,9999,0,9999
2023-06-09T02:21:48,0,9999,0,9999
2023-06-09T02:33:33,0,9999,0,9999
2023-06-09T02:45:36,0,9999,0,9999
2023-06-09T02:57:36,0,9999,0,9999
2023-06-09T03:09:23,0,9999,0,9999
2023-06-09T03:21:09,0,9999,0,9999
2023-06-09T03:32:55,0,9999,0,9999
2023-06-09T03:44:40,0,9999,0,9999
2023-06-09T03:56:25,0,9999,0,9999
2023-06-09T04:08:11,0,9999,0,9999
2023-06-09T04:32:53,0,9999,0,9999
2023-06-09T04:44:41,0,9999,0,9999
2023-06-09T04:56:30,0,9999,0,9999
2023-06-09T05:08:19,0,9999,0,9999
2023-06-09T05:20:05,0,9999,0,9999
2023-06-09T05:31:51,0,9999,0,9999
2023-06-09T05:43:37,0,9999,0,9999
2023-06-09T05:55:23,0,9999,0,9999
2023-06-09T06:07:09,0,9999,0,9999
2023-06-09T06:18:55,0,9999,0,9999
2023-06-09T06:30:41,0,9999,0,9999
2023-06-09T06:42:27,0,9999,0,9999
2023-06-09T06:54:12,0,9999,0,9999
2023-06-09T07:05:58,0,9999,0,9999
2023-06-09T07:17:43,0,9999,0,9999
2023-06-09T07:29:30,0,9999,0,9999
2023-06-09T07:41:14,0,9999,0,9999
2023-06-09T07:52:58,0,9999,0,9999
2023-06-09T08:04:42,0,9999,0,9999
2023-06-09T08:16:26,0,9999,0,9999
2023-06-09T08:28:09,0,9999,0,9999
2023-06-09T08:39:52,0,9999,0,9999
2023-06-09T08:51:35,0,9999,0,9999
2023-06-09T09:03:28,0,9999,0,9999
2023-06-09T09:15:11,0,9999,0,9999
2023-06-09T09:26:53,0,9999,0,9999
2023-06-09T09:38:37,0,9999,0,9999
2023-06-09T09:50:20,0,9999,0,9999
2023-06-09T10:02:05,0,9999,0,9999
2023-06-09T10:13:47,0,9999,0,9999
2023-06-09T10:25:30,0,9999,0,9999
2023-06-09T10:37:12,0,9999,0,9999
2023-06-09T10:48:55,0,9999,0,9999
2023-06-09T11:00:38,0,9999,0,9999
2023-06-09T11:12:39,0,9999,0,9999
2023-06-09T11:24:21,0,9999,0,9999
2023-06-09T11:36:04,0,9999,0,9999
2023-06-09T11:47:46,0,9999,0,9999
2023-06-09T11:59:28,0,9999,0,9999
2023-06-09T12:11:11,0,9999,0,9999
2023-06-09T12:22:55,0,9999,0,9999
2023-06-09T12:34:39,0,9999,0,9999
2023-06-09T12:46:34,0,9999,0,9999
2023-06-09T12:58:18,0,9999,0,9999
2023-06-09T13:10:01,0,9999,0,9999
2023-06-09T13:21:45,0,9999,0,9999
2023-06-09T13:33:30,0,9999,0,9999
2023-06-09T13:45:14,0,9999,0,9999
2023-06-09T13:56:58,0,9999,0,9999
2023-06-09T14:08:59,0,9999,0,9999
2023-06-09T14:20:43,0,9999,0,9999
2023-06-09T14:32:27,0,9999,0,9999
2023-06-09T14:44:11,0,9999,0,9999
2023-06-09T14:55:56,0,9999,0,9999
2023-06-09T15:07:40,0,9999,0,9999
2023-06-09T15:19:24,0,9999,0,9999
2023-06-09T15:31:08,0,9999,0,9999
2023-06-09T15:42:53,0,9999,0,9999
2023-06-09T15:54:48,0,9999,0,9999
2023-06-09T16:06:32,0,9999,0,9999
2023-06-09T16:18:17,0,9999,0,9999
2023-06-09T16:30:02,0,9999,0,9999
2023-06-09T16:41:47,0,9999,0,9999
2023-06-09T16:53:32,0,9999,0,9999
2023-06-09T17:05:18,0,9999,0,9999
2023-06-09T17:17:15,0,9999,0,9999
2023-06-09T17:29:00,0,9999,0,9999
2023-06-09T17:40:45,0,9999,0,9999
2023-06-09T17:52:30,0,9999,0,9999
2023-06-09T18:04:16,0,9999,0,9999
2023-06-09T18:16:01,0,9999,0,9999
2023-06-09T18:27:46,0,9999,0,9999
2023-06-09T18:39:31,0,9999,0,9999
2023-06-09T18:51:17,0,9999,0,9999
2023-06-09T19:03:11,0,9999,0,9999
2023-06-09T19:14:57,0,9999,0,9999
2023-06-09T19:26:42,0,9999,0,9999
2023-06-09T19:38:27,0,9999,0,9999
2023-06-09T19:50:12,0,9999,0,9999
2023-06-09T20:01:58,0,9999,0,9999
2023-06-09T20:13:43,0,9999,0,9999
2023-06-09T20:25:28,0,9999,0,9999
2023-06-09T20:37:32,0,9999,0,9999
2023-06-09T20:49:17,0,9999,0,9999
2023-06-09T21:01:02,0,9999,0,9999
2023-06-09T21:12:47,0,9999,0,9999
2023-06-09T21:24:32,0,9999,0,9999
2023-06-09T21:36:18,0,9999,0,9999
2023-06-09T21:48:03,0,9999,0,9999
2023-06-09T21:59:48,0,9999,0,9999
2023-06-09T22:11:34,0,9999,0,9999
2023-06-09T22:23:19,0,9999,0,9999
2023-06-09T22:35:04,0,9999,0,9999
2023-06-09T22:46:49,0,9999,0,9999
2023-06-09T22:58:45,0,9999,0,9999
2023-06-09T23:10:32,0,9999,0,9999
2023-06-09T23:22:18,0,9999,0,9999
2023-06-09T23:34:04,0,9999,0,9999
2023-06-09T23:45:50,0,9999,0,9999
2023-06-09T23:57:36,0,9999,0,9999
2023-06-10T00:09:23,0,9999,0,9999
2023-06-10T00:21:14,0,9999,0,9999
2023-06-10T00:33:02,0,9999,0,9999
2023-06-10T00:44:51,0,9999,0,9999
2023-06-10T00:57:01,0,9999,0,9999
2023-06-10T01:08:49,0,9999,0,9999
2023-06-10T01:20:38,0,9999,0,9999
2023-06-10T01:32:28,0,9999,0,9999
2023-06-10T01:44:18,0,9999,0,9999
2023-06-10T01:56:07,0,9999,0,9999
2023-06-10T02:07:57,0,9999,0,9999
2023-06-10T02:19:45,0,9999,0,9999
2023-06-10T02:31:32,0,9999,0,9999
2023-06-10T02:43:18,0,9999,0,9999
2023-06-10T02:55:03,0,9999,0,9999
2023-06-10T03:06:49,0,9999,0,9999
2023-06-10T03:18:37,0,9999,0,9999
2023-06-10T03:30:24,0,9999,0,9999
2023-06-10T03:42:11,0,9999,0,9999
2023-06-10T03:53:59,0,9999,0,9999
2023-06-10T04:05:48,0,9999,0,9999
2023-06-10T04:36:08,0,9999,0,9999
2023-06-10T04:49:33,0,9999,0,9999
2023-06-10T05:01:23,0,9999,0,9999
2023-06-10T05:13:12,0,9999,0,9999
2023-06-10T05:25:00,0,9999,0,9999
2023-06-10T05:36:49,0,9999,0,9999
2023-06-10T05:48:37,0,9999,0,9999
2023-06-10T06:00:26,0,9999,0,9999
2023-06-10T06:12:14,0,9999,0,9999
2023-06-10T06:24:02,0,9999,0,9999
2023-06-10T06:35:50,0,9999,0,9999
2023-06-10T06:47:39,0,9999,0,9999
2023-06-10T06:59:28,0,9999,0,9999
2023-06-10T07:11:17,0,9999,0,9999
2023-06-10T07:23:05,0,9999,0,9999
2023-06-10T07:34:53,0,9999,0,9999
2023-06-10T07:46:43,0,9999,0,9999
2023-06-10T07:58:30,0,9999,0,9999
2023-06-10T08:10:27,0,9999,0,9999
2023-06-10T08:22:14,0,9999,0,9999
2023-06-10T08:34:03,0,9999,0,9999
2023-06-10T08:45:52,0,9999,0,9999
2023-06-10T08:57:40,0,9999,0,9999
2023-06-10T09:09:28,0,9999,0,9999
2023-06-10T09:21:15,0,9999,0,9999
2023-06-10T09:33:03,0,9999,0,9999
2023-06-10T09:44:51,0,9999,0,9999
2023-06-10T09:56:38,0,9999,0,9999
2023-06-10T10:08:25,0,9999,0,9999
2023-06-10T10:20:11,0,9999,0,9999
2023-06-10T10:31:57,0,9999,0,9999
2023-06-10T10:43:43,0,9999,0,9999
2023-06-10T10:55:30,0,9999,0,9999
2023-06-10T11:07:27,0,9999,0,9999
2023-06-10T11:19:13,0,9999,0,9999
2023-06-10T11:30:57,0,9999,0,9999
2023-06-10T11:42:42,0,9999,0,9999
2023-06-10T11:54:27,0,9999,0,9999
2023-06-10T12:06:11,0,9999,0,9999
2023-06-10T12:17:57,0,9999,0,9999
2023-06-10T12:29:41,0,9999,0,9999
2023-06-10T12:41:26,0,9999,0,9999
2023-06-10T12:53:11,0,9999,0,9999
2023-06-10T13:04:56,0,9999,0,9999
2023-06-10T13:16:41,0,9999,0,9999
2023-06-10T13:28:35,0,9999,0,9999
2023-06-10T13:40:20,0,9999,0,9999
2023-06-10T13:52:05,0,9999,0,9999
2023-06-10T14:03:50,0,9999,0,9999
2023-06-10T14:15:35,0,9999,0,9999
2023-06-10T14:27:20,0,9999,0,9999
2023-06-10T14:39:05,0,9999,0,9999
2023-06-10T14:50:50,0,9999,0,9999
2023-06-10T15:02:35,0,9999,0,9999
2023-06-10T15:14:19,0,9999,0,9999
2023-06-10T15:26:04,0,9999,0,9999
2023-06-10T15:37:49,0,9999,0,9999
2023-06-10T15:49:34,0,9999,0,9999
2023-06-10T16:01:29,0,9999,0,9999
2023-06-10T16:13:14,0,9999,0,9999
2023-06-10T16:24:58,0,9999,0,9999
2023-06-10T16:36:43,0,9999,0,9999
2023-06-10T16:48:27,0,9999,0,9999
2023-06-10T17:00:13,0,9999,0,9999
2023-06-10T17:11:59,0,9999,0,9999
2023-06-10T17:23:44,0,9999,0,9999
2023-06-10T17:35:29,0,9999,0,9999
2023-06-10T17:47:14,0,9999,0,9999
2023-06-10T17:59:09,0,9999,0,9999
2023-06-10T18:10:55,0,9999,0,9999
2023-06-10T18:22:40,0,9999,0,9999
2023-06-10T18:34:25,0,9999,0,9999
2023-06-10T18:46:10,0,9999,0,9999
2023-06-10T18:57:54,0,9999,0,9999
2023-06-10T19:09:40,0,9999,0,9999
2023-06-10T19:21:25,0,9999,0,9999
2023-06-10T19:33:10,0,9999,0,9999
2023-06-10T19:44:55,0,9999,0,9999
2023-06-10T19:56:40,0,9999,0,9999
2023-06-10T20:08:25,0,9999,0,9999
2023-06-10T20:20:10,0,9999,0,9999
2023-06-10T20:31:55,0,9999,0,9999
2023-06-10T20:43:50,0,9999,0,9999
2023-06-10T20:55:35,0,9999,0,9999
2023-06-10T21:07:21,0,9999,0,9999
2023-06-10T21:19:05,0,9999,0,9999
2023-06-10T21:30:50,0,9999,0,9999
2023-06-10T21:42:35,0,9999,0,9999
2023-06-10T21:54:20,0,9999,0,9999
2023-06-10T22:06:05,0,9999,0,9999
2023-06-10T22:17:50,0,9999,0,9999
2023-06-10T22:29:36,0,9999,0,9999
2023-06-10T22:41:20,0,9999,0,9999
2023-06-10T22:53:04,0,9999,0,9999
2023-06-10T23:04:50,0,9999,0,9999
2023-06-10T23:16:35,0,9999,0,9999
2023-06-10T23:28:31,0,9999,0,9999
2023-06-10T23:40:16,0,9999,0,9999
2023-06-10T23:52:00,0,9999,0,9999
2023-06-11T00:03:46,0,9999,0,9999
2023-06-11T00:15:42,0,9999,0,9999
2023-06-11T00:27:31,0,9999,0,9999
2023-06-11T00:39:19,0,9999,0,9999
2023-06-11T00:51:08,0,9999,0,9999
2023-06-11T01:02:57,0,9999,0,9999
2023-06-11T01:14:43,0,9999,0,9999
2023-06-11T01:26:30,0,9999,0,9999
2023-06-11T01:38:19,0,9999,0,9999
2023-06-11T01:50:07,0,9999,0,9999
2023-06-11T02:01:56,0,9999,0,9999
2023-06-11T02:13:45,0,9999,0,9999
2023-06-11T02:25:33,0,9999,0,9999
2023-06-11T02:37:21,0,9999,0,9999
2023-06-11T02:49:09,0,9999,0,9999
2023-06-11T03:00:56,0,9999,0,9999
2023-06-11T03:12:44,0,9999,0,9999
2023-06-11T03:24:42,0,9999,0,9999
2023-06-11T03:36:31,0,9999,0,9999
2023-06-11T03:48:19,0,9999,0,9999
2023-06-11T04:00:07,0,9999,0,9999
2023-06-11T04:11:56,0,9999,0,9999
2023-06-11T04:38:04,0,9999,0,9999
2023-06-11T04:51:09,0,9999,0,9999
2023-06-11T05:03:18,0,9999,0,9999
2023-06-11T05:15:06,0,9999,0,9999
2023-06-11T05:26:54,0,9999,0,9999
2023-06-11T05:38:42,0,9999,0,9999
2023-06-11T05:50:31,0,9999,0,9999
2023-06-11T06:02:18,0,9999,0,9999
2023-06-11T06:14:06,0,9999,0,9999
2023-06-11T06:25:54,0,9999,0,9999
2023-06-11T06:37:44,0,9999,0,9999
2023-06-11T06:49:32,0,9999,0,9999
2023-06-11T07:01:18,0,9999,0,9999
2023-06-11T07:13:06,0,9999,0,9999
2023-06-11T07:24:52,0,9999,0,9999
2023-06-11T07:36:37,0,9999,0,9999
2023-06-11T07:48:22,0,9999,0,9999
2023-06-11T08:00:07,0,9999,0,9999
2023-06-11T08:11:54,0,9999,0,9999
2023-06-11T08:23:42,0,9999,0,9999
2023-06-11T08:35:29,0,9999,0,9999
2023-06-11T08:47:13,0,9999,0,9999
2023-06-11T08:58:58,0,9999,0,9999
2023-06-11T09:10:44,0,9999,0,9999
2023-06-11T09:22:29,0,9999,0,9999
2023-06-11T09:34:14,0,9999,0,9999
2023-06-11T09:46:07,0,9999,0,9999
2023-06-11T09:57:52,0,9999,0,9999
2023-06-11T10:09:37,0,9999,0,9999
2023-06-11T10:21:22,0,9999,0,9999
2023-06-11T10:33:07,0,9999,0,9999
2023-06-11T10:44:52,0,9999,0,9999
2023-06-11T10:56:38,0,9999,0,9999
2023-06-11T11:08:24,0,9999,0,9999
2023-06-11T11:20:10,0,9999,0,9999
2023-06-11T11:31:56,0,9999,0,9999
2023-06-11T11:43:43,0,9999,0,9999
2023-06-11T11:55:28,0,9999,0,9999
2023-06-11T12:07:15,0,9999,0,9999
2023-06-11T12:19:01,0,9999,0,9999
2023-06-11T12:30:56,0,9999,0,9999
2023-06-11T12:42:40,0,9999,0,9999
2023-06-11T12:54:26,0,9999,0,9999
2023-06-11T13:06:11,0,9999,0,9999
2023-06-11T13:17:56,0,9999,0,9999
2023-06-11T13:29:41,0,9999,0,9999
2023-06-11T13:41:27,0,9999,0,9999
2023-06-11T13:53:11,0,9999,0,9999
2023-06-11T14:04:56,0,9999,0,9999
2023-06-11T14:16:41,0,9999,0,9999
2023-06-11T14:28:25,0,9999,0,9999
2023-06-11T14:40:21,0,9999,0,9999
2023-06-11T14:52:06,0,9999,0,9999
2023-06-11T15:03:51,0,9999,0,9999
2023-06-11T15:15:35,0,9999,0,9999
2023-06-11T15:27:20,0,9999,0,9999
2023-06-11T15:39:04,0,9999,0,9999
2023-06-11T15:50:49,0,9999,0,9999
2023-06-11T16:02:34,0,9999,0,9999
2023-06-11T16:14:20,0,9999,0,9999
2023-06-11T16:26:06,0,9999,0,9999
2023-06-11T16:38:01,0,9999,0,9999
2023-06-11T16:49:46,0,9999,0,9999
2023-06-11T17:01:30,0,9999,0,9999
2023-06-11T17:13:16,0,9999,0,9999
2023-06-11T17:25:02,0,9999,0,9999
2023-06-11T17:36:47,0,9999,0,9999
2023-06-11T17:48:31,0,9999,0,9999
2023-06-11T18:00:16,0,9999,0,9999
2023-06-11T18:12:01,0,9999,0,9999
2023-06-11T18:23:46,0,9999,0,9999
2023-06-11T18:35:31,0,9999,0,9999
2023-06-11T18:47:25,0,9999,0,9999
2023-06-11T18:59:10,0,9999,0,9999
2023-06-11T19:10:57,0,9999,0,9999
2023-06-11T19:22:43,0,9999,0,9999
2023-06-11T19:34:28,0,9999,0,9999
2023-06-11T19:46:13,0,9999,0,9999
2023-06-11T19:57:58,0,9999,0,9999
2023-06-11T20:09:42,0,9999,0,9999
2023-06-11T20:21:27,0,9999,0,9999
2023-06-11T20:33:12,0,9999,0,9999
2023-06-11T20:45:07,0,9999,0,9999
2023-06-11T20:56:51,0,9999,0,9999
2023-06-11T21:08:37,0,9999,0,9999
2023-06-11T21:20:22,0,9999,0,9999
2023-06-11T21:32:08,0,9999,0,9999
2023-06-11T21:43:54,0,9999,0,9999
2023-06-11T21:55:39,0,9999,0,9999
2023-06-11T22:07:25,0,9999,0,9999
2023-06-11T22:19:09,0,9999,0,9999
2023-06-11T22:30:54,0,9999,0,9999
2023-06-11T22:42:40,0,9999,0,9999
2023-06-11T22:54:36,0,9999,0,9999
2023-06-11T23:06:21,0,9999,0,9999
2023-06-11T23:18:06,0,9999,0,9999
2023-06-11T23:29:52,0,9999,0,9999
2023-06-11T23:41:38,0,9999,0,9999
2023-06-11T23:53:25,0,9999,0,9999
2023-06-12T00:05:10,0,9999,0,9999
2023-06-12T00:17:00,0,9999,0,9999
2023-06-12T00:28:56,0,9999,0,9999
2023-06-12T00:40:48,0,9999,0,9999
2023-06-12T00:52:47,0,9999,0,9999
2023-06-12T01:04:34,0,9999,0,9999
2023-06-12T01:16:22,0,9999,0,9999
2023-06-12T01:28:11,0,9999,0,9999
2023-06-12T01:40:01,0,9999,0,9999
2023-06-12T01:51:49,0,9999,0,9999
2023-06-12T02:03:37,0,9999,0,9999
2023-06-12T02:15:24,0,9999,0,9999
2023-06-12T02:27:11,0,9999,0,9999
2023-06-12T02:38:58,0,9999,0,9999
2023-06-12T02:50:45,0,9999,0,9999
2023-06-12T03:02:31,0,9999,0,9999
2023-06-12T03:14:19,0,9999,0,9999
2023-06-12T03:26:08,0,9999,0,9999
2023-06-12T03:37:58,0,9999,0,9999
2023-06-12T03:49:48,0,9999,0,9999
2023-06-12T04:01:36,0,9999,0,9999
2023-06-12T04:13:25,0,9999,0,9999
2023-06-12T04:34:41,0,9999,0,9999
2023-06-12T04:47:49,0,9999,0,9999
2023-06-12T04:59:57,0,9999,0,9999
2023-06-12T05:11:52,0,9999,0,9999
2023-06-12T05:23:39,0,9999,0,9999
2023-06-12T05:35:24,0,9999,0,9999
2023-06-12T05:47:11,0,9999,0,9999
2023-06-12T05:59:01,0,9999,0,9999
2023-06-12T06:10:50,0,9999,0,9999
2023-06-12T06:22:39,0,9999,0,9999
2023-06-12T06:34:27,0,9999,0,9999
2023-06-12T06:46:16,0,9999,0,9999
2023-06-12T06:58:04,0,9999,0,9999
2023-06-12T07:09:55,0,9999,0,9999
2023-06-12T07:21:44,0,9999,0,9999
2023-06-12T07:33:31,0,9999,0,9999
2023-06-12T07:45:18,0,9999,0,9999
2023-06-12T07:57:04,0,9999,0,9999
2023-06-12T08:08:52,0,9999,0,9999
2023-06-12T08:20:39,0,9999,0,9999
2023-06-12T08:32:26,0,9999,0,9999
2023-06-12T08:44:13,0,9999,0,9999
2023-06-12T08:56:07,0,9999,0,9999
2023-06-12T09:07:53,0,9999,0,9999
2023-06-12T09:19:38,0,9999,0,9999
2023-06-12T09:31:23,0,9999,0,9999
2023-06-12T09:43:08,0,9999,0,9999
2023-06-12T09:54:54,0,9999,0,9999
2023-06-12T10:06:39,0,9999,0,9999
2023-06-12T10:18:24,0,9999,0,9999
2023-06-12T10:30:10,0,9999,0,9999
2023-06-12T10:41:55,0,9999,0,9999
2023-06-12T10:53:40,0,9999,0,9999
2023-06-12T11:05:35,0,9999,0,9999
2023-06-12T11:17:22,0,9999,0,9999
2023-06-12T11:29:07,0,9999,0,9999
2023-06-12T11:40:51,0,9999,0,9999
2023-06-12T11:52:37,0,9999,0,9999
2023-06-12T12:04:24,0,9999,0,9999
2023-06-12T12:16:10,0,9999,0,9999
2023-06-12T12:27:55,0,9999,0,9999
2023-06-12T12:39:52,0,9999,0,9999
2023-06-12T12:51:36,0,9999,0,9999
2023-06-12T13:03:22,0,9999,0,9999
2023-06-12T13:15:08,0,9999,0,9999
2023-06-12T13:26:54,0,9999,0,9999
2023-06-12T13:38:39,0,9999,0,9999
2023-06-12T13:50:25,0,9999,0,9999
2023-06-12T14:02:20,0,9999,0,9999
2023-06-12T14:14:05,0,9999,0,9999
2023-06-12T14:25:51,0,9999,0,9999
2023-06-12T14:37:36,0,9999,0,9999
2023-06-12T14:49:22,0,9999,0,9999
2023-06-12T15:01:07,0,9999,0,9999
2023-06-12T15:12:51,0,9999,0,9999
2023-06-12T15:24:37,0,9999,0,9999
2023-06-12T15:36:33,0,9999,0,9999
2023-06-12T15:48:19,0,9999,0,9999
2023-06-12T16:00:04,0,9999,0,9999
2023-06-12T16:11:50,0,9999,0,9999
2023-06-12T16:23:35,0,9999,0,9999
2023-06-12T16:35:19,0,9999,0,9999
2023-06-12T16:47:05,0,9999,0,9999
2023-06-12T16:59:01,0,9999,0,9999
2023-06-12T17:10:48,0,9999,0,9999
2023-06-12T17:22:34,0,9999,0,9999
2023-06-12T17:34:19,0,9999,0,9999
2023-06-12T17:46:05,0,9999,0,9999
2023-06-12T17:57:50,0,9999,0,9999
2023-06-12T18:09:35,0,9999,0,9999
2023-06-12T18:21:31,0,9999,0,9999
2023-06-12T18:33:16,0,9999,0,9999
2023-06-12T18:45:00,0,9999,0,9999
2023-06-12T18:56:45,0,9999,0,9999
2023-06-12T19:08:31,0,9999,0,9999
2023-06-12T19:20:16,0,9999,0,9999
2023-06-12T19:32:02,0,9999,0,9999
2023-06-12T19:43:47,0,9999,0,9999
2023-06-12T19:55:32,0,9999,0,9999
2023-06-12T20:07:28,0,9999,0,9999
2023-06-12T20:19:13,0,9999,0,9999
2023-06-12T20:30:58,0,9999,0,9999
2023-06-12T20:42:42,0,9999,0,9999
2023-06-12T20:54:28,0,9999,0,9999
2023-06-12T21:06:13,0,9999,0,9999
2023-06-12T21:18:08,0,9999,0,9999
2023-06-12T21:29:54,0,9999,0,9999
2023-06-12T21:41:39,0,9999,0,9999
2023-06-12T21:53:25,0,9999,0,9999
2023-06-12T22:05:11,0,9999,0,9999
2023-06-12T22:16:57,0,9999,0,9999
2023-06-12T22:28:43,0,9999,0,9999
2023-06-12T22:40:28,0,9999,0,9999
2023-06-12T22:52:14,0,9999,0,9999
2023-06-12T23:03:59,0,9999,0,9999
2023-06-12T23:15:46,0,9999,0,9999
2023-06-12T23:27:42,0,9999,0,9999
2023-06-12T23:39:28,0,9999,0,9999
2023-06-12T23:51:14,0,9999,0,9999
2023-06-13T00:03:00,0,9999,0,9999
2023-06-13T00:14:49,0,9999,0,9999
2023-06-13T00:26:40,0,9999,0,9999
2023-06-13T00:38:28,0,9999,0,9999
2023-06-13T00:50:17,0,9999,0,9999
2023-06-13T01:02:06,0,9999,0,9999
2023-06-13T01:13:55,0,9999,0,9999
2023-06-13T01:25:44,0,9999,0,9999
2023-06-13T01:37:33,0,9999,0,9999
2023-06-13T01:49:31,0,9999,0,9999
2023-06-13T02:01:19,0,9999,0,9999
2023-06-13T02:13:04,0,9999,0,9999
2023-06-13T02:24:49,0,9999,0,9999
2023-06-13T02:36:34,0,9999,0,9999
2023-06-13T02:48:21,0,9999,0,9999
2023-06-13T03:00:07,0,9999,0,9999
2023-06-13T03:11:57,0,9999,0,9999
2023-06-13T03:23:44,0,9999,0,9999
2023-06-13T03:35:32,0,9999,0,9999
2023-06-13T03:47:19,0,9999,0,9999
2023-06-13T03:59:08,0,9999,0,9999
2023-06-13T04:28:29,0,9999,0,9999
2023-06-13T04:40:18,0,9999,0,9999
2023-06-13T04:53:49,0,9999,0,9999
2023-06-13T05:05:38,0,9999,0,9999
2023-06-13T05:17:24,0,9999,0,9999
2023-06-13T05:29:18,0,9999,0,9999
2023-06-13T05:41:15,0,9999,0,9999
2023-06-13T05:53:04,0,9999,0,9999
2023-06-13T06:04:53,0,9999,0,9999
2023-06-13T06:16:41,0,9999,0,9999
2023-06-13T06:28:29,0,9999,0,9999
2023-06-13T06:40:17,0,9999,0,9999
2023-06-13T06:52:06,0,9999,0,9999
2023-06-13T07:03:55,0,9999,0,9999
2023-06-13T07:15:43,0,9999,0,9999
2023-06-13T07:27:30,0,9999,0,9999
2023-06-13T07:39:16,0,9999,0,9999
2023-06-13T07:51:03,0,9999,0,9999
2023-06-13T08:02:50,0,9999,0,9999
2023-06-13T08:14:38,0,9999,0,9999
2023-06-13T08:26:25,0,9999,0,9999
2023-06-13T08:38:12,0,9999,0,9999
2023-06-13T08:50:07,0,9999,0,9999
2023-06-13T09:01:54,0,9999,0,9999
2023-06-13T09:13:42,0,9999,0,9999
2023-06-13T09:25:29,0,9999,0,9999
2023-06-13T09:37:16,0,9999,0,9999
2023-06-13T09:49:04,0,9999,0,9999
2023-06-13T10:00:51,0,9999,0,9999
2023-06-13T10:12:38,0,9999,0,9999
2023-06-13T10:24:25,0,9999,0,9999
2023-06-13T10:36:27,0,9999,0,9999
2023-06-13T10:48:13,0,9999,0,9999
2023-06-13T10:59:59,0,9999,0,9999
2023-06-13T11:11:44,0,9999,0,9999
2023-06-13T11:23:30,0,9999,0,9999
2023-06-13T11:35:17,0,9999,0,9999
2023-06-13T11:47:02,0,9999,0,9999
2023-06-13T11:58:59,0,9999,0,9999
2023-06-13T12:10:46,0,9999,0,9999
2023-06-13T12:22:32,0,9999,0,9999
2023-06-13T12:34:18,0,9999,0,9999
2023-06-13T12:46:04,0,9999,0,9999
2023-06-13T12:57:50,0,9999,0,9999
2023-06-13T13:09:35,0,9999,0,9999
2023-06-13T13:21:20,0,9999,0,9999
2023-06-13T13:33:06,0,9999,0,9999
2023-06-13T13:45:05,0,9999,0,9999
2023-06-13T13:56:52,0,9999,0,9999
2023-06-13T14:08:39,0,9999,0,9999
2023-06-13T14:20:26,0,9999,0,9999
2023-06-13T14:32:14,0,9999,0,9999
2023-06-13T14:44:01,0,9999,0,9999
2023-06-13T14:55:49,0,9999,0,9999
2023-06-13T15:07:36,0,9999,0,9999
2023-06-13T15:19:36,0,9999,0,9999
2023-06-13T15:31:23,0,9999,0,9999
2023-06-13T15:43:10,0,9999,0,9999
2023-06-13T15:54:57,0,9999,0,9999
2023-06-13T16:06:45,0,9999,0,9999
2023-06-13T16:18:32,0,9999,0,9999
2023-06-13T16:30:19,0,9999,0,9999
2023-06-13T16:42:06,0,9999,0,9999
2023-06-13T16:54:03,0,9999,0,9999
2023-06-13T17:05:51,0,9999,0,9999
2023-06-13T17:17:39,0,9999,0,9999
2023-06-13T17:29:27,0,9999,0,9999
2023-06-13T17:41:15,0,9999,0,9999
2023-06-13T17:53:02,0,9999,0,9999
2023-06-13T18:04:49,0,9999,0,9999
2023-06-13T18:16:36,0,9999,0,9999
2023-06-13T18:28:23,0,9999,0,9999
2023-06-13T18:40:10,0,9999,0,9999
2023-06-13T18:52:07,0,9999,0,9999
2023-06-13T19:03:54,0,9999,0,9999
2023-06-13T19:15:42,0,9999,0,9999
2023-06-13T19:27:29,0,9999,0,9999
2023-06-13T19:39:16,0,9999,0,9999
2023-06-13T19:51:03,0,9999,0,9999
2023-06-13T20:02:51,0,9999,0,9999
2023-06-13T20:14:38,0,9999,0,9999
2023-06-13T20:26:25,0,9999,0,9999
2023-06-13T20:38:12,0,9999,0,9999
2023-06-13T20:50:11,0,9999,0,9999
2023-06-13T21:01:58,0,9999,0,9999
2023-06-13T21:13:45,0,9999,0,9999
2023-06-13T21:25:32,0,9999,0,9999
2023-06-13T21:37:19,0,9999,0,9999
2023-06-13T21:49:06,0,9999,0,9999
2023-06-13T22:00:54,0,9999,0,9999
2023-06-13T22:12:43,0,9999,0,9999
2023-06-13T22:24:34,0,9999,0,9999
2023-06-13T22:36:31,0,9999,0,9999
2023-06-13T22:48:18,0,9999,0,9999
2023-06-13T23:00:05,0,9999,0,9999
2023-06-13T23:11:54,0,9999,0,9999
2023-06-13T23:23:42,0,9999,0,9999
2023-06-13T23:35:29,0,9999,0,9999
2023-06-13T23:47:17,0,9999,0,9999
2023-06-13T23:59:05,0,9999,0,9999
2023-06-14T00:10:54,0,9999,0,9999
2023-06-14T00:22:47,0,9999,0,9999
2023-06-14T00:34:37,0,9999,0,9999
2023-06-14T00:46:27,0,9999,0,9999
2023-06-14T00:58:29,0,9999,0,9999
2023-06-14T01:10:21,0,9999,0,9999
2023-06-14T01:22:12,0,9999,0,9999
2023-06-14T01:34:04,0,9999,0,9999
2023-06-14T01:45:56,0,9999,0,9999
2023-06-14T01:57:48,0,9999,0,9999
2023-06-14T02:09:39,0,9999,0,9999
2023-06-14T02:21:28,0,9999,0,9999
2023-06-14T02:33:18,0,9999,0,9999
2023-06-14T02:45:08,0,9999,0,9999
2023-06-14T02:56:59,0,9999,0,9999
2023-06-14T03:08:50,0,9999,0,9999
2023-06-14T03:20:40,0,9999,0,9999
2023-06-14T03:32:44,0,9999,0,9999
2023-06-14T03:44:35,0,9999,0,9999
2023-06-14T03:56:25,0,9999,0,9999
2023-06-14T04:08:16,0,9999,0,9999
2023-06-14T04:37:07,0,9999,0,9999
2023-06-14T04:49:01,0,9999,0,9999
2023-06-14T05:00:52,0,9999,0,9999
2023-06-14T05:12:44,0,9999,0,9999
2023-06-14T05:24:34,0,9999,0,9999
2023-06-14T05:36:25,0,9999,0,9999
2023-06-14T05:48:17,0,9999,0,9999
2023-06-14T06:00:08,0,9999,0,9999
2023-06-14T06:11:59,0,9999,0,9999
2023-06-14T06:23:49,0,9999,0,9999
2023-06-14T06:35:45,0,9999,0,9999
2023-06-14T06:47:43,0,9999,0,9999
2023-06-14T06:59:33,0,9999,0,9999
2023-06-14T07:11:23,0,9999,0,9999
2023-06-14T07:23:26,0,9999,0,9999
2023-06-14T07:35:14,0,9999,0,9999
2023-06-14T07:47:03,0,9999,0,9999
2023-06-14T07:58:53,0,9999,0,9999
2023-06-14T08:10:42,0,9999,0,9999
2023-06-14T08:22:41,0,9999,0,9999
2023-06-14T08:34:31,0,9999,0,9999
2023-06-14T08:46:21,0,9999,0,9999
2023-06-14T08:58:09,0,9999,0,9999
2023-06-14T09:09:57,0,9999,0,9999
2023-06-14T09:21:46,0,9999,0,9999
2023-06-14T09:33:34,0,9999,0,9999
2023-06-14T09:45:22,0,9999,0,9999
2023-06-14T09:57:21,0,9999,0,9999
2023-06-14T10:09:11,0,9999,0,9999
2023-06-14T10:21:00,0,9999,0,9999
2023-06-14T10:32:49,0,9999,0,9999
2023-06-14T10:44:39,0,9999,0,9999
2023-06-14T10:56:28,0,9999,0,9999
2023-06-14T11:08:17,0,9999,0,9999
2023-06-14T11:20:06,0,9999,0,9999
2023-06-14T11:31:57,0,9999,0,9999
2023-06-14T11:43:58,0,9999,0,9999
2023-06-14T11:55:48,0,9999,0,9999
2023-06-14T12:07:36,0,9999,0,9999
2023-06-14T12:19:25,0,9999,0,9999
2023-06-14T12:31:13,0,9999,0,9999
2023-06-14T12:43:02,0,9999,0,9999
2023-06-14T12:54:50,0,9999,0,9999
2023-06-14T13:06:39,0,9999,0,9999
2023-06-14T13:18:39,0,9999,0,9999
2023-06-14T13:30:29,0,9999,0,9999
2023-06-14T13:42:25,0,9999,0,9999
2023-06-14T13:54:25,0,9999,0,9999
2023-06-14T14:06:29,0,9999,0,9999
2023-06-14T14:18:37,0,9999,0,9999
2023-06-14T14:30:46,0,9999,0,9999
2023-06-14T14:43:02,0,9999,0,9999
2023-06-14T14:55:28,0,9999,0,9999
2023-06-14T15:07:42,0,9999,0,9999
2023-06-14T15:19:57,0,9999,0,9999
2023-06-14T15:32:12,0,9999,0,9999
2023-06-14T15:44:26,0,9999,0,9999
2023-06-14T15:56:41,0,9999,0,9999
2023-06-14T16:08:58,0,9999,0,9999
2023-06-14T16:21:23,0,9999,0,9999
2023-06-14T16:33:37,0,9999,0,9999
2023-06-14T16:45:53,0,9999,0,9999
2023-06-14T16:58:07,0,9999,0,9999
2023-06-14T17:10:24,0,9999,0,9999
2023-06-14T17:22:39,0,9999,0,9999
2023-06-14T17:34:53,0,9999,0,9999
2023-06-14T17:47:20,0,9999,0,9999
2023-06-14T17:59:33,0,9999,0,9999
2023-06-14T18:11:48,0,9999,0,9999
2023-06-14T18:24:02,0,9999,0,9999
2023-06-14T18:36:16,0,9999,0,9999
2023-06-14T18:48:30,0,9999,0,9999
2023-06-14T19:00:44,0,9999,0,9999
2023-06-14T19:13:11,0,9999,0,9999
2023-06-14T19:25:25,0,9999,0,9999
2023-06-14T19:37:39,0,9999,0,9999
2023-06-14T19:49:53,0,9999,0,9999
2023-06-14T20:02:11,0,9999,0,9999
2023-06-14T20:14:24,0,9999,0,9999
2023-06-14T20:26:38,0,9999,0,9999
2023-06-14T20:38:52,0,9999,0,9999
2023-06-14T20:51:06,0,9999,0,9999
2023-06-14T21:03:31,0,9999,0,9999
2023-06-14T21:15:45,0,9999,0,9999
2023-06-14T21:27:59,0,9999,0,9999
2023-06-14T21:40:13,0,9999,0,9999
2023-06-14T21:52:27,0,9999,0,9999
2023-06-14T22:04:41,0,9999,0,9999
2023-06-14T22:16:55,0,9999,0,9999
2023-06-14T22:29:10,0,9999,0,9999
2023-06-14T22:41:35,0,9999,0,9999
2023-06-14T22:53:49,0,9999,0,9999
2023-06-14T23:06:05,0,9999,0,9999
2023-06-14T23:18:20,0,9999,0,9999
2023-06-14T23:30:34,0,9999,0,9999
2023-06-14T23:42:48,0,9999,0,9999
2023-06-14T23:55:03,0,9999,0,9999
2023-06-15T00:07:18,0,9999,0,9999
2023-06-15T00:19:37,0,9999,0,9999
2023-06-15T00:31:55,0,9999,0,9999
2023-06-15T00:44:15,0,9999,0,9999
2023-06-15T00:56:46,0,9999,0,9999
2023-06-15T01:09:05,0,9999,0,9999
2023-06-15T01:21:22,0,9999,0,9999
2023-06-15T01:33:39,0,9999,0,9999
2023-06-15T01:45:56,0,9999,0,9999
2023-06-15T01:58:13,0,9999,0,9999
2023-06-15T02:10:30,0,9999,0,9999
2023-06-15T02:22:47,0,9999,0,9999
2023-06-15T02:35:04,0,9999,0,9999
2023-06-15T02:47:19,0,9999,0,9999
2023-06-15T02:59:34,0,9999,0,9999
2023-06-15T03:12:01,0,9999,0,9999
2023-06-15T03:24:18,0,9999,0,9999
2023-06-15T03:36:35,0,9999,0,9999
2023-06-15T03:48:51,0,9999,0,9999
2023-06-15T04:01:08,0,9999,0,9999
2023-06-15T04:29:30,0,9999,0,9999
2023-06-15T04:41:51,0,9999,0,9999
2023-06-15T04:55:48,0,9999,0,9999
2023-06-15T05:08:07,0,9999,0,9999
2023-06-15T05:20:26,0,9999,0,9999
2023-06-15T05:32:43,0,9999,0,9999
2023-06-15T05:45:02,0,9999,0,9999
2023-06-15T05:57:20,0,9999,0,9999
2023-06-15T06:09:36,0,9999,0,9999
2023-06-15T06:21:54,0,9999,0,9999
2023-06-15T06:34:10,0,9999,0,9999
2023-06-15T06:46:27,0,9999,0,9999
2023-06-15T06:58:43,0,9999,0,9999
2023-06-15T07:11:00,0,9999,0,9999
2023-06-15T07:23:18,0,9999,0,9999
2023-06-15T07:35:35,0,9999,0,9999
2023-06-15T07:48:00,0,9999,0,9999
2023-06-15T08:00:16,0,9999,0,9999
2023-06-15T08:12:32,0,9999,0,9999
2023-06-15T08:24:49,0,9999,0,9999
2023-06-15T08:37:05,0,9999,0,9999
2023-06-15T08:49:20,0,9999,0,9999
2023-06-15T09:01:36,0,9999,0,9999
2023-06-15T09:13:52,0,9999,0,9999
2023-06-15T09:26:08,0,9999,0,9999
2023-06-15T09:38:23,0,9999,0,9999
2023-06-15T09:50:39,0,9999,0,9999
2023-06-15T10:03:03,0,9999,0,9999
2023-06-15T10:15:17,0,9999,0,9999
2023-06-15T10:27:31,0,9999,0,9999
2023-06-15T10:39:45,0,9999,0,9999
2023-06-15T10:51:59,0,9999,0,9999
2023-06-15T11:04:13,0,9999,0,9999
2023-06-15T11:16:27,0,9999,0,9999
2023-06-15T11:28:41,0,9999,0,9999
2023-06-15T11:41:07,0,9999,0,9999
2023-06-15T11:53:20,0,9999,0,9999
2023-06-15T12:05:38,0,9999,0,9999
2023-06-15T12:17:52,0,9999,0,9999
2023-06-15T12:30:08,0,9999,0,9999
2023-06-15T12:42:21,0,9999,0,9999
2023-06-15T12:54:36,0,9999,0,9999
2023-06-15T13:06:49,0,9999,0,9999
2023-06-15T13:19:14,0,9999,0,9999
2023-06-15T13:31:28,0,9999,0,9999
2023-06-15T13:43:43,0,9999,0,9999
2023-06-15T13:55:57,0,9999,0,9999
2023-06-15T14:08:12,0,9999,0,9999
2023-06-15T14:20:26,0,9999,0,9999
2023-06-15T14:32:40,0,9999,0,9999
2023-06-15T14:45:06,0,9999,0,9999
2023-06-15T14:57:20,0,9999,0,9999
2023-06-15T15:09:34,0,9999,0,9999
2023-06-15T15:21:48,0,9999,0,9999
2023-06-15T15:34:02,0,9999,0,9999
2023-06-15T15:46:16,0,9999,0,9999
2023-06-15T15:58:31,0,9999,0,9999
2023-06-15T16:10:56,0,9999,0,9999
2023-06-15T16:23:10,0,9999,0,9999
2023-06-15T16:35:24,0,9999,0,9999
2023-06-15T16:47:38,0,9999,0,9999
2023-06-15T16:59:52,0,9999,0,9999
2023-06-15T17:12:06,0,9999,0,9999
2023-06-15T17:24:21,0,9999,0,9999
2023-06-15T17:36:35,0,9999,0,9999
2023-06-15T17:48:59,0,9999,0,9999
2023-06-15T18:01:13,0,9999,0,9999
2023-06-15T18:13:28,0,9999,0,9999
2023-06-15T18:25:43,0,9999,0,9999
2023-06-15T18:37:57,0,9999,0,9999
2023-06-15T18:50:12,0,9999,0,9999
2023-06-15T19:02:26,0,9999,0,9999
2023-06-15T19:14:41,0,9999,0,9999
2023-06-15T19:26:55,0,9999,0,9999
2023-06-15T19:39:20,0,9999,0,9999
2023-06-15T19:51:34,0,9999,0,9999
2023-06-15T20:03:49,0,9999,0,9999
2023-06-15T20:16:03,0,9999,0,9999
2023-06-15T20:28:17,0,9999,0,9999
2023-06-15T20:40:31,0,9999,0,9999
2023-06-15T20:52:45,0,9999,0,9999
2023-06-15T21:05:11,0,9999,0,9999
2023-06-15T21:17:25,0,9999,0,9999
2023-06-15T21:29:40,0,9999,0,9999
2023-06-15T21:41:55,0,9999,0,9999
2023-06-15T21:54:10,0,9999,0,9999
2023-06-15T22:06:23,0,9999,0,9999
2023-06-15T22:18:38,0,9999,0,9999
2023-06-15T22:30:53,0,9999,0,9999
2023-06-15T22:43:07,0,9999,0,9999
2023-06-15T22:55:21,0,9999,0,9999
2023-06-15T23:07:48,0,9999,0,9999
2023-06-15T23:20:03,0,9999,0,9999
2023-06-15T23:32:19,0,9999,0,9999
2023-06-15T23:44:33,0,9999,0,9999
2023-06-15T23:56:48,0,9999,0,9999
2023-06-16T00:09:04,0,9999,0,9999
2023-06-16T00:21:20,0,9999,0,9999
2023-06-16T00:33:33,0,9999,0,9999
2023-06-16T00:45:48,0,9999,0,9999
2023-06-16T00:58:02,0,9999,0,9999
2023-06-16T01:10:18,0,9999,0,9999
2023-06-16T01:22:44,0,9999,0,9999
2023-06-16T01:34:58,0,9999,0,9999
2023-06-16T01:47:13,0,9999,0,9999
2023-06-16T01:59:27,0,9999,0,9999
2023-06-16T02:11:44,0,9999,0,9999
2023-06-16T02:23:59,0,9999,0,9999
2023-06-16T02:36:14,0,9999,0,9999
2023-06-16T02:48:30,0,9999,0,9999
2023-06-16T03:00:45,0,9999,0,9999
2023-06-16T03:13:03,0,9999,0,9999
2023-06-16T03:25:21,0,9999,0,9999
2023-06-16T03:37:40,0,9999,0,9999
2023-06-16T03:49:57,0,9999,0,9999
2023-06-16T04:02:15,0,9999,0,9999
2023-06-16T04:25:29,0,9999,0,9999
2023-06-16T04:37:48,0,9999,0,9999
2023-06-16T04:51:35,0,9999,0,9999
2023-06-16T05:04:14,0,9999,0,9999
2023-06-16T05:16:32,0,9999,0,9999
2023-06-16T05:28:50,0,9999,0,9999
2023-06-16T05:41:08,0,9999,0,9999
2023-06-16T05:53:27,0,9999,0,9999
2023-06-16T06:05:45,0,9999,0,9999
2023-06-16T06:18:02,0,9999,0,9999
2023-06-16T06:30:19,0,9999,0,9999
2023-06-16T06:42:37,0,9999,0,9999
2023-06-16T06:54:55,0,9999,0,9999
2023-06-16T07:07:12,0,9999,0,9999
2023-06-16T07:19:28,0,9999,0,9999
2023-06-16T07:31:44,0,9999,0,9999
2023-06-16T07:43:59,0,9999,0,9999
2023-06-16T07:56:15,0,9999,0,9999
2023-06-16T08:08:31,0,9999,0,9999
2023-06-16T08:20:58,0,9999,0,9999
2023-06-16T08:33:15,0,9999,0,9999
2023-06-16T08:45:33,0,9999,0,9999
2023-06-16T08:57:51,0,9999,0,9999
2023-06-16T09:10:08,0,9999,0,9999
2023-06-16T09:22:24,0,9999,0,9999
2023-06-16T09:34:40,0,9999,0,9999
2023-06-16T09:46:55,0,9999,0,9999
2023-06-16T09:59:10,0,9999,0,9999
2023-06-16T10:11:25,0,9999,0,9999
2023-06-16T10:23:55,0,9999,0,9999
2023-06-16T11:08:30,0,9999,0,9999
2023-06-16T11:20:46,0,9999,0,9999
2023-06-16T11:33:02,0,9999,0,9999
2023-06-16T11:45:17,0,9999,0,9999
2023-06-16T11:57:32,0,9999,0,9999
2023-06-16T12:09:58,0,9999,0,9999
2023-06-16T12:22:14,0,9999,0,9999
2023-06-16T12:34:29,0,9999,0,9999
2023-06-16T12:46:45,0,9999,0,9999
2023-06-16T12:59:00,0,9999,0,9999
2023-06-16T13:11:16,0,9999,0,9999
2023-06-16T13:23:31,0,9999,0,9999
2023-06-16T13:35:46,0,9999,0,9999
2023-06-16T13:48:13,0,9999,0,9999
2023-06-16T14:00:28,0,9999,0,9999
2023-06-16T14:12:44,0,9999,0,9999
2023-06-16T14:24:59,0,9999,0,9999
2023-06-16T14:37:14,0,9999,0,9999
2023-06-16T14:49:30,0,9999,0,9999
2023-06-16T15:01:45,0,9999,0,9999
2023-06-16T15:14:00,0,9999,0,9999
2023-06-16T15:26:28,0,9999,0,9999
2023-06-16T15:38:43,0,9999,0,9999
2023-06-16T15:51:00,0,9999,0,9999
2023-06-16T16:03:15,0,9999,0,9999
2023-06-16T16:15:31,0,9999,0,9999
2023-06-16T16:27:46,0,9999,0,9999
2023-06-16T16:40:02,0,9999,0,9999
2023-06-16T16:52:17,0,9999,0,9999
2023-06-16T17:04:32,0,9999,0,9999
2023-06-16T17:16:59,0,9999,0,9999
2023-06-16T17:29:14,0,9999,0,9999
2023-06-16T17:41:30,0,9999,0,9999
2023-06-16T17:53:45,0,9999,0,9999
2023-06-16T18:06:00,0,9999,0,9999
2023-06-16T18:18:16,0,9999,0,9999
2023-06-16T18:30:32,0,9999,0,9999
2023-06-16T18:42:48,0,9999,0,9999
2023-06-16T18:55:03,0,9999,0,9999
2023-06-16T19:07:19,0,9999,0,9999
2023-06-16T19:19:47,0,9999,0,9999
2023-06-16T19:32:03,0,9999,0,9999
2023-06-16T19:44:19,0,9999,0,9999
2023-06-16T19:56:34,0,9999,0,9999
2023-06-16T20:08:51,0,9999,0,9999
2023-06-16T20:21:06,0,9999,0,9999
2023-06-16T20:33:22,0,9999,0,9999
2023-06-16T20:45:38,0,9999,0,9999
2023-06-16T20:57:53,0,9999,0,9999
2023-06-16T21:10:09,0,9999,0,9999
2023-06-16T21:22:35,0,9999,0,9999
2023-06-16T21:34:51,0,9999,0,9999
2023-06-16T21:47:07,0,9999,0,9999
2023-06-16T21:59:23,0,9999,0,9999
2023-06-16T22:11:38,0,9999,0,9999
2023-06-16T22:23:53,0,9999,0,9999
2023-06-16T22:36:09,0,9999,0,9999
2023-06-16T22:48:24,0,9999,0,9999
2023-06-16T23:00:39,0,9999,0,9999
2023-06-16T23:12:58,0,9999,0,9999
2023-06-16T23:25:24,0,9999,0,9999
2023-06-16T23:37:40,0,9999,0,9999
2023-06-16T23:49:56,0,9999,0,9999
2023-06-17T00:02:13,0,9999,0,9999
2023-06-17T00:14:36,0,9999,0,9999
2023-06-17T00:26:56,0,9999,0,9999
2023-06-17T00:39:16,0,9999,0,9999
2023-06-17T00:51:36,0,9999,0,9999
2023-06-17T01:03:55,0,9999,0,9999
2023-06-17T01:16:15,0,9999,0,9999
2023-06-17T01:28:34,0,9999,0,9999
2023-06-17T01:40:53,0,9999,0,9999
2023-06-17T01:53:12,0,9999,0,9999
2023-06-17T02:05:41,0,9999,0,9999
2023-06-17T02:18:02,0,9999,0,9999
2023-06-17T02:30:21,0,9999,0,9999
2023-06-17T02:42:39,0,9999,0,9999
2023-06-17T02:54:55,0,9999,0,9999
2023-06-17T03:07:11,0,9999,0,9999
2023-06-17T03:19:29,0,9999,0,9999
2023-06-17T03:31:47,0,9999,0,9999
2023-06-17T03:44:05,0,9999,0,9999
2023-06-17T03:56:23,0,9999,0,9999
2023-06-17T04:08:41,0,9999,0,9999
2023-06-17T04:37:32,0,9999,0,9999
2023-06-17T04:51:25,0,9999,0,9999
2023-06-17T05:03:45,0,9999,0,9999
2023-06-17T05:16:02,0,9999,0,9999
2023-06-17T05:28:18,0,9999,0,9999
2023-06-17T05:40:38,0,9999,0,9999
2023-06-17T05:53:12,0,9999,0,9999
2023-06-17T06:05:34,0,9999,0,9999
2023-06-17T06:17:52,0,9999,0,9999
2023-06-17T06:30:11,0,9999,0,9999
2023-06-17T06:42:30,0,9999,0,9999
2023-06-17T06:54:49,0,9999,0,9999
2023-06-17T07:07:07,0,9999,0,9999
2023-06-17T07:19:27,0,9999,0,9999
2023-06-17T07:31:45,0,9999,0,9999
2023-06-17T07:44:16,0,9999,0,9999
2023-06-17T07:56:34,0,9999,0,9999
2023-06-17T08:08:53,0,9999,0,9999
2023-06-17T08:21:11,0,9999,0,9999
2023-06-17T08:33:30,0,9999,0,9999
2023-06-17T08:45:49,0,9999,0,9999
2023-06-17T08:58:08,0,9999,0,9999
2023-06-17T09:10:26,0,9999,0,9999
2023-06-17T09:22:45,0,9999,0,9999
2023-06-17T09:35:04,0,9999,0,9999
2023-06-17T09:47:21,0,9999,0,9999
2023-06-17T09:59:51,0,9999,0,9999
2023-06-17T10:12:10,0,9999,0,9999
2023-06-17T10:24:28,0,9999,0,9999
2023-06-17T10:36:47,0,9999,0,9999
2023-06-17T10:49:05,0,9999,0,9999
2023-06-17T11:01:23,0,9999,0,9999
2023-06-17T11:13:42,0,9999,0,9999
2023-06-17T11:26:00,0,9999,0,9999
2023-06-17T11:38:17,0,9999,0,9999
2023-06-17T11:50:46,0,9999,0,9999
2023-06-17T12:03:03,0,9999,0,9999
2023-06-17T12:15:19,0,9999,0,9999
2023-06-17T12:27:34,0,9999,0,9999
2023-06-17T12:39:49,0,9999,0,9999
2023-06-17T12:52:04,0,9999,0,9999
2023-06-17T13:04:20,0,9999,0,9999
2023-06-17T13:16:35,0,9999,0,9999
2023-06-17T13:28:50,0,9999,0,9999
2023-06-17T13:41:26,0,9999,0,9999
2023-06-17T13:53:42,0,9999,0,9999
2023-06-17T14:05:58,0,9999,0,9999
2023-06-17T14:18:13,0,9999,0,9999
2023-06-17T14:30:29,0,9999,0,9999
2023-06-17T14:42:44,0,9999,0,9999
2023-06-17T14:55:00,0,9999,0,9999
2023-06-17T15:07:15,0,9999,0,9999
2023-06-17T15:19:31,0,9999,0,9999
2023-06-17T15:31:46,0,9999,0,9999
2023-06-17T15:44:11,0,9999,0,9999
2023-06-17T15:56:25,0,9999,0,9999
2023-06-17T16:08:40,0,9999,0,9999
2023-06-17T16:20:56,0,9999,0,9999
2023-06-17T16:33:11,0,9999,0,9999
2023-06-17T16:45:26,0,9999,0,9999
2023-06-17T16:57:41,0,9999,0,9999
2023-06-17T17:09:57,0,9999,0,9999
2023-06-17T17:22:13,0,9999,0,9999
2023-06-17T17:34:28,0,9999,0,9999
2023-06-17T17:46:43,0,9999,0,9999
2023-06-17T17:59:09,0,9999,0,9999
2023-06-17T18:11:24,0,9999,0,9999
2023-06-17T18:23:40,0,9999,0,9999
2023-06-17T18:35:56,0,9999,0,9999
2023-06-17T18:48:11,0,9999,0,9999
2023-06-17T19:00:26,0,9999,0,9999
2023-06-17T19:12:42,0,9999,0,9999
2023-06-17T19:24:58,0,9999,0,9999
2023-06-17T19:37:13,0,9999,0,9999
2023-06-17T19:49:28,0,9999,0,9999
2023-06-17T20:01:44,0,9999,0,9999
2023-06-17T20:13:59,0,9999,0,9999
2023-06-17T20:26:14,0,9999,0,9999
2023-06-17T20:38:40,0,9999,0,9999
2023-06-17T20:50:55,0,9999,0,9999
2023-06-17T21:03:10,0,9999,0,9999
2023-06-17T21:15:26,0,9999,0,9999
2023-06-17T21:27:41,0,9999,0,9999
2023-06-17T21:39:57,0,9999,0,9999
2023-06-17T21:52:12,0,9999,0,9999
2023-06-17T22:04:27,0,9999,0,9999
2023-06-17T22:16:43,0,9999,0,9999
2023-06-17T22:28:59,0,9999,0,9999
2023-06-17T22:41:14,0,9999,0,9999
2023-06-17T22:53:30,0,9999,0,9999
2023-06-17T23:05:58,0,9999,0,9999
2023-06-17T23:18:14,0,9999,0,9999
2023-06-17T23:30:30,0,9999,0,9999
2023-06-17T23:42:46,0,9999,0,9999
2023-06-17T23:55:02,0,9999,0,9999
2023-06-18T00:07:19,0,9999,0,9999
2023-06-18T00:19:37,0,9999,0,9999
2023-06-18T00:31:53,0,9999,0,9999
2023-06-18T00:44:09,0,9999,0,9999
2023-06-18T00:56:29,0,9999,0,9999
2023-06-18T01:25:52,0,9999,0,9999
2023-06-18T01:38:12,0,9999,0,9999
2023-06-18T01:50:31,0,9999,0,9999
2023-06-18T02:02:51,0,9999,0,9999
2023-06-18T02:15:56,0,9999,0,9999
2023-06-18T02:28:14,0,9999,0,9999
2023-06-18T02:40:33,0,9999,0,9999
2023-06-18T02:52:53,0,9999,0,9999
2023-06-18T03:05:12,0,9999,0,9999
2023-06-18T03:17:33,0,9999,0,9999
2023-06-18T03:29:53,0,9999,0,9999
2023-06-18T03:42:22,0,9999,0,9999
2023-06-18T03:54:39,0,9999,0,9999
2023-06-18T04:06:58,0,9999,0,9999
2023-06-18T04:19:16,0,9999,0,9999
2023-06-18T04:38:44,0,9999,0,9999
2023-06-18T04:51:05,0,9999,0,9999
2023-06-18T05:03:26,0,9999,0,9999
2023-06-18T05:15:44,0,9999,0,9999
2023-06-18T05:28:04,0,9999,0,9999
2023-06-18T05:40:22,0,9999,0,9999
2023-06-18T05:52:41,0,9999,0,9999
2023-06-18T06:05:00,0,9999,0,9999
2023-06-18T06:17:19,0,9999,0,9999
2023-06-18T06:29:37,0,9999,0,9999
2023-06-18T06:41:55,0,9999,0,9999
2023-06-18T06:54:12,0,9999,0,9999
2023-06-18T07:06:33,0,9999,0,9999
2023-06-18T07:18:51,0,9999,0,9999
2023-06-18T07:31:08,0,9999,0,9999
2023-06-18T07:43:25,0,9999,0,9999
2023-06-18T07:55:43,0,9999,0,9999
2023-06-18T08:08:01,0,9999,0,9999
2023-06-18T08:20:16,0,9999,0,9999
2023-06-18T08:32:33,0,9999,0,9999
2023-06-18T08:44:48,0,9999,0,9999
2023-06-18T08:57:17,0,9999,0,9999
2023-06-18T09:09:32,0,9999,0,9999
2023-06-18T09:21:48,0,9999,0,9999
2023-06-18T09:34:03,0,9999,0,9999
2023-06-18T09:46:17,0,9999,0,9999
2023-06-18T09:58:33,0,9999,0,9999
2023-06-18T10:10:53,0,9999,0,9999
2023-06-18T10:23:10,0,9999,0,9999
2023-06-18T10:35:27,0,9999,0,9999
2023-06-18T10:47:42,0,9999,0,9999
2023-06-18T10:59:59,0,9999,0,9999
2023-06-18T11:12:18,0,9999,0,9999
2023-06-18T11:24:37,0,9999,0,9999
2023-06-18T11:37:04,0,9999,0,9999
2023-06-18T11:49:21,0,9999,0,9999
2023-06-18T12:01:36,0,9999,0,9999
2023-06-18T12:13:52,0,9999,0,9999
2023-06-18T12:26:07,0,9999,0,9999
2023-06-18T12:38:22,0,9999,0,9999
2023-06-18T12:50:37,0,9999,0,9999
2023-06-18T13:03:08,0,9999,0,9999
2023-06-18T13:15:23,0,9999,0,9999
2023-06-18T13:27:38,0,9999,0,9999
2023-06-18T13:39:53,0,9999,0,9999
2023-06-18T13:52:08,0,9999,0,9999
2023-06-18T14:04:24,0,9999,0,9999
2023-06-18T14:16:39,0,9999,0,9999
2023-06-18T14:28:53,0,9999,0,9999
2023-06-18T14:41:08,0,9999,0,9999
2023-06-18T14:53:23,0,9999,0,9999
2023-06-18T15:05:48,0,9999,0,9999
2023-06-18T15:18:02,0,9999,0,9999
2023-06-18T15:30:18,0,9999,0,9999
2023-06-18T15:42:33,0,9999,0,9999
2023-06-18T15:54:49,0,9999,0,9999
2023-06-18T16:07:04,0,9999,0,9999
2023-06-18T16:19:19,0,9999,0,9999
2023-06-18T16:31:35,0,9999,0,9999
2023-06-18T16:44:01,0,9999,0,9999
2023-06-18T16:56:16,0,9999,0,9999
2023-06-18T17:08:31,0,9999,0,9999
2023-06-18T17:20:46,0,9999,0,9999
2023-06-18T17:33:01,0,9999,0,9999
2023-06-18T17:45:17,0,9999,0,9999
2023-06-18T17:57:32,0,9999,0,9999
2023-06-18T18:09:47,0,9999,0,9999
2023-06-18T18:22:02,0,9999,0,9999
2023-06-18T18:34:28,0,9999,0,9999
2023-06-18T18:46:43,0,9999,0,9999
2023-06-18T18:58:58,0,9999,0,9999
2023-06-18T19:11:15,0,9999,0,9999
2023-06-18T19:23:31,0,9999,0,9999
2023-06-18T19:35:45,0,9999,0,9999
2023-06-18T19:48:01,0,9999,0,9999
2023-06-18T20:00:15,0,9999,0,9999
2023-06-18T20:12:30,0,9999,0,9999
2023-06-18T20:24:57,0,9999,0,9999
2023-06-18T20:37:11,0,9999,0,9999
2023-06-18T20:49:26,0,9999,0,9999
2023-06-18T21:01:41,0,9999,0,9999
2023-06-18T21:13:56,0,9999,0,9999
2023-06-18T21:26:12,0,9999,0,9999
2023-06-18T21:38:28,0,9999,0,9999
2023-06-18T21:50:44,0,9999,0,9999
2023-06-18T22:03:10,0,9999,0,9999
2023-06-18T22:15:25,0,9999,0,9999
2023-06-18T22:27:40,0,9999,0,9999
2023-06-18T22:39:55,0,9999,0,9999
2023-06-18T22:52:10,0,9999,0,9999
2023-06-18T23:04:27,0,9999,0,9999
2023-06-18T23:16:43,0,9999,0,9999
2023-06-18T23:28:59,0,9999,0,9999
2023-06-18T23:41:35,0,9999,0,9999
2023-06-18T23:53:51,0,9999,0,9999
2023-06-19T00:06:10,0,9999,0,9999
2023-06-19T00:18:38,0,9999,0,9999
2023-06-19T00:31:07,0,9999,0,9999
2023-06-19T00:43:38,0,9999,0,9999
2023-06-19T00:56:03,0,9999,0,9999
2023-06-19T01:08:24,0,9999,0,9999
2023-06-19T01:20:46,0,9999,0,9999
2023-06-19T01:33:16,0,9999,0,9999
2023-06-19T01:45:36,0,9999,0,9999
2023-06-19T01:57:55,0,9999,0,9999
2023-06-19T02:10:23,0,9999,0,9999
2023-06-19T02:22:42,0,9999,0,9999
2023-06-19T02:35:00,0,9999,0,9999
2023-06-19T02:47:17,0,9999,0,9999
2023-06-19T02:59:33,0,9999,0,9999
2023-06-19T03:11:52,0,9999,0,9999
2023-06-19T03:24:11,0,9999,0,9999
2023-06-19T03:36:29,0,9999,0,9999
2023-06-19T03:48:47,0,9999,0,9999
2023-06-19T04:01:26,0,9999,0,9999
2023-06-19T04:30:14,0,9999,0,9999
2023-06-19T04:43:32,0,9999,0,9999
2023-06-19T04:56:36,0,9999,0,9999
2023-06-19T05:08:58,0,9999,0,9999
2023-06-19T05:21:16,0,9999,0,9999
2023-06-19T05:33:35,0,9999,0,9999
2023-06-19T05:45:55,0,9999,0,9999
2023-06-19T05:58:17,0,9999,0,9999
2023-06-19T06:10:36,0,9999,0,9999
2023-06-19T06:22:55,0,9999,0,9999
2023-06-19T06:35:14,0,9999,0,9999
2023-06-19T06:47:33,0,9999,0,9999
2023-06-19T06:59:51,0,9999,0,9999
2023-06-19T07:12:10,0,9999,0,9999
2023-06-19T07:24:27,0,9999,0,9999
2023-06-19T07:36:43,0,9999,0,9999
2023-06-19T07:48:57,0,9999,0,9999
2023-06-19T08:01:24,0,9999,0,9999
2023-06-19T08:13:40,0,9999,0,9999
2023-06-19T08:25:56,0,9999,0,9999
2023-06-19T08:38:13,0,9999,0,9999
2023-06-19T08:50:28,0,9999,0,9999
2023-06-19T09:02:43,0,9999,0,9999
2023-06-19T09:14:58,0,9999,0,9999
2023-06-19T09:27:15,0,9999,0,9999
2023-06-19T09:39:31,0,9999,0,9999
2023-06-19T09:51:56,0,9999,0,9999
2023-06-19T10:04:11,0,9999,0,9999
2023-06-19T10:16:27,0,9999,0,9999
2023-06-19T10:28:43,0,9999,0,9999
2023-06-19T10:41:01,0,9999,0,9999
2023-06-19T10:53:17,0,9999,0,9999
2023-06-19T11:05:32,0,9999,0,9999
2023-06-19T11:17:58,0,9999,0,9999
2023-06-19T11:30:13,0,9999,0,9999
2023-06-19T11:42:29,0,9999,0,9999
2023-06-19T11:54:44,0,9999,0,9999
2023-06-19T12:07:00,0,9999,0,9999
2023-06-19T12:19:16,0,9999,0,9999
2023-06-19T12:31:32,0,9999,0,9999
2023-06-19T12:43:58,0,9999,0,9999
2023-06-19T12:56:14,0,9999,0,9999
2023-06-19T13:08:30,0,9999,0,9999
2023-06-19T13:20:46,0,9999,0,9999
2023-06-19T13:33:01,0,9999,0,9999
2023-06-19T13:45:17,0,9999,0,9999
2023-06-19T13:57:44,0,9999,0,9999
2023-06-19T14:10:01,0,9999,0,9999
2023-06-19T14:22:17,0,9999,0,9999
2023-06-19T14:34:33,0,9999,0,9999
2023-06-19T14:46:48,0,9999,0,9999
2023-06-19T14:59:06,0,9999,0,9999
2023-06-19T15:11:32,0,9999,0,9999
2023-06-19T15:23:48,0,9999,0,9999
2023-06-19T15:36:04,0,9999,0,9999
2023-06-19T15:48:20,0,9999,0,9999
2023-06-19T16:00:35,0,9999,0,9999
2023-06-19T16:12:50,0,9999,0,9999
2023-06-19T16:25:05,0,9999,0,9999
2023-06-19T16:37:32,0,9999,0,9999
2023-06-19T16:49:48,0,9999,0,9999
2023-06-19T17:02:04,0,9999,0,9999
2023-06-19T17:14:21,0,9999,0,9999
2023-06-19T17:26:37,0,9999,0,9999
2023-06-19T17:38:54,0,9999,0,9999
2023-06-19T17:51:09,0,9999,0,9999
2023-06-19T18:03:35,0,9999,0,9999
2023-06-19T18:15:50,0,9999,0,9999
2023-06-19T18:28:06,0,9999,0,9999
2023-06-19T18:40:22,0,9999,0,9999
2023-06-19T18:52:38,0,9999,0,9999
2023-06-19T19:04:54,0,9999,0,9999
2023-06-19T19:17:12,0,9999,0,9999
2023-06-19T19:29:30,0,9999,0,9999
2023-06-19T19:41:56,0,9999,0,9999
2023-06-19T19:54:12,0,9999,0,9999
2023-06-19T20:06:28,0,9999,0,9999
2023-06-19T20:18:43,0,9999,0,9999
2023-06-19T20:30:58,0,9999,0,9999
2023-06-19T20:43:14,0,9999,0,9999
2023-06-19T20:55:30,0,9999,0,9999
2023-06-19T21:07:56,0,9999,0,9999
2023-06-19T21:20:11,0,9999,0,9999
2023-06-19T21:32:28,0,9999,0,9999
2023-06-19T21:44:44,0,9999,0,9999
2023-06-19T21:57:00,0,9999,0,9999
2023-06-19T22:09:16,0,9999,0,9999
2023-06-19T22:21:43,0,9999,0,9999
2023-06-19T22:33:59,0,9999,0,9999
2023-06-19T22:46:14,0,9999,0,9999
2023-06-19T22:58:30,0,9999,0,9999
2023-06-19T23:10:47,0,9999,0,9999
2023-06-19T23:23:03,0,9999,0,9999
2023-06-19T23:35:31,0,9999,0,9999
2023-06-19T23:47:47,0,9999,0,9999
2023-06-20T00:00:04,0,9999,0,9999
2023-06-20T00:12:22,0,9999,0,9999
2023-06-20T00:24:43,0,9999,0,9999
2023-06-20T00:37:01,0,9999,0,9999
2023-06-20T00:49:20,0,9999,0,9999
2023-06-20T01:01:50,0,9999,0,9999
2023-06-20T01:14:10,0,9999,0,9999
2023-06-20T01:26:29,0,9999,0,9999
2023-06-20T01:38:50,0,9999,0,9999
2023-06-20T01:51:07,0,9999,0,9999
2023-06-20T02:03:54,0,9999,0,9999
2023-06-20T02:16:13,0,9999,0,9999
2023-06-20T02:28:31,0,9999,0,9999
2023-06-20T02:40:49,0,9999,0,9999
2023-06-20T02:53:06,0,9999,0,9999
2023-06-20T03:05:23,0,9999,0,9999
2023-06-20T03:17:41,0,9999,0,9999
2023-06-20T03:30:01,0,9999,0,9999
2023-06-20T03:42:18,0,9999,0,9999
2023-06-20T03:54:48,0,9999,0,9999
2023-06-20T04:07:06,0,9999,0,9999
2023-06-20T04:37:06,0,9999,0,9999
2023-06-20T04:49:27,0,9999,0,9999
2023-06-20T05:01:49,0,9999,0,9999
2023-06-20T05:14:09,0,9999,0,9999
2023-06-20T05:26:27,0,9999,0,9999
2023-06-20T05:38:47,0,9999,0,9999
2023-06-20T05:51:06,0,9999,0,9999
2023-06-20T06:03:27,0,9999,0,9999
2023-06-20T06:15:45,0,9999,0,9999
2023-06-20T06:28:04,0,9999,0,9999
2023-06-20T06:40:22,0,9999,0,9999
2023-06-20T06:52:41,0,9999,0,9999
2023-06-20T07:05:00,0,9999,0,9999
2023-06-20T07:17:17,0,9999,0,9999
2023-06-20T07:29:34,0,9999,0,9999
2023-06-20T07:41:59,0,9999,0,9999
2023-06-20T07:54:15,0,9999,0,9999
2023-06-20T08:06:30,0,9999,0,9999
2023-06-20T08:18:47,0,9999,0,9999
2023-06-20T08:31:04,0,9999,0,9999
2023-06-20T08:43:21,0,9999,0,9999
2023-06-20T08:55:40,0,9999,0,9999
2023-06-20T09:07:57,0,9999,0,9999
2023-06-20T09:20:24,0,9999,0,9999
2023-06-20T09:32:40,0,9999,0,9999
2023-06-20T09:44:56,0,9999,0,9999
2023-06-20T09:57:11,0,9999,0,9999
2023-06-20T10:09:28,0,9999,0,9999
2023-06-20T10:21:44,0,9999,0,9999
2023-06-20T10:34:12,0,9999,0,9999
2023-06-20T10:46:29,0,9999,0,9999
2023-06-20T10:58:45,0,9999,0,9999
2023-06-20T11:11:02,0,9999,0,9999
2023-06-20T11:23:17,0,9999,0,9999
2023-06-20T11:35:46,0,9999,0,9999
2023-06-20T11:48:01,0,9999,0,9999
2023-06-20T12:00:18,0,9999,0,9999
2023-06-20T12:12:36,0,9999,0,9999
2023-06-20T12:24:52,0,9999,0,9999
2023-06-20T12:37:19,0,9999,0,9999
2023-06-20T12:49:36,0,9999,0,9999
2023-06-20T13:01:52,0,9999,0,9999
2023-06-20T13:14:08,0,9999,0,9999
2023-06-20T13:26:25,0,9999,0,9999
2023-06-20T13:38:51,0,9999,0,9999
2023-06-20T13:51:07,0,9999,0,9999
2023-06-20T14:03:23,0,9999,0,9999
2023-06-20T14:15:40,0,9999,0,9999
2023-06-20T14:28:07,0,9999,0,9999
2023-06-20T14:40:23,0,9999,0,9999
2023-06-20T14:52:39,0,9999,0,9999
2023-06-20T15:04:56,0,9999,0,9999
2023-06-20T15:17:13,0,9999,0,9999
2023-06-20T15:29:42,0,9999,0,9999
2023-06-20T15:41:59,0,9999,0,9999
2023-06-20T15:54:16,0,9999,0,9999
2023-06-20T16:06:33,0,9999,0,9999
2023-06-20T16:18:49,0,9999,0,9999
2023-06-20T16:31:08,0,9999,0,9999
2023-06-20T16:43:34,0,9999,0,9999
2023-06-20T16:55:51,0,9999,0,9999
2023-06-20T17:08:08,0,9999,0,9999
2023-06-20T17:20:25,0,9999,0,9999
2023-06-20T17:32:41,0,9999,0,9999
2023-06-20T17:45:09,0,9999,0,9999
2023-06-20T17:57:26,0,9999,0,9999
2023-06-20T18:09:43,0,9999,0,9999
2023-06-20T18:21:59,0,9999,0,9999
2023-06-20T18:34:17,0,9999,0,9999
2023-06-20T18:46:48,0,9999,0,9999
2023-06-20T18:59:04,0,9999,0,9999
2023-06-20T19:11:21,0,9999,0,9999
2023-06-20T19:23:38,0,9999,0,9999
2023-06-20T19:35:54,0,9999,0,9999
2023-06-20T19:48:23,0,9999,0,9999
2023-06-20T20:00:41,0,9999,0,9999
2023-06-20T20:12:58,0,9999,0,9999
2023-06-20T20:25:15,0,9999,0,9999
2023-06-20T20:37:31,0,9999,0,9999
2023-06-20T20:50:02,0,9999,0,9999
2023-06-20T21:02:19,0,9999,0,9999
2023-06-20T21:14:36,0,9999,0,9999
2023-06-20T21:26:52,0,9999,0,9999
2023-06-20T21:39:09,0,9999,0,9999
2023-06-20T21:51:37,0,9999,0,9999
2023-06-20T22:03:54,0,9999,0,9999
2023-06-20T22:16:10,0,9999,0,9999
2023-06-20T22:28:27,0,9999,0,9999
2023-06-20T22:40:44,0,9999,0,9999
2023-06-20T22:53:13,0,9999,0,9999
2023-06-20T23:05:31,0,9999,0,9999
2023-06-20T23:17:48,0,9999,0,9999
2023-06-20T23:30:06,0,9999,0,9999
2023-06-20T23:42:23,0,9999,0,9999
2023-06-20T23:54:40,0,9999,0,9999
2023-06-21T00:07:12,0,9999,0,9999
2023-06-21T00:19:41,0,9999,0,9999
2023-06-21T00:32:02,0,9999,0,9999
2023-06-21T00:44:24,0,9999,0,9999
2023-06-21T00:56:44,0,9999,0,9999
2023-06-21T01:09:06,0,9999,0,9999
2023-06-21T01:21:28,0,9999,0,9999
2023-06-21T01:34:01,0,9999,0,9999
2023-06-21T01:46:22,0,9999,0,9999
2023-06-21T01:58:45,0,9999,0,9999
2023-06-21T02:11:06,0,9999,0,9999
2023-06-21T02:23:26,0,9999,0,9999
2023-06-21T02:35:46,0,9999,0,9999
2023-06-21T02:48:03,0,9999,0,9999
2023-06-21T03:00:19,0,9999,0,9999
2023-06-21T03:12:37,0,9999,0,9999
2023-06-21T03:25:09,0,9999,0,9999
2023-06-21T03:37:26,0,9999,0,9999
2023-06-21T03:49:45,0,9999,0,9999
2023-06-21T04:02:03,0,9999,0,9999
2023-06-21T04:27:14,0,9999,0,9999
2023-06-21T04:41:27,0,9999,0,9999
2023-06-21T04:53:46,0,9999,0,9999
2023-06-21T05:06:06,0,9999,0,9999
2023-06-21T05:18:25,0,9999,0,9999
2023-06-21T05:30:43,0,9999,0,9999
2023-06-21T05:43:01,0,9999,0,9999
2023-06-21T05:55:18,0,9999,0,9999
2023-06-21T06:07:36,0,9999,0,9999
2023-06-21T06:19:52,0,9999,0,9999
2023-06-21T06:32:10,0,9999,0,9999
2023-06-21T06:44:39,0,9999,0,9999
2023-06-21T06:57:08,0,9999,0,9999
2023-06-21T07:09:28,0,9999,0,9999
2023-06-21T07:21:47,0,9999,0,9999
2023-06-21T07:34:05,0,9999,0,9999
2023-06-21T07:46:22,0,9999,0,9999
2023-06-21T07:58:41,0,9999,0,9999
2023-06-21T08:11:02,0,9999,0,9999
2023-06-21T08:23:33,0,9999,0,9999
2023-06-21T08:35:52,0,9999,0,9999
2023-06-21T08:48:12,0,9999,0,9999
2023-06-21T09:00:30,0,9999,0,9999
2023-06-21T09:12:49,0,9999,0,9999
2023-06-21T09:25:20,0,9999,0,9999
2023-06-21T09:37:40,0,9999,0,9999
2023-06-21T09:49:59,0,9999,0,9999
2023-06-21T10:02:21,0,9999,0,9999
2023-06-21T10:14:53,0,9999,0,9999
2023-06-21T10:27:13,0,9999,0,9999
2023-06-21T10:39:33,0,9999,0,9999
2023-06-21T10:51:53,0,9999,0,9999
2023-06-21T11:04:29,0,9999,0,9999
2023-06-21T11:16:51,0,9999,0,9999
2023-06-21T11:29:14,0,9999,0,9999
2023-06-21T11:41:34,0,9999,0,9999
2023-06-21T11:54:07,0,9999,0,9999
2023-06-21T12:06:26,0,9999,0,9999
2023-06-21T12:18:46,0,9999,0,9999
2023-06-21T12:31:15,0,9999,0,9999
2023-06-21T12:43:33,0,9999,0,9999
2023-06-21T12:55:51,0,9999,0,9999
2023-06-21T13:08:08,0,9999,0,9999
2023-06-21T13:20:36,0,9999,0,9999
2023-06-21T13:32:55,0,9999,0,9999
2023-06-21T13:45:14,0,9999,0,9999
2023-06-21T13:57:32,0,9999,0,9999
2023-06-21T14:10:00,0,9999,0,9999
2023-06-21T14:22:19,0,9999,0,9999
2023-06-21T14:34:37,0,9999,0,9999
2023-06-21T14:46:55,0,9999,0,9999
2023-06-21T14:59:27,0,9999,0,9999
2023-06-21T15:11:46,0,9999,0,9999
2023-06-21T15:24:06,0,9999,0,9999
2023-06-21T15:36:25,0,9999,0,9999
2023-06-21T15:48:44,0,9999,0,9999
2023-06-21T16:01:15,0,9999,0,9999
2023-06-21T16:13:34,0,9999,0,9999
2023-06-21T16:25:53,0,9999,0,9999
2023-06-21T16:38:13,0,9999,0,9999
2023-06-21T16:50:43,0,9999,0,9999
2023-06-21T17:03:03,0,9999,0,9999
2023-06-21T17:15:23,0,9999,0,9999
2023-06-21T17:27:43,0,9999,0,9999
2023-06-21T17:40:14,0,9999,0,9999
2023-06-21T17:52:33,0,9999,0,9999
2023-06-21T18:04:52,0,9999,0,9999
2023-06-21T18:17:16,0,9999,0,9999
2023-06-21T18:29:35,0,9999,0,9999
2023-06-21T18:42:05,0,9999,0,9999
2023-06-21T18:54:24,0,9999,0,9999
2023-06-21T19:06:44,0,9999,0,9999
2023-06-21T19:19:02,0,9999,0,9999
2023-06-21T19:31:22,0,9999,0,9999
2023-06-21T19:43:40,0,9999,0,9999
2023-06-21T19:56:10,0,9999,0,9999
2023-06-21T20:08:29,0,9999,0,9999
2023-06-21T20:20:48,0,9999,0,9999
2023-06-21T20:33:08,0,9999,0,9999
2023-06-21T20:45:40,0,9999,0,9999
2023-06-21T20:58:01,0,9999,0,9999
2023-06-21T21:10:20,0,9999,0,9999
2023-06-21T21:22:40,0,9999,0,9999
2023-06-21T21:35:00,0,9999,0,9999
2023-06-21T21:47:20,0,9999,0,9999
2023-06-21T21:59:51,0,9999,0,9999
2023-06-21T22:12:11,0,9999,0,9999
2023-06-21T22:24:30,0,9999,0,9999
2023-06-21T22:36:49,0,9999,0,9999
2023-06-21T22:49:08,0,9999,0,9999
2023-06-21T23:01:40,0,9999,0,9999
2023-06-21T23:14:03,0,9999,0,9999
2023-06-21T23:26:23,0,9999,0,9999
2023-06-21T23:38:43,0,9999,0,9999
2023-06-21T23:51:01,0,9999,0,9999
2023-06-22T00:03:22,0,9999,0,9999
2023-06-22T00:16:01,0,9999,0,9999
2023-06-22T00:28:24,0,9999,0,9999
2023-06-22T00:40:47,0,9999,0,9999
2023-06-22T00:53:10,0,9999,0,9999
2023-06-22T01:05:33,0,9999,0,9999
2023-06-22T01:17:57,0,9999,0,9999
2023-06-22T01:30:32,0,9999,0,9999
2023-06-22T01:42:55,0,9999,0,9999
2023-06-22T01:55:19,0,9999,0,9999
2023-06-22T02:07:41,0,9999,0,9999
2023-06-22T02:20:01,0,9999,0,9999
2023-06-22T02:32:22,0,9999,0,9999
2023-06-22T02:44:44,0,9999,0,9999
2023-06-22T02:57:16,0,9999,0,9999
2023-06-22T03:09:38,0,9999,0,9999
2023-06-22T03:22:00,0,9999,0,9999
2023-06-22T03:34:22,0,9999,0,9999
2023-06-22T03:46:43,0,9999,0,9999
2023-06-22T03:59:05,0,9999,0,9999
2023-06-22T04:11:26,0,9999,0,9999
2023-06-22T04:37:02,0,9999,0,9999
2023-06-22T04:49:25,0,9999,0,9999
2023-06-22T05:01:48,0,9999,0,9999
2023-06-22T05:14:09,0,9999,0,9999
2023-06-22T05:26:29,0,9999,0,9999
2023-06-22T05:38:48,0,9999,0,9999
2023-06-22T05:51:11,0,9999,0,9999
2023-06-22T06:03:34,0,9999,0,9999
2023-06-22T06:15:59,0,9999,0,9999
2023-06-22T06:28:22,0,9999,0,9999
2023-06-22T06:40:43,0,9999,0,9999
2023-06-22T06:53:04,0,9999,0,9999
2023-06-22T07:05:27,0,9999,0,9999
2023-06-22T07:17:59,0,9999,0,9999
2023-06-22T07:30:20,0,9999,0,9999
2023-06-22T07:42:41,0,9999,0,9999
2023-06-22T07:55:02,0,9999,0,9999
2023-06-22T08:07:22,0,9999,0,9999
2023-06-22T08:19:42,0,9999,0,9999
2023-06-22T08:32:03,0,9999,0,9999
2023-06-22T08:44:33,0,9999,0,9999
2023-06-22T08:56:53,0,9999,0,9999
2023-06-22T09:09:12,0,9999,0,9999
2023-06-22T09:21:33,0,9999,0,9999
2023-06-22T09:33:55,0,9999,0,9999
2023-06-22T09:46:27,0,9999,0,9999
2023-06-22T09:58:47,0,9999,0,9999
2023-06-22T10:11:07,0,9999,0,9999
2023-06-22T10:23:27,0,9999,0,9999
2023-06-22T10:35:49,0,9999,0,9999
2023-06-22T10:48:22,0,9999,0,9999
2023-06-22T11:00:43,0,9999,0,9999
2023-06-22T11:13:04,0,9999,0,9999
2023-06-22T11:25:24,0,9999,0,9999
2023-06-22T11:37:56,0,9999,0,9999
2023-06-22T11:50:15,0,9999,0,9999
2023-06-22T12:02:35,0,9999,0,9999
2023-06-22T12:14:54,0,9999,0,9999
2023-06-22T12:27:25,0,9999,0,9999
2023-06-22T12:39:45,0,9999,0,9999
2023-06-22T12:52:04,0,9999,0,9999
2023-06-22T13:04:24,0,9999,0,9999
2023-06-22T13:16:43,0,9999,0,9999
2023-06-22T13:29:18,0,9999,0,9999
2023-06-22T13:41:41,0,9999,0,9999
2023-06-22T13:54:00,0,9999,0,9999
2023-06-22T14:06:19,0,9999,0,9999
2023-06-22T14:18:51,0,9999,0,9999
2023-06-22T14:31:10,0,9999,0,9999
2023-06-22T14:43:32,0,9999,0,9999
2023-06-22T14:55:51,0,9999,0,9999
2023-06-22T15:08:11,0,9999,0,9999
2023-06-22T15:20:45,0,9999,0,9999
2023-06-22T15:33:04,0,9999,0,9999
2023-06-22T15:45:23,0,9999,0,9999
2023-06-22T15:57:43,0,9999,0,9999
2023-06-22T16:10:03,0,9999,0,9999
2023-06-22T16:22:34,0,9999,0,9999
2023-06-22T16:34:52,0,9999,0,9999
2023-06-22T16:47:11,0,9999,0,9999
2023-06-22T16:59:30,0,9999,0,9999
2023-06-22T17:11:51,0,9999,0,9999
2023-06-22T17:24:11,0,9999,0,9999
2023-06-22T17:36:30,0,9999,0,9999
2023-06-22T17:49:01,0,9999,0,9999
2023-06-22T18:01:20,0,9999,0,9999
2023-06-22T18:13:40,0,9999,0,9999
2023-06-22T18:26:01,0,9999,0,9999
2023-06-22T18:38:20,0,9999,0,9999
2023-06-22T18:50:54,0,9999,0,9999
2023-06-22T19:03:13,0,9999,0,9999
2023-06-22T19:15:32,0,9999,0,9999
2023-06-22T19:27:51,0,9999,0,9999
2023-06-22T19:40:11,0,9999,0,9999
2023-06-22T19:52:30,0,9999,0,9999
2023-06-22T20:04:49,0,9999,0,9999
2023-06-22T20:17:21,0,9999,0,9999
2023-06-22T20:29:40,0,9999,0,9999
2023-06-22T20:41:59,0,9999,0,9999
2023-06-22T20:54:18,0,9999,0,9999
2023-06-22T21:06:37,0,9999,0,9999
2023-06-22T21:18:56,0,9999,0,9999
2023-06-22T21:31:15,0,9999,0,9999
2023-06-22T21:43:34,0,9999,0,9999
2023-06-22T21:56:05,0,9999,0,9999
2023-06-22T22:08:24,0,9999,0,9999
2023-06-22T22:20:43,0,9999,0,9999
2023-06-22T22:33:03,0,9999,0,9999
2023-06-22T22:45:23,0,9999,0,9999
2023-06-22T22:57:42,0,9999,0,9999
2023-06-22T23:10:02,0,9999,0,9999
2023-06-22T23:22:36,0,9999,0,9999
2023-06-22T23:34:56,0,9999,0,9999
2023-06-22T23:47:16,0,9999,0,9999
2023-06-22T23:59:36,0,9999,0,9999
2023-06-23T00:11:57,0,9999,0,9999
2023-06-23T00:24:18,0,9999,0,9999
2023-06-23T00:36:53,0,9999,0,9999
2023-06-23T00:49:16,0,9999,0,9999
2023-06-23T01:01:39,0,9999,0,9999
2023-06-23T01:14:03,0,9999,0,9999
2023-06-23T01:26:38,0,9999,0,9999
2023-06-23T01:39:04,0,9999,0,9999
2023-06-23T01:51:29,0,9999,0,9999
2023-06-23T02:03:51,0,9999,0,9999
2023-06-23T02:16:13,0,9999,0,9999
2023-06-23T02:28:34,0,9999,0,9999
2023-06-23T02:40:57,0,9999,0,9999
2023-06-23T02:53:17,0,9999,0,9999
2023-06-23T03:05:36,0,9999,0,9999
2023-06-23T03:17:55,0,9999,0,9999
2023-06-23T03:30:26,0,9999,0,9999
2023-06-23T03:42:45,0,9999,0,9999
2023-06-23T03:55:03,0,9999,0,9999
2023-06-23T04:07:21,0,9999,0,9999
2023-06-23T04:26:10,0,9999,0,9999
2023-06-23T04:38:30,0,9999,0,9999
2023-06-23T04:50:50,0,9999,0,9999
2023-06-23T05:03:15,0,9999,0,9999
2023-06-23T05:15:47,0,9999,0,9999
2023-06-23T05:28:14,0,9999,0,9999
2023-06-23T05:40:37,0,9999,0,9999
2023-06-23T05:53:01,0,9999,0,9999
2023-06-23T06:05:23,0,9999,0,9999
2023-06-23T06:17:46,0,9999,0,9999
2023-06-23T06:30:17,0,9999,0,9999
2023-06-23T06:42:40,0,9999,0,9999
2023-06-23T06:55:02,0,9999,0,9999
2023-06-23T07:07:26,0,9999,0,9999
2023-06-23T07:19:48,0,9999,0,9999
2023-06-23T07:32:10,0,9999,0,9999
2023-06-23T07:44:31,0,9999,0,9999
2023-06-23T07:56:53,0,9999,0,9999
2023-06-23T08:09:15,0,9999,0,9999
2023-06-23T08:21:36,0,9999,0,9999
2023-06-23T08:33:58,0,9999,0,9999
2023-06-23T08:46:19,0,9999,0,9999
2023-06-23T08:58:50,0,9999,0,9999
2023-06-23T09:11:10,0,9999,0,9999
2023-06-23T09:23:29,0,9999,0,9999
2023-06-23T09:35:48,0,9999,0,9999
2023-06-23T09:48:07,0,9999,0,9999
2023-06-23T10:00:27,0,9999,0,9999
2023-06-23T10:12:47,0,9999,0,9999
2023-06-23T10:25:07,0,9999,0,9999
2023-06-23T10:37:37,0,9999,0,9999
2023-06-23T10:49:56,0,9999,0,9999
2023-06-23T11:02:15,0,9999,0,9999
2023-06-23T11:14:35,0,9999,0,9999
2023-06-23T11:26:55,0,9999,0,9999
2023-06-23T11:39:15,0,9999,0,9999
2023-06-23T11:51:35,0,9999,0,9999
2023-06-23T12:04:04,0,9999,0,9999
2023-06-23T12:16:23,0,9999,0,9999
2023-06-23T12:28:42,0,9999,0,9999
2023-06-23T12:41:02,0,9999,0,9999
2023-06-23T12:53:22,0,9999,0,9999
2023-06-23T13:05:52,0,9999,0,9999
2023-06-23T13:18:13,0,9999,0,9999
2023-06-23T13:30:32,0,9999,0,9999
2023-06-23T13:42:52,0,9999,0,9999
2023-06-23T13:55:13,0,9999,0,9999
2023-06-23T14:07:33,0,9999,0,9999
2023-06-23T14:20:07,0,9999,0,9999
2023-06-23T14:32:27,0,9999,0,9999
2023-06-23T14:44:46,0,9999,0,9999
2023-06-23T14:57:06,0,9999,0,9999
2023-06-23T15:09:25,0,9999,0,9999
2023-06-23T15:21:45,0,9999,0,9999
2023-06-23T15:34:05,0,9999,0,9999
2023-06-23T15:46:37,0,9999,0,9999
2023-06-23T15:58:57,0,9999,0,9999
2023-06-23T16:11:17,0,9999,0,9999
2023-06-23T16:23:36,0,9999,0,9999
2023-06-23T16:35:56,0,9999,0,9999
2023-06-23T16:48:15,0,9999,0,9999
2023-06-23T17:00:46,0,9999,0,9999
2023-06-23T17:13:07,0,9999,0,9999
2023-06-23T17:25:26,0,9999,0,9999
2023-06-23T17:37:46,0,9999,0,9999
2023-06-23T17:50:05,0,9999,0,9999
2023-06-23T18:02:25,0,9999,0,9999
2023-06-23T18:14:44,0,9999,0,9999
2023-06-23T18:27:14,0,9999,0,9999
2023-06-23T18:39:33,0,9999,0,9999
2023-06-23T18:51:53,0,9999,0,9999
2023-06-23T19:04:13,0,9999,0,9999
2023-06-23T19:16:33,0,9999,0,9999
2023-06-23T19:28:52,0,9999,0,9999
2023-06-23T19:41:23,0,9999,0,9999
2023-06-23T19:53:43,0,9999,0,9999
2023-06-23T20:06:03,0,9999,0,9999
2023-06-23T20:18:22,0,9999,0,9999
2023-06-23T20:30:42,0,9999,0,9999
2023-06-23T20:43:02,0,9999,0,9999
2023-06-23T20:55:32,0,9999,0,9999
2023-06-23T21:07:52,0,9999,0,9999
2023-06-23T21:20:12,0,9999,0,9999
2023-06-23T21:32:31,0,9999,0,9999
2023-06-23T21:44:51,0,9999,0,9999
2023-06-23T21:57:11,0,9999,0,9999
2023-06-23T22:09:33,0,9999,0,9999
2023-06-23T22:22:03,0,9999,0,9999
2023-06-23T22:34:23,0,9999,0,9999
2023-06-23T22:46:43,0,9999,0,9999
2023-06-23T22:59:02,0,9999,0,9999
2023-06-23T23:11:23,0,9999,0,9999
2023-06-23T23:23:44,0,9999,0,9999
2023-06-23T23:36:05,0,9999,0,9999
2023-06-23T23:48:37,0,9999,0,9999
2023-06-24T00:00:58,0,9999,0,9999
2023-06-24T00:13:21,0,9999,0,9999
2023-06-24T00:25:47,0,9999,0,9999
2023-06-24T00:38:10,0,9999,0,9999
2023-06-24T00:50:33,0,9999,0,9999
2023-06-24T01:02:58,0,9999,0,9999
2023-06-24T01:15:22,0,9999,0,9999
2023-06-24T01:27:45,0,9999,0,9999
2023-06-24T01:40:12,0,9999,0,9999
2023-06-24T01:52:47,0,9999,0,9999
2023-06-24T02:05:11,0,9999,0,9999
2023-06-24T02:17:35,0,9999,0,9999
2023-06-24T02:29:57,0,9999,0,9999
2023-06-24T02:42:19,0,9999,0,9999
2023-06-24T02:54:39,0,9999,0,9999
2023-06-24T03:06:59,0,9999,0,9999
2023-06-24T03:19:21,0,9999,0,9999
2023-06-24T03:31:43,0,9999,0,9999
2023-06-24T03:44:05,0,9999,0,9999
2023-06-24T03:56:27,0,9999,0,9999
2023-06-24T04:08:48,0,9999,0,9999
2023-06-24T04:29:02,0,9999,0,9999
2023-06-24T04:41:26,0,9999,0,9999
2023-06-24T04:53:49,0,9999,0,9999
2023-06-24T05:06:13,0,9999,0,9999
2023-06-24T05:18:35,0,9999,0,9999
2023-06-24T05:31:04,0,9999,0,9999
2023-06-24T05:43:28,0,9999,0,9999
2023-06-24T05:55:51,0,9999,0,9999
2023-06-24T06:08:13,0,9999,0,9999
2023-06-24T06:20:35,0,9999,0,9999
2023-06-24T06:32:58,0,9999,0,9999
2023-06-24T06:45:20,0,9999,0,9999
2023-06-24T06:57:42,0,9999,0,9999
2023-06-24T07:10:04,0,9999,0,9999
2023-06-24T07:22:37,0,9999,0,9999
2023-06-24T07:35:00,0,9999,0,9999
2023-06-24T07:47:22,0,9999,0,9999
2023-06-24T07:59:44,0,9999,0,9999
2023-06-24T08:12:07,0,9999,0,9999
2023-06-24T08:24:29,0,9999,0,9999
2023-06-24T08:36:51,0,9999,0,9999
2023-06-24T08:49:13,0,9999,0,9999
2023-06-24T09:01:35,0,9999,0,9999
2023-06-24T09:14:06,0,9999,0,9999
2023-06-24T09:26:28,0,9999,0,9999
2023-06-24T09:38:50,0,9999,0,9999
2023-06-24T09:51:13,0,9999,0,9999
2023-06-24T10:03:36,0,9999,0,9999
2023-06-24T10:15:58,0,9999,0,9999
2023-06-24T10:28:20,0,9999,0,9999
2023-06-24T10:40:44,0,9999,0,9999
2023-06-24T10:53:06,0,9999,0,9999
2023-06-24T11:05:38,0,9999,0,9999
2023-06-24T11:18:00,0,9999,0,9999
2023-06-24T11:30:21,0,9999,0,9999
2023-06-24T11:42:42,0,9999,0,9999
2023-06-24T11:55:03,0,9999,0,9999
2023-06-24T12:07:24,0,9999,0,9999
2023-06-24T12:19:45,0,9999,0,9999
2023-06-24T12:32:05,0,9999,0,9999
2023-06-24T12:44:25,0,9999,0,9999
2023-06-24T12:56:44,0,9999,0,9999
2023-06-24T13:09:15,0,9999,0,9999
2023-06-24T13:21:34,0,9999,0,9999
2023-06-24T13:33:53,0,9999,0,9999
2023-06-24T13:46:12,0,9999,0,9999
2023-06-24T13:58:31,0,9999,0,9999
2023-06-24T14:10:50,0,9999,0,9999
2023-06-24T14:23:09,0,9999,0,9999
2023-06-24T14:35:28,0,9999,0,9999
2023-06-24T14:47:47,0,9999,0,9999
2023-06-24T15:00:15,0,9999,0,9999
2023-06-24T15:12:34,0,9999,0,9999
2023-06-24T15:24:53,0,9999,0,9999
2023-06-24T15:37:12,0,9999,0,9999
2023-06-24T15:49:32,0,9999,0,9999
2023-06-24T16:01:51,0,9999,0,9999
2023-06-24T16:14:09,0,9999,0,9999
2023-06-24T16:26:28,0,9999,0,9999
2023-06-24T16:38:47,0,9999,0,9999
2023-06-24T16:51:16,0,9999,0,9999
2023-06-24T17:03:36,0,9999,0,9999
2023-06-24T17:15:56,0,9999,0,9999
2023-06-24T17:28:16,0,9999,0,9999
2023-06-24T17:40:35,0,9999,0,9999
2023-06-24T17:52:54,0,9999,0,9999
2023-06-24T18:05:15,0,9999,0,9999
2023-06-24T18:17:35,0,9999,0,9999
2023-06-24T18:29:54,0,9999,0,9999
2023-06-24T18:42:25,0,9999,0,9999
2023-06-24T18:54:44,0,9999,0,9999
2023-06-24T19:07:04,0,9999,0,9999
2023-06-24T19:19:23,0,9999,0,9999
2023-06-24T19:31:43,0,9999,0,9999
2023-06-24T19:44:02,0,9999,0,9999
2023-06-24T19:56:22,0,9999,0,9999
2023-06-24T20:08:41,0,9999,0,9999
2023-06-24T20:21:11,0,9999,0,9999
2023-06-24T20:33:31,0,9999,0,9999
2023-06-24T20:45:50,0,9999,0,9999
2023-06-24T20:58:09,0,9999,0,9999
2023-06-24T21:10:28,0,9999,0,9999
2023-06-24T21:22:47,0,9999,0,9999
2023-06-24T21:35:06,0,9999,0,9999
2023-06-24T21:47:26,0,9999,0,9999
2023-06-24T21:59:57,0,9999,0,9999
2023-06-24T22:12:16,0,9999,0,9999
2023-06-24T22:24:36,0,9999,0,9999
2023-06-24T22:36:55,0,9999,0,9999
2023-06-24T22:49:14,0,9999,0,9999
2023-06-24T23:01:34,0,9999,0,9999
2023-06-24T23:13:54,0,9999,0,9999
2023-06-24T23:26:14,0,9999,0,9999
2023-06-24T23:38:35,0,9999,0,9999
2023-06-24T23:51:06,0,9999,0,9999
2023-06-25T00:03:27,0,9999,0,9999
2023-06-25T00:15:51,0,9999,0,9999
2023-06-25T00:28:14,0,9999,0,9999
2023-06-25T00:40:38,0,9999,0,9999
2023-06-25T00:53:01,0,9999,0,9999
2023-06-25T01:05:24,0,9999,0,9999
2023-06-25T01:17:46,0,9999,0,9999
2023-06-25T01:30:20,0,9999,0,9999
2023-06-25T01:42:43,0,9999,0,9999
2023-06-25T01:55:05,0,9999,0,9999
2023-06-25T02:07:29,0,9999,0,9999
2023-06-25T02:19:59,0,9999,0,9999
2023-06-25T02:32:24,0,9999,0,9999
2023-06-25T02:44:46,0,9999,0,9999
2023-06-25T02:57:08,0,9999,0,9999
2023-06-25T03:09:30,0,9999,0,9999
2023-06-25T03:21:52,0,9999,0,9999
2023-06-25T03:34:26,0,9999,0,9999
2023-06-25T03:46:49,0,9999,0,9999
2023-06-25T03:59:11,0,9999,0,9999
2023-06-25T04:29:14,0,9999,0,9999
2023-06-25T04:42:37,0,9999,0,9999
2023-06-25T04:55:48,0,9999,0,9999
2023-06-25T05:08:11,0,9999,0,9999
2023-06-25T05:20:33,0,9999,0,9999
2023-06-25T05:32:56,0,9999,0,9999
2023-06-25T05:45:19,0,9999,0,9999
2023-06-25T05:57:42,0,9999,0,9999
2023-06-25T06:10:04,0,9999,0,9999
2023-06-25T06:22:27,0,9999,0,9999
2023-06-25T06:34:49,0,9999,0,9999
2023-06-25T06:47:11,0,9999,0,9999
2023-06-25T06:59:40,0,9999,0,9999
2023-06-25T07:12:02,0,9999,0,9999
2023-06-25T07:24:22,0,9999,0,9999
2023-06-25T07:36:42,0,9999,0,9999
2023-06-25T07:49:01,0,9999,0,9999
2023-06-25T08:01:21,0,9999,0,9999
2023-06-25T08:13:41,0,9999,0,9999
2023-06-25T08:26:01,0,9999,0,9999
2023-06-25T08:38:22,0,9999,0,9999
2023-06-25T08:50:50,0,9999,0,9999
2023-06-25T09:03:09,0,9999,0,9999
2023-06-25T09:15:30,0,9999,0,9999
2023-06-25T09:27:49,0,9999,0,9999
2023-06-25T09:40:08,0,9999,0,9999
2023-06-25T09:52:29,0,9999,0,9999
2023-06-25T10:04:49,0,9999,0,9999
2023-06-25T10:17:08,0,9999,0,9999
2023-06-25T10:29:28,0,9999,0,9999
2023-06-25T10:41:58,0,9999,0,9999
2023-06-25T10:54:20,0,9999,0,9999
2023-06-25T11:06:43,0,9999,0,9999
2023-06-25T11:19:02,0,9999,0,9999
2023-06-25T11:31:22,0,9999,0,9999
2023-06-25T11:43:42,0,9999,0,9999
2023-06-25T11:56:04,0,9999,0,9999
2023-06-25T12:08:26,0,9999,0,9999
2023-06-25T12:20:49,0,9999,0,9999
2023-06-25T12:33:11,0,9999,0,9999
2023-06-25T12:45:42,0,9999,0,9999
2023-06-25T12:58:02,0,9999,0,9999
2023-06-25T13:10:22,0,9999,0,9999
2023-06-25T13:22:41,0,9999,0,9999
2023-06-25T13:35:00,0,9999,0,9999
2023-06-25T13:47:20,0,9999,0,9999
2023-06-25T13:59:39,0,9999,0,9999
2023-06-25T14:12:08,0,9999,0,9999
2023-06-25T14:24:27,0,9999,0,9999
2023-06-25T14:36:46,0,9999,0,9999
2023-06-25T14:49:05,0,9999,0,9999
2023-06-25T15:01:24,0,9999,0,9999
2023-06-25T15:13:43,0,9999,0,9999
2023-06-25T15:26:14,0,9999,0,9999
2023-06-25T15:38:33,0,9999,0,9999
2023-06-25T15:50:52,0,9999,0,9999
2023-06-25T16:03:12,0,9999,0,9999
2023-06-25T16:15:32,0,9999,0,9999
2023-06-25T16:27:52,0,9999,0,9999
2023-06-25T16:40:22,0,9999,0,9999
2023-06-25T16:52:41,0,9999,0,9999
2023-06-25T17:05:01,0,9999,0,9999
2023-06-25T17:17:21,0,9999,0,9999
2023-06-25T17:29:40,0,9999,0,9999
2023-06-25T17:42:00,0,9999,0,9999
2023-06-25T17:54:29,0,9999,0,9999
2023-06-25T18:06:48,0,9999,0,9999
2023-06-25T18:19:08,0,9999,0,9999
2023-06-25T18:31:27,0,9999,0,9999
2023-06-25T18:43:47,0,9999,0,9999
2023-06-25T18:56:06,0,9999,0,9999
2023-06-25T19:08:37,0,9999,0,9999
2023-06-25T19:20:57,0,9999,0,9999
2023-06-25T19:33:16,0,9999,0,9999
2023-06-25T19:45:36,0,9999,0,9999
2023-06-25T19:57:55,0,9999,0,9999
2023-06-25T20:10:15,0,9999,0,9999
2023-06-25T20:22:34,0,9999,0,9999
2023-06-25T20:35:03,0,9999,0,9999
2023-06-25T20:47:23,0,9999,0,9999
2023-06-25T20:59:42,0,9999,0,9999
2023-06-25T21:12:02,0,9999,0,9999
2023-06-25T21:24:21,0,9999,0,9999
2023-06-25T21:36:41,0,9999,0,9999
2023-06-25T21:49:01,0,9999,0,9999
2023-06-25T22:01:21,0,9999,0,9999
2023-06-25T22:13:50,0,9999,0,9999
2023-06-25T22:26:10,0,9999,0,9999
2023-06-25T22:38:30,0,9999,0,9999
2023-06-25T22:50:49,0,9999,0,9999
2023-06-25T23:03:09,0,9999,0,9999
2023-06-25T23:15:29,0,9999,0,9999
2023-06-25T23:27:49,0,9999,0,9999
2023-06-25T23:40:11,0,9999,0,9999
2023-06-25T23:52:42,0,9999,0,9999
2023-06-26T00:05:03,0,9999,0,9999
2023-06-26T00:17:32,0,9999,0,9999
2023-06-26T00:30:03,0,9999,0,9999
2023-06-26T00:42:34,0,9999,0,9999
2023-06-26T00:54:56,0,9999,0,9999
2023-06-26T01:07:22,0,9999,0,9999
2023-06-26T01:19:47,0,9999,0,9999
2023-06-26T01:32:11,0,9999,0,9999
2023-06-26T01:44:47,0,9999,0,9999
2023-06-26T01:57:11,0,9999,0,9999
2023-06-26T02:09:49,0,9999,0,9999
2023-06-26T02:22:12,0,9999,0,9999
2023-06-26T02:34:35,0,9999,0,9999
2023-06-26T02:46:57,0,9999,0,9999
2023-06-26T02:59:18,0,9999,0,9999
2023-06-26T03:11:41,0,9999,0,9999
2023-06-26T03:24:04,0,9999,0,9999
2023-06-26T03:36:27,0,9999,0,9999
2023-06-26T03:48:49,0,9999,0,9999
2023-06-26T04:01:23,0,9999,0,9999
2023-06-26T04:15:54,0,9999,0,9999
2023-06-26T04:41:55,0,9999,0,9999
2023-06-26T04:54:21,0,9999,0,9999
2023-06-26T05:06:47,0,9999,0,9999
2023-06-26T05:19:10,0,9999,0,9999
2023-06-26T05:31:34,0,9999,0,9999
2023-06-26T05:43:57,0,9999,0,9999
2023-06-26T05:56:20,0,9999,0,9999
2023-06-26T06:08:43,0,9999,0,9999
2023-06-26T06:21:06,0,9999,0,9999
2023-06-26T06:33:29,0,9999,0,9999
2023-06-26T06:45:52,0,9999,0,9999
2023-06-26T06:58:24,0,9999,0,9999
2023-06-26T07:10:47,0,9999,0,9999
2023-06-26T07:23:08,0,9999,0,9999
2023-06-26T07:35:28,0,9999,0,9999
2023-06-26T07:47:48,0,9999,0,9999
2023-06-26T08:00:07,0,9999,0,9999
2023-06-26T08:12:27,0,9999,0,9999
2023-06-26T08:24:47,0,9999,0,9999
2023-06-26T08:37:07,0,9999,0,9999
2023-06-26T08:49:29,0,9999,0,9999
2023-06-26T09:02:04,0,9999,0,9999
2023-06-26T09:14:24,0,9999,0,9999
2023-06-26T09:26:44,0,9999,0,9999
2023-06-26T09:39:03,0,9999,0,9999
2023-06-26T09:51:24,0,9999,0,9999
2023-06-26T10:03:56,0,9999,0,9999
2023-06-26T10:16:16,0,9999,0,9999
2023-06-26T10:28:36,0,9999,0,9999
2023-06-26T10:40:57,0,9999,0,9999
2023-06-26T10:53:17,0,9999,0,9999
2023-06-26T11:05:37,0,9999,0,9999
2023-06-26T11:17:58,0,9999,0,9999
2023-06-26T11:30:31,0,9999,0,9999
2023-06-26T11:42:52,0,9999,0,9999
2023-06-26T11:55:12,0,9999,0,9999
2023-06-26T12:07:32,0,9999,0,9999
2023-06-26T12:19:52,0,9999,0,9999
2023-06-26T12:32:13,0,9999,0,9999
2023-06-26T12:44:33,0,9999,0,9999
2023-06-26T12:57:04,0,9999,0,9999
2023-06-26T13:09:24,0,9999,0,9999
2023-06-26T13:21:44,0,9999,0,9999
2023-06-26T13:34:05,0,9999,0,9999
2023-06-26T13:46:27,0,9999,0,9999
2023-06-26T13:58:47,0,9999,0,9999
2023-06-26T14:11:10,0,9999,0,9999
2023-06-26T14:23:42,0,9999,0,9999
2023-06-26T14:36:04,0,9999,0,9999
2023-06-26T14:48:26,0,9999,0,9999
2023-06-26T15:00:47,0,9999,0,9999
2023-06-26T15:13:08,0,9999,0,9999
2023-06-26T15:25:30,0,9999,0,9999
2023-06-26T15:37:51,0,9999,0,9999
2023-06-26T15:50:24,0,9999,0,9999
2023-06-26T16:02:46,0,9999,0,9999
2023-06-26T16:15:07,0,9999,0,9999
2023-06-26T16:27:29,0,9999,0,9999
2023-06-26T16:39:50,0,9999,0,9999
2023-06-26T16:52:11,0,9999,0,9999
2023-06-26T17:04:32,0,9999,0,9999
2023-06-26T17:17:06,0,9999,0,9999
2023-06-26T17:29:27,0,9999,0,9999
2023-06-26T17:41:48,0,9999,0,9999
2023-06-26T17:54:09,0,9999,0,9999
2023-06-26T18:06:30,0,9999,0,9999
2023-06-26T18:18:51,0,9999,0,9999
2023-06-26T18:31:13,0,9999,0,9999
2023-06-26T18:43:34,0,9999,0,9999
2023-06-26T18:56:06,0,9999,0,9999
2023-06-26T19:08:27,0,9999,0,9999
2023-06-26T19:20:48,0,9999,0,9999
2023-06-26T19:33:09,0,9999,0,9999
2023-06-26T19:45:30,0,9999,0,9999
2023-06-26T19:57:51,0,9999,0,9999
2023-06-26T20:10:12,0,9999,0,9999
2023-06-26T20:22:33,0,9999,0,9999
2023-06-26T20:34:57,0,9999,0,9999
2023-06-26T20:47:17,0,9999,0,9999
2023-06-26T20:59:49,0,9999,0,9999
2023-06-26T21:12:10,0,9999,0,9999
2023-06-26T21:24:31,0,9999,0,9999
2023-06-26T21:36:53,0,9999,0,9999
2023-06-26T21:49:14,0,9999,0,9999
2023-06-26T22:01:35,0,9999,0,9999
2023-06-26T22:13:56,0,9999,0,9999
2023-06-26T22:26:17,0,9999,0,9999
2023-06-26T22:38:39,0,9999,0,9999
2023-06-26T22:51:00,0,9999,0,9999
2023-06-26T23:03:21,0,9999,0,9999
2023-06-26T23:15:56,0,9999,0,9999
2023-06-26T23:28:18,0,9999,0,9999
2023-06-26T23:40:40,0,9999,0,9999
2023-06-26T23:53:02,0,9999,0,9999
2023-06-27T00:05:26,0,9999,0,9999
2023-06-27T00:17:51,0,9999,0,9999
2023-06-27T00:30:16,0,9999,0,9999
2023-06-27T00:42:41,0,9999,0,9999
2023-06-27T00:55:06,0,9999,0,9999
2023-06-27T01:07:31,0,9999,0,9999
2023-06-27T01:19:57,0,9999,0,9999
2023-06-27T01:32:22,0,9999,0,9999
2023-06-27T01:44:46,0,9999,0,9999
2023-06-27T01:57:10,0,9999,0,9999
2023-06-27T02:09:45,0,9999,0,9999
2023-06-27T02:22:08,0,9999,0,9999
2023-06-27T02:34:32,0,9999,0,9999
2023-06-27T02:46:55,0,9999,0,9999
2023-06-27T02:59:17,0,9999,0,9999
2023-06-27T03:11:40,0,9999,0,9999
2023-06-27T03:24:03,0,9999,0,9999
2023-06-27T03:36:26,0,9999,0,9999
2023-06-27T03:48:50,0,9999,0,9999
2023-06-27T04:01:14,0,9999,0,9999
2023-06-27T04:28:44,0,9999,0,9999
2023-06-27T04:42:48,0,9999,0,9999
2023-06-27T04:55:16,0,9999,0,9999
2023-06-27T05:07:59,0,9999,0,9999
2023-06-27T05:20:25,0,9999,0,9999
2023-06-27T05:32:49,0,9999,0,9999
2023-06-27T05:45:14,0,9999,0,9999
2023-06-27T05:57:38,0,9999,0,9999
2023-06-27T06:10:02,0,9999,0,9999
2023-06-27T06:22:26,0,9999,0,9999
2023-06-27T06:34:50,0,9999,0,9999
2023-06-27T06:47:15,0,9999,0,9999
2023-06-27T06:59:39,0,9999,0,9999
2023-06-27T07:12:02,0,9999,0,9999
2023-06-27T07:24:28,0,9999,0,9999
2023-06-27T07:36:51,0,9999,0,9999
2023-06-27T07:49:13,0,9999,0,9999
2023-06-27T08:01:37,0,9999,0,9999
2023-06-27T08:14:01,0,9999,0,9999
2023-06-27T08:26:24,0,9999,0,9999
2023-06-27T08:38:46,0,9999,0,9999
2023-06-27T08:51:18,0,9999,0,9999
2023-06-27T09:03:41,0,9999,0,9999
2023-06-27T09:16:03,0,9999,0,9999
2023-06-27T09:28:26,0,9999,0,9999
2023-06-27T09:40:49,0,9999,0,9999
2023-06-27T09:53:13,0,9999,0,9999
2023-06-27T10:05:35,0,9999,0,9999
2023-06-27T10:18:00,0,9999,0,9999
2023-06-27T10:30:23,0,9999,0,9999
2023-06-27T10:42:45,0,9999,0,9999
2023-06-27T10:55:07,0,9999,0,9999
2023-06-27T11:07:43,0,9999,0,9999
2023-06-27T11:20:05,0,9999,0,9999
2023-06-27T11:32:27,0,9999,0,9999
2023-06-27T11:44:49,0,9999,0,9999
2023-06-27T11:57:12,0,9999,0,9999
2023-06-27T12:09:33,0,9999,0,9999
2023-06-27T12:21:55,0,9999,0,9999
2023-06-27T12:34:18,0,9999,0,9999
2023-06-27T12:46:52,0,9999,0,9999
2023-06-27T12:59:15,0,9999,0,9999
2023-06-27T13:11:37,0,9999,0,9999
2023-06-27T13:23:59,0,9999,0,9999
2023-06-27T13:36:22,0,9999,0,9999
2023-06-27T13:48:44,0,9999,0,9999
2023-06-27T14:01:06,0,9999,0,9999
2023-06-27T14:13:28,0,9999,0,9999
2023-06-27T14:25:50,0,9999,0,9999
2023-06-27T14:38:23,0,9999,0,9999
2023-06-27T14:50:45,0,9999,0,9999
2023-06-27T15:03:07,0,9999,0,9999
2023-06-27T15:15:29,0,9999,0,9999
2023-06-27T15:27:51,0,9999,0,9999
2023-06-27T15:40:14,0,9999,0,9999
2023-06-27T15:52:38,0,9999,0,9999
2023-06-27T16:05:01,0,9999,0,9999
2023-06-27T16:17:34,0,9999,0,9999
2023-06-27T16:29:57,0,9999,0,9999
2023-06-27T16:42:20,0,9999,0,9999
2023-06-27T16:54:44,0,9999,0,9999
2023-06-27T17:07:08,0,9999,0,9999
2023-06-27T17:19:32,0,9999,0,9999
2023-06-27T17:31:55,0,9999,0,9999
2023-06-27T17:44:18,0,9999,0,9999
2023-06-27T17:56:40,0,9999,0,9999
2023-06-27T18:09:02,0,9999,0,9999
2023-06-27T18:21:35,0,9999,0,9999
2023-06-27T18:33:57,0,9999,0,9999
2023-06-27T18:46:19,0,9999,0,9999
2023-06-27T18:58:40,0,9999,0,9999
2023-06-27T19:11:03,0,9999,0,9999
2023-06-27T19:23:25,0,9999,0,9999
2023-06-27T19:35:48,0,9999,0,9999
2023-06-27T19:48:10,0,9999,0,9999
2023-06-27T20:00:32,0,9999,0,9999
2023-06-27T20:12:54,0,9999,0,9999
2023-06-27T20:25:16,0,9999,0,9999
2023-06-27T20:37:50,0,9999,0,9999
2023-06-27T20:50:12,0,9999,0,9999
2023-06-27T21:02:34,0,9999,0,9999
2023-06-27T21:14:56,0,9999,0,9999
2023-06-27T21:27:18,0,9999,0,9999
2023-06-27T21:39:40,0,9999,0,9999
2023-06-27T21:52:02,0,9999,0,9999
2023-06-27T22:04:24,0,9999,0,9999
2023-06-27T22:16:46,0,9999,0,9999
2023-06-27T22:29:08,0,9999,0,9999
2023-06-27T22:41:30,0,9999,0,9999
2023-06-27T22:53:52,0,9999,0,9999
2023-06-27T23:06:26,0,9999,0,9999
2023-06-27T23:18:48,0,9999,0,9999
2023-06-27T23:31:11,0,9999,0,9999
2023-06-27T23:43:33,0,9999,0,9999
2023-06-27T23:55:57,0,9999,0,9999
2023-06-28T00:08:20,0,9999,0,9999
2023-06-28T00:20:46,0,9999,0,9999
2023-06-28T00:33:11,0,9999,0,9999
2023-06-28T00:45:37,0,9999,0,9999
2023-06-28T00:58:04,0,9999,0,9999
2023-06-28T01:10:31,0,9999,0,9999
2023-06-28T01:22:57,0,9999,0,9999
2023-06-28T01:35:35,0,9999,0,9999
2023-06-28T01:48:01,0,9999,0,9999
2023-06-28T02:00:26,0,9999,0,9999
2023-06-28T02:12:50,0,9999,0,9999
2023-06-28T02:25:12,0,9999,0,9999
2023-06-28T02:37:35,0,9999,0,9999
2023-06-28T02:49:57,0,9999,0,9999
2023-06-28T03:02:20,0,9999,0,9999
2023-06-28T03:14:45,0,9999,0,9999
2023-06-28T03:27:11,0,9999,0,9999
2023-06-28T03:39:48,0,9999,0,9999
2023-06-28T03:52:23,0,9999,0,9999
2023-06-28T04:04:50,0,9999,0,9999
2023-06-28T04:41:55,0,9999,0,9999
2023-06-28T04:54:24,0,9999,0,9999
2023-06-28T05:06:51,0,9999,0,9999
2023-06-28T05:19:17,0,9999,0,9999
2023-06-28T05:31:42,0,9999,0,9999
2023-06-28T05:44:07,0,9999,0,9999
2023-06-28T05:56:32,0,9999,0,9999
2023-06-28T06:08:58,0,9999,0,9999
2023-06-28T06:21:23,0,9999,0,9999
2023-06-28T06:33:49,0,9999,0,9999
2023-06-28T06:46:18,0,9999,0,9999
2023-06-28T06:58:42,0,9999,0,9999
2023-06-28T07:11:09,0,9999,0,9999
2023-06-28T07:23:33,0,9999,0,9999
2023-06-28T07:35:56,0,9999,0,9999
2023-06-28T07:48:27,0,9999,0,9999
2023-06-28T08:00:50,0,9999,0,9999
2023-06-28T08:13:14,0,9999,0,9999
2023-06-28T08:25:38,0,9999,0,9999
2023-06-28T08:38:02,0,9999,0,9999
2023-06-28T08:50:25,0,9999,0,9999
2023-06-28T09:02:49,0,9999,0,9999
2023-06-28T09:15:11,0,9999,0,9999
2023-06-28T09:27:33,0,9999,0,9999
2023-06-28T09:39:55,0,9999,0,9999
2023-06-28T09:52:17,0,9999,0,9999
2023-06-28T10:04:50,0,9999,0,9999
2023-06-28T10:17:12,0,9999,0,9999
2023-06-28T10:29:34,0,9999,0,9999
2023-06-28T10:41:56,0,9999,0,9999
2023-06-28T10:54:18,0,9999,0,9999
2023-06-28T11:06:42,0,9999,0,9999
2023-06-28T11:19:04,0,9999,0,9999
2023-06-28T11:31:27,0,9999,0,9999
2023-06-28T11:43:49,0,9999,0,9999
2023-06-28T11:56:11,0,9999,0,9999
2023-06-28T12:08:45,0,9999,0,9999
2023-06-28T12:21:07,0,9999,0,9999
2023-06-28T12:33:30,0,9999,0,9999
2023-06-28T12:45:52,0,9999,0,9999
2023-06-28T12:58:15,0,9999,0,9999
2023-06-28T13:10:37,0,9999,0,9999
2023-06-28T13:22:59,0,9999,0,9999
2023-06-28T13:35:22,0,9999,0,9999
2023-06-28T13:47:44,0,9999,0,9999
2023-06-28T14:00:19,0,9999,0,9999
2023-06-28T14:12:42,0,9999,0,9999
2023-06-28T14:25:04,0,9999,0,9999
2023-06-28T14:37:27,0,9999,0,9999
2023-06-28T14:49:50,0,9999,0,9999
2023-06-28T15:02:13,0,9999,0,9999
2023-06-28T15:14:38,0,9999,0,9999
2023-06-28T15:27:00,0,9999,0,9999
2023-06-28T15:39:36,0,9999,0,9999
2023-06-28T15:51:59,0,9999,0,9999
2023-06-28T16:04:21,0,9999,0,9999
2023-06-28T16:16:43,0,9999,0,9999
2023-06-28T16:29:06,0,9999,0,9999
2023-06-28T16:41:28,0,9999,0,9999
2023-06-28T16:53:51,0,9999,0,9999
2023-06-28T17:06:13,0,9999,0,9999
2023-06-28T17:18:47,0,9999,0,9999
2023-06-28T17:31:09,0,9999,0,9999
2023-06-28T17:43:32,0,9999,0,9999
2023-06-28T17:55:55,0,9999,0,9999
2023-06-28T18:08:18,0,9999,0,9999
2023-06-28T18:20:40,0,9999,0,9999
2023-06-28T18:33:03,0,9999,0,9999
2023-06-28T18:45:25,0,9999,0,9999
2023-06-28T18:57:46,0,9999,0,9999
2023-06-28T19:10:09,0,9999,0,9999
2023-06-28T19:22:43,0,9999,0,9999
2023-06-28T19:35:06,0,9999,0,9999
2023-06-28T19:47:28,0,9999,0,9999
2023-06-28T19:59:51,0,9999,0,9999
2023-06-28T20:12:13,0,9999,0,9999
2023-06-28T20:24:36,0,9999,0,9999
2023-06-28T20:36:59,0,9999,0,9999
2023-06-28T20:49:21,0,9999,0,9999
2023-06-28T21:01:44,0,9999,0,9999
2023-06-28T21:14:07,0,9999,0,9999
2023-06-28T21:26:40,0,9999,0,9999
2023-06-28T21:39:03,0,9999,0,9999
2023-06-28T21:51:26,0,9999,0,9999
2023-06-28T22:03:49,0,9999,0,9999
2023-06-28T22:16:12,0,9999,0,9999
2023-06-28T22:28:35,0,9999,0,9999
2023-06-28T22:40:58,0,9999,0,9999
2023-06-28T22:53:20,0,9999,0,9999
2023-06-28T23:05:44,0,9999,0,9999
2023-06-28T23:18:08,0,9999,0,9999
2023-06-28T23:30:31,0,9999,0,9999
2023-06-28T23:43:05,0,9999,0,9999
2023-06-28T23:55:28,0,9999,0,9999
2023-06-29T00:07:52,0,9999,0,9999
2023-06-29T00:20:23,0,9999,0,9999
2023-06-29T00:32:49,0,9999,0,9999
2023-06-29T00:45:16,0,9999,0,9999
2023-06-29T00:57:43,0,9999,0,9999
2023-06-29T01:10:11,0,9999,0,9999
2023-06-29T01:22:39,0,9999,0,9999
2023-06-29T01:35:05,0,9999,0,9999
2023-06-29T01:47:30,0,9999,0,9999
2023-06-29T01:59:55,0,9999,0,9999
2023-06-29T02:12:32,0,9999,0,9999
2023-06-29T02:24:56,0,9999,0,9999
2023-06-29T02:37:20,0,9999,0,9999
2023-06-29T02:49:43,0,9999,0,9999
2023-06-29T03:02:06,0,9999,0,9999
2023-06-29T03:14:28,0,9999,0,9999
2023-06-29T03:26:51,0,9999,0,9999
2023-06-29T03:39:14,0,9999,0,9999
2023-06-29T03:51:36,0,9999,0,9999
2023-06-29T04:03:58,0,9999,0,9999
2023-06-29T04:26:45,0,9999,0,9999
2023-06-29T04:39:21,0,9999,0,9999
2023-06-29T04:53:28,0,9999,0,9999
2023-06-29T05:05:51,0,9999,0,9999
2023-06-29T05:18:15,0,9999,0,9999
2023-06-29T05:30:43,0,9999,0,9999
2023-06-29T05:43:10,0,9999,0,9999
2023-06-29T05:55:36,0,9999,0,9999
2023-06-29T06:08:04,0,9999,0,9999
2023-06-29T06:20:32,0,9999,0,9999
2023-06-29T06:32:59,0,9999,0,9999
2023-06-29T06:45:26,0,9999,0,9999
2023-06-29T06:58:05,0,9999,0,9999
2023-06-29T07:10:36,0,9999,0,9999
2023-06-29T07:23:02,0,9999,0,9999
2023-06-29T07:35:37,0,9999,0,9999
2023-06-29T07:48:03,0,9999,0,9999
2023-06-29T08:00:29,0,9999,0,9999
2023-06-29T08:12:56,0,9999,0,9999
2023-06-29T08:25:20,0,9999,0,9999
2023-06-29T08:37:44,0,9999,0,9999
2023-06-29T08:50:09,0,9999,0,9999
2023-06-29T09:02:33,0,9999,0,9999
2023-06-29T09:14:59,0,9999,0,9999
2023-06-29T09:27:23,0,9999,0,9999
2023-06-29T09:39:48,0,9999,0,9999
2023-06-29T09:52:22,0,9999,0,9999
2023-06-29T10:04:46,0,9999,0,9999
2023-06-29T10:17:10,0,9999,0,9999
2023-06-29T10:29:35,0,9999,0,9999
2023-06-29T10:41:59,0,9999,0,9999
2023-06-29T10:54:23,0,9999,0,9999
2023-06-29T11:06:48,0,9999,0,9999
2023-06-29T11:19:12,0,9999,0,9999
2023-06-29T11:31:37,0,9999,0,9999
2023-06-29T11:44:12,0,9999,0,9999
2023-06-29T11:56:36,0,9999,0,9999
2023-06-29T12:08:59,0,9999,0,9999
2023-06-29T12:21:22,0,9999,0,9999
2023-06-29T12:33:45,0,9999,0,9999
2023-06-29T12:46:08,0,9999,0,9999
2023-06-29T12:58:31,0,9999,0,9999
2023-06-29T13:10:54,0,9999,0,9999
2023-06-29T13:23:16,0,9999,0,9999
2023-06-29T13:35:49,0,9999,0,9999
2023-06-29T13:48:11,0,9999,0,9999
2023-06-29T14:00:34,0,9999,0,9999
2023-06-29T14:12:56,0,9999,0,9999
2023-06-29T14:25:19,0,9999,0,9999
2023-06-29T14:37:42,0,9999,0,9999
2023-06-29T14:50:05,0,9999,0,9999
2023-06-29T15:02:28,0,9999,0,9999
2023-06-29T15:15:01,0,9999,0,9999
2023-06-29T15:27:24,0,9999,0,9999
2023-06-29T15:39:47,0,9999,0,9999
2023-06-29T15:52:10,0,9999,0,9999
2023-06-29T16:04:33,0,9999,0,9999
2023-06-29T16:16:56,0,9999,0,9999
2023-06-29T16:29:18,0,9999,0,9999
2023-06-29T16:41:41,0,9999,0,9999
2023-06-29T16:54:04,0,9999,0,9999
2023-06-29T17:06:38,0,9999,0,9999
2023-06-29T17:19:02,0,9999,0,9999
2023-06-29T17:31:24,0,9999,0,9999
2023-06-29T17:43:47,0,9999,0,9999
2023-06-29T17:56:10,0,9999,0,9999
2023-06-29T18:08:33,0,9999,0,9999
2023-06-29T18:20:56,0,9999,0,9999
2023-06-29T18:33:20,0,9999,0,9999
2023-06-29T18:45:42,0,9999,0,9999
2023-06-29T18:58:15,0,9999,0,9999
2023-06-29T19:10:38,0,9999,0,9999
2023-06-29T19:23:02,0,9999,0,9999
2023-06-29T19:35:26,0,9999,0,9999
2023-06-29T19:47:49,0,9999,0,9999
2023-06-29T20:00:12,0,9999,0,9999
2023-06-29T20:12:36,0,9999,0,9999
2023-06-29T20:24:59,0,9999,0,9999
2023-06-29T20:37:35,0,9999,0,9999
2023-06-29T20:49:59,0,9999,0,9999
2023-06-29T21:02:22,0,9999,0,9999
2023-06-29T21:14:45,0,9999,0,9999
2023-06-29T21:27:08,0,9999,0,9999
2023-06-29T21:39:32,0,9999,0,9999
2023-06-29T21:51:55,0,9999,0,9999
2023-06-29T22:04:19,0,9999,0,9999
2023-06-29T22:16:44,0,9999,0,9999
2023-06-29T22:29:08,0,9999,0,9999
2023-06-29T22:41:32,0,9999,0,9999
2023-06-29T22:54:06,0,9999,0,9999
2023-06-29T23:06:30,0,9999,0,9999
2023-06-29T23:18:54,0,9999,0,9999
2023-06-29T23:31:17,0,9999,0,9999
2023-06-29T23:43:42,0,9999,0,9999
2023-06-29T23:56:05,0,9999,0,9999
2023-06-30T00:08:31,0,9999,0,9999
2023-06-30T00:21:03,0,9999,0,9999
2023-06-30T00:33:30,0,9999,0,9999
2023-06-30T00:45:57,0,9999,0,9999
2023-06-30T00:58:24,0,9999,0,9999
2023-06-30T01:11:04,0,9999,0,9999
2023-06-30T01:23:34,0,9999,0,9999
2023-06-30T01:36:01,0,9999,0,9999
2023-06-30T01:48:28,0,9999,0,9999
2023-06-30T02:00:54,0,9999,0,9999
2023-06-30T02:13:20,0,9999,0,9999
2023-06-30T02:25:46,0,9999,0,9999
2023-06-30T02:38:11,0,9999,0,9999
2023-06-30T02:50:36,0,9999,0,9999
2023-06-30T03:03:03,0,9999,0,9999
2023-06-30T03:15:32,0,9999,0,9999
2023-06-30T03:27:59,0,9999,0,9999
2023-06-30T03:40:26,0,9999,0,9999
2023-06-30T03:53:10,0,9999,0,9999
2023-06-30T04:05:38,0,9999,0,9999
2023-06-30T04:31:01,0,9999,0,9999
2023-06-30T04:44:50,0,9999,0,9999
2023-06-30T04:57:37,0,9999,0,9999
2023-06-30T05:10:05,0,9999,0,9999
2023-06-30T05:22:34,0,9999,0,9999
2023-06-30T05:35:00,0,9999,0,9999
2023-06-30T05:47:27,0,9999,0,9999
2023-06-30T05:59:52,0,9999,0,9999
2023-06-30T06:12:19,0,9999,0,9999
2023-06-30T06:24:46,0,9999,0,9999
2023-06-30T06:37:12,0,9999,0,9999
2023-06-30T06:49:42,0,9999,0,9999
2023-06-30T07:02:10,0,9999,0,9999
2023-06-30T07:14:35,0,9999,0,9999
2023-06-30T07:27:08,0,9999,0,9999
2023-06-30T07:39:33,0,9999,0,9999
2023-06-30T07:51:57,0,9999,0,9999
2023-06-30T08:04:21,0,9999,0,9999
2023-06-30T08:16:47,0,9999,0,9999
2023-06-30T08:29:13,0,9999,0,9999
2023-06-30T08:41:38,0,9999,0,9999
2023-06-30T08:54:02,0,9999,0,9999
2023-06-30T09:06:26,0,9999,0,9999
2023-06-30T09:18:50,0,9999,0,9999
2023-06-30T09:31:13,0,9999,0,9999
2023-06-30T09:43:36,0,9999,0,9999
2023-06-30T09:55:59,0,9999,0,9999
2023-06-30T10:08:22,0,9999,0,9999
2023-06-30T10:20:57,0,9999,0,9999
2023-06-30T10:33:20,0,9999,0,9999
2023-06-30T10:45:43,0,9999,0,9999
2023-06-30T10:58:06,0,9999,0,9999
2023-06-30T11:10:29,0,9999,0,9999
2023-06-30T11:22:53,0,9999,0,9999
2023-06-30T11:35:17,0,9999,0,9999
2023-06-30T11:47:41,0,9999,0,9999
2023-06-30T12:00:16,0,9999,0,9999
2023-06-30T12:12:40,0,9999,0,9999
2023-06-30T12:25:04,0,9999,0,9999
2023-06-30T12:37:28,0,9999,0,9999
2023-06-30T12:49:51,0,9999,0,9999
2023-06-30T13:02:15,0,9999,0,9999
2023-06-30T13:14:38,0,9999,0,9999
2023-06-30T13:27:02,0,9999,0,9999
2023-06-30T13:39:37,0,9999,0,9999
2023-06-30T13:52:00,0,9999,0,9999
2023-06-30T14:04:24,0,9999,0,9999
2023-06-30T14:16:47,0,9999,0,9999
2023-06-30T14:29:10,0,9999,0,9999
2023-06-30T14:41:34,0,9999,0,9999
2023-06-30T14:53:56,0,9999,0,9999
2023-06-30T15:06:19,0,9999,0,9999
2023-06-30T15:18:54,0,9999,0,9999
2023-06-30T15:31:17,0,9999,0,9999
2023-06-30T15:43:41,0,9999,0,9999
2023-06-30T15:56:05,0,9999,0,9999
2023-06-30T16:08:28,0,9999,0,9999
2023-06-30T16:20:52,0,9999,0,9999
2023-06-30T16:33:15,0,9999,0,9999
2023-06-30T16:45:38,0,9999,0,9999
2023-06-30T16:58:01,0,9999,0,9999
2023-06-30T17:10:35,0,9999,0,9999
2023-06-30T17:22:58,0,9999,0,9999
2023-06-30T17:35:21,0,9999,0,9999
2023-06-30T17:47:44,0,9999,0,9999
2023-06-30T18:00:07,0,9999,0,9999
2023-06-30T18:12:31,0,9999,0,9999
2023-06-30T18:24:54,0,9999,0,9999
2023-06-30T18:37:17,0,9999,0,9999
2023-06-30T18:49:41,0,9999,0,9999
2023-06-30T19:02:04,0,9999,0,9999
2023-06-30T19:14:39,0,9999,0,9999
2023-06-30T19:27:02,0,9999,0,9999
2023-06-30T19:39:26,0,9999,0,9999
2023-06-30T19:51:49,0,9999,0,9999
2023-06-30T20:04:12,0,9999,0,9999
2023-06-30T20:16:36,0,9999,0,9999
2023-06-30T20:28:59,0,9999,0,9999
2023-06-30T20:41:22,0,9999,0,9999
2023-06-30T20:53:46,0,9999,0,9999
2023-06-30T21:06:20,0,9999,0,9999
2023-06-30T21:18:43,0,9999,0,9999
2023-06-30T21:31:06,0,9999,0,9999
2023-06-30T21:43:30,0,9999,0,9999
2023-06-30T21:55:53,0,9999,0,9999
2023-06-30T22:08:16,0,9999,0,9999
2023-06-30T22:41:44,0,9999,0,9999
2023-06-30T22:54:09,0,9999,0,9999
2023-06-30T23:06:34,0,9999,0,9999
2023-06-30T23:18:57,0,9999,0,9999
2023-06-30T23:31:26,0,9999,0,9999
2023-06-30T23:43:50,0,9999,0,9999
2023-06-30T23:56:14,0,9999,0,9999
2023-07-01T00:08:39,0,9999,0,9999
2023-07-01T00:21:09,0,9999,0,9999
2023-07-01T00:33:36,0,9999,0,9999
2023-07-01T00:46:12,0,9999,0,9999
2023-07-01T00:58:40,0,9999,0,9999
2023-07-01T01:11:08,0,9999,0,9999
2023-07-01T01:23:37,0,9999,0,9999
2023-07-01T01:36:05,0,9999,0,9999
2023-07-01T01:48:33,0,9999,0,9999
2023-07-01T02:01:00,0,9999,0,9999
2023-07-01T02:13:26,0,9999,0,9999
2023-07-01T02:25:51,0,9999,0,9999
2023-07-01T02:38:17,0,9999,0,9999
2023-07-01T02:50:42,0,9999,0,9999
2023-07-01T03:03:06,0,9999,0,9999
2023-07-01T03:15:32,0,9999,0,9999
2023-07-01T03:27:58,0,9999,0,9999
2023-07-01T03:40:23,0,9999,0,9999
2023-07-01T03:52:58,0,9999,0,9999
2023-07-01T04:05:24,0,9999,0,9999
2023-07-01T04:28:56,0,9999,0,9999
2023-07-01T04:41:24,0,9999,0,9999
2023-07-01T04:53:51,0,9999,0,9999
2023-07-01T05:06:19,0,9999,0,9999
2023-07-01T05:18:47,0,9999,0,9999
2023-07-01T05:31:19,0,9999,0,9999
2023-07-01T05:43:50,0,9999,0,9999
2023-07-01T05:56:17,0,9999,0,9999
2023-07-01T06:08:44,0,9999,0,9999
2023-07-01T06:21:10,0,9999,0,9999
2023-07-01T06:33:36,0,9999,0,9999
2023-07-01T06:46:02,0,9999,0,9999
2023-07-01T06:58:32,0,9999,0,9999
2023-07-01T07:10:58,0,9999,0,9999
2023-07-01T07:23:24,0,9999,0,9999
2023-07-01T07:35:51,0,9999,0,9999
2023-07-01T07:48:32,0,9999,0,9999
2023-07-01T08:00:58,0,9999,0,9999
2023-07-01T08:13:25,0,9999,0,9999
2023-07-01T08:25:52,0,9999,0,9999
2023-07-01T08:38:19,0,9999,0,9999
2023-07-01T08:50:45,0,9999,0,9999
2023-07-01T09:03:11,0,9999,0,9999
2023-07-01T09:15:47,0,9999,0,9999
2023-07-01T09:28:13,0,9999,0,9999
2023-07-01T09:40:39,0,9999,0,9999
2023-07-01T09:53:06,0,9999,0,9999
2023-07-01T10:05:33,0,9999,0,9999
2023-07-01T10:17:59,0,9999,0,9999
2023-07-01T10:30:25,0,9999,0,9999
2023-07-01T10:42:51,0,9999,0,9999
2023-07-01T10:55:17,0,9999,0,9999
2023-07-01T11:07:41,0,9999,0,9999
2023-07-01T11:20:04,0,9999,0,9999
2023-07-01T11:32:27,0,9999,0,9999
2023-07-01T11:45:11,0,9999,0,9999
2023-07-01T11:57:34,0,9999,0,9999
2023-07-01T12:09:58,0,9999,0,9999
2023-07-01T12:22:21,0,9999,0,9999
2023-07-01T12:34:44,0,9999,0,9999
2023-07-01T12:47:07,0,9999,0,9999
2023-07-01T12:59:30,0,9999,0,9999
2023-07-01T13:11:53,0,9999,0,9999
2023-07-01T13:24:15,0,9999,0,9999
2023-07-01T13:36:39,0,9999,0,9999
2023-07-01T13:49:01,0,9999,0,9999
2023-07-01T14:01:24,0,9999,0,9999
2023-07-01T14:13:48,0,9999,0,9999
2023-07-01T14:26:21,0,9999,0,9999
2023-07-01T14:38:44,0,9999,0,9999
2023-07-01T14:51:07,0,9999,0,9999
2023-07-01T15:03:30,0,9999,0,9999
2023-07-01T15:15:52,0,9999,0,9999
2023-07-01T15:28:15,0,9999,0,9999
2023-07-01T15:40:38,0,9999,0,9999
2023-07-01T15:53:01,0,9999,0,9999
2023-07-01T16:05:24,0,9999,0,9999
2023-07-01T16:17:47,0,9999,0,9999
2023-07-01T16:30:11,0,9999,0,9999
2023-07-01T16:42:34,0,9999,0,9999
2023-07-01T16:54:56,0,9999,0,9999
2023-07-01T17:07:21,0,9999,0,9999
2023-07-01T17:20:01,0,9999,0,9999
2023-07-01T17:32:24,0,9999,0,9999
2023-07-01T17:44:47,0,9999,0,9999
2023-07-01T17:57:10,0,9999,0,9999
2023-07-01T18:09:35,0,9999,0,9999
2023-07-01T18:21:58,0,9999,0,9999
2023-07-01T18:34:21,0,9999,0,9999
2023-07-01T18:46:44,0,9999,0,9999
2023-07-01T18:59:07,0,9999,0,9999
2023-07-01T19:11:32,0,9999,0,9999
2023-07-01T19:23:55,0,9999,0,9999
2023-07-01T19:36:18,0,9999,0,9999
2023-07-01T19:48:41,0,9999,0,9999
2023-07-01T20:01:09,0,9999,0,9999
2023-07-01T20:13:33,0,9999,0,9999
2023-07-01T20:26:07,0,9999,0,9999
2023-07-01T20:38:30,0,9999,0,9999
2023-07-01T20:50:53,0,9999,0,9999
2023-07-01T21:03:17,0,9999,0,9999
2023-07-01T21:15:40,0,9999,0,9999
2023-07-01T21:28:04,0,9999,0,9999
2023-07-01T21:40:28,0,9999,0,9999
2023-07-01T21:52:51,0,9999,0,9999
2023-07-01T22:05:14,0,9999,0,9999
2023-07-01T22:17:38,0,9999,0,9999
2023-07-01T22:30:01,0,9999,0,9999
2023-07-01T22:42:45,0,9999,0,9999
2023-07-01T22:55:08,0,9999,0,9999
2023-07-01T23:07:32,0,9999,0,9999
2023-07-01T23:19:56,0,9999,0,9999
2023-07-01T23:32:20,0,9999,0,9999
2023-07-01T23:44:43,0,9999,0,9999
2023-07-01T23:57:06,0,9999,0,9999
2023-07-02T00:09:51,0,9999,0,9999
2023-07-02T00:22:18,0,9999,0,9999
2023-07-02T00:34:43,0,9999,0,9999
2023-07-02T00:47:07,0,9999,0,9999
2023-07-02T00:59:31,0,9999,0,9999
2023-07-02T01:11:56,0,9999,0,9999
2023-07-02T01:24:19,0,9999,0,9999
2023-07-02T01:36:43,0,9999,0,9999
2023-07-02T01:49:07,0,9999,0,9999
2023-07-02T02:01:31,0,9999,0,9999
2023-07-02T02:13:55,0,9999,0,9999
2023-07-02T02:26:30,0,9999,0,9999
2023-07-02T02:39:01,0,9999,0,9999
2023-07-02T02:51:31,0,9999,0,9999
2023-07-02T03:04:01,0,9999,0,9999
2023-07-02T03:16:32,0,9999,0,9999
2023-07-02T03:29:01,0,9999,0,9999
2023-07-02T03:41:29,0,9999,0,9999
2023-07-02T03:53:57,0,9999,0,9999
2023-07-02T04:06:26,0,9999,0,9999
2023-07-02T04:26:16,0,9999,0,9999
2023-07-02T04:40:22,0,9999,0,9999
2023-07-02T04:52:52,0,9999,0,9999
2023-07-02T05:05:21,0,9999,0,9999
2023-07-02T05:17:48,0,9999,0,9999
2023-07-02T05:30:15,0,9999,0,9999
2023-07-02T05:42:42,0,9999,0,9999
2023-07-02T05:55:08,0,9999,0,9999
2023-07-02T06:07:38,0,9999,0,9999
2023-07-02T06:20:08,0,9999,0,9999
2023-07-02T06:32:51,0,9999,0,9999
2023-07-02T06:45:18,0,9999,0,9999
2023-07-02T06:57:45,0,9999,0,9999
2023-07-02T07:10:14,0,9999,0,9999
2023-07-02T07:22:40,0,9999,0,9999
2023-07-02T07:35:08,0,9999,0,9999
2023-07-02T07:47:32,0,9999,0,9999
2023-07-02T07:59:59,0,9999,0,9999
2023-07-02T08:12:29,0,9999,0,9999
2023-07-02T08:24:57,0,9999,0,9999
2023-07-02T08:37:38,0,9999,0,9999
2023-07-02T08:50:05,0,9999,0,9999
2023-07-02T09:02:35,0,9999,0,9999
2023-07-02T09:15:03,0,9999,0,9999
2023-07-02T09:27:30,0,9999,0,9999
2023-07-02T09:39:59,0,9999,0,9999
2023-07-02T09:52:30,0,9999,0,9999
2023-07-02T10:05:08,0,9999,0,9999
2023-07-02T10:17:38,0,9999,0,9999
2023-07-02T10:30:09,0,9999,0,9999
2023-07-02T10:42:36,0,9999,0,9999
2023-07-02T10:55:01,0,9999,0,9999
2023-07-02T11:07:26,0,9999,0,9999
2023-07-02T11:19:52,0,9999,0,9999
2023-07-02T11:32:15,0,9999,0,9999
2023-07-02T11:44:38,0,9999,0,9999
2023-07-02T11:57:01,0,9999,0,9999
2023-07-02T12:09:24,0,9999,0,9999
2023-07-02T12:21:58,0,9999,0,9999
2023-07-02T12:34:21,0,9999,0,9999
2023-07-02T12:46:44,0,9999,0,9999
2023-07-02T12:59:07,0,9999,0,9999
2023-07-02T13:11:30,0,9999,0,9999
2023-07-02T13:23:53,0,9999,0,9999
2023-07-02T13:36:16,0,9999,0,9999
2023-07-02T13:48:39,0,9999,0,9999
2023-07-02T14:01:02,0,9999,0,9999
2023-07-02T14:13:25,0,9999,0,9999
2023-07-02T14:25:59,0,9999,0,9999
2023-07-02T14:38:22,0,9999,0,9999
2023-07-02T14:50:45,0,9999,0,9999
2023-07-02T15:03:09,0,9999,0,9999
2023-07-02T15:15:33,0,9999,0,9999
2023-07-02T15:27:56,0,9999,0,9999
2023-07-02T15:40:20,0,9999,0,9999
2023-07-02T15:52:43,0,9999,0,9999
2023-07-02T16:05:07,0,9999,0,9999
2023-07-02T16:17:31,0,9999,0,9999
2023-07-02T16:30:06,0,9999,0,9999
2023-07-02T16:42:30,0,9999,0,9999
2023-07-02T16:54:53,0,9999,0,9999
2023-07-02T17:07:16,0,9999,0,9999
2023-07-02T17:19:40,0,9999,0,9999
2023-07-02T17:32:02,0,9999,0,9999
2023-07-02T17:44:26,0,9999,0,9999
2023-07-02T17:56:49,0,9999,0,9999
2023-07-02T18:09:12,0,9999,0,9999
2023-07-02T18:21:35,0,9999,0,9999
2023-07-02T18:33:59,0,9999,0,9999
2023-07-02T18:46:23,0,9999,0,9999
2023-07-02T18:58:46,0,9999,0,9999
2023-07-02T19:11:24,0,9999,0,9999
2023-07-02T19:23:47,0,9999,0,9999
2023-07-02T19:36:11,0,9999,0,9999
2023-07-02T19:48:33,0,9999,0,9999
2023-07-02T20:00:57,0,9999,0,9999
2023-07-02T20:13:20,0,9999,0,9999
2023-07-02T20:25:43,0,9999,0,9999
2023-07-02T20:38:06,0,9999,0,9999
2023-07-02T20:50:31,0,9999,0,9999
2023-07-02T21:02:54,0,9999,0,9999
2023-07-02T21:15:27,0,9999,0,9999
2023-07-02T21:27:50,0,9999,0,9999
2023-07-02T21:40:14,0,9999,0,9999
2023-07-02T21:52:37,0,9999,0,9999
2023-07-02T22:05:00,0,9999,0,9999
2023-07-02T22:17:23,0,9999,0,9999
2023-07-02T22:29:46,0,9999,0,9999
2023-07-02T22:42:09,0,9999,0,9999
2023-07-02T22:54:32,0,9999,0,9999
2023-07-02T23:06:55,0,9999,0,9999
2023-07-02T23:19:29,0,9999,0,9999
2023-07-02T23:31:53,0,9999,0,9999
2023-07-02T23:44:16,0,9999,0,9999
2023-07-02T23:56:40,0,9999,0,9999
2023-07-03T00:09:07,0,9999,0,9999
2023-07-03T00:21:43,0,9999,0,9999
2023-07-03T00:34:17,0,9999,0,9999
2023-07-03T00:46:45,0,9999,0,9999
2023-07-03T00:59:10,0,9999,0,9999
2023-07-03T01:11:50,0,9999,0,9999
2023-07-03T01:24:19,0,9999,0,9999
2023-07-03T01:36:47,0,9999,0,9999
2023-07-03T01:49:14,0,9999,0,9999
2023-07-03T02:01:42,0,9999,0,9999
2023-07-03T02:14:23,0,9999,0,9999
2023-07-03T02:26:50,0,9999,0,9999
2023-07-03T02:39:16,0,9999,0,9999
2023-07-03T02:51:41,0,9999,0,9999
2023-07-03T03:04:06,0,9999,0,9999
2023-07-03T03:16:32,0,9999,0,9999
2023-07-03T03:28:59,0,9999,0,9999
2023-07-03T03:41:26,0,9999,0,9999
2023-07-03T03:53:52,0,9999,0,9999
2023-07-03T04:06:29,0,9999,0,9999
2023-07-03T04:18:55,0,9999,0,9999
2023-07-03T04:37:49,0,9999,0,9999
2023-07-03T04:52:01,0,9999,0,9999
2023-07-03T05:04:30,0,9999,0,9999
2023-07-03T05:16:58,0,9999,0,9999
2023-07-03T05:29:25,0,9999,0,9999
2023-07-03T05:41:51,0,9999,0,9999
2023-07-03T05:54:18,0,9999,0,9999
2023-07-03T06:06:45,0,9999,0,9999
2023-07-03T06:19:12,0,9999,0,9999
2023-07-03T06:31:39,0,9999,0,9999
2023-07-03T06:44:05,0,9999,0,9999
2023-07-03T06:56:34,0,9999,0,9999
2023-07-03T07:09:03,0,9999,0,9999
2023-07-03T07:21:27,0,9999,0,9999
2023-07-03T07:33:59,0,9999,0,9999
2023-07-03T07:46:23,0,9999,0,9999
2023-07-03T07:58:46,0,9999,0,9999
2023-07-03T08:11:09,0,9999,0,9999
2023-07-03T08:23:32,0,9999,0,9999
2023-07-03T08:35:56,0,9999,0,9999
2023-07-03T08:48:20,0,9999,0,9999
2023-07-03T09:00:43,0,9999,0,9999
2023-07-03T09:13:07,0,9999,0,9999
2023-07-03T09:25:44,0,9999,0,9999
2023-07-03T09:38:07,0,9999,0,9999
2023-07-03T09:50:31,0,9999,0,9999
2023-07-03T10:02:56,0,9999,0,9999
2023-07-03T10:15:20,0,9999,0,9999
2023-07-03T10:27:44,0,9999,0,9999
2023-07-03T10:40:20,0,9999,0,9999
2023-07-03T10:52:44,0,9999,0,9999
2023-07-03T11:05:09,0,9999,0,9999
2023-07-03T11:17:33,0,9999,0,9999
2023-07-03T11:29:58,0,9999,0,9999
2023-07-03T11:42:34,0,9999,0,9999
2023-07-03T11:55:00,0,9999,0,9999
2023-07-03T12:07:26,0,9999,0,9999
2023-07-03T12:19:52,0,9999,0,9999
2023-07-03T12:32:19,0,9999,0,9999
2023-07-03T12:44:44,0,9999,0,9999
2023-07-03T12:57:10,0,9999,0,9999
2023-07-03T13:09:37,0,9999,0,9999
2023-07-03T13:22:13,0,9999,0,9999
2023-07-03T13:34:38,0,9999,0,9999
2023-07-03T13:47:04,0,9999,0,9999
2023-07-03T13:59:29,0,9999,0,9999
2023-07-03T14:11:55,0,9999,0,9999
2023-07-03T14:24:20,0,9999,0,9999
2023-07-03T14:36:44,0,9999,0,9999
2023-07-03T14:49:08,0,9999,0,9999
2023-07-03T15:01:32,0,9999,0,9999
2023-07-03T15:14:07,0,9999,0,9999
2023-07-03T15:26:31,0,9999,0,9999
2023-07-03T15:38:55,0,9999,0,9999
2023-07-03T15:51:19,0,9999,0,9999
2023-07-03T16:03:43,0,9999,0,9999
2023-07-03T16:16:07,0,9999,0,9999
2023-07-03T16:28:31,0,9999,0,9999
2023-07-03T16:40:55,0,9999,0,9999
2023-07-03T16:53:18,0,9999,0,9999
2023-07-03T17:05:43,0,9999,0,9999
2023-07-03T17:18:08,0,9999,0,9999
2023-07-03T17:30:43,0,9999,0,9999
2023-07-03T17:43:06,0,9999,0,9999
2023-07-03T17:55:31,0,9999,0,9999
2023-07-03T18:07:55,0,9999,0,9999
2023-07-03T18:20:18,0,9999,0,9999
2023-07-03T18:32:42,0,9999,0,9999
2023-07-03T18:45:08,0,9999,0,9999
2023-07-03T18:57:32,0,9999,0,9999
2023-07-03T19:09:56,0,9999,0,9999
2023-07-03T19:22:30,0,9999,0,9999
2023-07-03T19:34:54,0,9999,0,9999
2023-07-03T19:47:18,0,9999,0,9999
2023-07-03T19:59:42,0,9999,0,9999
2023-07-03T20:12:05,0,9999,0,9999
2023-07-03T20:24:29,0,9999,0,9999
2023-07-03T20:36:53,0,9999,0,9999
2023-07-03T20:49:17,0,9999,0,9999
2023-07-03T21:01:40,0,9999,0,9999
2023-07-03T21:14:04,0,9999,0,9999
2023-07-03T21:26:28,0,9999,0,9999
2023-07-03T21:38:51,0,9999,0,9999
2023-07-03T21:51:25,0,9999,0,9999
2023-07-03T22:03:49,0,9999,0,9999
2023-07-03T22:16:13,0,9999,0,9999
2023-07-03T22:28:37,0,9999,0,9999
2023-07-03T22:41:02,0,9999,0,9999
2023-07-03T22:53:26,0,9999,0,9999
2023-07-03T23:05:50,0,9999,0,9999
2023-07-03T23:18:15,0,9999,0,9999
2023-07-03T23:30:40,0,9999,0,9999
2023-07-03T23:43:05,0,9999,0,9999
2023-07-03T23:55:29,0,9999,0,9999
2023-07-04T00:07:55,0,9999,0,9999
2023-07-04T00:20:32,0,9999,0,9999
2023-07-04T00:32:59,0,9999,0,9999
2023-07-04T00:45:26,0,9999,0,9999
2023-07-04T00:57:55,0,9999,0,9999
2023-07-04T01:10:23,0,9999,0,9999
2023-07-04T01:22:51,0,9999,0,9999
2023-07-04T01:35:19,0,9999,0,9999
2023-07-04T01:47:45,0,9999,0,9999
2023-07-04T02:00:12,0,9999,0,9999
2023-07-04T02:12:40,0,9999,0,9999
2023-07-04T02:25:08,0,9999,0,9999
2023-07-04T02:37:36,0,9999,0,9999
2023-07-04T02:50:02,0,9999,0,9999
2023-07-04T03:02:27,0,9999,0,9999
2023-07-04T03:14:55,0,9999,0,9999
2023-07-04T03:27:34,0,9999,0,9999
2023-07-04T03:40:01,0,9999,0,9999
2023-07-04T03:52:30,0,9999,0,9999
2023-07-04T04:04:57,0,9999,0,9999
2023-07-04T04:33:12,0,9999,0,9999
2023-07-04T04:47:22,0,9999,0,9999
2023-07-04T04:59:56,0,9999,0,9999
2023-07-04T05:12:23,0,9999,0,9999
2023-07-04T05:24:48,0,9999,0,9999
2023-07-04T05:37:12,0,9999,0,9999
2023-07-04T05:49:36,0,9999,0,9999
2023-07-04T06:02:00,0,9999,0,9999
2023-07-04T06:14:24,0,9999,0,9999
2023-07-04T06:26:48,0,9999,0,9999
2023-07-04T06:39:15,0,9999,0,9999
2023-07-04T06:51:42,0,9999,0,9999
2023-07-04T07:04:10,0,9999,0,9999
2023-07-04T07:16:38,0,9999,0,9999
2023-07-04T07:29:05,0,9999,0,9999
2023-07-04T07:41:34,0,9999,0,9999
2023-07-04T07:54:01,0,9999,0,9999
2023-07-04T08:06:28,0,9999,0,9999
2023-07-04T08:18:55,0,9999,0,9999
2023-07-04T08:31:37,0,9999,0,9999
2023-07-04T08:44:05,0,9999,0,9999
2023-07-04T08:56:32,0,9999,0,9999
2023-07-04T09:08:58,0,9999,0,9999
2023-07-04T09:21:24,0,9999,0,9999
2023-07-04T09:33:51,0,9999,0,9999
2023-07-04T09:46:18,0,9999,0,9999
2023-07-04T09:58:46,0,9999,0,9999
2023-07-04T10:11:13,0,9999,0,9999
2023-07-04T10:23:39,0,9999,0,9999
2023-07-04T10:36:04,0,9999,0,9999
2023-07-04T10:48:30,0,9999,0,9999
2023-07-04T11:01:06,0,9999,0,9999
2023-07-04T11:13:31,0,9999,0,9999
2023-07-04T11:25:57,0,9999,0,9999
2023-07-04T11:38:23,0,9999,0,9999
2023-07-04T11:50:50,0,9999,0,9999
2023-07-04T12:03:16,0,9999,0,9999
2023-07-04T12:15:42,0,9999,0,9999
2023-07-04T12:28:07,0,9999,0,9999
2023-07-04T12:40:43,0,9999,0,9999
2023-07-04T12:53:08,0,9999,0,9999
2023-07-04T13:05:31,0,9999,0,9999
2023-07-04T13:17:54,0,9999,0,9999
2023-07-04T13:30:18,0,9999,0,9999
2023-07-04T13:42:42,0,9999,0,9999
2023-07-04T13:55:05,0,9999,0,9999
2023-07-04T14:07:28,0,9999,0,9999
2023-07-04T14:19:52,0,9999,0,9999
2023-07-04T14:32:35,0,9999,0,9999
2023-07-04T14:44:58,0,9999,0,9999
2023-07-04T14:57:22,0,9999,0,9999
2023-07-04T15:09:45,0,9999,0,9999
2023-07-04T15:22:09,0,9999,0,9999
2023-07-04T15:34:32,0,9999,0,9999
2023-07-04T15:46:56,0,9999,0,9999
2023-07-04T15:59:19,0,9999,0,9999
2023-07-04T16:11:43,0,9999,0,9999
2023-07-04T16:24:06,0,9999,0,9999
2023-07-04T16:36:30,0,9999,0,9999
2023-07-04T16:48:54,0,9999,0,9999
2023-07-04T17:01:28,0,9999,0,9999
2023-07-04T17:13:53,0,9999,0,9999
2023-07-04T17:26:17,0,9999,0,9999
2023-07-04T17:38:40,0,9999,0,9999
2023-07-04T17:51:04,0,9999,0,9999
2023-07-04T18:03:27,0,9999,0,9999
2023-07-04T18:15:51,0,9999,0,9999
2023-07-04T18:28:15,0,9999,0,9999
2023-07-04T18:40:39,0,9999,0,9999
2023-07-04T18:53:02,0,9999,0,9999
2023-07-04T19:05:26,0,9999,0,9999
2023-07-04T19:18:10,0,9999,0,9999
2023-07-04T19:30:33,0,9999,0,9999
2023-07-04T19:42:57,0,9999,0,9999
2023-07-04T19:55:20,0,9999,0,9999
2023-07-04T20:07:44,0,9999,0,9999
2023-07-04T20:20:08,0,9999,0,9999
2023-07-04T20:32:32,0,9999,0,9999
2023-07-04T20:44:55,0,9999,0,9999
2023-07-04T20:57:19,0,9999,0,9999
2023-07-04T21:09:43,0,9999,0,9999
2023-07-04T21:22:06,0,9999,0,9999
2023-07-04T21:34:30,0,9999,0,9999
2023-07-04T21:46:54,0,9999,0,9999
2023-07-04T21:59:17,0,9999,0,9999
2023-07-04T22:11:51,0,9999,0,9999
2023-07-04T22:24:15,0,9999,0,9999
2023-07-04T22:36:38,0,9999,0,9999
2023-07-04T22:49:02,0,9999,0,9999
2023-07-04T23:01:26,0,9999,0,9999
2023-07-04T23:13:50,0,9999,0,9999
2023-07-04T23:26:14,0,9999,0,9999
2023-07-04T23:38:39,0,9999,0,9999
2023-07-04T23:51:04,0,9999,0,9999
2023-07-05T00:03:30,0,9999,0,9999
2023-07-05T00:15:57,0,9999,0,9999
2023-07-05T00:28:23,0,9999,0,9999
2023-07-05T00:41:01,0,9999,0,9999
2023-07-05T00:53:28,0,9999,0,9999
2023-07-05T01:05:54,0,9999,0,9999
2023-07-05T01:18:21,0,9999,0,9999
2023-07-05T01:30:50,0,9999,0,9999
2023-07-05T01:43:18,0,9999,0,9999
2023-07-05T01:55:45,0,9999,0,9999
2023-07-05T02:08:12,0,9999,0,9999
2023-07-05T02:20:39,0,9999,0,9999
2023-07-05T02:33:07,0,9999,0,9999
2023-07-05T02:45:36,0,9999,0,9999
2023-07-05T02:58:03,0,9999,0,9999
2023-07-05T03:10:33,0,9999,0,9999
2023-07-05T03:23:01,0,9999,0,9999
2023-07-05T03:35:50,0,9999,0,9999
2023-07-05T03:48:17,0,9999,0,9999
2023-07-05T04:00:43,0,9999,0,9999
2023-07-05T04:25:11,0,9999,0,9999
2023-07-05T04:37:40,0,9999,0,9999
2023-07-05T04:50:09,0,9999,0,9999
2023-07-05T05:02:36,0,9999,0,9999
2023-07-05T05:15:04,0,9999,0,9999
2023-07-05T05:27:32,0,9999,0,9999
2023-07-05T05:40:01,0,9999,0,9999
2023-07-05T05:52:27,0,9999,0,9999
2023-07-05T06:04:51,0,9999,0,9999
2023-07-05T06:17:13,0,9999,0,9999
2023-07-05T06:29:38,0,9999,0,9999
2023-07-05T06:42:01,0,9999,0,9999
2023-07-05T06:54:23,0,9999,0,9999
2023-07-05T07:06:46,0,9999,0,9999
2023-07-05T07:19:08,0,9999,0,9999
2023-07-05T07:31:29,0,9999,0,9999
2023-07-05T07:43:49,0,9999,0,9999
2023-07-05T07:56:09,0,9999,0,9999
2023-07-05T08:08:29,0,9999,0,9999
2023-07-05T08:21:00,0,9999,0,9999
2023-07-05T08:33:24,0,9999,0,9999
2023-07-05T08:45:49,0,9999,0,9999
2023-07-05T08:58:13,0,9999,0,9999
2023-07-05T09:10:37,0,9999,0,9999
2023-07-05T09:23:01,0,9999,0,9999
2023-07-05T09:35:27,0,9999,0,9999
2023-07-05T09:47:51,0,9999,0,9999
2023-07-05T10:00:15,0,9999,0,9999
2023-07-05T10:12:39,0,9999,0,9999
2023-07-05T10:25:03,0,9999,0,9999
2023-07-05T10:37:37,0,9999,0,9999
2023-07-05T10:50:01,0,9999,0,9999
2023-07-05T11:02:27,0,9999,0,9999
2023-07-05T11:14:52,0,9999,0,9999
2023-07-05T11:27:17,0,9999,0,9999
2023-07-05T11:39:41,0,9999,0,9999
2023-07-05T11:52:05,0,9999,0,9999
2023-07-05T12:04:30,0,9999,0,9999
2023-07-05T12:17:04,0,9999,0,9999
2023-07-05T12:29:29,0,9999,0,9999
2023-07-05T12:41:54,0,9999,0,9999
2023-07-05T12:54:18,0,9999,0,9999
2023-07-05T13:06:43,0,9999,0,9999
2023-07-05T13:19:07,0,9999,0,9999
2023-07-05T13:31:31,0,9999,0,9999
2023-07-05T13:43:56,0,9999,0,9999
2023-07-05T13:56:34,0,9999,0,9999
2023-07-05T14:08:58,0,9999,0,9999
2023-07-05T14:21:23,0,9999,0,9999
2023-07-05T14:33:48,0,9999,0,9999
2023-07-05T14:46:12,0,9999,0,9999
2023-07-05T14:58:37,0,9999,0,9999
2023-07-05T15:11:01,0,9999,0,9999
2023-07-05T15:23:25,0,9999,0,9999
2023-07-05T15:36:01,0,9999,0,9999
2023-07-05T15:48:25,0,9999,0,9999
2023-07-05T16:00:50,0,9999,0,9999
2023-07-05T16:13:14,0,9999,0,9999
2023-07-05T16:25:38,0,9999,0,9999
2023-07-05T16:38:02,0,9999,0,9999
2023-07-05T16:50:27,0,9999,0,9999
2023-07-05T17:02:51,0,9999,0,9999
2023-07-05T17:15:17,0,9999,0,9999
2023-07-05T17:27:41,0,9999,0,9999
2023-07-05T17:40:05,0,9999,0,9999
2023-07-05T17:52:40,0,9999,0,9999
2023-07-05T18:05:04,0,9999,0,9999
2023-07-05T18:17:31,0,9999,0,9999
2023-07-05T18:29:55,0,9999,0,9999
2023-07-05T18:42:19,0,9999,0,9999
2023-07-05T18:54:43,0,9999,0,9999
2023-07-05T19:07:08,0,9999,0,9999
2023-07-05T19:19:32,0,9999,0,9999
2023-07-05T19:31:57,0,9999,0,9999
2023-07-05T19:44:21,0,9999,0,9999
2023-07-05T19:56:45,0,9999,0,9999
2023-07-05T20:09:09,0,9999,0,9999
2023-07-05T20:21:43,0,9999,0,9999
2023-07-05T20:34:08,0,9999,0,9999
2023-07-05T20:46:32,0,9999,0,9999
2023-07-05T20:58:56,0,9999,0,9999
2023-07-05T21:11:20,0,9999,0,9999
2023-07-05T21:23:44,0,9999,0,9999
2023-07-05T21:36:08,0,9999,0,9999
2023-07-05T21:48:32,0,9999,0,9999
2023-07-05T22:00:56,0,9999,0,9999
2023-07-05T22:13:20,0,9999,0,9999
2023-07-05T22:25:44,0,9999,0,9999
2023-07-05T22:38:08,0,9999,0,9999
2023-07-05T22:50:33,0,9999,0,9999
2023-07-05T23:03:06,0,9999,0,9999
2023-07-05T23:15:30,0,9999,0,9999
2023-07-05T23:27:55,0,9999,0,9999
2023-07-05T23:40:19,0,9999,0,9999
2023-07-05T23:52:44,0,9999,0,9999
2023-07-06T00:05:10,0,9999,0,9999
2023-07-06T00:17:39,0,9999,0,9999
2023-07-06T00:30:07,0,9999,0,9999
2023-07-06T00:42:35,0,9999,0,9999
2023-07-06T00:55:04,0,9999,0,9999
2023-07-06T01:07:32,0,9999,0,9999
2023-07-06T01:20:00,0,9999,0,9999
2023-07-06T01:32:27,0,9999,0,9999
2023-07-06T01:44:57,0,9999,0,9999
2023-07-06T01:57:26,0,9999,0,9999
2023-07-06T02:10:02,0,9999,0,9999
2023-07-06T02:22:28,0,9999,0,9999
2023-07-06T02:34:54,0,9999,0,9999
2023-07-06T02:47:18,0,9999,0,9999
2023-07-06T02:59:43,0,9999,0,9999
2023-07-06T03:12:09,0,9999,0,9999
2023-07-06T03:24:37,0,9999,0,9999
2023-07-06T03:37:03,0,9999,0,9999
2023-07-06T03:49:29,0,9999,0,9999
2023-07-06T04:01:55,0,9999,0,9999
2023-07-06T04:33:49,0,9999,0,9999
2023-07-06T04:46:19,0,9999,0,9999
2023-07-06T04:58:47,0,9999,0,9999
2023-07-06T05:11:14,0,9999,0,9999
2023-07-06T05:23:38,0,9999,0,9999
2023-07-06T05:36:03,0,9999,0,9999
2023-07-06T05:48:29,0,9999,0,9999
2023-07-06T06:00:58,0,9999,0,9999
2023-07-06T06:13:26,0,9999,0,9999
2023-07-06T06:25:53,0,9999,0,9999
2023-07-06T06:38:19,0,9999,0,9999
2023-07-06T06:50:46,0,9999,0,9999
2023-07-06T07:03:13,0,9999,0,9999
2023-07-06T07:15:41,0,9999,0,9999
2023-07-06T07:28:10,0,9999,0,9999
2023-07-06T07:40:37,0,9999,0,9999
2023-07-06T07:53:05,0,9999,0,9999
2023-07-06T08:05:35,0,9999,0,9999
2023-07-06T08:18:02,0,9999,0,9999
2023-07-06T08:30:29,0,9999,0,9999
2023-07-06T08:42:56,0,9999,0,9999
2023-07-06T08:55:32,0,9999,0,9999
2023-07-06T09:07:59,0,9999,0,9999
2023-07-06T09:20:25,0,9999,0,9999
2023-07-06T09:32:51,0,9999,0,9999
2023-07-06T09:45:17,0,9999,0,9999
2023-07-06T09:57:43,0,9999,0,9999
2023-07-06T10:10:09,0,9999,0,9999
2023-07-06T10:22:36,0,9999,0,9999
2023-07-06T10:35:02,0,9999,0,9999
2023-07-06T10:47:27,0,9999,0,9999
2023-07-06T11:00:03,0,9999,0,9999
2023-07-06T11:12:30,0,9999,0,9999
2023-07-06T11:24:54,0,9999,0,9999
2023-07-06T11:37:19,0,9999,0,9999
2023-07-06T11:49:43,0,9999,0,9999
2023-07-06T12:02:08,0,9999,0,9999
2023-07-06T12:14:33,0,9999,0,9999
2023-07-06T12:26:58,0,9999,0,9999
2023-07-06T12:39:34,0,9999,0,9999
2023-07-06T12:51:58,0,9999,0,9999
2023-07-06T13:04:23,0,9999,0,9999
2023-07-06T13:16:48,0,9999,0,9999
2023-07-06T13:29:12,0,9999,0,9999
2023-07-06T13:41:37,0,9999,0,9999
2023-07-06T13:54:02,0,9999,0,9999
2023-07-06T14:06:26,0,9999,0,9999
2023-07-06T14:19:03,0,9999,0,9999
2023-07-06T14:31:28,0,9999,0,9999
2023-07-06T14:43:53,0,9999,0,9999
2023-07-06T14:56:17,0,9999,0,9999
2023-07-06T15:08:42,0,9999,0,9999
2023-07-06T15:21:06,0,9999,0,9999
2023-07-06T15:33:31,0,9999,0,9999
2023-07-06T15:45:56,0,9999,0,9999
2023-07-06T15:58:31,0,9999,0,9999
2023-07-06T16:10:56,0,9999,0,9999
2023-07-06T16:23:21,0,9999,0,9999
2023-07-06T16:35:46,0,9999,0,9999
2023-07-06T16:48:11,0,9999,0,9999
2023-07-06T17:00:36,0,9999,0,9999
2023-07-06T17:13:02,0,9999,0,9999
2023-07-06T17:25:28,0,9999,0,9999
2023-07-06T17:37:52,0,9999,0,9999
2023-07-06T17:50:38,0,9999,0,9999
2023-07-06T18:03:03,0,9999,0,9999
2023-07-06T18:15:27,0,9999,0,9999
2023-07-06T18:27:52,0,9999,0,9999
2023-07-06T18:40:17,0,9999,0,9999
2023-07-06T18:52:42,0,9999,0,9999
2023-07-06T19:05:07,0,9999,0,9999
2023-07-06T19:17:33,0,9999,0,9999
2023-07-06T19:29:58,0,9999,0,9999
2023-07-06T19:42:23,0,9999,0,9999
2023-07-06T19:54:48,0,9999,0,9999
2023-07-06T20:07:23,0,9999,0,9999
2023-07-06T20:19:48,0,9999,0,9999
2023-07-06T20:32:14,0,9999,0,9999
2023-07-06T20:44:38,0,9999,0,9999
2023-07-06T20:57:03,0,9999,0,9999
2023-07-06T21:09:29,0,9999,0,9999
2023-07-06T21:21:54,0,9999,0,9999
2023-07-06T21:34:19,0,9999,0,9999
2023-07-06T21:46:44,0,9999,0,9999
2023-07-06T21:59:10,0,9999,0,9999
2023-07-06T22:11:35,0,9999,0,9999
2023-07-06T22:24:00,0,9999,0,9999
2023-07-06T22:36:24,0,9999,0,9999
2023-07-06T22:48:49,0,9999,0,9999
2023-07-06T23:01:25,0,9999,0,9999
2023-07-06T23:13:51,0,9999,0,9999
2023-07-06T23:26:16,0,9999,0,9999
2023-07-06T23:38:42,0,9999,0,9999
2023-07-06T23:51:07,0,9999,0,9999
2023-07-07T00:03:33,0,9999,0,9999
2023-07-07T00:16:05,0,9999,0,9999
2023-07-07T00:28:33,0,9999,0,9999
2023-07-07T00:41:02,0,9999,0,9999
2023-07-07T00:53:31,0,9999,0,9999
2023-07-07T01:06:00,0,9999,0,9999
2023-07-07T01:18:29,0,9999,0,9999
2023-07-07T01:30:59,0,9999,0,9999
2023-07-07T01:43:30,0,9999,0,9999
2023-07-07T01:55:59,0,9999,0,9999
2023-07-07T02:08:28,0,9999,0,9999
2023-07-07T02:21:06,0,9999,0,9999
2023-07-07T02:33:47,0,9999,0,9999
2023-07-07T02:46:17,0,9999,0,9999
2023-07-07T02:58:45,0,9999,0,9999
2023-07-07T03:11:13,0,9999,0,9999
2023-07-07T03:23:41,0,9999,0,9999
2023-07-07T03:36:09,0,9999,0,9999
2023-07-07T03:48:37,0,9999,0,9999
2023-07-07T04:01:05,0,9999,0,9999
2023-07-07T04:13:32,0,9999,0,9999
2023-07-07T04:37:17,0,9999,0,9999
2023-07-07T04:49:47,0,9999,0,9999
2023-07-07T05:02:16,0,9999,0,9999
2023-07-07T05:14:45,0,9999,0,9999
2023-07-07T05:27:14,0,9999,0,9999
2023-07-07T05:39:42,0,9999,0,9999
2023-07-07T05:52:12,0,9999,0,9999
2023-07-07T06:04:40,0,9999,0,9999
2023-07-07T06:17:08,0,9999,0,9999
2023-07-07T06:29:36,0,9999,0,9999
2023-07-07T06:42:04,0,9999,0,9999
2023-07-07T06:54:32,0,9999,0,9999
2023-07-07T07:07:00,0,9999,0,9999
2023-07-07T07:19:27,0,9999,0,9999
2023-07-07T07:31:54,0,9999,0,9999
2023-07-07T07:44:19,0,9999,0,9999
2023-07-07T07:56:44,0,9999,0,9999
2023-07-07T08:09:12,0,9999,0,9999
2023-07-07T08:21:37,0,9999,0,9999
2023-07-07T08:34:02,0,9999,0,9999
2023-07-07T08:46:36,0,9999,0,9999
2023-07-07T08:59:01,0,9999,0,9999
2023-07-07T09:11:26,0,9999,0,9999
2023-07-07T09:23:52,0,9999,0,9999
2023-07-07T09:36:17,0,9999,0,9999
2023-07-07T09:48:42,0,9999,0,9999
2023-07-07T10:01:06,0,9999,0,9999
2023-07-07T10:13:31,0,9999,0,9999
2023-07-07T10:25:56,0,9999,0,9999
2023-07-07T10:38:21,0,9999,0,9999
2023-07-07T10:50:45,0,9999,0,9999
2023-07-07T11:03:10,0,9999,0,9999
2023-07-07T11:15:47,0,9999,0,9999
2023-07-07T11:28:12,0,9999,0,9999
2023-07-07T11:40:37,0,9999,0,9999
2023-07-07T11:53:02,0,9999,0,9999
2023-07-07T12:05:27,0,9999,0,9999
2023-07-07T12:17:51,0,9999,0,9999
2023-07-07T12:30:16,0,9999,0,9999
2023-07-07T12:42:40,0,9999,0,9999
2023-07-07T12:55:05,0,9999,0,9999
2023-07-07T13:07:31,0,9999,0,9999
2023-07-07T13:19:56,0,9999,0,9999
2023-07-07T13:32:21,0,9999,0,9999
2023-07-07T13:44:46,0,9999,0,9999
2023-07-07T13:57:24,0,9999,0,9999
2023-07-07T14:09:48,0,9999,0,9999
2023-07-07T14:22:13,0,9999,0,9999
2023-07-07T14:34:38,0,9999,0,9999
2023-07-07T14:47:02,0,9999,0,9999
2023-07-07T14:59:28,0,9999,0,9999
2023-07-07T15:11:53,0,9999,0,9999
2023-07-07T15:24:18,0,9999,0,9999
2023-07-07T15:36:43,0,9999,0,9999
2023-07-07T15:49:07,0,9999,0,9999
2023-07-07T16:01:32,0,9999,0,9999
2023-07-07T16:13:57,0,9999,0,9999
2023-07-07T16:26:33,0,9999,0,9999
2023-07-07T16:38:58,0,9999,0,9999
2023-07-07T16:51:23,0,9999,0,9999
2023-07-07T17:03:48,0,9999,0,9999
2023-07-07T17:16:15,0,9999,0,9999
2023-07-07T17:28:40,0,9999,0,9999
2023-07-07T17:41:05,0,9999,0,9999
2023-07-07T17:53:29,0,9999,0,9999
2023-07-07T18:05:53,0,9999,0,9999
2023-07-07T18:18:18,0,9999,0,9999
2023-07-07T18:30:42,0,9999,0,9999
2023-07-07T18:43:17,0,9999,0,9999
2023-07-07T18:55:41,0,9999,0,9999
2023-07-07T19:08:07,0,9999,0,9999
2023-07-07T19:20:32,0,9999,0,9999
2023-07-07T19:32:57,0,9999,0,9999
2023-07-07T19:45:22,0,9999,0,9999
2023-07-07T19:57:47,0,9999,0,9999
2023-07-07T20:10:13,0,9999,0,9999
2023-07-07T20:22:38,0,9999,0,9999
2023-07-07T20:35:03,0,9999,0,9999
2023-07-07T20:47:28,0,9999,0,9999
2023-07-07T20:59:52,0,9999,0,9999
2023-07-07T21:12:17,0,9999,0,9999
2023-07-07T21:24:44,0,9999,0,9999
2023-07-07T21:37:09,0,9999,0,9999
2023-07-07T21:49:34,0,9999,0,9999
2023-07-07T22:01:59,0,9999,0,9999
2023-07-07T22:14:24,0,9999,0,9999
2023-07-07T22:27:00,0,9999,0,9999
2023-07-07T22:39:25,0,9999,0,9999
2023-07-07T22:51:50,0,9999,0,9999
2023-07-07T23:04:15,0,9999,0,9999
2023-07-07T23:16:40,0,9999,0,9999
2023-07-07T23:29:06,0,9999,0,9999
2023-07-07T23:41:31,0,9999,0,9999
2023-07-07T23:53:56,0,9999,0,9999
2023-07-08T00:06:23,0,9999,0,9999
2023-07-08T00:18:55,0,9999,0,9999
2023-07-08T00:31:25,0,9999,0,9999
2023-07-08T00:43:54,0,9999,0,9999
2023-07-08T00:56:23,0,9999,0,9999
2023-07-08T01:08:51,0,9999,0,9999
2023-07-08T01:21:20,0,9999,0,9999
2023-07-08T01:33:49,0,9999,0,9999
2023-07-08T01:46:21,0,9999,0,9999
2023-07-08T01:58:50,0,9999,0,9999
2023-07-08T02:11:19,0,9999,0,9999
2023-07-08T02:23:57,0,9999,0,9999
2023-07-08T02:36:23,0,9999,0,9999
2023-07-08T02:48:48,0,9999,0,9999
2023-07-08T03:01:12,0,9999,0,9999
2023-07-08T03:13:38,0,9999,0,9999
2023-07-08T03:26:06,0,9999,0,9999
2023-07-08T03:38:33,0,9999,0,9999
2023-07-08T03:51:00,0,9999,0,9999
2023-07-08T04:03:28,0,9999,0,9999
2023-07-08T04:15:57,0,9999,0,9999
2023-07-08T04:35:44,0,9999,0,9999
2023-07-08T04:48:12,0,9999,0,9999
2023-07-08T05:00:40,0,9999,0,9999
2023-07-08T05:14:52,0,9999,0,9999
2023-07-08T05:27:22,0,9999,0,9999
2023-07-08T05:39:51,0,9999,0,9999
2023-07-08T05:52:20,0,9999,0,9999
2023-07-08T06:04:49,0,9999,0,9999
2023-07-08T06:17:19,0,9999,0,9999
2023-07-08T06:29:48,0,9999,0,9999
2023-07-08T06:42:16,0,9999,0,9999
2023-07-08T06:54:45,0,9999,0,9999
2023-07-08T07:07:13,0,9999,0,9999
2023-07-08T07:19:41,0,9999,0,9999
2023-07-08T07:32:08,0,9999,0,9999
2023-07-08T07:44:35,0,9999,0,9999
2023-07-08T07:57:14,0,9999,0,9999
2023-07-08T08:09:42,0,9999,0,9999
2023-07-08T08:22:10,0,9999,0,9999
2023-07-08T08:34:37,0,9999,0,9999
2023-07-08T08:47:05,0,9999,0,9999
2023-07-08T08:59:32,0,9999,0,9999
2023-07-08T09:12:00,0,9999,0,9999
2023-07-08T09:24:27,0,9999,0,9999
2023-07-08T09:36:54,0,9999,0,9999
2023-07-08T09:49:22,0,9999,0,9999
2023-07-08T10:01:50,0,9999,0,9999
2023-07-08T10:14:18,0,9999,0,9999
2023-07-08T10:26:45,0,9999,0,9999
2023-07-08T10:39:12,0,9999,0,9999
2023-07-08T10:51:39,0,9999,0,9999
2023-07-08T11:04:07,0,9999,0,9999
2023-07-08T11:16:41,0,9999,0,9999
2023-07-08T11:29:05,0,9999,0,9999
2023-07-08T11:41:30,0,9999,0,9999
2023-07-08T11:53:54,0,9999,0,9999
2023-07-08T12:06:18,0,9999,0,9999
2023-07-08T12:18:42,0,9999,0,9999
2023-07-08T12:31:06,0,9999,0,9999
2023-07-08T12:43:31,0,9999,0,9999
2023-07-08T12:55:55,0,9999,0,9999
2023-07-08T13:08:20,0,9999,0,9999
2023-07-08T13:20:44,0,9999,0,9999
2023-07-08T13:33:09,0,9999,0,9999
2023-07-08T13:45:33,0,9999,0,9999
2023-07-08T13:58:00,0,9999,0,9999
2023-07-08T14:10:24,0,9999,0,9999
2023-07-08T14:22:48,0,9999,0,9999
2023-07-08T14:35:13,0,9999,0,9999
2023-07-08T14:47:37,0,9999,0,9999
2023-07-08T15:00:02,0,9999,0,9999
2023-07-08T15:12:36,0,9999,0,9999
2023-07-08T15:25:00,0,9999,0,9999
2023-07-08T15:37:24,0,9999,0,9999
2023-07-08T15:49:48,0,9999,0,9999
2023-07-08T16:02:12,0,9999,0,9999
2023-07-08T16:14:37,0,9999,0,9999
2023-07-08T16:27:02,0,9999,0,9999
2023-07-08T16:39:26,0,9999,0,9999
2023-07-08T16:51:51,0,9999,0,9999
2023-07-08T17:04:16,0,9999,0,9999
2023-07-08T17:16:41,0,9999,0,9999
2023-07-08T17:29:06,0,9999,0,9999
2023-07-08T17:41:31,0,9999,0,9999
2023-07-08T17:53:55,0,9999,0,9999
2023-07-08T18:06:19,0,9999,0,9999
2023-07-08T18:18:44,0,9999,0,9999
2023-07-08T18:31:08,0,9999,0,9999
2023-07-08T18:43:32,0,9999,0,9999
2023-07-08T18:55:57,0,9999,0,9999
2023-07-08T19:08:22,0,9999,0,9999
2023-07-08T19:20:57,0,9999,0,9999
2023-07-08T19:33:22,0,9999,0,9999
2023-07-08T19:45:46,0,9999,0,9999
2023-07-08T19:58:10,0,9999,0,9999
2023-07-08T20:10:35,0,9999,0,9999
2023-07-08T20:22:59,0,9999,0,9999
2023-07-08T20:35:24,0,9999,0,9999
2023-07-08T20:47:49,0,9999,0,9999
2023-07-08T21:00:13,0,9999,0,9999
2023-07-08T21:12:38,0,9999,0,9999
2023-07-08T21:25:03,0,9999,0,9999
2023-07-08T21:37:28,0,9999,0,9999
2023-07-08T21:49:52,0,9999,0,9999
2023-07-08T22:02:17,0,9999,0,9999
2023-07-08T22:14:42,0,9999,0,9999
2023-07-08T22:27:17,0,9999,0,9999
2023-07-08T22:39:41,0,9999,0,9999
2023-07-08T22:52:06,0,9999,0,9999
2023-07-08T23:04:31,0,9999,0,9999
2023-07-08T23:16:57,0,9999,0,9999
2023-07-08T23:29:23,0,9999,0,9999
2023-07-08T23:41:49,0,9999,0,9999
2023-07-08T23:54:14,0,9999,0,9999
2023-07-09T00:06:40,0,9999,0,9999
2023-07-09T00:19:09,0,9999,0,9999
2023-07-09T00:31:38,0,9999,0,9999
2023-07-09T00:44:08,0,9999,0,9999
2023-07-09T00:56:37,0,9999,0,9999
2023-07-09T01:09:14,0,9999,0,9999
2023-07-09T01:21:40,0,9999,0,9999
2023-07-09T01:34:09,0,9999,0,9999
2023-07-09T01:46:38,0,9999,0,9999
2023-07-09T01:59:05,0,9999,0,9999
2023-07-09T02:11:45,0,9999,0,9999
2023-07-09T02:24:13,0,9999,0,9999
2023-07-09T02:36:42,0,9999,0,9999
2023-07-09T02:49:09,0,9999,0,9999
2023-07-09T03:01:36,0,9999,0,9999
2023-07-09T03:14:04,0,9999,0,9999
2023-07-09T03:26:33,0,9999,0,9999
2023-07-09T03:39:01,0,9999,0,9999
2023-07-09T03:51:28,0,9999,0,9999
2023-07-09T04:03:57,0,9999,0,9999
2023-07-09T04:30:33,0,9999,0,9999
2023-07-09T04:43:02,0,9999,0,9999
2023-07-09T04:57:17,0,9999,0,9999
2023-07-09T05:09:45,0,9999,0,9999
2023-07-09T05:22:13,0,9999,0,9999
2023-07-09T05:34:44,0,9999,0,9999
2023-07-09T05:47:13,0,9999,0,9999
2023-07-09T05:59:41,0,9999,0,9999
2023-07-09T06:12:08,0,9999,0,9999
2023-07-09T06:24:36,0,9999,0,9999
2023-07-09T06:37:04,0,9999,0,9999
2023-07-09T06:49:32,0,9999,0,9999
2023-07-09T07:01:59,0,9999,0,9999
2023-07-09T07:14:26,0,9999,0,9999
2023-07-09T07:26:53,0,9999,0,9999
2023-07-09T07:39:18,0,9999,0,9999
2023-07-09T07:51:44,0,9999,0,9999
2023-07-09T08:04:09,0,9999,0,9999
2023-07-09T08:16:34,0,9999,0,9999
2023-07-09T08:29:01,0,9999,0,9999
2023-07-09T08:41:29,0,9999,0,9999
2023-07-09T08:53:54,0,9999,0,9999
2023-07-09T09:06:19,0,9999,0,9999
2023-07-09T09:18:44,0,9999,0,9999
2023-07-09T09:31:10,0,9999,0,9999
2023-07-09T09:43:36,0,9999,0,9999
2023-07-09T09:56:03,0,9999,0,9999
2023-07-09T10:08:28,0,9999,0,9999
2023-07-09T10:20:53,0,9999,0,9999
2023-07-09T10:33:28,0,9999,0,9999
2023-07-09T10:45:54,0,9999,0,9999
2023-07-09T10:58:20,0,9999,0,9999
2023-07-09T11:10:48,0,9999,0,9999
2023-07-09T11:23:15,0,9999,0,9999
2023-07-09T11:35:40,0,9999,0,9999
2023-07-09T11:48:05,0,9999,0,9999
2023-07-09T12:00:30,0,9999,0,9999
2023-07-09T12:12:55,0,9999,0,9999
2023-07-09T12:25:20,0,9999,0,9999
2023-07-09T12:37:45,0,9999,0,9999
2023-07-09T12:50:10,0,9999,0,9999
2023-07-09T13:02:37,0,9999,0,9999
2023-07-09T13:15:01,0,9999,0,9999
2023-07-09T13:27:26,0,9999,0,9999
2023-07-09T13:39:51,0,9999,0,9999
2023-07-09T13:52:16,0,9999,0,9999
2023-07-09T14:04:40,0,9999,0,9999
2023-07-09T14:17:05,0,9999,0,9999
2023-07-09T14:29:39,0,9999,0,9999
2023-07-09T14:42:04,0,9999,0,9999
2023-07-09T14:54:29,0,9999,0,9999
2023-07-09T15:06:54,0,9999,0,9999
2023-07-09T15:19:18,0,9999,0,9999
2023-07-09T15:31:43,0,9999,0,9999
2023-07-09T15:44:07,0,9999,0,9999
2023-07-09T15:56:32,0,9999,0,9999
2023-07-09T16:08:57,0,9999,0,9999
2023-07-09T16:21:22,0,9999,0,9999
2023-07-09T16:33:47,0,9999,0,9999
2023-07-09T16:46:12,0,9999,0,9999
2023-07-09T16:58:37,0,9999,0,9999
2023-07-09T17:11:02,0,9999,0,9999
2023-07-09T17:23:27,0,9999,0,9999
2023-07-09T17:36:03,0,9999,0,9999
2023-07-09T17:48:27,0,9999,0,9999
2023-07-09T18:00:52,0,9999,0,9999
2023-07-09T18:13:16,0,9999,0,9999
2023-07-09T18:25:41,0,9999,0,9999
2023-07-09T18:38:06,0,9999,0,9999
2023-07-09T18:50:31,0,9999,0,9999
2023-07-09T19:02:57,0,9999,0,9999
2023-07-09T19:15:24,0,9999,0,9999
2023-07-09T19:27:50,0,9999,0,9999
2023-07-09T19:40:17,0,9999,0,9999
2023-07-09T19:52:43,0,9999,0,9999
2023-07-09T20:05:09,0,9999,0,9999
2023-07-09T20:17:35,0,9999,0,9999
2023-07-09T20:29:59,0,9999,0,9999
2023-07-09T20:42:25,0,9999,0,9999
2023-07-09T20:54:50,0,9999,0,9999
2023-07-09T21:07:26,0,9999,0,9999
2023-07-09T21:19:52,0,9999,0,9999
2023-07-09T21:32:17,0,9999,0,9999
2023-07-09T21:44:42,0,9999,0,9999
2023-07-09T21:57:08,0,9999,0,9999
2023-07-09T22:09:33,0,9999,0,9999
2023-07-09T22:21:57,0,9999,0,9999
2023-07-09T22:34:22,0,9999,0,9999
2023-07-09T22:46:47,0,9999,0,9999
2023-07-09T22:59:12,0,9999,0,9999
2023-07-09T23:11:38,0,9999,0,9999
2023-07-09T23:24:03,0,9999,0,9999
2023-07-09T23:36:29,0,9999,0,9999
2023-07-09T23:49:05,0,9999,0,9999
2023-07-10T00:01:31,0,9999,0,9999
2023-07-10T00:14:01,0,9999,0,9999
2023-07-10T00:26:35,0,9999,0,9999
2023-07-10T00:39:09,0,9999,0,9999
2023-07-10T00:51:39,0,9999,0,9999
2023-07-10T01:04:05,0,9999,0,9999
2023-07-10T01:16:31,0,9999,0,9999
2023-07-10T01:29:02,0,9999,0,9999
2023-07-10T01:41:32,0,9999,0,9999
2023-07-10T01:54:01,0,9999,0,9999
2023-07-10T02:06:39,0,9999,0,9999
2023-07-10T02:19:09,0,9999,0,9999
2023-07-10T02:31:37,0,9999,0,9999
2023-07-10T02:44:06,0,9999,0,9999
2023-07-10T02:56:33,0,9999,0,9999
2023-07-10T03:09:01,0,9999,0,9999
2023-07-10T03:21:29,0,9999,0,9999
2023-07-10T03:33:57,0,9999,0,9999
2023-07-10T03:46:24,0,9999,0,9999
2023-07-10T03:58:52,0,9999,0,9999
2023-07-10T04:11:20,0,9999,0,9999
2023-07-10T04:37:07,0,9999,0,9999
2023-07-10T04:49:37,0,9999,0,9999
2023-07-10T05:02:06,0,9999,0,9999
2023-07-10T05:14:38,0,9999,0,9999
2023-07-10T05:27:06,0,9999,0,9999
2023-07-10T05:39:34,0,9999,0,9999
2023-07-10T05:52:03,0,9999,0,9999
2023-07-10T06:04:31,0,9999,0,9999
2023-07-10T06:17:00,0,9999,0,9999
2023-07-10T06:29:28,0,9999,0,9999
2023-07-10T06:41:56,0,9999,0,9999
2023-07-10T06:54:23,0,9999,0,9999
2023-07-10T07:06:51,0,9999,0,9999
2023-07-10T07:19:17,0,9999,0,9999
2023-07-10T07:31:42,0,9999,0,9999
2023-07-10T07:44:07,0,9999,0,9999
2023-07-10T07:56:32,0,9999,0,9999
2023-07-10T08:08:57,0,9999,0,9999
2023-07-10T08:21:21,0,9999,0,9999
2023-07-10T08:33:47,0,9999,0,9999
2023-07-10T08:46:12,0,9999,0,9999
2023-07-10T08:58:37,0,9999,0,9999
2023-07-10T09:11:02,0,9999,0,9999
2023-07-10T09:23:26,0,9999,0,9999
2023-07-10T09:35:53,0,9999,0,9999
2023-07-10T09:48:17,0,9999,0,9999
2023-07-10T10:00:53,0,9999,0,9999
2023-07-10T10:13:18,0,9999,0,9999
2023-07-10T10:25:43,0,9999,0,9999
2023-07-10T10:38:07,0,9999,0,9999
2023-07-10T10:50:32,0,9999,0,9999
2023-07-10T11:02:57,0,9999,0,9999
2023-07-10T11:15:22,0,9999,0,9999
2023-07-10T11:27:47,0,9999,0,9999
2023-07-10T11:40:14,0,9999,0,9999
2023-07-10T11:52:39,0,9999,0,9999
2023-07-10T12:05:04,0,9999,0,9999
2023-07-10T12:17:29,0,9999,0,9999
2023-07-10T12:30:03,0,9999,0,9999
2023-07-10T12:42:28,0,9999,0,9999
2023-07-10T12:54:52,0,9999,0,9999
2023-07-10T13:07:17,0,9999,0,9999
2023-07-10T13:19:42,0,9999,0,9999
2023-07-10T13:32:07,0,9999,0,9999
2023-07-10T13:44:32,0,9999,0,9999
2023-07-10T13:56:56,0,9999,0,9999
2023-07-10T14:09:21,0,9999,0,9999
2023-07-10T14:21:47,0,9999,0,9999
2023-07-10T14:34:12,0,9999,0,9999
2023-07-10T14:46:37,0,9999,0,9999
2023-07-10T14:59:13,0,9999,0,9999
2023-07-10T15:11:37,0,9999,0,9999
2023-07-10T15:24:01,0,9999,0,9999
2023-07-10T15:36:27,0,9999,0,9999
2023-07-10T15:48:51,0,9999,0,9999
2023-07-10T16:01:16,0,9999,0,9999
2023-07-10T16:13:40,0,9999,0,9999
2023-07-10T16:26:05,0,9999,0,9999
2023-07-10T16:38:30,0,9999,0,9999
2023-07-10T16:50:55,0,9999,0,9999
2023-07-10T17:03:19,0,9999,0,9999
2023-07-10T17:15:45,0,9999,0,9999
2023-07-10T17:28:21,0,9999,0,9999
2023-07-10T17:40:46,0,9999,0,9999
2023-07-10T17:53:11,0,9999,0,9999
2023-07-10T18:05:37,0,9999,0,9999
2023-07-10T18:18:02,0,9999,0,9999
2023-07-10T18:30:27,0,9999,0,9999
2023-07-10T18:42:51,0,9999,0,9999
2023-07-10T18:55:16,0,9999,0,9999
2023-07-10T19:07:41,0,9999,0,9999
2023-07-10T19:20:06,0,9999,0,9999
2023-07-10T19:32:31,0,9999,0,9999
2023-07-10T19:44:56,0,9999,0,9999
2023-07-10T19:57:21,0,9999,0,9999
2023-07-10T20:09:46,0,9999,0,9999
2023-07-10T20:22:11,0,9999,0,9999
2023-07-10T20:34:46,0,9999,0,9999
2023-07-10T20:47:10,0,9999,0,9999
2023-07-10T20:59:35,0,9999,0,9999
2023-07-10T21:12:00,0,9999,0,9999
2023-07-10T21:24:25,0,9999,0,9999
2023-07-10T21:36:49,0,9999,0,9999
2023-07-10T21:49:14,0,9999,0,9999
2023-07-10T22:01:39,0,9999,0,9999
2023-07-10T22:14:04,0,9999,0,9999
2023-07-10T22:26:28,0,9999,0,9999
2023-07-10T22:38:54,0,9999,0,9999
2023-07-10T22:51:19,0,9999,0,9999
2023-07-10T23:03:43,0,9999,0,9999
2023-07-10T23:16:21,0,9999,0,9999
2023-07-10T23:28:47,0,9999,0,9999
2023-07-10T23:41:12,0,9999,0,9999
2023-07-10T23:53:38,0,9999,0,9999
2023-07-11T00:06:04,0,9999,0,9999
2023-07-11T00:18:35,0,9999,0,9999
2023-07-11T00:31:04,0,9999,0,9999
2023-07-11T00:43:33,0,9999,0,9999
2023-07-11T00:56:03,0,9999,0,9999
2023-07-11T01:08:33,0,9999,0,9999
2023-07-11T01:21:00,0,9999,0,9999
2023-07-11T01:33:30,0,9999,0,9999
2023-07-11T01:46:00,0,9999,0,9999
2023-07-11T01:58:27,0,9999,0,9999
2023-07-11T02:10:54,0,9999,0,9999
2023-07-11T02:23:21,0,9999,0,9999
2023-07-11T02:35:59,0,9999,0,9999
2023-07-11T02:48:25,0,9999,0,9999
2023-07-11T03:00:50,0,9999,0,9999
2023-07-11T03:13:17,0,9999,0,9999
2023-07-11T03:25:44,0,9999,0,9999
2023-07-11T03:38:11,0,9999,0,9999
2023-07-11T03:50:38,0,9999,0,9999
2023-07-11T04:03:06,0,9999,0,9999
2023-07-11T04:34:23,0,9999,0,9999
2023-07-11T04:46:55,0,9999,0,9999
2023-07-11T04:59:24,0,9999,0,9999
2023-07-11T05:14:04,0,9999,0,9999
2023-07-11T05:26:42,0,9999,0,9999
2023-07-11T05:39:12,0,9999,0,9999
2023-07-11T05:51:40,0,9999,0,9999
2023-07-11T06:04:08,0,9999,0,9999
2023-07-11T06:16:36,0,9999,0,9999
2023-07-11T06:29:04,0,9999,0,9999
2023-07-11T06:41:31,0,9999,0,9999
2023-07-11T06:53:59,0,9999,0,9999
2023-07-11T07:06:27,0,9999,0,9999
2023-07-11T07:18:54,0,9999,0,9999
2023-07-11T07:31:21,0,9999,0,9999
2023-07-11T07:43:47,0,9999,0,9999
2023-07-11T07:56:14,0,9999,0,9999
2023-07-11T08:08:43,0,9999,0,9999
2023-07-11T08:21:09,0,9999,0,9999
2023-07-11T08:33:38,0,9999,0,9999
2023-07-11T08:46:05,0,9999,0,9999
2023-07-11T08:58:32,0,9999,0,9999
2023-07-11T09:10:58,0,9999,0,9999
2023-07-11T09:23:40,0,9999,0,9999
2023-07-11T09:36:07,0,9999,0,9999
2023-07-11T09:48:33,0,9999,0,9999
2023-07-11T10:01:01,0,9999,0,9999
2023-07-11T10:13:29,0,9999,0,9999
2023-07-11T10:25:54,0,9999,0,9999
2023-07-11T10:38:20,0,9999,0,9999
2023-07-11T10:50:45,0,9999,0,9999
2023-07-11T11:03:11,0,9999,0,9999
2023-07-11T11:15:36,0,9999,0,9999
2023-07-11T11:28:01,0,9999,0,9999
2023-07-11T11:40:27,0,9999,0,9999
2023-07-11T11:53:04,0,9999,0,9999
2023-07-11T12:05:28,0,9999,0,9999
2023-07-11T12:17:54,0,9999,0,9999
2023-07-11T12:30:19,0,9999,0,9999
2023-07-11T12:42:43,0,9999,0,9999
2023-07-11T12:55:08,0,9999,0,9999
2023-07-11T13:07:33,0,9999,0,9999
2023-07-11T13:19:57,0,9999,0,9999
2023-07-11T13:32:22,0,9999,0,9999
2023-07-11T13:44:58,0,9999,0,9999
2023-07-11T13:57:24,0,9999,0,9999
2023-07-11T14:09:49,0,9999,0,9999
2023-07-11T14:22:14,0,9999,0,9999
2023-07-11T14:34:38,0,9999,0,9999
2023-07-11T14:47:03,0,9999,0,9999
2023-07-11T14:59:46,0,9999,0,9999
2023-07-11T15:12:11,0,9999,0,9999
2023-07-11T15:24:35,0,9999,0,9999
2023-07-11T15:37:00,0,9999,0,9999
2023-07-11T15:49:25,0,9999,0,9999
2023-07-11T16:01:49,0,9999,0,9999
2023-07-11T16:14:14,0,9999,0,9999
2023-07-11T16:26:39,0,9999,0,9999
2023-07-11T16:39:04,0,9999,0,9999
2023-07-11T16:51:30,0,9999,0,9999
2023-07-11T17:03:56,0,9999,0,9999
2023-07-11T17:16:21,0,9999,0,9999
2023-07-11T17:28:46,0,9999,0,9999
2023-07-11T17:41:10,0,9999,0,9999
2023-07-11T17:53:46,0,9999,0,9999
2023-07-11T18:06:11,0,9999,0,9999
2023-07-11T18:18:36,0,9999,0,9999
2023-07-11T18:31:00,0,9999,0,9999
2023-07-11T18:43:25,0,9999,0,9999
2023-07-11T18:55:49,0,9999,0,9999
2023-07-11T19:08:14,0,9999,0,9999
2023-07-11T19:20:39,0,9999,0,9999
2023-07-11T19:33:04,0,9999,0,9999
2023-07-11T19:45:29,0,9999,0,9999
2023-07-11T19:57:54,0,9999,0,9999
2023-07-11T20:10:19,0,9999,0,9999
2023-07-11T20:22:43,0,9999,0,9999
2023-07-11T20:35:08,0,9999,0,9999
2023-07-11T20:47:33,0,9999,0,9999
2023-07-11T20:59:57,0,9999,0,9999
2023-07-11T21:12:33,0,9999,0,9999
2023-07-11T21:24:58,0,9999,0,9999
2023-07-11T21:37:23,0,9999,0,9999
2023-07-11T21:49:48,0,9999,0,9999
2023-07-11T22:02:14,0,9999,0,9999
2023-07-11T22:14:39,0,9999,0,9999
2023-07-11T22:27:05,0,9999,0,9999
2023-07-11T22:39:30,0,9999,0,9999
2023-07-11T22:51:55,0,9999,0,9999
2023-07-11T23:04:20,0,9999,0,9999
2023-07-11T23:16:46,0,9999,0,9999
2023-07-11T23:29:13,0,9999,0,9999
2023-07-11T23:41:38,0,9999,0,9999
2023-07-11T23:54:04,0,9999,0,9999
2023-07-12T00:06:30,0,9999,0,9999
2023-07-12T00:19:00,0,9999,0,9999
2023-07-12T00:31:28,0,9999,0,9999
2023-07-12T00:44:07,0,9999,0,9999
2023-07-12T00:56:36,0,9999,0,9999
2023-07-12T01:09:05,0,9999,0,9999
2023-07-12T01:21:34,0,9999,0,9999
2023-07-12T01:34:03,0,9999,0,9999
2023-07-12T01:46:33,0,9999,0,9999
2023-07-12T01:59:02,0,9999,0,9999
2023-07-12T02:11:42,0,9999,0,9999
2023-07-12T02:24:24,0,9999,0,9999
2023-07-12T02:36:54,0,9999,0,9999
2023-07-12T02:49:24,0,9999,0,9999
2023-07-12T03:01:52,0,9999,0,9999
2023-07-12T03:14:20,0,9999,0,9999
2023-07-12T03:26:49,0,9999,0,9999
2023-07-12T03:39:16,0,9999,0,9999
2023-07-12T03:51:45,0,9999,0,9999
2023-07-12T04:04:12,0,9999,0,9999
2023-07-12T04:16:41,0,9999,0,9999
2023-07-12T04:39:08,0,9999,0,9999
2023-07-12T04:51:54,0,9999,0,9999
2023-07-12T05:04:24,0,9999,0,9999
2023-07-12T05:16:51,0,9999,0,9999
2023-07-12T05:29:20,0,9999,0,9999
2023-07-12T05:41:48,0,9999,0,9999
2023-07-12T05:54:19,0,9999,0,9999
2023-07-12T06:06:47,0,9999,0,9999
2023-07-12T06:19:15,0,9999,0,9999
2023-07-12T06:31:43,0,9999,0,9999
2023-07-12T06:44:11,0,9999,0,9999
2023-07-12T06:56:40,0,9999,0,9999
2023-07-12T07:09:09,0,9999,0,9999
2023-07-12T07:21:36,0,9999,0,9999
2023-07-12T07:34:03,0,9999,0,9999
2023-07-12T07:46:29,0,9999,0,9999
2023-07-12T07:58:54,0,9999,0,9999
2023-07-12T08:11:18,0,9999,0,9999
2023-07-12T08:23:44,0,9999,0,9999
2023-07-12T08:36:09,0,9999,0,9999
2023-07-12T08:48:34,0,9999,0,9999
2023-07-12T09:00:59,0,9999,0,9999
2023-07-12T09:13:23,0,9999,0,9999
2023-07-12T09:25:57,0,9999,0,9999
2023-07-12T09:38:22,0,9999,0,9999
2023-07-12T09:50:47,0,9999,0,9999
2023-07-12T10:03:11,0,9999,0,9999
2023-07-12T10:15:36,0,9999,0,9999
2023-07-12T10:28:01,0,9999,0,9999
2023-07-12T10:40:26,0,9999,0,9999
2023-07-12T10:52:50,0,9999,0,9999
2023-07-12T11:05:16,0,9999,0,9999
2023-07-12T11:17:40,0,9999,0,9999
2023-07-12T11:30:05,0,9999,0,9999
2023-07-12T11:42:41,0,9999,0,9999
2023-07-12T11:55:06,0,9999,0,9999
2023-07-12T12:07:30,0,9999,0,9999
2023-07-12T12:19:55,0,9999,0,9999
2023-07-12T12:32:21,0,9999,0,9999
2023-07-12T12:44:46,0,9999,0,9999
2023-07-12T12:57:11,0,9999,0,9999
2023-07-12T13:09:35,0,9999,0,9999
2023-07-12T13:22:00,0,9999,0,9999
2023-07-12T13:34:25,0,9999,0,9999
2023-07-12T13:46:50,0,9999,0,9999
2023-07-12T13:59:34,0,9999,0,9999
2023-07-12T14:11:59,0,9999,0,9999
2023-07-12T14:24:23,0,9999,0,9999
2023-07-12T14:36:48,0,9999,0,9999
2023-07-12T14:49:13,0,9999,0,9999
2023-07-12T15:01:38,0,9999,0,9999
2023-07-12T15:14:03,0,9999,0,9999
2023-07-12T15:26:28,0,9999,0,9999
2023-07-12T15:38:54,0,9999,0,9999
2023-07-12T15:51:19,0,9999,0,9999
2023-07-12T16:03:44,0,9999,0,9999
2023-07-12T16:16:09,0,9999,0,9999
2023-07-12T16:28:44,0,9999,0,9999
2023-07-12T16:41:09,0,9999,0,9999
2023-07-12T16:53:33,0,9999,0,9999
2023-07-12T17:05:59,0,9999,0,9999
2023-07-12T17:18:24,0,9999,0,9999
2023-07-12T17:30:48,0,9999,0,9999
2023-07-12T17:43:13,0,9999,0,9999
2023-07-12T17:55:37,0,9999,0,9999
2023-07-12T18:08:02,0,9999,0,9999
2023-07-12T18:20:26,0,9999,0,9999
2023-07-12T18:32:50,0,9999,0,9999
2023-07-12T18:45:14,0,9999,0,9999
2023-07-12T18:57:38,0,9999,0,9999
2023-07-12T19:10:03,0,9999,0,9999
2023-07-12T19:22:27,0,9999,0,9999
2023-07-12T19:35:05,0,9999,0,9999
2023-07-12T19:47:30,0,9999,0,9999
2023-07-12T19:59:54,0,9999,0,9999
2023-07-12T20:12:19,0,9999,0,9999
2023-07-12T20:24:43,0,9999,0,9999
2023-07-12T20:37:08,0,9999,0,9999
2023-07-12T20:49:32,0,9999,0,9999
2023-07-12T21:01:56,0,9999,0,9999
2023-07-12T21:14:21,0,9999,0,9999
2023-07-12T21:26:46,0,9999,0,9999
2023-07-12T21:39:10,0,9999,0,9999
2023-07-12T21:51:35,0,9999,0,9999
2023-07-12T22:03:59,0,9999,0,9999
2023-07-12T22:16:24,0,9999,0,9999
2023-07-12T22:28:49,0,9999,0,9999
2023-07-12T22:41:14,0,9999,0,9999
2023-07-12T22:53:39,0,9999,0,9999
2023-07-12T23:06:04,0,9999,0,9999
2023-07-12T23:18:29,0,9999,0,9999
2023-07-12T23:31:13,0,9999,0,9999
2023-07-12T23:43:38,0,9999,0,9999
2023-07-12T23:56:03,0,9999,0,9999
2023-07-13T00:08:30,0,9999,0,9999
2023-07-13T00:21:00,0,9999,0,9999
2023-07-13T00:33:28,0,9999,0,9999
2023-07-13T00:45:57,0,9999,0,9999
2023-07-13T00:58:26,0,9999,0,9999
2023-07-13T01:10:54,0,9999,0,9999
2023-07-13T01:23:22,0,9999,0,9999
2023-07-13T01:35:50,0,9999,0,9999
2023-07-13T01:48:20,0,9999,0,9999
2023-07-13T02:00:47,0,9999,0,9999
2023-07-13T02:13:14,0,9999,0,9999
2023-07-13T02:25:40,0,9999,0,9999
2023-07-13T02:38:06,0,9999,0,9999
2023-07-13T02:50:31,0,9999,0,9999
2023-07-13T03:02:56,0,9999,0,9999
2023-07-13T03:15:20,0,9999,0,9999
2023-07-13T03:27:45,0,9999,0,9999
2023-07-13T03:40:10,0,9999,0,9999
2023-07-13T03:52:34,0,9999,0,9999
2023-07-13T04:04:58,0,9999,0,9999
2023-07-13T04:17:23,0,9999,0,9999
2023-07-13T04:37:17,0,9999,0,9999
2023-07-13T04:49:43,0,9999,0,9999
2023-07-13T05:02:10,0,9999,0,9999
2023-07-13T05:14:35,0,9999,0,9999
2023-07-13T05:26:59,0,9999,0,9999
2023-07-13T05:39:25,0,9999,0,9999
2023-07-13T05:51:54,0,9999,0,9999
2023-07-13T06:04:27,0,9999,0,9999
2023-07-13T06:16:55,0,9999,0,9999
2023-07-13T06:29:26,0,9999,0,9999
2023-07-13T06:41:58,0,9999,0,9999
2023-07-13T06:54:27,0,9999,0,9999
2023-07-13T07:06:58,0,9999,0,9999
2023-07-13T07:19:26,0,9999,0,9999
2023-07-13T07:31:55,0,9999,0,9999
2023-07-13T07:44:22,0,9999,0,9999
2023-07-13T07:56:51,0,9999,0,9999
2023-07-13T08:09:19,0,9999,0,9999
2023-07-13T08:21:46,0,9999,0,9999
2023-07-13T08:34:14,0,9999,0,9999
2023-07-13T08:46:42,0,9999,0,9999
2023-07-13T08:59:08,0,9999,0,9999
2023-07-13T09:11:34,0,9999,0,9999
2023-07-13T09:24:20,0,9999,0,9999
2023-07-13T09:36:45,0,9999,0,9999
2023-07-13T09:49:12,0,9999,0,9999
2023-07-13T10:01:38,0,9999,0,9999
2023-07-13T10:14:04,0,9999,0,9999
2023-07-13T10:26:30,0,9999,0,9999
2023-07-13T10:38:56,0,9999,0,9999
2023-07-13T10:51:22,0,9999,0,9999
2023-07-13T11:03:48,0,9999,0,9999
2023-07-13T11:16:25,0,9999,0,9999
2023-07-13T11:28:51,0,9999,0,9999
2023-07-13T11:41:17,0,9999,0,9999
2023-07-13T11:53:43,0,9999,0,9999
2023-07-13T12:06:09,0,9999,0,9999
2023-07-13T12:18:33,0,9999,0,9999
2023-07-13T12:30:58,0,9999,0,9999
2023-07-13T12:43:22,0,9999,0,9999
2023-07-13T12:55:47,0,9999,0,9999
2023-07-13T13:08:12,0,9999,0,9999
2023-07-13T13:20:36,0,9999,0,9999
2023-07-13T13:33:01,0,9999,0,9999
2023-07-13T13:45:36,0,9999,0,9999
2023-07-13T13:58:00,0,9999,0,9999
2023-07-13T14:10:24,0,9999,0,9999
2023-07-13T14:22:49,0,9999,0,9999
2023-07-13T14:35:14,0,9999,0,9999
2023-07-13T14:47:38,0,9999,0,9999
2023-07-13T15:00:03,0,9999,0,9999
2023-07-13T15:12:27,0,9999,0,9999
2023-07-13T15:24:51,0,9999,0,9999
2023-07-13T15:37:15,0,9999,0,9999
2023-07-13T15:49:40,0,9999,0,9999
2023-07-13T16:02:15,0,9999,0,9999
2023-07-13T16:14:39,0,9999,0,9999
2023-07-13T16:27:03,0,9999,0,9999
2023-07-13T16:39:28,0,9999,0,9999
2023-07-13T16:51:53,0,9999,0,9999
2023-07-13T17:04:17,0,9999,0,9999
2023-07-13T17:16:43,0,9999,0,9999
2023-07-13T17:29:07,0,9999,0,9999
2023-07-13T17:41:31,0,9999,0,9999
2023-07-13T17:53:56,0,9999,0,9999
2023-07-13T18:06:20,0,9999,0,9999
2023-07-13T18:18:44,0,9999,0,9999
2023-07-13T18:31:09,0,9999,0,9999
2023-07-13T18:43:33,0,9999,0,9999
2023-07-13T18:55:57,0,9999,0,9999
2023-07-13T19:08:40,0,9999,0,9999
2023-07-13T19:21:05,0,9999,0,9999
2023-07-13T19:33:29,0,9999,0,9999
2023-07-13T19:45:53,0,9999,0,9999
2023-07-13T19:58:18,0,9999,0,9999
2023-07-13T20:10:43,0,9999,0,9999
2023-07-13T20:23:07,0,9999,0,9999
2023-07-13T20:35:31,0,9999,0,9999
2023-07-13T20:47:56,0,9999,0,9999
2023-07-13T21:00:21,0,9999,0,9999
2023-07-13T21:12:46,0,9999,0,9999
2023-07-13T21:25:10,0,9999,0,9999
2023-07-13T21:37:34,0,9999,0,9999
2023-07-13T21:49:59,0,9999,0,9999
2023-07-13T22:02:23,0,9999,0,9999
2023-07-13T22:14:47,0,9999,0,9999
2023-07-13T22:27:12,0,9999,0,9999
2023-07-13T22:39:36,0,9999,0,9999
2023-07-13T22:52:11,0,9999,0,9999
2023-07-13T23:04:36,0,9999,0,9999
2023-07-13T23:17:01,0,9999,0,9999
2023-07-13T23:29:26,0,9999,0,9999
2023-07-13T23:41:51,0,9999,0,9999
2023-07-13T23:54:16,0,9999,0,9999
2023-07-14T00:06:42,0,9999,0,9999
2023-07-14T00:19:11,0,9999,0,9999
2023-07-14T00:31:39,0,9999,0,9999
2023-07-14T00:44:08,0,9999,0,9999
2023-07-14T00:56:37,0,9999,0,9999
2023-07-14T01:09:05,0,9999,0,9999
2023-07-14T01:21:35,0,9999,0,9999
2023-07-14T01:34:03,0,9999,0,9999
2023-07-14T01:46:34,0,9999,0,9999
2023-07-14T01:59:04,0,9999,0,9999
2023-07-14T02:11:34,0,9999,0,9999
2023-07-14T02:24:13,0,9999,0,9999
2023-07-14T02:36:45,0,9999,0,9999
2023-07-14T02:49:15,0,9999,0,9999
2023-07-14T03:01:44,0,9999,0,9999
2023-07-14T03:14:12,0,9999,0,9999
2023-07-14T03:26:40,0,9999,0,9999
2023-07-14T03:39:07,0,9999,0,9999
2023-07-14T03:51:35,0,9999,0,9999
2023-07-14T04:04:02,0,9999,0,9999
2023-07-14T04:31:23,0,9999,0,9999
2023-07-14T04:45:08,0,9999,0,9999
2023-07-14T04:57:52,0,9999,0,9999
2023-07-14T05:10:22,0,9999,0,9999
2023-07-14T05:22:49,0,9999,0,9999
2023-07-14T05:35:16,0,9999,0,9999
2023-07-14T05:47:45,0,9999,0,9999
2023-07-14T06:00:13,0,9999,0,9999
2023-07-14T06:12:41,0,9999,0,9999
2023-07-14T06:25:08,0,9999,0,9999
2023-07-14T06:37:36,0,9999,0,9999
2023-07-14T06:50:05,0,9999,0,9999
2023-07-14T07:02:34,0,9999,0,9999
2023-07-14T07:15:01,0,9999,0,9999
2023-07-14T07:27:28,0,9999,0,9999
2023-07-14T07:39:53,0,9999,0,9999
2023-07-14T07:52:17,0,9999,0,9999
2023-07-14T08:04:42,0,9999,0,9999
2023-07-14T08:17:08,0,9999,0,9999
2023-07-14T08:29:33,0,9999,0,9999
2023-07-14T08:41:59,0,9999,0,9999
2023-07-14T08:54:23,0,9999,0,9999
2023-07-14T09:06:49,0,9999,0,9999
2023-07-14T09:19:14,0,9999,0,9999
2023-07-14T09:31:38,0,9999,0,9999
2023-07-14T09:44:03,0,9999,0,9999
2023-07-14T09:56:38,0,9999,0,9999
2023-07-14T10:09:03,0,9999,0,9999
2023-07-14T10:21:28,0,9999,0,9999
2023-07-14T10:33:53,0,9999,0,9999
2023-07-14T10:46:17,0,9999,0,9999
2023-07-14T10:58:42,0,9999,0,9999
2023-07-14T11:11:08,0,9999,0,9999
2023-07-14T11:23:33,0,9999,0,9999
2023-07-14T11:35:59,0,9999,0,9999
2023-07-14T11:48:24,0,9999,0,9999
2023-07-14T12:00:49,0,9999,0,9999
2023-07-14T12:13:15,0,9999,0,9999
2023-07-14T12:25:40,0,9999,0,9999
2023-07-14T12:38:05,0,9999,0,9999
2023-07-14T12:50:32,0,9999,0,9999
2023-07-14T13:02:57,0,9999,0,9999
2023-07-14T13:15:22,0,9999,0,9999
2023-07-14T13:27:47,0,9999,0,9999
2023-07-14T13:40:24,0,9999,0,9999
2023-07-14T13:52:50,0,9999,0,9999
2023-07-14T14:05:15,0,9999,0,9999
2023-07-14T14:17:40,0,9999,0,9999
2023-07-14T14:30:05,0,9999,0,9999
2023-07-14T14:42:31,0,9999,0,9999
2023-07-14T14:54:57,0,9999,0,9999
2023-07-14T15:07:33,0,9999,0,9999
2023-07-14T15:19:58,0,9999,0,9999
2023-07-14T15:32:23,0,9999,0,9999
2023-07-14T15:44:48,0,9999,0,9999
2023-07-14T15:57:13,0,9999,0,9999
2023-07-14T16:09:38,0,9999,0,9999
2023-07-14T16:22:04,0,9999,0,9999
2023-07-14T16:34:29,0,9999,0,9999
2023-07-14T16:47:06,0,9999,0,9999
2023-07-14T16:59:31,0,9999,0,9999
2023-07-14T17:11:57,0,9999,0,9999
2023-07-14T17:24:23,0,9999,0,9999
2023-07-14T17:36:47,0,9999,0,9999
2023-07-14T17:49:12,0,9999,0,9999
2023-07-14T18:01:37,0,9999,0,9999
2023-07-14T18:14:02,0,9999,0,9999
2023-07-14T18:26:27,0,9999,0,9999
2023-07-14T18:38:52,0,9999,0,9999
2023-07-14T18:51:17,0,9999,0,9999
2023-07-14T19:03:43,0,9999,0,9999
2023-07-14T19:16:08,0,9999,0,9999
2023-07-14T19:28:33,0,9999,0,9999
2023-07-14T19:40:59,0,9999,0,9999
2023-07-14T19:53:24,0,9999,0,9999
2023-07-14T20:05:49,0,9999,0,9999
2023-07-14T20:18:15,0,9999,0,9999
2023-07-14T20:30:40,0,9999,0,9999
2023-07-14T20:43:16,0,9999,0,9999
2023-07-14T20:55:41,0,9999,0,9999
2023-07-14T21:08:06,0,9999,0,9999
2023-07-14T21:20:31,0,9999,0,9999
2023-07-14T21:32:57,0,9999,0,9999
2023-07-14T21:45:22,0,9999,0,9999
2023-07-14T21:57:48,0,9999,0,9999
2023-07-14T22:10:13,0,9999,0,9999
2023-07-14T22:22:38,0,9999,0,9999
2023-07-14T22:35:03,0,9999,0,9999
2023-07-14T22:47:29,0,9999,0,9999
2023-07-14T22:59:55,0,9999,0,9999
2023-07-14T23:12:22,0,9999,0,9999
2023-07-14T23:24:47,0,9999,0,9999
2023-07-14T23:37:13,0,9999,0,9999
2023-07-14T23:49:38,0,9999,0,9999
2023-07-15T00:02:04,0,9999,0,9999
2023-07-15T00:14:32,0,9999,0,9999
2023-07-15T00:27:04,0,9999,0,9999
2023-07-15T00:39:43,0,9999,0,9999
2023-07-15T00:52:12,0,9999,0,9999
2023-07-15T01:04:42,0,9999,0,9999
2023-07-15T01:17:11,0,9999,0,9999
2023-07-15T01:29:40,0,9999,0,9999
2023-07-15T01:42:13,0,9999,0,9999
2023-07-15T01:54:42,0,9999,0,9999
2023-07-15T02:07:10,0,9999,0,9999
2023-07-15T02:19:37,0,9999,0,9999
2023-07-15T02:32:04,0,9999,0,9999
2023-07-15T02:44:32,0,9999,0,9999
2023-07-15T02:56:57,0,9999,0,9999
2023-07-15T03:09:23,0,9999,0,9999
2023-07-15T03:21:51,0,9999,0,9999
2023-07-15T03:34:19,0,9999,0,9999
2023-07-15T03:46:46,0,9999,0,9999
2023-07-15T03:59:13,0,9999,0,9999
2023-07-15T04:13:43,0,9999,0,9999
2023-07-15T04:36:56,0,9999,0,9999
2023-07-15T04:49:27,0,9999,0,9999
2023-07-15T05:01:57,0,9999,0,9999
2023-07-15T05:14:23,0,9999,0,9999
2023-07-15T05:27:00,0,9999,0,9999
2023-07-15T05:39:29,0,9999,0,9999
2023-07-15T05:52:00,0,9999,0,9999
2023-07-15T06:04:30,0,9999,0,9999
2023-07-15T06:16:59,0,9999,0,9999
2023-07-15T06:29:28,0,9999,0,9999
2023-07-15T06:41:57,0,9999,0,9999
2023-07-15T06:54:27,0,9999,0,9999
2023-07-15T07:06:58,0,9999,0,9999
2023-07-15T07:19:26,0,9999,0,9999
2023-07-15T07:31:54,0,9999,0,9999
2023-07-15T07:44:22,0,9999,0,9999
2023-07-15T07:56:51,0,9999,0,9999
2023-07-15T08:09:28,0,9999,0,9999
2023-07-15T08:21:57,0,9999,0,9999
2023-07-15T08:34:26,0,9999,0,9999
2023-07-15T08:46:53,0,9999,0,9999
2023-07-15T08:59:21,0,9999,0,9999
2023-07-15T09:11:49,0,9999,0,9999
2023-07-15T09:24:18,0,9999,0,9999
2023-07-15T09:36:45,0,9999,0,9999
2023-07-15T09:49:13,0,9999,0,9999
2023-07-15T10:01:41,0,9999,0,9999
2023-07-15T10:14:10,0,9999,0,9999
2023-07-15T10:26:38,0,9999,0,9999
2023-07-15T10:39:06,0,9999,0,9999
2023-07-15T10:51:35,0,9999,0,9999
2023-07-15T11:04:10,0,9999,0,9999
2023-07-15T11:16:36,0,9999,0,9999
2023-07-15T11:29:01,0,9999,0,9999
2023-07-15T11:41:26,0,9999,0,9999
2023-07-15T11:53:52,0,9999,0,9999
2023-07-15T12:06:17,0,9999,0,9999
2023-07-15T12:18:42,0,9999,0,9999
2023-07-15T12:31:09,0,9999,0,9999
2023-07-15T12:43:34,0,9999,0,9999
2023-07-15T12:55:59,0,9999,0,9999
2023-07-15T13:08:24,0,9999,0,9999
2023-07-15T13:20:49,0,9999,0,9999
2023-07-15T13:33:14,0,9999,0,9999
2023-07-15T13:45:39,0,9999,0,9999
2023-07-15T13:58:04,0,9999,0,9999
2023-07-15T14:10:29,0,9999,0,9999
2023-07-15T14:22:54,0,9999,0,9999
2023-07-15T14:35:30,0,9999,0,9999
2023-07-15T14:47:55,0,9999,0,9999
2023-07-15T15:00:19,0,9999,0,9999
2023-07-15T15:12:45,0,9999,0,9999
2023-07-15T15:25:10,0,9999,0,9999
2023-07-15T15:37:34,0,9999,0,9999
2023-07-15T15:49:59,0,9999,0,9999
2023-07-15T16:02:24,0,9999,0,9999
2023-07-15T16:14:49,0,9999,0,9999
2023-07-15T16:27:14,0,9999,0,9999
2023-07-15T16:39:39,0,9999,0,9999
2023-07-15T16:52:04,0,9999,0,9999
2023-07-15T17:04:29,0,9999,0,9999
2023-07-15T17:16:55,0,9999,0,9999
2023-07-15T17:29:20,0,9999,0,9999
2023-07-15T17:41:45,0,9999,0,9999
2023-07-15T17:54:10,0,9999,0,9999
2023-07-15T18:06:35,0,9999,0,9999
2023-07-15T18:19:00,0,9999,0,9999
2023-07-15T18:31:25,0,9999,0,9999
2023-07-15T18:43:51,0,9999,0,9999
2023-07-15T18:56:26,0,9999,0,9999
2023-07-15T19:08:51,0,9999,0,9999
2023-07-15T19:21:16,0,9999,0,9999
2023-07-15T19:33:41,0,9999,0,9999
2023-07-15T19:46:06,0,9999,0,9999
2023-07-15T19:58:31,0,9999,0,9999
2023-07-15T20:10:56,0,9999,0,9999
2023-07-15T20:23:21,0,9999,0,9999
2023-07-15T20:35:46,0,9999,0,9999
2023-07-15T20:48:11,0,9999,0,9999
2023-07-15T21:00:36,0,9999,0,9999
2023-07-15T21:13:01,0,9999,0,9999
2023-07-15T21:25:38,0,9999,0,9999
2023-07-15T21:38:03,0,9999,0,9999
2023-07-15T21:50:28,0,9999,0,9999
2023-07-15T22:02:53,0,9999,0,9999
2023-07-15T22:15:18,0,9999,0,9999
2023-07-15T22:27:44,0,9999,0,9999
2023-07-15T22:40:09,0,9999,0,9999
2023-07-15T22:52:34,0,9999,0,9999
2023-07-15T23:04:59,0,9999,0,9999
2023-07-15T23:17:25,0,9999,0,9999
2023-07-15T23:29:50,0,9999,0,9999
2023-07-15T23:42:15,0,9999,0,9999
2023-07-15T23:54:41,0,9999,0,9999
2023-07-16T00:07:06,0,9999,0,9999
2023-07-16T00:19:33,0,9999,0,9999
2023-07-16T00:31:58,0,9999,0,9999
2023-07-16T00:44:24,0,9999,0,9999
2023-07-16T01:19:58,0,9999,0,9999
2023-07-16T01:32:37,0,9999,0,9999
2023-07-16T01:45:10,0,9999,0,9999
2023-07-16T01:57:40,0,9999,0,9999
2023-07-16T02:10:10,0,9999,0,9999
2023-07-16T02:22:40,0,9999,0,9999
2023-07-16T02:35:09,0,9999,0,9999
2023-07-16T02:47:47,0,9999,0,9999
2023-07-16T03:00:15,0,9999,0,9999
2023-07-16T03:12:44,0,9999,0,9999
2023-07-16T03:25:13,0,9999,0,9999
2023-07-16T03:37:41,0,9999,0,9999
2023-07-16T03:50:09,0,9999,0,9999
2023-07-16T04:02:38,0,9999,0,9999
2023-07-16T04:27:47,0,9999,0,9999
2023-07-16T04:40:17,0,9999,0,9999
2023-07-16T04:52:49,0,9999,0,9999
2023-07-16T05:05:20,0,9999,0,9999
2023-07-16T05:17:48,0,9999,0,9999
2023-07-16T05:30:18,0,9999,0,9999
2023-07-16T05:42:47,0,9999,0,9999
2023-07-16T05:55:16,0,9999,0,9999
2023-07-16T06:07:45,0,9999,0,9999
2023-07-16T06:20:13,0,9999,0,9999
2023-07-16T06:32:42,0,9999,0,9999
2023-07-16T06:45:11,0,9999,0,9999
2023-07-16T06:57:39,0,9999,0,9999
2023-07-16T07:10:07,0,9999,0,9999
2023-07-16T07:22:38,0,9999,0,9999
2023-07-16T07:35:06,0,9999,0,9999
2023-07-16T07:47:35,0,9999,0,9999
2023-07-16T08:00:08,0,9999,0,9999
2023-07-16T08:12:36,0,9999,0,9999
2023-07-16T08:25:01,0,9999,0,9999
2023-07-16T08:37:27,0,9999,0,9999
2023-07-16T08:49:53,0,9999,0,9999
2023-07-16T09:02:18,0,9999,0,9999
2023-07-16T09:14:43,0,9999,0,9999
2023-07-16T09:27:10,0,9999,0,9999
2023-07-16T09:39:35,0,9999,0,9999
2023-07-16T09:52:01,0,9999,0,9999
2023-07-16T10:04:27,0,9999,0,9999
2023-07-16T10:16:52,0,9999,0,9999
2023-07-16T10:29:18,0,9999,0,9999
2023-07-16T10:41:53,0,9999,0,9999
2023-07-16T10:54:20,0,9999,0,9999
2023-07-16T11:06:45,0,9999,0,9999
2023-07-16T11:19:11,0,9999,0,9999
2023-07-16T11:31:37,0,9999,0,9999
2023-07-16T11:44:03,0,9999,0,9999
2023-07-16T11:56:29,0,9999,0,9999
2023-07-16T12:08:54,0,9999,0,9999
2023-07-16T12:21:20,0,9999,0,9999
2023-07-16T12:33:45,0,9999,0,9999
2023-07-16T12:46:11,0,9999,0,9999
2023-07-16T12:58:36,0,9999,0,9999
2023-07-16T13:11:02,0,9999,0,9999
2023-07-16T13:23:27,0,9999,0,9999
2023-07-16T13:35:52,0,9999,0,9999
2023-07-16T13:48:27,0,9999,0,9999
2023-07-16T14:00:52,0,9999,0,9999
2023-07-16T14:13:17,0,9999,0,9999
2023-07-16T14:25:43,0,9999,0,9999
2023-07-16T14:38:07,0,9999,0,9999
2023-07-16T14:50:33,0,9999,0,9999
2023-07-16T15:02:58,0,9999,0,9999
2023-07-16T15:15:23,0,9999,0,9999
2023-07-16T15:27:48,0,9999,0,9999
2023-07-16T15:40:13,0,9999,0,9999
2023-07-16T15:52:39,0,9999,0,9999
2023-07-16T16:05:04,0,9999,0,9999
2023-07-16T16:17:30,0,9999,0,9999
2023-07-16T16:29:56,0,9999,0,9999
2023-07-16T16:42:21,0,9999,0,9999
2023-07-16T16:54:47,0,9999,0,9999
2023-07-16T17:07:13,0,9999,0,9999
2023-07-16T17:19:39,0,9999,0,9999
2023-07-16T17:32:04,0,9999,0,9999
2023-07-16T17:44:30,0,9999,0,9999
2023-07-16T17:56:55,0,9999,0,9999
2023-07-16T18:09:30,0,9999,0,9999
2023-07-16T18:21:55,0,9999,0,9999
2023-07-16T18:34:21,0,9999,0,9999
2023-07-16T18:46:46,0,9999,0,9999
2023-07-16T18:59:12,0,9999,0,9999
2023-07-16T19:11:40,0,9999,0,9999
2023-07-16T19:24:11,0,9999,0,9999
2023-07-16T19:36:36,0,9999,0,9999
2023-07-16T19:49:03,0,9999,0,9999
2023-07-16T20:01:28,0,9999,0,9999
2023-07-16T20:13:54,0,9999,0,9999
2023-07-16T20:26:20,0,9999,0,9999
2023-07-16T20:38:46,0,9999,0,9999
2023-07-16T20:51:11,0,9999,0,9999
2023-07-16T21:03:37,0,9999,0,9999
2023-07-16T21:16:03,0,9999,0,9999
2023-07-16T21:28:28,0,9999,0,9999
2023-07-16T21:40:54,0,9999,0,9999
2023-07-16T21:53:20,0,9999,0,9999
2023-07-16T22:05:46,0,9999,0,9999
2023-07-16T22:18:12,0,9999,0,9999
2023-07-16T22:30:38,0,9999,0,9999
2023-07-16T22:43:04,0,9999,0,9999
2023-07-16T22:55:43,0,9999,0,9999
2023-07-16T23:08:09,0,9999,0,9999
2023-07-16T23:20:34,0,9999,0,9999
2023-07-16T23:33:00,0,9999,0,9999
2023-07-16T23:45:27,0,9999,0,9999
2023-07-16T23:57:54,0,9999,0,9999
2023-07-17T00:10:22,0,9999,0,9999
2023-07-17T00:22:50,0,9999,0,9999
2023-07-17T00:35:23,0,9999,0,9999
2023-07-17T00:47:55,0,9999,0,9999
2023-07-17T01:00:26,0,9999,0,9999
2023-07-17T01:12:54,0,9999,0,9999
2023-07-17T01:25:20,0,9999,0,9999
2023-07-17T01:37:55,0,9999,0,9999
2023-07-17T01:50:33,0,9999,0,9999
2023-07-17T02:03:04,0,9999,0,9999
2023-07-17T02:15:34,0,9999,0,9999
2023-07-17T02:28:04,0,9999,0,9999
2023-07-17T02:40:43,0,9999,0,9999
2023-07-17T02:53:11,0,9999,0,9999
2023-07-17T03:05:40,0,9999,0,9999
2023-07-17T03:18:11,0,9999,0,9999
2023-07-17T03:30:40,0,9999,0,9999
2023-07-17T03:43:09,0,9999,0,9999
2023-07-17T03:55:37,0,9999,0,9999
2023-07-17T04:08:05,0,9999,0,9999
2023-07-17T04:31:15,0,9999,0,9999
2023-07-17T04:44:03,0,9999,0,9999
2023-07-17T04:56:35,0,9999,0,9999
2023-07-17T05:09:08,0,9999,0,9999
2023-07-17T05:21:37,0,9999,0,9999
2023-07-17T05:34:07,0,9999,0,9999
2023-07-17T05:46:37,0,9999,0,9999
2023-07-17T05:59:06,0,9999,0,9999
2023-07-17T06:11:36,0,9999,0,9999
2023-07-17T06:24:05,0,9999,0,9999
2023-07-17T06:36:34,0,9999,0,9999
2023-07-17T06:49:02,0,9999,0,9999
2023-07-17T07:01:31,0,9999,0,9999
2023-07-17T07:13:59,0,9999,0,9999
2023-07-17T07:26:30,0,9999,0,9999
2023-07-17T07:38:57,0,9999,0,9999
2023-07-17T07:51:22,0,9999,0,9999
2023-07-17T08:03:53,0,9999,0,9999
2023-07-17T08:16:21,0,9999,0,9999
2023-07-17T08:28:47,0,9999,0,9999
2023-07-17T08:41:12,0,9999,0,9999
2023-07-17T08:53:38,0,9999,0,9999
2023-07-17T09:06:04,0,9999,0,9999
2023-07-17T09:18:29,0,9999,0,9999
2023-07-17T09:30:55,0,9999,0,9999
2023-07-17T09:43:20,0,9999,0,9999
2023-07-17T09:55:55,0,9999,0,9999
2023-07-17T10:08:20,0,9999,0,9999
2023-07-17T10:20:45,0,9999,0,9999
2023-07-17T10:33:11,0,9999,0,9999
2023-07-17T10:45:36,0,9999,0,9999
2023-07-17T10:58:01,0,9999,0,9999
2023-07-17T11:10:27,0,9999,0,9999
2023-07-17T11:22:53,0,9999,0,9999
2023-07-17T11:35:19,0,9999,0,9999
2023-07-17T11:47:46,0,9999,0,9999
2023-07-17T12:00:12,0,9999,0,9999
2023-07-17T12:12:38,0,9999,0,9999
2023-07-17T12:25:16,0,9999,0,9999
2023-07-17T12:37:42,0,9999,0,9999
2023-07-17T12:50:08,0,9999,0,9999
2023-07-17T13:02:34,0,9999,0,9999
2023-07-17T13:15:00,0,9999,0,9999
2023-07-17T13:27:26,0,9999,0,9999
2023-07-17T13:39:52,0,9999,0,9999
2023-07-17T13:52:18,0,9999,0,9999
2023-07-17T14:04:44,0,9999,0,9999
2023-07-17T14:17:10,0,9999,0,9999
2023-07-17T14:29:36,0,9999,0,9999
2023-07-17T14:42:03,0,9999,0,9999
2023-07-17T14:54:41,0,9999,0,9999
2023-07-17T15:07:07,0,9999,0,9999
2023-07-17T15:19:33,0,9999,0,9999
2023-07-17T15:31:59,0,9999,0,9999
2023-07-17T15:44:25,0,9999,0,9999
2023-07-17T15:56:51,0,9999,0,9999
2023-07-17T16:09:18,0,9999,0,9999
2023-07-17T16:21:44,0,9999,0,9999
2023-07-17T16:34:10,0,9999,0,9999
2023-07-17T16:46:39,0,9999,0,9999
2023-07-17T16:59:05,0,9999,0,9999
2023-07-17T17:11:43,0,9999,0,9999
2023-07-17T17:24:10,0,9999,0,9999
2023-07-17T17:36:37,0,9999,0,9999
2023-07-17T17:49:03,0,9999,0,9999
2023-07-17T18:01:30,0,9999,0,9999
2023-07-17T18:13:56,0,9999,0,9999
2023-07-17T18:26:22,0,9999,0,9999
2023-07-17T18:38:49,0,9999,0,9999
2023-07-17T18:51:15,0,9999,0,9999
2023-07-17T19:03:42,0,9999,0,9999
2023-07-17T19:16:09,0,9999,0,9999
2023-07-17T19:28:35,0,9999,0,9999
2023-07-17T19:41:02,0,9999,0,9999
2023-07-17T19:53:29,0,9999,0,9999
2023-07-17T20:05:55,0,9999,0,9999
2023-07-17T20:18:32,0,9999,0,9999
2023-07-17T20:30:58,0,9999,0,9999
2023-07-17T20:43:25,0,9999,0,9999
2023-07-17T20:55:51,0,9999,0,9999
2023-07-17T21:08:18,0,9999,0,9999
2023-07-17T21:20:44,0,9999,0,9999
2023-07-17T21:33:11,0,9999,0,9999
2023-07-17T21:45:37,0,9999,0,9999
2023-07-17T21:58:04,0,9999,0,9999
2023-07-17T22:10:30,0,9999,0,9999
2023-07-17T22:22:56,0,9999,0,9999
2023-07-17T22:35:23,0,9999,0,9999
2023-07-17T22:47:49,0,9999,0,9999
2023-07-17T23:00:15,0,9999,0,9999
2023-07-17T23:12:43,0,9999,0,9999
2023-07-17T23:25:20,0,9999,0,9999
2023-07-17T23:37:47,0,9999,0,9999
2023-07-17T23:50:14,0,9999,0,9999
2023-07-18T00:02:42,0,9999,0,9999
2023-07-18T00:15:11,0,9999,0,9999
2023-07-18T00:27:43,0,9999,0,9999
2023-07-18T00:40:15,0,9999,0,9999
2023-07-18T00:52:46,0,9999,0,9999
2023-07-18T01:05:17,0,9999,0,9999
2023-07-18T01:17:47,0,9999,0,9999
2023-07-18T01:30:17,0,9999,0,9999
2023-07-18T01:42:48,0,9999,0,9999
2023-07-18T01:55:19,0,9999,0,9999
2023-07-18T02:07:49,0,9999,0,9999
2023-07-18T02:20:19,0,9999,0,9999
2023-07-18T02:32:47,0,9999,0,9999
2023-07-18T02:45:15,0,9999,0,9999
2023-07-18T02:57:41,0,9999,0,9999
2023-07-18T03:10:09,0,9999,0,9999
2023-07-18T03:22:38,0,9999,0,9999
2023-07-18T03:35:07,0,9999,0,9999
2023-07-18T03:47:36,0,9999,0,9999
2023-07-18T04:00:05,0,9999,0,9999
2023-07-18T04:12:35,0,9999,0,9999
2023-07-18T04:41:47,0,9999,0,9999
2023-07-18T04:55:31,0,9999,0,9999
2023-07-18T05:08:20,0,9999,0,9999
2023-07-18T05:20:51,0,9999,0,9999
2023-07-18T05:33:22,0,9999,0,9999
2023-07-18T05:45:51,0,9999,0,9999
2023-07-18T05:58:20,0,9999,0,9999
2023-07-18T06:10:51,0,9999,0,9999
2023-07-18T06:23:20,0,9999,0,9999
2023-07-18T06:35:50,0,9999,0,9999
2023-07-18T06:48:19,0,9999,0,9999
2023-07-18T07:00:48,0,9999,0,9999
2023-07-18T07:13:18,0,9999,0,9999
2023-07-18T07:25:48,0,9999,0,9999
2023-07-18T07:38:19,0,9999,0,9999
2023-07-18T07:50:47,0,9999,0,9999
2023-07-18T08:03:15,0,9999,0,9999
2023-07-18T08:15:44,0,9999,0,9999
2023-07-18T08:28:12,0,9999,0,9999
2023-07-18T08:40:41,0,9999,0,9999
2023-07-18T08:53:20,0,9999,0,9999
2023-07-18T09:05:49,0,9999,0,9999
2023-07-18T09:18:18,0,9999,0,9999
2023-07-18T09:30:46,0,9999,0,9999
2023-07-18T09:43:12,0,9999,0,9999
2023-07-18T09:55:38,0,9999,0,9999
2023-07-18T10:08:05,0,9999,0,9999
2023-07-18T10:20:31,0,9999,0,9999
2023-07-18T10:32:58,0,9999,0,9999
2023-07-18T10:45:24,0,9999,0,9999
2023-07-18T10:57:51,0,9999,0,9999
2023-07-18T11:10:21,0,9999,0,9999
2023-07-18T11:22:48,0,9999,0,9999
2023-07-18T11:35:15,0,9999,0,9999
2023-07-18T11:47:41,0,9999,0,9999
2023-07-18T12:00:08,0,9999,0,9999
2023-07-18T12:12:34,0,9999,0,9999
2023-07-18T12:25:00,0,9999,0,9999
2023-07-18T12:37:39,0,9999,0,9999
2023-07-18T12:50:06,0,9999,0,9999
2023-07-18T13:02:33,0,9999,0,9999
2023-07-18T13:15:00,0,9999,0,9999
2023-07-18T13:27:26,0,9999,0,9999
2023-07-18T13:39:53,0,9999,0,9999
2023-07-18T13:52:19,0,9999,0,9999
2023-07-18T14:04:45,0,9999,0,9999
2023-07-18T14:17:12,0,9999,0,9999
2023-07-18T14:29:38,0,9999,0,9999
2023-07-18T14:42:06,0,9999,0,9999
2023-07-18T14:54:32,0,9999,0,9999
2023-07-18T15:07:00,0,9999,0,9999
2023-07-18T15:19:28,0,9999,0,9999
2023-07-18T15:32:06,0,9999,0,9999
2023-07-18T15:44:32,0,9999,0,9999
2023-07-18T15:56:58,0,9999,0,9999
2023-07-18T16:09:25,0,9999,0,9999
2023-07-18T16:21:51,0,9999,0,9999
2023-07-18T16:34:18,0,9999,0,9999
2023-07-18T16:46:44,0,9999,0,9999
2023-07-18T16:59:11,0,9999,0,9999
2023-07-18T17:11:38,0,9999,0,9999
2023-07-18T17:24:05,0,9999,0,9999
2023-07-18T17:36:35,0,9999,0,9999
2023-07-18T17:49:01,0,9999,0,9999
2023-07-18T18:01:33,0,9999,0,9999
2023-07-18T18:13:59,0,9999,0,9999
2023-07-18T18:26:25,0,9999,0,9999
2023-07-18T18:39:04,0,9999,0,9999
2023-07-18T18:51:30,0,9999,0,9999
2023-07-18T19:03:57,0,9999,0,9999
2023-07-18T19:16:23,0,9999,0,9999
2023-07-18T19:28:50,0,9999,0,9999
2023-07-18T19:41:17,0,9999,0,9999
2023-07-18T19:53:44,0,9999,0,9999
2023-07-18T20:06:11,0,9999,0,9999
2023-07-18T20:18:37,0,9999,0,9999
2023-07-18T20:31:04,0,9999,0,9999
2023-07-18T20:43:31,0,9999,0,9999
2023-07-18T20:55:57,0,9999,0,9999
2023-07-18T21:08:24,0,9999,0,9999
2023-07-18T21:21:00,0,9999,0,9999
2023-07-18T21:33:26,0,9999,0,9999
2023-07-18T21:45:52,0,9999,0,9999
2023-07-18T21:58:19,0,9999,0,9999
2023-07-18T22:10:45,0,9999,0,9999
2023-07-18T22:23:12,0,9999,0,9999
2023-07-18T22:35:38,0,9999,0,9999
2023-07-18T22:48:04,0,9999,0,9999
2023-07-18T23:00:31,0,9999,0,9999
2023-07-18T23:12:58,0,9999,0,9999
2023-07-18T23:25:25,0,9999,0,9999
2023-07-18T23:37:52,0,9999,0,9999
2023-07-18T23:50:19,0,9999,0,9999
2023-07-19T00:02:47,0,9999,0,9999
2023-07-19T00:15:17,0,9999,0,9999
2023-07-19T00:27:48,0,9999,0,9999
2023-07-19T00:40:18,0,9999,0,9999
2023-07-19T00:52:48,0,9999,0,9999
2023-07-19T01:05:29,0,9999,0,9999
2023-07-19T01:18:00,0,9999,0,9999
2023-07-19T01:30:30,0,9999,0,9999
2023-07-19T01:43:01,0,9999,0,9999
2023-07-19T01:55:34,0,9999,0,9999
2023-07-19T02:08:07,0,9999,0,9999
2023-07-19T02:20:37,0,9999,0,9999
2023-07-19T02:33:10,0,9999,0,9999
2023-07-19T02:45:38,0,9999,0,9999
2023-07-19T02:58:07,0,9999,0,9999
2023-07-19T03:10:36,0,9999,0,9999
2023-07-19T03:23:06,0,9999,0,9999
2023-07-19T03:35:35,0,9999,0,9999
2023-07-19T03:48:04,0,9999,0,9999
2023-07-19T04:00:33,0,9999,0,9999
2023-07-19T04:30:43,0,9999,0,9999
2023-07-19T04:43:14,0,9999,0,9999
2023-07-19T04:55:46,0,9999,0,9999
2023-07-19T05:08:16,0,9999,0,9999
2023-07-19T05:20:46,0,9999,0,9999
2023-07-19T05:33:16,0,9999,0,9999
2023-07-19T05:45:45,0,9999,0,9999
2023-07-19T05:58:14,0,9999,0,9999
2023-07-19T06:10:43,0,9999,0,9999
2023-07-19T06:23:12,0,9999,0,9999
2023-07-19T06:35:40,0,9999,0,9999
2023-07-19T06:48:08,0,9999,0,9999
2023-07-19T07:00:36,0,9999,0,9999
2023-07-19T07:13:06,0,9999,0,9999
2023-07-19T07:25:35,0,9999,0,9999
2023-07-19T07:38:03,0,9999,0,9999
2023-07-19T07:50:31,0,9999,0,9999
2023-07-19T08:03:01,0,9999,0,9999
2023-07-19T08:15:29,0,9999,0,9999
2023-07-19T08:27:57,0,9999,0,9999
2023-07-19T08:40:25,0,9999,0,9999
2023-07-19T08:52:53,0,9999,0,9999
2023-07-19T09:05:19,0,9999,0,9999
2023-07-19T09:17:47,0,9999,0,9999
2023-07-19T09:30:21,0,9999,0,9999
2023-07-19T09:42:47,0,9999,0,9999
2023-07-19T09:55:13,0,9999,0,9999
2023-07-19T10:07:39,0,9999,0,9999
2023-07-19T10:20:04,0,9999,0,9999
2023-07-19T10:32:30,0,9999,0,9999
2023-07-19T10:44:56,0,9999,0,9999
2023-07-19T10:57:22,0,9999,0,9999
2023-07-19T11:09:49,0,9999,0,9999
2023-07-19T11:22:15,0,9999,0,9999
2023-07-19T11:34:41,0,9999,0,9999
2023-07-19T11:47:08,0,9999,0,9999
2023-07-19T11:59:34,0,9999,0,9999
2023-07-19T12:12:13,0,9999,0,9999
2023-07-19T12:24:38,0,9999,0,9999
2023-07-19T12:37:05,0,9999,0,9999
2023-07-19T12:49:31,0,9999,0,9999
2023-07-19T13:01:57,0,9999,0,9999
2023-07-19T13:14:23,0,9999,0,9999
2023-07-19T13:26:48,0,9999,0,9999
2023-07-19T13:39:14,0,9999,0,9999
2023-07-19T13:51:40,0,9999,0,9999
2023-07-19T14:04:06,0,9999,0,9999
2023-07-19T14:16:31,0,9999,0,9999
2023-07-19T14:28:57,0,9999,0,9999
2023-07-19T14:41:32,0,9999,0,9999
2023-07-19T14:53:58,0,9999,0,9999
2023-07-19T15:06:23,0,9999,0,9999
2023-07-19T15:18:48,0,9999,0,9999
2023-07-19T15:31:14,0,9999,0,9999
2023-07-19T15:43:40,0,9999,0,9999
2023-07-19T15:56:07,0,9999,0,9999
2023-07-19T16:08:32,0,9999,0,9999
2023-07-19T16:20:58,0,9999,0,9999
2023-07-19T16:33:24,0,9999,0,9999
2023-07-19T16:45:50,0,9999,0,9999
2023-07-19T16:58:16,0,9999,0,9999
2023-07-19T17:10:50,0,9999,0,9999
2023-07-19T17:23:27,0,9999,0,9999
2023-07-19T17:35:53,0,9999,0,9999
2023-07-19T17:48:19,0,9999,0,9999
2023-07-19T18:00:45,0,9999,0,9999
2023-07-19T18:13:12,0,9999,0,9999
2023-07-19T18:25:38,0,9999,0,9999
2023-07-19T18:38:04,0,9999,0,9999
2023-07-19T18:50:31,0,9999,0,9999
2023-07-19T19:03:10,0,9999,0,9999
2023-07-19T19:15:36,0,9999,0,9999
2023-07-19T19:28:03,0,9999,0,9999
2023-07-19T19:40:30,0,9999,0,9999
2023-07-19T19:53:02,0,9999,0,9999
2023-07-19T20:05:28,0,9999,0,9999
2023-07-19T20:18:06,0,9999,0,9999
2023-07-19T20:30:32,0,9999,0,9999
2023-07-19T20:42:58,0,9999,0,9999
2023-07-19T20:55:25,0,9999,0,9999
2023-07-19T21:07:51,0,9999,0,9999
2023-07-19T21:20:17,0,9999,0,9999
2023-07-19T21:32:43,0,9999,0,9999
2023-07-19T21:45:09,0,9999,0,9999
2023-07-19T21:57:35,0,9999,0,9999
2023-07-19T22:10:01,0,9999,0,9999
2023-07-19T22:22:27,0,9999,0,9999
2023-07-19T22:34:53,0,9999,0,9999
2023-07-19T22:47:19,0,9999,0,9999
2023-07-19T22:59:45,0,9999,0,9999
2023-07-19T23:12:12,0,9999,0,9999
2023-07-19T23:24:39,0,9999,0,9999
2023-07-19T23:37:05,0,9999,0,9999
2023-07-19T23:49:42,0,9999,0,9999
2023-07-20T00:02:09,0,9999,0,9999
2023-07-20T00:14:39,0,9999,0,9999
2023-07-20T00:27:09,0,9999,0,9999
2023-07-20T00:39:40,0,9999,0,9999
2023-07-20T00:52:10,0,9999,0,9999
2023-07-20T01:04:42,0,9999,0,9999
2023-07-20T01:17:12,0,9999,0,9999
2023-07-20T01:29:42,0,9999,0,9999
2023-07-20T01:42:14,0,9999,0,9999
2023-07-20T01:54:45,0,9999,0,9999
2023-07-20T02:07:16,0,9999,0,9999
2023-07-20T02:19:47,0,9999,0,9999
2023-07-20T02:32:14,0,9999,0,9999
2023-07-20T02:44:41,0,9999,0,9999
2023-07-20T02:57:07,0,9999,0,9999
2023-07-20T03:09:34,0,9999,0,9999
2023-07-20T03:22:03,0,9999,0,9999
2023-07-20T03:34:31,0,9999,0,9999
2023-07-20T03:47:00,0,9999,0,9999
2023-07-20T03:59:29,0,9999,0,9999
2023-07-20T04:24:00,0,9999,0,9999
2023-07-20T04:36:33,0,9999,0,9999
2023-07-20T04:49:05,0,9999,0,9999
2023-07-20T05:01:36,0,9999,0,9999
2023-07-20T05:14:06,0,9999,0,9999
2023-07-20T05:26:36,0,9999,0,9999
2023-07-20T05:39:05,0,9999,0,9999
2023-07-20T05:51:35,0,9999,0,9999
2023-07-20T06:04:05,0,9999,0,9999
2023-07-20T06:16:34,0,9999,0,9999
2023-07-20T06:29:03,0,9999,0,9999
2023-07-20T06:41:32,0,9999,0,9999
2023-07-20T06:54:00,0,9999,0,9999
2023-07-20T07:06:28,0,9999,0,9999
2023-07-20T07:18:57,0,9999,0,9999
2023-07-20T07:31:25,0,9999,0,9999
2023-07-20T07:43:52,0,9999,0,9999
2023-07-20T07:56:20,0,9999,0,9999
2023-07-20T08:08:48,0,9999,0,9999
2023-07-20T08:21:16,0,9999,0,9999
2023-07-20T08:33:45,0,9999,0,9999
2023-07-20T08:46:17,0,9999,0,9999
2023-07-20T08:58:46,0,9999,0,9999
2023-07-20T09:11:15,0,9999,0,9999
2023-07-20T09:23:43,0,9999,0,9999
2023-07-20T09:36:20,0,9999,0,9999
2023-07-20T09:48:46,0,9999,0,9999
2023-07-20T10:01:12,0,9999,0,9999
2023-07-20T10:13:38,0,9999,0,9999
2023-07-20T10:26:05,0,9999,0,9999
2023-07-20T10:38:31,0,9999,0,9999
2023-07-20T10:50:57,0,9999,0,9999
2023-07-20T11:03:23,0,9999,0,9999
2023-07-20T11:15:50,0,9999,0,9999
2023-07-20T11:28:16,0,9999,0,9999
2023-07-20T11:40:42,0,9999,0,9999
2023-07-20T11:53:09,0,9999,0,9999
2023-07-20T12:05:35,0,9999,0,9999
2023-07-20T12:18:21,0,9999,0,9999
2023-07-20T12:30:48,0,9999,0,9999
2023-07-20T12:43:14,0,9999,0,9999
2023-07-20T12:55:40,0,9999,0,9999
2023-07-20T13:08:07,0,9999,0,9999
2023-07-20T13:20:33,0,9999,0,9999
2023-07-20T13:32:59,0,9999,0,9999
2023-07-20T13:45:26,0,9999,0,9999
2023-07-20T13:57:52,0,9999,0,9999
2023-07-20T14:10:18,0,9999,0,9999
2023-07-20T14:22:44,0,9999,0,9999
2023-07-20T14:35:10,0,9999,0,9999
2023-07-20T14:47:36,0,9999,0,9999
2023-07-20T15:00:20,0,9999,0,9999
2023-07-20T15:12:46,0,9999,0,9999
2023-07-20T15:25:12,0,9999,0,9999
2023-07-20T15:37:38,0,9999,0,9999
2023-07-20T15:50:04,0,9999,0,9999
2023-07-20T16:02:30,0,9999,0,9999
2023-07-20T16:14:56,0,9999,0,9999
2023-07-20T16:27:22,0,9999,0,9999
2023-07-20T16:39:48,0,9999,0,9999
2023-07-20T16:52:14,0,9999,0,9999
2023-07-20T17:04:40,0,9999,0,9999
2023-07-20T17:17:07,0,9999,0,9999
2023-07-20T17:29:36,0,9999,0,9999
2023-07-20T17:42:13,0,9999,0,9999
2023-07-20T17:54:40,0,9999,0,9999
2023-07-20T18:07:06,0,9999,0,9999
2023-07-20T18:19:32,0,9999,0,9999
2023-07-20T18:31:58,0,9999,0,9999
2023-07-20T18:44:24,0,9999,0,9999
2023-07-20T18:56:50,0,9999,0,9999
2023-07-20T19:09:17,0,9999,0,9999
2023-07-20T19:21:43,0,9999,0,9999
2023-07-20T19:34:10,0,9999,0,9999
2023-07-20T19:46:36,0,9999,0,9999
2023-07-20T19:59:02,0,9999,0,9999
2023-07-20T20:11:29,0,9999,0,9999
2023-07-20T20:23:55,0,9999,0,9999
2023-07-20T20:36:21,0,9999,0,9999
2023-07-20T20:49:05,0,9999,0,9999
2023-07-20T21:01:31,0,9999,0,9999
2023-07-20T21:13:58,0,9999,0,9999
2023-07-20T21:26:24,0,9999,0,9999
2023-07-20T21:38:51,0,9999,0,9999
2023-07-20T21:51:17,0,9999,0,9999
2023-07-20T22:03:43,0,9999,0,9999
2023-07-20T22:16:09,0,9999,0,9999
2023-07-20T22:28:35,0,9999,0,9999
2023-07-20T22:41:02,0,9999,0,9999
2023-07-20T22:53:27,0,9999,0,9999
2023-07-20T23:05:54,0,9999,0,9999
2023-07-20T23:18:21,0,9999,0,9999
2023-07-20T23:30:48,0,9999,0,9999
2023-07-20T23:43:15,0,9999,0,9999
2023-07-20T23:55:41,0,9999,0,9999
2023-07-21T00:08:09,0,9999,0,9999
2023-07-21T00:20:52,0,9999,0,9999
2023-07-21T00:33:21,0,9999,0,9999
2023-07-21T00:45:52,0,9999,0,9999
2023-07-21T00:58:23,0,9999,0,9999
2023-07-21T01:10:52,0,9999,0,9999
2023-07-21T01:23:22,0,9999,0,9999
2023-07-21T01:35:52,0,9999,0,9999
2023-07-21T01:48:24,0,9999,0,9999
2023-07-21T02:00:53,0,9999,0,9999
2023-07-21T02:13:22,0,9999,0,9999
2023-07-21T02:25:49,0,9999,0,9999
2023-07-21T02:38:16,0,9999,0,9999
2023-07-21T02:50:44,0,9999,0,9999
2023-07-21T03:03:13,0,9999,0,9999
2023-07-21T03:15:45,0,9999,0,9999
2023-07-21T03:28:32,0,9999,0,9999
2023-07-21T03:41:03,0,9999,0,9999
2023-07-21T03:53:33,0,9999,0,9999
2023-07-21T04:06:04,0,9999,0,9999
2023-07-21T04:24:40,0,9999,0,9999
2023-07-21T04:37:12,0,9999,0,9999
2023-07-21T04:49:43,0,9999,0,9999
2023-07-21T05:02:14,0,9999,0,9999
2023-07-21T05:14:44,0,9999,0,9999
2023-07-21T05:27:15,0,9999,0,9999
2023-07-21T05:39:45,0,9999,0,9999
2023-07-21T05:52:16,0,9999,0,9999
2023-07-21T06:04:47,0,9999,0,9999
2023-07-21T06:17:17,0,9999,0,9999
2023-07-21T06:29:46,0,9999,0,9999
2023-07-21T06:42:16,0,9999,0,9999
2023-07-21T06:54:46,0,9999,0,9999
2023-07-21T07:07:16,0,9999,0,9999
2023-07-21T07:19:45,0,9999,0,9999
2023-07-21T07:32:13,0,9999,0,9999
2023-07-21T07:44:41,0,9999,0,9999
2023-07-21T07:57:11,0,9999,0,9999
2023-07-21T08:09:40,0,9999,0,9999
2023-07-21T08:22:09,0,9999,0,9999
2023-07-21T08:34:54,0,9999,0,9999
2023-07-21T08:47:21,0,9999,0,9999
2023-07-21T08:59:48,0,9999,0,9999
2023-07-21T09:12:14,0,9999,0,9999
2023-07-21T09:24:41,0,9999,0,9999
2023-07-21T09:37:07,0,9999,0,9999
2023-07-21T09:49:34,0,9999,0,9999
2023-07-21T10:02:00,0,9999,0,9999
2023-07-21T10:14:29,0,9999,0,9999
2023-07-21T10:26:56,0,9999,0,9999
2023-07-21T10:39:22,0,9999,0,9999
2023-07-21T10:51:49,0,9999,0,9999
2023-07-21T11:04:15,0,9999,0,9999
2023-07-21T11:16:42,0,9999,0,9999
2023-07-21T11:29:09,0,9999,0,9999
2023-07-21T11:41:35,0,9999,0,9999
2023-07-21T11:54:12,0,9999,0,9999
2023-07-21T12:06:39,0,9999,0,9999
2023-07-21T12:19:05,0,9999,0,9999
2023-07-21T12:31:32,0,9999,0,9999
2023-07-21T12:43:59,0,9999,0,9999
2023-07-21T12:56:25,0,9999,0,9999
2023-07-21T13:08:51,0,9999,0,9999
2023-07-21T13:21:18,0,9999,0,9999
2023-07-21T13:33:46,0,9999,0,9999
2023-07-21T13:46:13,0,9999,0,9999
2023-07-21T13:58:41,0,9999,0,9999
2023-07-21T14:11:10,0,9999,0,9999
2023-07-21T14:23:38,0,9999,0,9999
2023-07-21T14:36:18,0,9999,0,9999
2023-07-21T14:48:46,0,9999,0,9999
2023-07-21T15:01:16,0,9999,0,9999
2023-07-21T15:13:43,0,9999,0,9999
2023-07-21T15:26:08,0,9999,0,9999
2023-07-21T15:38:33,0,9999,0,9999
2023-07-21T15:50:56,0,9999,0,9999
2023-07-21T16:03:20,0,9999,0,9999
2023-07-21T16:15:44,0,9999,0,9999
2023-07-21T16:28:12,0,9999,0,9999
2023-07-21T16:40:39,0,9999,0,9999
2023-07-21T16:53:05,0,9999,0,9999
2023-07-21T17:05:55,0,9999,0,9999
2023-07-21T17:18:23,0,9999,0,9999
2023-07-21T17:30:51,0,9999,0,9999
2023-07-21T17:43:18,0,9999,0,9999
2023-07-21T17:55:45,0,9999,0,9999
2023-07-21T18:08:12,0,9999,0,9999
2023-07-21T18:20:39,0,9999,0,9999
2023-07-21T18:33:06,0,9999,0,9999
2023-07-21T18:45:32,0,9999,0,9999
2023-07-21T18:57:59,0,9999,0,9999
2023-07-21T19:10:26,0,9999,0,9999
2023-07-21T19:22:52,0,9999,0,9999
2023-07-21T19:35:20,0,9999,0,9999
2023-07-21T19:47:56,0,9999,0,9999
2023-07-21T20:00:23,0,9999,0,9999
2023-07-21T20:12:50,0,9999,0,9999
2023-07-21T20:25:17,0,9999,0,9999
2023-07-21T20:37:43,0,9999,0,9999
2023-07-21T20:50:10,0,9999,0,9999
2023-07-21T21:02:36,0,9999,0,9999
2023-07-21T21:15:02,0,9999,0,9999
2023-07-21T21:27:29,0,9999,0,9999
2023-07-21T21:39:55,0,9999,0,9999
2023-07-21T21:52:22,0,9999,0,9999
2023-07-21T22:04:48,0,9999,0,9999
2023-07-21T22:17:15,0,9999,0,9999
2023-07-21T22:29:43,0,9999,0,9999
2023-07-21T22:42:09,0,9999,0,9999
2023-07-21T22:54:36,0,9999,0,9999
2023-07-21T23:07:03,0,9999,0,9999
2023-07-21T23:19:41,0,9999,0,9999
2023-07-21T23:32:09,0,9999,0,9999
2023-07-21T23:44:35,0,9999,0,9999
2023-07-21T23:57:02,0,9999,0,9999
2023-07-22T00:09:30,0,9999,0,9999
2023-07-22T00:22:06,0,9999,0,9999
2023-07-22T00:34:36,0,9999,0,9999
2023-07-22T00:47:06,0,9999,0,9999
2023-07-22T00:59:37,0,9999,0,9999
2023-07-22T01:12:07,0,9999,0,9999
2023-07-22T01:24:37,0,9999,0,9999
2023-07-22T01:37:08,0,9999,0,9999
2023-07-22T01:49:40,0,9999,0,9999
2023-07-22T02:02:11,0,9999,0,9999
2023-07-22T02:14:40,0,9999,0,9999
2023-07-22T02:27:07,0,9999,0,9999
2023-07-22T02:39:34,0,9999,0,9999
2023-07-22T02:52:01,0,9999,0,9999
2023-07-22T03:04:29,0,9999,0,9999
2023-07-22T03:16:59,0,9999,0,9999
2023-07-22T03:29:30,0,9999,0,9999
2023-07-22T03:41:59,0,9999,0,9999
2023-07-22T03:54:39,0,9999,0,9999
2023-07-22T04:23:22,0,9999,0,9999
2023-07-22T04:35:53,0,9999,0,9999
2023-07-22T04:48:24,0,9999,0,9999
2023-07-22T05:00:53,0,9999,0,9999
2023-07-22T05:13:21,0,9999,0,9999
2023-07-22T05:25:48,0,9999,0,9999
2023-07-22T05:38:14,0,9999,0,9999
2023-07-22T05:50:41,0,9999,0,9999
2023-07-22T06:03:07,0,9999,0,9999
2023-07-22T06:15:36,0,9999,0,9999
2023-07-22T06:28:06,0,9999,0,9999
2023-07-22T06:40:37,0,9999,0,9999
2023-07-22T06:53:08,0,9999,0,9999
2023-07-22T07:05:38,0,9999,0,9999
2023-07-22T07:18:07,0,9999,0,9999
2023-07-22T07:30:37,0,9999,0,9999
2023-07-22T07:43:06,0,9999,0,9999
2023-07-22T07:55:35,0,9999,0,9999
2023-07-22T08:08:06,0,9999,0,9999
2023-07-22T08:20:35,0,9999,0,9999
2023-07-22T08:33:05,0,9999,0,9999
2023-07-22T08:45:44,0,9999,0,9999
2023-07-22T08:58:13,0,9999,0,9999
2023-07-22T09:10:43,0,9999,0,9999
2023-07-22T09:23:13,0,9999,0,9999
2023-07-22T09:35:42,0,9999,0,9999
2023-07-22T09:48:12,0,9999,0,9999
2023-07-22T10:00:42,0,9999,0,9999
2023-07-22T10:13:11,0,9999,0,9999
2023-07-22T10:25:41,0,9999,0,9999
2023-07-22T10:38:10,0,9999,0,9999
2023-07-22T10:50:40,0,9999,0,9999
2023-07-22T11:03:09,0,9999,0,9999
2023-07-22T11:15:39,0,9999,0,9999
2023-07-22T11:28:08,0,9999,0,9999
2023-07-22T11:40:38,0,9999,0,9999
2023-07-22T11:53:07,0,9999,0,9999
2023-07-22T12:05:35,0,9999,0,9999
2023-07-22T12:18:01,0,9999,0,9999
2023-07-22T12:30:28,0,9999,0,9999
2023-07-22T12:42:54,0,9999,0,9999
2023-07-22T12:55:20,0,9999,0,9999
2023-07-22T13:07:46,0,9999,0,9999
2023-07-22T13:20:24,0,9999,0,9999
2023-07-22T13:32:50,0,9999,0,9999
2023-07-22T13:45:16,0,9999,0,9999
2023-07-22T13:57:43,0,9999,0,9999
2023-07-22T14:10:09,0,9999,0,9999
2023-07-22T14:22:35,0,9999,0,9999
2023-07-22T14:35:02,0,9999,0,9999
2023-07-22T14:47:28,0,9999,0,9999
2023-07-22T14:59:55,0,9999,0,9999
2023-07-22T15:12:23,0,9999,0,9999
2023-07-22T15:24:50,0,9999,0,9999
2023-07-22T15:37:16,0,9999,0,9999
2023-07-22T15:49:42,0,9999,0,9999
2023-07-22T16:02:08,0,9999,0,9999
2023-07-22T16:14:34,0,9999,0,9999
2023-07-22T16:27:00,0,9999,0,9999
2023-07-22T16:39:27,0,9999,0,9999
2023-07-22T16:51:53,0,9999,0,9999
2023-07-22T17:04:29,0,9999,0,9999
2023-07-22T17:16:56,0,9999,0,9999
2023-07-22T17:29:23,0,9999,0,9999
2023-07-22T17:41:49,0,9999,0,9999
2023-07-22T17:54:16,0,9999,0,9999
2023-07-22T18:06:42,0,9999,0,9999
2023-07-22T18:19:08,0,9999,0,9999
2023-07-22T18:31:34,0,9999,0,9999
2023-07-22T18:44:01,0,9999,0,9999
2023-07-22T18:56:27,0,9999,0,9999
2023-07-22T19:08:53,0,9999,0,9999
2023-07-22T19:21:20,0,9999,0,9999
2023-07-22T19:33:46,0,9999,0,9999
2023-07-22T19:46:12,0,9999,0,9999
2023-07-22T19:58:39,0,9999,0,9999
2023-07-22T20:11:05,0,9999,0,9999
2023-07-22T20:23:31,0,9999,0,9999
2023-07-22T20:35:57,0,9999,0,9999
2023-07-22T20:48:23,0,9999,0,9999
2023-07-22T21:00:49,0,9999,0,9999
2023-07-22T21:13:16,0,9999,0,9999
2023-07-22T21:25:42,0,9999,0,9999
2023-07-22T21:38:19,0,9999,0,9999
2023-07-22T21:50:45,0,9999,0,9999
2023-07-22T22:03:11,0,9999,0,9999
2023-07-22T22:15:37,0,9999,0,9999
2023-07-22T22:28:04,0,9999,0,9999
2023-07-22T22:40:30,0,9999,0,9999
2023-07-22T22:52:56,0,9999,0,9999
2023-07-22T23:05:22,0,9999,0,9999
2023-07-22T23:17:49,0,9999,0,9999
2023-07-22T23:30:16,0,9999,0,9999
2023-07-22T23:42:42,0,9999,0,9999
2023-07-22T23:55:09,0,9999,0,9999
2023-07-23T00:07:37,0,9999,0,9999
2023-07-23T00:20:07,0,9999,0,9999
2023-07-23T00:32:36,0,9999,0,9999
2023-07-23T00:45:06,0,9999,0,9999
2023-07-23T00:57:46,0,9999,0,9999
2023-07-23T01:10:14,0,9999,0,9999
2023-07-23T01:22:42,0,9999,0,9999
2023-07-23T01:35:12,0,9999,0,9999
2023-07-23T01:47:41,0,9999,0,9999
2023-07-23T02:00:11,0,9999,0,9999
2023-07-23T02:12:42,0,9999,0,9999
2023-07-23T02:25:11,0,9999,0,9999
2023-07-23T02:37:44,0,9999,0,9999
2023-07-23T02:50:13,0,9999,0,9999
2023-07-23T03:02:41,0,9999,0,9999
2023-07-23T03:15:11,0,9999,0,9999
2023-07-23T03:27:40,0,9999,0,9999
2023-07-23T03:40:10,0,9999,0,9999
2023-07-23T03:52:39,0,9999,0,9999
2023-07-23T04:05:09,0,9999,0,9999
2023-07-23T04:28:26,0,9999,0,9999
2023-07-23T04:40:58,0,9999,0,9999
2023-07-23T04:53:30,0,9999,0,9999
2023-07-23T05:06:00,0,9999,0,9999
2023-07-23T05:18:29,0,9999,0,9999
2023-07-23T05:30:59,0,9999,0,9999
2023-07-23T05:43:30,0,9999,0,9999
2023-07-23T05:56:00,0,9999,0,9999
2023-07-23T06:08:29,0,9999,0,9999
2023-07-23T06:20:59,0,9999,0,9999
2023-07-23T06:33:28,0,9999,0,9999
2023-07-23T06:45:58,0,9999,0,9999
2023-07-23T06:58:27,0,9999,0,9999
2023-07-23T07:10:54,0,9999,0,9999
2023-07-23T07:23:20,0,9999,0,9999
2023-07-23T07:35:47,0,9999,0,9999
2023-07-23T07:48:13,0,9999,0,9999
2023-07-23T08:00:39,0,9999,0,9999
2023-07-23T08:13:06,0,9999,0,9999
2023-07-23T08:25:33,0,9999,0,9999
2023-07-23T08:38:03,0,9999,0,9999
2023-07-23T08:50:29,0,9999,0,9999
2023-07-23T09:02:56,0,9999,0,9999
2023-07-23T09:15:23,0,9999,0,9999
2023-07-23T09:27:49,0,9999,0,9999
2023-07-23T09:40:15,0,9999,0,9999
2023-07-23T09:52:43,0,9999,0,9999
2023-07-23T10:05:10,0,9999,0,9999
2023-07-23T10:17:36,0,9999,0,9999
2023-07-23T10:30:03,0,9999,0,9999
2023-07-23T10:42:31,0,9999,0,9999
2023-07-23T10:54:58,0,9999,0,9999
2023-07-23T11:07:25,0,9999,0,9999
2023-07-23T11:19:53,0,9999,0,9999
2023-07-23T11:32:20,0,9999,0,9999
2023-07-23T11:44:47,0,9999,0,9999
2023-07-23T11:57:13,0,9999,0,9999
2023-07-23T12:09:40,0,9999,0,9999
2023-07-23T12:22:17,0,9999,0,9999
2023-07-23T12:34:43,0,9999,0,9999
2023-07-23T12:47:10,0,9999,0,9999
2023-07-23T12:59:37,0,9999,0,9999
2023-07-23T13:12:03,0,9999,0,9999
2023-07-23T13:24:30,0,9999,0,9999
2023-07-23T13:36:56,0,9999,0,9999
2023-07-23T13:49:23,0,9999,0,9999
2023-07-23T14:01:49,0,9999,0,9999
2023-07-23T14:14:15,0,9999,0,9999
2023-07-23T14:26:41,0,9999,0,9999
2023-07-23T14:39:07,0,9999,0,9999
2023-07-23T14:51:34,0,9999,0,9999
2023-07-23T15:03:59,0,9999,0,9999
2023-07-23T15:16:26,0,9999,0,9999
2023-07-23T15:28:52,0,9999,0,9999
2023-07-23T15:41:18,0,9999,0,9999
2023-07-23T15:53:45,0,9999,0,9999
2023-07-23T16:06:11,0,9999,0,9999
2023-07-23T16:18:38,0,9999,0,9999
2023-07-23T16:31:06,0,9999,0,9999
2023-07-23T16:43:32,0,9999,0,9999
2023-07-23T16:55:58,0,9999,0,9999
2023-07-23T17:08:35,0,9999,0,9999
2023-07-23T17:21:02,0,9999,0,9999
2023-07-23T17:33:28,0,9999,0,9999
2023-07-23T17:45:54,0,9999,0,9999
2023-07-23T17:58:20,0,9999,0,9999
2023-07-23T18:10:47,0,9999,0,9999
2023-07-23T18:23:13,0,9999,0,9999
2023-07-23T18:35:40,0,9999,0,9999
2023-07-23T18:48:06,0,9999,0,9999
2023-07-23T19:00:32,0,9999,0,9999
2023-07-23T19:13:02,0,9999,0,9999
2023-07-23T19:25:28,0,9999,0,9999
2023-07-23T19:37:55,0,9999,0,9999
2023-07-23T19:50:21,0,9999,0,9999
2023-07-23T20:02:47,0,9999,0,9999
2023-07-23T20:15:24,0,9999,0,9999
2023-07-23T20:27:50,0,9999,0,9999
2023-07-23T20:40:16,0,9999,0,9999
2023-07-23T20:52:43,0,9999,0,9999
2023-07-23T21:05:09,0,9999,0,9999
2023-07-23T21:17:35,0,9999,0,9999
2023-07-23T21:30:02,0,9999,0,9999
2023-07-23T21:42:29,0,9999,0,9999
2023-07-23T21:54:56,0,9999,0,9999
2023-07-23T22:07:22,0,9999,0,9999
2023-07-23T22:19:48,0,9999,0,9999
2023-07-23T22:32:15,0,9999,0,9999
2023-07-23T22:44:42,0,9999,0,9999
2023-07-23T22:57:08,0,9999,0,9999
2023-07-23T23:09:35,0,9999,0,9999
2023-07-23T23:22:03,0,9999,0,9999
2023-07-23T23:34:30,0,9999,0,9999
2023-07-23T23:46:57,0,9999,0,9999
2023-07-23T23:59:23,0,9999,0,9999
2023-07-24T00:12:03,0,9999,0,9999
2023-07-24T00:24:43,0,9999,0,9999
2023-07-24T00:37:22,0,9999,0,9999
2023-07-24T00:49:52,0,9999,0,9999
2023-07-24T01:02:19,0,9999,0,9999
2023-07-24T01:14:49,0,9999,0,9999
2023-07-24T01:27:22,0,9999,0,9999
2023-07-24T01:39:52,0,9999,0,9999
2023-07-24T01:52:23,0,9999,0,9999
2023-07-24T02:05:04,0,9999,0,9999
2023-07-24T02:17:35,0,9999,0,9999
2023-07-24T02:30:04,0,9999,0,9999
2023-07-24T02:42:33,0,9999,0,9999
2023-07-24T02:55:01,0,9999,0,9999
2023-07-24T03:07:30,0,9999,0,9999
2023-07-24T03:20:00,0,9999,0,9999
2023-07-24T03:32:29,0,9999,0,9999
2023-07-24T03:44:58,0,9999,0,9999
2023-07-24T03:57:28,0,9999,0,9999
2023-07-24T04:26:22,0,9999,0,9999
2023-07-24T04:38:54,0,9999,0,9999
2023-07-24T04:51:25,0,9999,0,9999
2023-07-24T05:03:57,0,9999,0,9999
2023-07-24T05:16:27,0,9999,0,9999
2023-07-24T05:28:57,0,9999,0,9999
2023-07-24T05:41:28,0,9999,0,9999
2023-07-24T05:53:59,0,9999,0,9999
2023-07-24T06:06:28,0,9999,0,9999
2023-07-24T06:18:58,0,9999,0,9999
2023-07-24T06:31:29,0,9999,0,9999
2023-07-24T06:43:59,0,9999,0,9999
2023-07-24T06:56:28,0,9999,0,9999
2023-07-24T07:08:57,0,9999,0,9999
2023-07-24T07:21:24,0,9999,0,9999
2023-07-24T07:33:51,0,9999,0,9999
2023-07-24T07:46:17,0,9999,0,9999
2023-07-24T07:58:44,0,9999,0,9999
2023-07-24T08:11:11,0,9999,0,9999
2023-07-24T08:23:37,0,9999,0,9999
2023-07-24T08:36:05,0,9999,0,9999
2023-07-24T08:48:32,0,9999,0,9999
2023-07-24T09:00:58,0,9999,0,9999
2023-07-24T09:13:29,0,9999,0,9999
2023-07-24T09:25:55,0,9999,0,9999
2023-07-24T09:38:30,0,9999,0,9999
2023-07-24T09:50:56,0,9999,0,9999
2023-07-24T10:03:23,0,9999,0,9999
2023-07-24T10:15:49,0,9999,0,9999
2023-07-24T10:28:16,0,9999,0,9999
2023-07-24T10:40:43,0,9999,0,9999
2023-07-24T10:53:09,0,9999,0,9999
2023-07-24T11:05:36,0,9999,0,9999
2023-07-24T11:18:02,0,9999,0,9999
2023-07-24T11:30:29,0,9999,0,9999
2023-07-24T11:42:56,0,9999,0,9999
2023-07-24T11:55:23,0,9999,0,9999
2023-07-24T12:08:00,0,9999,0,9999
2023-07-24T12:20:27,0,9999,0,9999
2023-07-24T12:32:54,0,9999,0,9999
2023-07-24T12:45:21,0,9999,0,9999
2023-07-24T12:57:48,0,9999,0,9999
2023-07-24T13:10:15,0,9999,0,9999
2023-07-24T13:22:41,0,9999,0,9999
2023-07-24T13:35:08,0,9999,0,9999
2023-07-24T13:47:35,0,9999,0,9999
2023-07-24T14:00:04,0,9999,0,9999
2023-07-24T14:12:32,0,9999,0,9999
2023-07-24T14:25:09,0,9999,0,9999
2023-07-24T14:37:36,0,9999,0,9999
2023-07-24T14:50:02,0,9999,0,9999
2023-07-24T15:02:30,0,9999,0,9999
2023-07-24T15:14:57,0,9999,0,9999
2023-07-24T15:27:24,0,9999,0,9999
2023-07-24T15:39:51,0,9999,0,9999
2023-07-24T15:52:18,0,9999,0,9999
2023-07-24T16:04:45,0,9999,0,9999
2023-07-24T16:17:12,0,9999,0,9999
2023-07-24T16:29:39,0,9999,0,9999
2023-07-24T16:42:18,0,9999,0,9999
2023-07-24T16:54:45,0,9999,0,9999
2023-07-24T17:07:12,0,9999,0,9999
2023-07-24T17:19:40,0,9999,0,9999
2023-07-24T17:32:07,0,9999,0,9999
2023-07-24T17:44:33,0,9999,0,9999
2023-07-24T17:57:00,0,9999,0,9999
2023-07-24T18:09:27,0,9999,0,9999
2023-07-24T18:21:54,0,9999,0,9999
2023-07-24T18:34:21,0,9999,0,9999
2023-07-24T18:46:48,0,9999,0,9999
2023-07-24T18:59:15,0,9999,0,9999
2023-07-24T19:11:43,0,9999,0,9999
2023-07-24T19:24:10,0,9999,0,9999
2023-07-24T19:36:38,0,9999,0,9999
2023-07-24T19:49:15,0,9999,0,9999
2023-07-24T20:01:42,0,9999,0,9999
2023-07-24T20:14:09,0,9999,0,9999
2023-07-24T20:26:36,0,9999,0,9999
2023-07-24T20:39:03,0,9999,0,9999
2023-07-24T20:51:30,0,9999,0,9999
2023-07-24T21:03:57,0,9999,0,9999
2023-07-24T21:16:24,0,9999,0,9999
2023-07-24T21:28:51,0,9999,0,9999
2023-07-24T21:41:18,0,9999,0,9999
2023-07-24T21:53:45,0,9999,0,9999
2023-07-24T22:06:12,0,9999,0,9999
2023-07-24T22:18:39,0,9999,0,9999
2023-07-24T22:31:17,0,9999,0,9999
2023-07-24T22:43:44,0,9999,0,9999
2023-07-24T22:56:11,0,9999,0,9999
2023-07-24T23:08:39,0,9999,0,9999
2023-07-24T23:21:06,0,9999,0,9999
2023-07-24T23:33:34,0,9999,0,9999
2023-07-24T23:46:02,0,9999,0,9999
2023-07-24T23:58:29,0,9999,0,9999
2023-07-25T00:10:58,0,9999,0,9999
2023-07-25T00:23:31,0,9999,0,9999
2023-07-25T00:36:01,0,9999,0,9999
2023-07-25T00:48:32,0,9999,0,9999
2023-07-25T01:01:03,0,9999,0,9999
2023-07-25T01:13:34,0,9999,0,9999
2023-07-25T01:26:04,0,9999,0,9999
2023-07-25T01:38:35,0,9999,0,9999
2023-07-25T01:51:17,0,9999,0,9999
2023-07-25T02:03:48,0,9999,0,9999
2023-07-25T02:16:18,0,9999,0,9999
2023-07-25T02:28:46,0,9999,0,9999
2023-07-25T02:41:15,0,9999,0,9999
2023-07-25T02:53:43,0,9999,0,9999
2023-07-25T03:06:10,0,9999,0,9999
2023-07-25T03:18:39,0,9999,0,9999
2023-07-25T03:31:08,0,9999,0,9999
2023-07-25T03:43:37,0,9999,0,9999
2023-07-25T03:56:07,0,9999,0,9999
2023-07-25T04:24:55,0,9999,0,9999
2023-07-25T04:37:27,0,9999,0,9999
2023-07-25T04:49:59,0,9999,0,9999
2023-07-25T05:02:30,0,9999,0,9999
2023-07-25T05:15:02,0,9999,0,9999
2023-07-25T05:27:32,0,9999,0,9999
2023-07-25T05:40:02,0,9999,0,9999
2023-07-25T05:52:32,0,9999,0,9999
2023-07-25T06:05:02,0,9999,0,9999
2023-07-25T06:17:32,0,9999,0,9999
2023-07-25T06:30:03,0,9999,0,9999
2023-07-25T06:42:32,0,9999,0,9999
2023-07-25T06:55:02,0,9999,0,9999
2023-07-25T07:07:31,0,9999,0,9999
2023-07-25T07:19:59,0,9999,0,9999
2023-07-25T07:32:28,0,9999,0,9999
2023-07-25T07:44:57,0,9999,0,9999
2023-07-25T07:57:25,0,9999,0,9999
2023-07-25T08:09:54,0,9999,0,9999
2023-07-25T08:22:22,0,9999,0,9999
2023-07-25T08:34:52,0,9999,0,9999
2023-07-25T08:47:31,0,9999,0,9999
2023-07-25T08:59:58,0,9999,0,9999
2023-07-25T09:12:28,0,9999,0,9999
2023-07-25T09:24:58,0,9999,0,9999
2023-07-25T09:37:28,0,9999,0,9999
2023-07-25T09:49:58,0,9999,0,9999
2023-07-25T10:02:25,0,9999,0,9999
2023-07-25T10:14:53,0,9999,0,9999
2023-07-25T10:27:22,0,9999,0,9999
2023-07-25T10:39:49,0,9999,0,9999
2023-07-25T10:52:16,0,9999,0,9999
2023-07-25T11:04:54,0,9999,0,9999
2023-07-25T11:17:22,0,9999,0,9999
2023-07-25T11:29:50,0,9999,0,9999
2023-07-25T11:42:17,0,9999,0,9999
2023-07-25T11:54:44,0,9999,0,9999
2023-07-25T12:07:11,0,9999,0,9999
2023-07-25T12:19:49,0,9999,0,9999
2023-07-25T12:32:16,0,9999,0,9999
2023-07-25T12:44:44,0,9999,0,9999
2023-07-25T12:57:11,0,9999,0,9999
2023-07-25T13:09:38,0,9999,0,9999
2023-07-25T13:22:06,0,9999,0,9999
2023-07-25T13:34:33,0,9999,0,9999
2023-07-25T13:47:11,0,9999,0,9999
2023-07-25T13:59:38,0,9999,0,9999
2023-07-25T14:12:06,0,9999,0,9999
2023-07-25T14:24:34,0,9999,0,9999
2023-07-25T14:37:03,0,9999,0,9999
2023-07-25T14:49:32,0,9999,0,9999
2023-07-25T15:02:00,0,9999,0,9999
2023-07-25T15:14:29,0,9999,0,9999
2023-07-25T15:27:09,0,9999,0,9999
2023-07-25T15:39:38,0,9999,0,9999
2023-07-25T15:52:07,0,9999,0,9999
2023-07-25T16:04:35,0,9999,0,9999
2023-07-25T16:17:04,0,9999,0,9999
2023-07-25T16:29:33,0,9999,0,9999
2023-07-25T16:42:02,0,9999,0,9999
2023-07-25T16:54:31,0,9999,0,9999
2023-07-25T17:07:01,0,9999,0,9999
2023-07-25T17:19:42,0,9999,0,9999
2023-07-25T17:32:11,0,9999,0,9999
2023-07-25T17:44:40,0,9999,0,9999
2023-07-25T17:57:09,0,9999,0,9999
2023-07-25T18:09:37,0,9999,0,9999
2023-07-25T18:22:06,0,9999,0,9999
2023-07-25T18:34:35,0,9999,0,9999
2023-07-25T18:47:05,0,9999,0,9999
2023-07-25T18:59:33,0,9999,0,9999
2023-07-25T19:12:03,0,9999,0,9999
2023-07-25T19:24:42,0,9999,0,9999
2023-07-25T19:37:11,0,9999,0,9999
2023-07-25T19:49:40,0,9999,0,9999
2023-07-25T20:02:09,0,9999,0,9999
2023-07-25T20:14:38,0,9999,0,9999
2023-07-25T20:27:08,0,9999,0,9999
2023-07-25T20:39:36,0,9999,0,9999
2023-07-25T20:52:05,0,9999,0,9999
2023-07-25T21:04:34,0,9999,0,9999
2023-07-25T21:17:03,0,9999,0,9999
2023-07-25T21:29:32,0,9999,0,9999
2023-07-25T21:42:01,0,9999,0,9999
2023-07-25T21:54:29,0,9999,0,9999
2023-07-25T22:07:00,0,9999,0,9999
2023-07-25T22:19:40,0,9999,0,9999
2023-07-25T22:32:09,0,9999,0,9999
2023-07-25T22:44:39,0,9999,0,9999
2023-07-25T22:57:07,0,9999,0,9999
2023-07-25T23:09:37,0,9999,0,9999
2023-07-25T23:22:07,0,9999,0,9999
2023-07-25T23:34:37,0,9999,0,9999
2023-07-25T23:47:06,0,9999,0,9999
2023-07-25T23:59:36,0,9999,0,9999
2023-07-26T00:12:08,0,9999,0,9999
2023-07-26T00:24:43,0,9999,0,9999
2023-07-26T00:37:15,0,9999,0,9999
2023-07-26T00:49:48,0,9999,0,9999
2023-07-26T01:02:21,0,9999,0,9999
2023-07-26T01:15:04,0,9999,0,9999
2023-07-26T01:27:37,0,9999,0,9999
2023-07-26T01:40:11,0,9999,0,9999
2023-07-26T01:52:47,0,9999,0,9999
2023-07-26T02:05:22,0,9999,0,9999
2023-07-26T02:17:56,0,9999,0,9999
2023-07-26T02:30:29,0,9999,0,9999
2023-07-26T02:43:02,0,9999,0,9999
2023-07-26T02:55:33,0,9999,0,9999
2023-07-26T03:08:06,0,9999,0,9999
2023-07-26T03:20:39,0,9999,0,9999
2023-07-26T03:33:11,0,9999,0,9999
2023-07-26T03:45:43,0,9999,0,9999
2023-07-26T03:58:16,0,9999,0,9999
2023-07-26T04:10:48,0,9999,0,9999
2023-07-26T04:37:34,0,9999,0,9999
2023-07-26T04:50:08,0,9999,0,9999
2023-07-26T05:02:42,0,9999,0,9999
2023-07-26T05:15:15,0,9999,0,9999
2023-07-26T05:27:48,0,9999,0,9999
2023-07-26T05:40:20,0,9999,0,9999
2023-07-26T05:52:54,0,9999,0,9999
2023-07-26T06:05:25,0,9999,0,9999
2023-07-26T06:17:56,0,9999,0,9999
2023-07-26T06:30:27,0,9999,0,9999
2023-07-26T06:42:59,0,9999,0,9999
2023-07-26T06:55:31,0,9999,0,9999
2023-07-26T07:08:04,0,9999,0,9999
2023-07-26T07:20:33,0,9999,0,9999
2023-07-26T07:33:01,0,9999,0,9999
2023-07-26T07:45:31,0,9999,0,9999
2023-07-26T07:58:03,0,9999,0,9999
2023-07-26T08:10:35,0,9999,0,9999
2023-07-26T08:23:06,0,9999,0,9999
2023-07-26T08:35:38,0,9999,0,9999
2023-07-26T08:48:19,0,9999,0,9999
2023-07-26T09:00:49,0,9999,0,9999
2023-07-26T09:13:18,0,9999,0,9999
2023-07-26T09:25:47,0,9999,0,9999
2023-07-26T09:38:16,0,9999,0,9999
2023-07-26T09:50:45,0,9999,0,9999
2023-07-26T10:03:15,0,9999,0,9999
2023-07-26T10:15:44,0,9999,0,9999
2023-07-26T10:28:13,0,9999,0,9999
2023-07-26T10:40:42,0,9999,0,9999
2023-07-26T10:53:11,0,9999,0,9999
2023-07-26T11:05:50,0,9999,0,9999
2023-07-26T11:18:19,0,9999,0,9999
2023-07-26T11:30:48,0,9999,0,9999
2023-07-26T11:43:17,0,9999,0,9999
2023-07-26T11:55:46,0,9999,0,9999
2023-07-26T12:08:15,0,9999,0,9999
2023-07-26T12:20:44,0,9999,0,9999
2023-07-26T12:33:13,0,9999,0,9999
2023-07-26T12:45:42,0,9999,0,9999
2023-07-26T12:58:23,0,9999,0,9999
2023-07-26T13:10:52,0,9999,0,9999
2023-07-26T13:23:20,0,9999,0,9999
2023-07-26T13:35:49,0,9999,0,9999
2023-07-26T13:48:18,0,9999,0,9999
2023-07-26T14:00:58,0,9999,0,9999
2023-07-26T14:13:26,0,9999,0,9999
2023-07-26T14:25:54,0,9999,0,9999
2023-07-26T14:38:23,0,9999,0,9999
2023-07-26T14:50:52,0,9999,0,9999
2023-07-26T15:03:21,0,9999,0,9999
2023-07-26T15:15:50,0,9999,0,9999
2023-07-26T15:28:19,0,9999,0,9999
2023-07-26T15:41:00,0,9999,0,9999
2023-07-26T15:53:28,0,9999,0,9999
2023-07-26T16:05:57,0,9999,0,9999
2023-07-26T16:18:26,0,9999,0,9999
2023-07-26T16:30:55,0,9999,0,9999
2023-07-26T16:43:24,0,9999,0,9999
2023-07-26T16:55:52,0,9999,0,9999
2023-07-26T17:08:22,0,9999,0,9999
2023-07-26T17:20:51,0,9999,0,9999
2023-07-26T17:33:20,0,9999,0,9999
2023-07-26T17:45:49,0,9999,0,9999
2023-07-26T17:58:28,0,9999,0,9999
2023-07-26T18:10:57,0,9999,0,9999
2023-07-26T18:23:26,0,9999,0,9999
2023-07-26T18:35:55,0,9999,0,9999
2023-07-26T18:48:24,0,9999,0,9999
2023-07-26T19:00:53,0,9999,0,9999
2023-07-26T19:13:22,0,9999,0,9999
2023-07-26T19:25:50,0,9999,0,9999
2023-07-26T19:38:20,0,9999,0,9999
2023-07-26T19:50:49,0,9999,0,9999
2023-07-26T20:03:18,0,9999,0,9999
2023-07-26T20:15:58,0,9999,0,9999
2023-07-26T20:28:27,0,9999,0,9999
2023-07-26T20:40:55,0,9999,0,9999
2023-07-26T20:53:24,0,9999,0,9999
2023-07-26T21:05:54,0,9999,0,9999
2023-07-26T21:18:22,0,9999,0,9999
2023-07-26T21:30:51,0,9999,0,9999
2023-07-26T21:43:20,0,9999,0,9999
2023-07-26T21:55:49,0,9999,0,9999
2023-07-26T22:08:18,0,9999,0,9999
2023-07-26T22:20:47,0,9999,0,9999
2023-07-26T22:33:16,0,9999,0,9999
2023-07-26T22:45:45,0,9999,0,9999
2023-07-26T22:58:13,0,9999,0,9999
2023-07-26T23:10:53,0,9999,0,9999
2023-07-26T23:23:23,0,9999,0,9999
2023-07-26T23:35:52,0,9999,0,9999
2023-07-26T23:48:21,0,9999,0,9999
2023-07-27T00:00:51,0,9999,0,9999
2023-07-27T00:13:22,0,9999,0,9999
2023-07-27T00:25:56,0,9999,0,9999
2023-07-27T00:38:28,0,9999,0,9999
2023-07-27T00:51:01,0,9999,0,9999
2023-07-27T01:03:35,0,9999,0,9999
2023-07-27T01:16:07,0,9999,0,9999
2023-07-27T01:28:40,0,9999,0,9999
2023-07-27T01:41:12,0,9999,0,9999
2023-07-27T01:53:46,0,9999,0,9999
2023-07-27T02:06:17,0,9999,0,9999
2023-07-27T02:18:48,0,9999,0,9999
2023-07-27T02:31:29,0,9999,0,9999
2023-07-27T02:43:59,0,9999,0,9999
2023-07-27T02:56:28,0,9999,0,9999
2023-07-27T03:08:58,0,9999,0,9999
2023-07-27T03:21:29,0,9999,0,9999
2023-07-27T03:34:00,0,9999,0,9999
2023-07-27T03:46:31,0,9999,0,9999
2023-07-27T03:59:03,0,9999,0,9999
2023-07-27T04:27:02,0,9999,0,9999
2023-07-27T04:39:36,0,9999,0,9999
2023-07-27T04:52:09,0,9999,0,9999
2023-07-27T05:04:42,0,9999,0,9999
2023-07-27T05:17:15,0,9999,0,9999
2023-07-27T05:29:48,0,9999,0,9999
2023-07-27T05:42:21,0,9999,0,9999
2023-07-27T05:54:54,0,9999,0,9999
2023-07-27T06:07:25,0,9999,0,9999
2023-07-27T06:19:57,0,9999,0,9999
2023-07-27T06:32:29,0,9999,0,9999
2023-07-27T06:45:01,0,9999,0,9999
2023-07-27T06:57:32,0,9999,0,9999
2023-07-27T07:10:04,0,9999,0,9999
2023-07-27T07:22:44,0,9999,0,9999
2023-07-27T07:35:14,0,9999,0,9999
2023-07-27T07:47:45,0,9999,0,9999
2023-07-27T08:00:15,0,9999,0,9999
2023-07-27T08:12:47,0,9999,0,9999
2023-07-27T08:25:17,0,9999,0,9999
2023-07-27T08:37:49,0,9999,0,9999
2023-07-27T08:50:20,0,9999,0,9999
2023-07-27T09:02:50,0,9999,0,9999
2023-07-27T09:15:20,0,9999,0,9999
2023-07-27T09:27:51,0,9999,0,9999
2023-07-27T09:40:21,0,9999,0,9999
2023-07-27T09:52:52,0,9999,0,9999
2023-07-27T10:05:32,0,9999,0,9999
2023-07-27T10:18:02,0,9999,0,9999
2023-07-27T10:30:30,0,9999,0,9999
2023-07-27T10:42:59,0,9999,0,9999
2023-07-27T10:55:28,0,9999,0,9999
2023-07-27T11:07:57,0,9999,0,9999
2023-07-27T11:20:26,0,9999,0,9999
2023-07-27T11:32:54,0,9999,0,9999
2023-07-27T11:45:23,0,9999,0,9999
2023-07-27T11:57:54,0,9999,0,9999
2023-07-27T12:10:23,0,9999,0,9999
2023-07-27T12:23:02,0,9999,0,9999
2023-07-27T12:35:32,0,9999,0,9999
2023-07-27T12:48:00,0,9999,0,9999
2023-07-27T13:00:29,0,9999,0,9999
2023-07-27T13:12:58,0,9999,0,9999
2023-07-27T13:25:26,0,9999,0,9999
2023-07-27T13:37:55,0,9999,0,9999
2023-07-27T13:50:23,0,9999,0,9999
2023-07-27T14:03:02,0,9999,0,9999
2023-07-27T14:15:40,0,9999,0,9999
2023-07-27T14:28:52,0,9999,0,9999
2023-07-27T14:41:21,0,9999,0,9999
2023-07-27T14:53:49,0,9999,0,9999
2023-07-27T15:06:18,0,9999,0,9999
2023-07-27T15:18:46,0,9999,0,9999
2023-07-27T15:31:15,0,9999,0,9999
2023-07-27T15:43:43,0,9999,0,9999
2023-07-27T15:56:12,0,9999,0,9999
2023-07-27T16:08:50,0,9999,0,9999
2023-07-27T16:21:19,0,9999,0,9999
2023-07-27T16:33:48,0,9999,0,9999
2023-07-27T16:46:17,0,9999,0,9999
2023-07-27T16:58:46,0,9999,0,9999
2023-07-27T17:11:16,0,9999,0,9999
2023-07-27T17:23:45,0,9999,0,9999
2023-07-27T17:36:14,0,9999,0,9999
2023-07-27T17:48:43,0,9999,0,9999
2023-07-27T18:01:12,0,9999,0,9999
2023-07-27T18:13:53,0,9999,0,9999
2023-07-27T18:26:22,0,9999,0,9999
2023-07-27T18:38:50,0,9999,0,9999
2023-07-27T18:51:22,0,9999,0,9999
2023-07-27T19:04:11,0,9999,0,9999
2023-07-27T19:16:40,0,9999,0,9999
2023-07-27T19:29:09,0,9999,0,9999
2023-07-27T19:41:38,0,9999,0,9999
2023-07-27T19:54:07,0,9999,0,9999
2023-07-27T20:06:36,0,9999,0,9999
2023-07-27T20:19:05,0,9999,0,9999
2023-07-27T20:31:43,0,9999,0,9999
2023-07-27T20:44:12,0,9999,0,9999
2023-07-27T20:56:40,0,9999,0,9999
2023-07-27T21:09:09,0,9999,0,9999
2023-07-27T21:21:38,0,9999,0,9999
2023-07-27T21:34:07,0,9999,0,9999
2023-07-27T21:46:37,0,9999,0,9999
2023-07-27T21:59:05,0,9999,0,9999
2023-07-27T22:11:45,0,9999,0,9999
2023-07-27T22:24:13,0,9999,0,9999
2023-07-27T22:36:43,0,9999,0,9999
2023-07-27T22:49:12,0,9999,0,9999
2023-07-27T23:01:41,0,9999,0,9999
2023-07-27T23:14:12,0,9999,0,9999
2023-07-27T23:26:42,0,9999,0,9999
2023-07-27T23:39:11,0,9999,0,9999
2023-07-27T23:51:41,0,9999,0,9999
2023-07-28T00:04:11,0,9999,0,9999
2023-07-28T00:16:45,0,9999,0,9999
2023-07-28T00:29:18,0,9999,0,9999
2023-07-28T00:41:50,0,9999,0,9999
2023-07-28T00:54:23,0,9999,0,9999
2023-07-28T01:07:08,0,9999,0,9999
2023-07-28T01:19:41,0,9999,0,9999
2023-07-28T01:32:15,0,9999,0,9999
2023-07-28T01:44:49,0,9999,0,9999
2023-07-28T01:57:25,0,9999,0,9999
2023-07-28T02:10:00,0,9999,0,9999
2023-07-28T02:22:44,0,9999,0,9999
2023-07-28T02:35:18,0,9999,0,9999
2023-07-28T02:47:50,0,9999,0,9999
2023-07-28T03:00:21,0,9999,0,9999
2023-07-28T03:12:54,0,9999,0,9999
2023-07-28T03:25:26,0,9999,0,9999
2023-07-28T03:37:57,0,9999,0,9999
2023-07-28T03:50:30,0,9999,0,9999
2023-07-28T04:03:02,0,9999,0,9999
2023-07-28T04:15:35,0,9999,0,9999
2023-07-28T04:36:52,0,9999,0,9999
2023-07-28T04:49:26,0,9999,0,9999
2023-07-28T05:02:00,0,9999,0,9999
2023-07-28T05:14:33,0,9999,0,9999
2023-07-28T05:27:06,0,9999,0,9999
2023-07-28T05:39:38,0,9999,0,9999
2023-07-28T05:52:11,0,9999,0,9999
2023-07-28T06:04:43,0,9999,0,9999
2023-07-28T06:17:14,0,9999,0,9999
2023-07-28T06:29:46,0,9999,0,9999
2023-07-28T06:42:17,0,9999,0,9999
2023-07-28T06:54:49,0,9999,0,9999
2023-07-28T07:07:21,0,9999,0,9999
2023-07-28T07:19:52,0,9999,0,9999
2023-07-28T07:32:22,0,9999,0,9999
2023-07-28T07:44:52,0,9999,0,9999
2023-07-28T07:57:21,0,9999,0,9999
2023-07-28T08:09:52,0,9999,0,9999
2023-07-28T08:22:21,0,9999,0,9999
2023-07-28T08:34:50,0,9999,0,9999
2023-07-28T08:47:19,0,9999,0,9999
2023-07-28T08:59:57,0,9999,0,9999
2023-07-28T09:12:25,0,9999,0,9999
2023-07-28T09:24:55,0,9999,0,9999
2023-07-28T09:37:25,0,9999,0,9999
2023-07-28T09:49:54,0,9999,0,9999
2023-07-28T10:02:23,0,9999,0,9999
2023-07-28T10:14:52,0,9999,0,9999
2023-07-28T10:27:21,0,9999,0,9999
2023-07-28T10:39:51,0,9999,0,9999
2023-07-28T10:52:30,0,9999,0,9999
2023-07-28T11:04:58,0,9999,0,9999
2023-07-28T11:17:27,0,9999,0,9999
2023-07-28T11:29:56,0,9999,0,9999
2023-07-28T11:42:25,0,9999,0,9999
2023-07-28T11:54:54,0,9999,0,9999
2023-07-28T12:07:23,0,9999,0,9999
2023-07-28T12:19:51,0,9999,0,9999
2023-07-28T12:32:20,0,9999,0,9999
2023-07-28T12:44:50,0,9999,0,9999
2023-07-28T12:57:31,0,9999,0,9999
2023-07-28T13:10:00,0,9999,0,9999
2023-07-28T13:22:28,0,9999,0,9999
2023-07-28T13:34:58,0,9999,0,9999
2023-07-28T13:47:27,0,9999,0,9999
2023-07-28T13:59:56,0,9999,0,9999
2023-07-28T14:12:26,0,9999,0,9999
2023-07-28T14:24:55,0,9999,0,9999
2023-07-28T14:37:25,0,9999,0,9999
2023-07-28T14:50:04,0,9999,0,9999
2023-07-28T15:02:34,0,9999,0,9999
2023-07-28T15:15:19,0,9999,0,9999
2023-07-28T15:27:48,0,9999,0,9999
2023-07-28T15:40:17,0,9999,0,9999
2023-07-28T15:52:47,0,9999,0,9999
2023-07-28T16:05:16,0,9999,0,9999
2023-07-28T16:17:46,0,9999,0,9999
2023-07-28T16:30:15,0,9999,0,9999
2023-07-28T16:42:45,0,9999,0,9999
2023-07-28T16:55:15,0,9999,0,9999
2023-07-28T17:07:56,0,9999,0,9999
2023-07-28T17:20:27,0,9999,0,9999
2023-07-28T17:32:57,0,9999,0,9999
2023-07-28T17:45:27,0,9999,0,9999
2023-07-28T17:57:57,0,9999,0,9999
2023-07-28T18:10:27,0,9999,0,9999
2023-07-28T18:22:56,0,9999,0,9999
2023-07-28T18:35:26,0,9999,0,9999
2023-07-28T18:47:56,0,9999,0,9999
2023-07-28T19:00:25,0,9999,0,9999
2023-07-28T19:12:56,0,9999,0,9999
2023-07-28T19:25:25,0,9999,0,9999
2023-07-28T19:38:06,0,9999,0,9999
2023-07-28T19:50:36,0,9999,0,9999
2023-07-28T20:03:05,0,9999,0,9999
2023-07-28T20:15:35,0,9999,0,9999
2023-07-28T20:28:05,0,9999,0,9999
2023-07-28T20:40:34,0,9999,0,9999
2023-07-28T20:53:04,0,9999,0,9999
2023-07-28T21:05:33,0,9999,0,9999
2023-07-28T21:18:03,0,9999,0,9999
2023-07-28T21:30:33,0,9999,0,9999
2023-07-28T21:43:03,0,9999,0,9999
2023-07-28T21:55:33,0,9999,0,9999
2023-07-28T22:08:02,0,9999,0,9999
2023-07-28T22:20:42,0,9999,0,9999
2023-07-28T22:33:12,0,9999,0,9999
2023-07-28T22:45:41,0,9999,0,9999
2023-07-28T22:58:11,0,9999,0,9999
2023-07-28T23:10:41,0,9999,0,9999
2023-07-28T23:23:12,0,9999,0,9999
2023-07-28T23:35:42,0,9999,0,9999
2023-07-28T23:48:12,0,9999,0,9999
2023-07-29T00:00:42,0,9999,0,9999
2023-07-29T00:13:17,0,9999,0,9999
2023-07-29T00:25:52,0,9999,0,9999
2023-07-29T00:38:25,0,9999,0,9999
2023-07-29T00:51:00,0,9999,0,9999
2023-07-29T01:03:34,0,9999,0,9999
2023-07-29T01:16:07,0,9999,0,9999
2023-07-29T01:28:53,0,9999,0,9999
2023-07-29T01:41:26,0,9999,0,9999
2023-07-29T01:54:02,0,9999,0,9999
2023-07-29T02:06:33,0,9999,0,9999
2023-07-29T02:19:02,0,9999,0,9999
2023-07-29T02:31:33,0,9999,0,9999
2023-07-29T02:44:03,0,9999,0,9999
2023-07-29T02:56:33,0,9999,0,9999
2023-07-29T03:09:04,0,9999,0,9999
2023-07-29T03:21:36,0,9999,0,9999
2023-07-29T03:34:08,0,9999,0,9999
2023-07-29T03:46:41,0,9999,0,9999
2023-07-29T03:59:15,0,9999,0,9999
2023-07-29T04:11:50,0,9999,0,9999
2023-07-29T04:35:06,0,9999,0,9999
2023-07-29T04:47:41,0,9999,0,9999
2023-07-29T05:00:15,0,9999,0,9999
2023-07-29T05:12:48,0,9999,0,9999
2023-07-29T05:25:19,0,9999,0,9999
2023-07-29T05:37:49,0,9999,0,9999
2023-07-29T05:50:19,0,9999,0,9999
2023-07-29T06:02:49,0,9999,0,9999
2023-07-29T06:15:20,0,9999,0,9999
2023-07-29T06:27:50,0,9999,0,9999
2023-07-29T06:40:20,0,9999,0,9999
2023-07-29T06:52:49,0,9999,0,9999
2023-07-29T07:05:22,0,9999,0,9999
2023-07-29T07:18:01,0,9999,0,9999
2023-07-29T07:30:35,0,9999,0,9999
2023-07-29T07:43:08,0,9999,0,9999
2023-07-29T07:55:42,0,9999,0,9999
2023-07-29T08:08:18,0,9999,0,9999
2023-07-29T08:20:58,0,9999,0,9999
2023-07-29T08:33:32,0,9999,0,9999
2023-07-29T08:46:05,0,9999,0,9999
2023-07-29T08:58:38,0,9999,0,9999
2023-07-29T09:11:10,0,9999,0,9999
2023-07-29T09:23:43,0,9999,0,9999
2023-07-29T09:36:16,0,9999,0,9999
2023-07-29T09:48:49,0,9999,0,9999
2023-07-29T10:01:22,0,9999,0,9999
2023-07-29T10:13:54,0,9999,0,9999
2023-07-29T10:26:27,0,9999,0,9999
2023-07-29T10:38:59,0,9999,0,9999
2023-07-29T10:51:43,0,9999,0,9999
2023-07-29T11:04:16,0,9999,0,9999
2023-07-29T11:16:48,0,9999,0,9999
2023-07-29T11:29:20,0,9999,0,9999
2023-07-29T11:41:54,0,9999,0,9999
2023-07-29T11:54:28,0,9999,0,9999
2023-07-29T12:07:01,0,9999,0,9999
2023-07-29T12:19:34,0,9999,0,9999
2023-07-29T12:32:07,0,9999,0,9999
2023-07-29T12:44:40,0,9999,0,9999
2023-07-29T12:57:12,0,9999,0,9999
2023-07-29T13:09:44,0,9999,0,9999
2023-07-29T13:22:14,0,9999,0,9999
2023-07-29T13:34:44,0,9999,0,9999
2023-07-29T13:47:13,0,9999,0,9999
2023-07-29T13:59:53,0,9999,0,9999
2023-07-29T14:12:22,0,9999,0,9999
2023-07-29T14:24:52,0,9999,0,9999
2023-07-29T14:37:22,0,9999,0,9999
2023-07-29T14:49:52,0,9999,0,9999
2023-07-29T15:02:21,0,9999,0,9999
2023-07-29T15:14:51,0,9999,0,9999
2023-07-29T15:27:20,0,9999,0,9999
2023-07-29T15:39:49,0,9999,0,9999
2023-07-29T15:52:19,0,9999,0,9999
2023-07-29T16:04:50,0,9999,0,9999
2023-07-29T16:17:19,0,9999,0,9999
2023-07-29T16:29:48,0,9999,0,9999
2023-07-29T16:42:18,0,9999,0,9999
2023-07-29T16:54:47,0,9999,0,9999
2023-07-29T17:07:26,0,9999,0,9999
2023-07-29T17:19:57,0,9999,0,9999
2023-07-29T17:32:27,0,9999,0,9999
2023-07-29T17:44:57,0,9999,0,9999
2023-07-29T17:57:26,0,9999,0,9999
2023-07-29T18:09:56,0,9999,0,9999
2023-07-29T18:22:26,0,9999,0,9999
2023-07-29T18:34:56,0,9999,0,9999
2023-07-29T18:47:26,0,9999,0,9999
2023-07-29T18:59:56,0,9999,0,9999
2023-07-29T19:12:26,0,9999,0,9999
2023-07-29T19:24:57,0,9999,0,9999
2023-07-29T19:37:26,0,9999,0,9999
2023-07-29T19:49:56,0,9999,0,9999
2023-07-29T20:02:26,0,9999,0,9999
2023-07-29T20:15:05,0,9999,0,9999
2023-07-29T20:27:35,0,9999,0,9999
2023-07-29T20:40:05,0,9999,0,9999
2023-07-29T20:52:35,0,9999,0,9999
2023-07-29T21:05:05,0,9999,0,9999
2023-07-29T21:17:36,0,9999,0,9999
2023-07-29T21:30:05,0,9999,0,9999
2023-07-29T21:42:35,0,9999,0,9999
2023-07-29T21:55:05,0,9999,0,9999
2023-07-29T22:07:35,0,9999,0,9999
2023-07-29T22:20:05,0,9999,0,9999
2023-07-29T22:32:35,0,9999,0,9999
2023-07-29T22:45:04,0,9999,0,9999
2023-07-29T22:57:33,0,9999,0,9999
2023-07-29T23:10:14,0,9999,0,9999
2023-07-29T23:22:43,0,9999,0,9999
2023-07-29T23:35:13,0,9999,0,9999
2023-07-29T23:47:43,0,9999,0,9999
2023-07-30T00:00:13,0,9999,0,9999
2023-07-30T00:12:46,0,9999,0,9999
2023-07-30T00:25:20,0,9999,0,9999
2023-07-30T00:37:53,0,9999,0,9999
2023-07-30T00:50:26,0,9999,0,9999
2023-07-30T01:03:00,0,9999,0,9999
2023-07-30T01:15:31,0,9999,0,9999
2023-07-30T01:28:04,0,9999,0,9999
2023-07-30T01:40:38,0,9999,0,9999
2023-07-30T01:53:10,0,9999,0,9999
2023-07-30T02:06:02,0,9999,0,9999
2023-07-30T02:18:37,0,9999,0,9999
2023-07-30T02:31:12,0,9999,0,9999
2023-07-30T02:43:55,0,9999,0,9999
2023-07-30T02:56:28,0,9999,0,9999
2023-07-30T03:09:00,0,9999,0,9999
2023-07-30T03:21:33,0,9999,0,9999
2023-07-30T03:34:06,0,9999,0,9999
2023-07-30T03:46:40,0,9999,0,9999
2023-07-30T03:59:14,0,9999,0,9999
2023-07-30T04:24:20,0,9999,0,9999
2023-07-30T04:36:56,0,9999,0,9999
2023-07-30T04:49:30,0,9999,0,9999
2023-07-30T05:02:04,0,9999,0,9999
2023-07-30T05:14:38,0,9999,0,9999
2023-07-30T05:27:11,0,9999,0,9999
2023-07-30T05:39:45,0,9999,0,9999
2023-07-30T05:52:19,0,9999,0,9999
2023-07-30T06:04:53,0,9999,0,9999
2023-07-30T06:17:26,0,9999,0,9999
2023-07-30T06:30:02,0,9999,0,9999
2023-07-30T06:44:09,0,9999,0,9999
2023-07-30T06:56:41,0,9999,0,9999
2023-07-30T07:09:13,0,9999,0,9999
2023-07-30T07:21:42,0,9999,0,9999
2023-07-30T07:34:13,0,9999,0,9999
2023-07-30T07:46:44,0,9999,0,9999
2023-07-30T07:59:14,0,9999,0,9999
2023-07-30T08:11:44,0,9999,0,9999
2023-07-30T08:24:14,0,9999,0,9999
2023-07-30T08:36:46,0,9999,0,9999
2023-07-30T08:49:28,0,9999,0,9999
2023-07-30T09:01:58,0,9999,0,9999
2023-07-30T09:14:28,0,9999,0,9999
2023-07-30T09:26:57,0,9999,0,9999
2023-07-30T09:39:27,0,9999,0,9999
2023-07-30T09:52:00,0,9999,0,9999
2023-07-30T10:04:30,0,9999,0,9999
2023-07-30T10:17:00,0,9999,0,9999
2023-07-30T10:29:30,0,9999,0,9999
2023-07-30T10:42:00,0,9999,0,9999
2023-07-30T10:54:29,0,9999,0,9999
2023-07-30T11:06:59,0,9999,0,9999
2023-07-30T11:19:29,0,9999,0,9999
2023-07-30T11:31:59,0,9999,0,9999
2023-07-30T11:44:29,0,9999,0,9999
2023-07-30T11:57:00,0,9999,0,9999
2023-07-30T12:09:40,0,9999,0,9999
2023-07-30T12:22:10,0,9999,0,9999
2023-07-30T12:34:40,0,9999,0,9999
2023-07-30T12:47:10,0,9999,0,9999
2023-07-30T12:59:39,0,9999,0,9999
2023-07-30T13:12:10,0,9999,0,9999
2023-07-30T13:24:40,0,9999,0,9999
2023-07-30T13:37:10,0,9999,0,9999
2023-07-30T13:49:40,0,9999,0,9999
2023-07-30T14:02:10,0,9999,0,9999
2023-07-30T14:14:40,0,9999,0,9999
2023-07-30T14:27:09,0,9999,0,9999
2023-07-30T14:39:39,0,9999,0,9999
2023-07-30T14:52:19,0,9999,0,9999
2023-07-30T15:04:49,0,9999,0,9999
2023-07-30T15:17:19,0,9999,0,9999
2023-07-30T15:29:49,0,9999,0,9999
2023-07-30T15:42:18,0,9999,0,9999
2023-07-30T15:54:48,0,9999,0,9999
2023-07-30T16:07:17,0,9999,0,9999
2023-07-30T16:19:50,0,9999,0,9999
2023-07-30T16:32:20,0,9999,0,9999
2023-07-30T16:44:51,0,9999,0,9999
2023-07-30T16:57:21,0,9999,0,9999
2023-07-30T17:09:51,0,9999,0,9999
2023-07-30T17:22:22,0,9999,0,9999
2023-07-30T17:34:52,0,9999,0,9999
2023-07-30T17:47:21,0,9999,0,9999
2023-07-30T18:00:00,0,9999,0,9999
2023-07-30T18:12:29,0,9999,0,9999
2023-07-30T18:24:59,0,9999,0,9999
2023-07-30T18:37:29,0,9999,0,9999
2023-07-30T18:49:58,0,9999,0,9999
2023-07-30T19:02:30,0,9999,0,9999
2023-07-30T19:15:01,0,9999,0,9999
2023-07-30T19:27:33,0,9999,0,9999
2023-07-30T19:40:12,0,9999,0,9999
2023-07-30T19:52:42,0,9999,0,9999
2023-07-30T20:05:11,0,9999,0,9999
2023-07-30T20:17:40,0,9999,0,9999
2023-07-30T20:30:10,0,9999,0,9999
2023-07-30T20:42:40,0,9999,0,9999
2023-07-30T20:55:09,0,9999,0,9999
2023-07-30T21:07:39,0,9999,0,9999
2023-07-30T21:20:09,0,9999,0,9999
2023-07-30T21:32:39,0,9999,0,9999
2023-07-30T21:45:09,0,9999,0,9999
2023-07-30T21:57:38,0,9999,0,9999
2023-07-30T22:10:08,0,9999,0,9999
2023-07-30T22:22:48,0,9999,0,9999
2023-07-30T22:35:18,0,9999,0,9999
2023-07-30T22:47:48,0,9999,0,9999
2023-07-30T23:00:17,0,9999,0,9999
2023-07-30T23:12:49,0,9999,0,9999
2023-07-30T23:25:19,0,9999,0,9999
2023-07-30T23:37:50,0,9999,0,9999
2023-07-30T23:50:20,0,9999,0,9999
2023-07-31T00:02:51,0,9999,0,9999
2023-07-31T00:15:33,0,9999,0,9999
2023-07-31T00:28:22,0,9999,0,9999
2023-07-31T00:41:06,0,9999,0,9999
2023-07-31T00:53:56,0,9999,0,9999
2023-07-31T01:06:30,0,9999,0,9999
2023-07-31T01:19:01,0,9999,0,9999
2023-07-31T01:31:36,0,9999,0,9999
2023-07-31T01:44:08,0,9999,0,9999
2023-07-31T01:56:41,0,9999,0,9999
2023-07-31T02:09:24,0,9999,0,9999
2023-07-31T02:21:58,0,9999,0,9999
2023-07-31T02:34:31,0,9999,0,9999
2023-07-31T02:47:03,0,9999,0,9999
2023-07-31T02:59:35,0,9999,0,9999
2023-07-31T03:12:08,0,9999,0,9999
2023-07-31T03:24:43,0,9999,0,9999
2023-07-31T03:37:15,0,9999,0,9999
2023-07-31T03:49:49,0,9999,0,9999
2023-07-31T04:02:23,0,9999,0,9999
2023-07-31T04:25:31,0,9999,0,9999
2023-07-31T04:38:09,0,9999,0,9999
2023-07-31T04:50:43,0,9999,0,9999
2023-07-31T05:03:19,0,9999,0,9999
2023-07-31T05:15:53,0,9999,0,9999
2023-07-31T05:28:26,0,9999,0,9999
2023-07-31T05:41:00,0,9999,0,9999
2023-07-31T05:53:35,0,9999,0,9999
2023-07-31T06:06:08,0,9999,0,9999
2023-07-31T06:18:41,0,9999,0,9999
2023-07-31T06:31:24,0,9999,0,9999
2023-07-31T06:43:57,0,9999,0,9999
2023-07-31T06:56:29,0,9999,0,9999
2023-07-31T07:09:02,0,9999,0,9999
2023-07-31T07:21:32,0,9999,0,9999
2023-07-31T07:34:02,0,9999,0,9999
2023-07-31T07:46:33,0,9999,0,9999
2023-07-31T07:59:03,0,9999,0,9999
2023-07-31T08:11:33,0,9999,0,9999
2023-07-31T08:24:03,0,9999,0,9999
2023-07-31T08:37:45,0,9999,0,9999
2023-07-31T08:50:24,0,9999,0,9999
2023-07-31T09:02:54,0,9999,0,9999
2023-07-31T09:15:23,0,9999,0,9999
2023-07-31T09:27:53,0,9999,0,9999
2023-07-31T09:40:23,0,9999,0,9999
2023-07-31T09:53:00,0,9999,0,9999
2023-07-31T10:05:30,0,9999,0,9999
2023-07-31T10:17:59,0,9999,0,9999
2023-07-31T10:30:29,0,9999,0,9999
2023-07-31T10:42:59,0,9999,0,9999
2023-07-31T10:55:41,0,9999,0,9999
2023-07-31T11:09:12,0,9999,0,9999
2023-07-31T11:21:42,0,9999,0,9999
2023-07-31T11:38:04,0,9999,0,9999
2023-07-31T11:53:41,0,9999,0,9999
2023-07-31T12:06:12,0,9999,0,9999
2023-07-31T12:18:41,0,9999,0,9999
2023-07-31T12:31:22,0,9999,0,9999
2023-07-31T12:43:52,0,9999,0,9999
2023-07-31T12:56:22,0,9999,0,9999
2023-07-31T13:08:51,0,9999,0,9999
2023-07-31T13:21:21,0,9999,0,9999
2023-07-31T13:33:51,0,9999,0,9999
2023-07-31T13:46:20,0,9999,0,9999
2023-07-31T13:58:50,0,9999,0,9999
2023-07-31T14:11:20,0,9999,0,9999
2023-07-31T14:24:01,0,9999,0,9999
2023-07-31T14:36:31,0,9999,0,9999
2023-07-31T14:49:01,0,9999,0,9999
2023-07-31T15:01:34,0,9999,0,9999
2023-07-31T15:14:06,0,9999,0,9999
2023-07-31T15:26:39,0,9999,0,9999
2023-07-31T15:39:13,0,9999,0,9999
2023-07-31T15:51:48,0,9999,0,9999
2023-07-31T16:04:34,0,9999,0,9999
2023-07-31T16:17:07,0,9999,0,9999
2023-07-31T16:29:40,0,9999,0,9999
2023-07-31T16:42:14,0,9999,0,9999
2023-07-31T16:54:48,0,9999,0,9999
2023-07-31T17:07:22,0,9999,0,9999
2023-07-31T17:19:57,0,9999,0,9999
2023-07-31T17:32:31,0,9999,0,9999
2023-07-31T17:45:15,0,9999,0,9999
2023-07-31T17:57:49,0,9999,0,9999
2023-07-31T18:10:23,0,9999,0,9999
2023-07-31T18:22:57,0,9999,0,9999
2023-07-31T18:35:33,0,9999,0,9999
2023-07-31T18:48:07,0,9999,0,9999
2023-07-31T19:00:41,0,9999,0,9999
2023-07-31T19:13:16,0,9999,0,9999
2023-07-31T19:25:51,0,9999,0,9999
2023-07-31T19:38:25,0,9999,0,9999
2023-07-31T19:51:08,0,9999,0,9999
2023-07-31T20:03:43,0,9999,0,9999
2023-07-31T20:16:17,0,9999,0,9999
2023-07-31T20:28:50,0,9999,0,9999
2023-07-31T20:41:23,0,9999,0,9999
2023-07-31T20:53:57,0,9999,0,9999
2023-07-31T21:06:32,0,9999,0,9999
2023-07-31T21:19:06,0,9999,0,9999
2023-07-31T21:31:39,0,9999,0,9999
2023-07-31T21:44:13,0,9999,0,9999
2023-07-31T21:56:57,0,9999,0,9999
2023-07-31T22:09:30,0,9999,0,9999
2023-07-31T22:22:04,0,9999,0,9999
2023-07-31T22:34:37,0,9999,0,9999
2023-07-31T22:47:11,0,9999,0,9999
2023-07-31T22:59:44,0,9999,0,9999
2023-07-31T23:12:21,0,9999,0,9999
2023-07-31T23:24:55,0,9999,0,9999
2023-07-31T23:37:30,0,9999,0,9999
2023-07-31T23:50:04,0,9999,0,9999
2023-08-01T00:02:49,0,9999,0,9999
2023-08-01T00:15:25,0,9999,0,9999
2023-08-01T00:28:04,0,9999,0,9999
2023-08-01T00:40:43,0,9999,0,9999
2023-08-01T00:53:22,0,9999,0,9999
2023-08-01T01:05:59,0,9999,0,9999
2023-08-01T01:18:35,0,9999,0,9999
2023-08-01T01:31:13,0,9999,0,9999
2023-08-01T01:43:52,0,9999,0,9999
2023-08-01T01:56:29,0,9999,0,9999
2023-08-01T02:09:07,0,9999,0,9999
2023-08-01T02:21:46,0,9999,0,9999
2023-08-01T02:34:23,0,9999,0,9999
2023-08-01T02:46:58,0,9999,0,9999
2023-08-01T02:59:33,0,9999,0,9999
2023-08-01T03:12:10,0,9999,0,9999
2023-08-01T03:24:46,0,9999,0,9999
2023-08-01T03:37:22,0,9999,0,9999
2023-08-01T03:50:00,0,9999,0,9999
2023-08-01T04:02:48,0,9999,0,9999
2023-08-01T04:15:25,0,9999,0,9999
2023-08-01T04:34:44,0,9999,0,9999
2023-08-01T04:47:23,0,9999,0,9999
2023-08-01T05:00:01,0,9999,0,9999
2023-08-01T05:12:36,0,9999,0,9999
2023-08-01T05:25:10,0,9999,0,9999
2023-08-01T05:37:43,0,9999,0,9999
2023-08-01T05:50:22,0,9999,0,9999
2023-08-01T06:03:16,0,9999,0,9999
2023-08-01T06:15:56,0,9999,0,9999
2023-08-01T06:28:33,0,9999,0,9999
2023-08-01T06:41:09,0,9999,0,9999
2023-08-01T06:53:46,0,9999,0,9999
2023-08-01T07:06:24,0,9999,0,9999
2023-08-01T07:19:00,0,9999,0,9999
2023-08-01T07:31:36,0,9999,0,9999
2023-08-01T07:44:11,0,9999,0,9999
2023-08-01T07:56:45,0,9999,0,9999
2023-08-01T08:09:20,0,9999,0,9999
2023-08-01T08:21:56,0,9999,0,9999
2023-08-01T08:34:33,0,9999,0,9999
2023-08-01T08:47:19,0,9999,0,9999
2023-08-01T08:59:54,0,9999,0,9999
2023-08-01T09:12:30,0,9999,0,9999
2023-08-01T09:25:06,0,9999,0,9999
2023-08-01T09:37:42,0,9999,0,9999
2023-08-01T09:50:18,0,9999,0,9999
2023-08-01T10:02:53,0,9999,0,9999
2023-08-01T10:15:28,0,9999,0,9999
2023-08-01T10:28:05,0,9999,0,9999
2023-08-01T10:40:41,0,9999,0,9999
2023-08-01T10:53:16,0,9999,0,9999
2023-08-01T11:05:50,0,9999,0,9999
2023-08-01T11:18:37,0,9999,0,9999
2023-08-01T11:31:12,0,9999,0,9999
2023-08-01T11:43:47,0,9999,0,9999
2023-08-01T11:56:22,0,9999,0,9999
2023-08-01T12:08:56,0,9999,0,9999
2023-08-01T12:21:30,0,9999,0,9999
2023-08-01T12:34:05,0,9999,0,9999
2023-08-01T12:46:39,0,9999,0,9999
2023-08-01T12:59:14,0,9999,0,9999
2023-08-01T13:11:55,0,9999,0,9999
2023-08-01T13:24:39,0,9999,0,9999
2023-08-01T13:37:13,0,9999,0,9999
2023-08-01T13:49:47,0,9999,0,9999
2023-08-01T14:02:22,0,9999,0,9999
2023-08-01T14:14:57,0,9999,0,9999
2023-08-01T14:27:31,0,9999,0,9999
2023-08-01T14:40:06,0,9999,0,9999
2023-08-01T14:52:43,0,9999,0,9999
2023-08-01T15:05:16,0,9999,0,9999
2023-08-01T15:17:50,0,9999,0,9999
2023-08-01T15:30:35,0,9999,0,9999
2023-08-01T15:43:10,0,9999,0,9999
2023-08-01T15:55:43,0,9999,0,9999
2023-08-01T16:08:18,0,9999,0,9999
2023-08-01T16:20:53,0,9999,0,9999
2023-08-01T16:33:27,0,9999,0,9999
2023-08-01T16:46:02,0,9999,0,9999
2023-08-01T16:58:36,0,9999,0,9999
2023-08-01T17:11:11,0,9999,0,9999
2023-08-01T17:23:48,0,9999,0,9999
2023-08-01T17:36:23,0,9999,0,9999
2023-08-01T17:48:57,0,9999,0,9999
2023-08-01T18:01:42,0,9999,0,9999
2023-08-01T18:14:16,0,9999,0,9999
2023-08-01T18:26:51,0,9999,0,9999
2023-08-01T18:39:26,0,9999,0,9999
2023-08-01T18:52:00,0,9999,0,9999
2023-08-01T19:04:35,0,9999,0,9999
2023-08-01T19:17:09,0,9999,0,9999
2023-08-01T19:29:43,0,9999,0,9999
2023-08-01T19:42:18,0,9999,0,9999
2023-08-01T19:54:52,0,9999,0,9999
2023-08-01T20:07:27,0,9999,0,9999
2023-08-01T20:20:03,0,9999,0,9999
2023-08-01T20:32:38,0,9999,0,9999
2023-08-01T20:45:23,0,9999,0,9999
2023-08-01T20:57:58,0,9999,0,9999
2023-08-01T21:10:32,0,9999,0,9999
2023-08-01T21:23:06,0,9999,0,9999
2023-08-01T21:35:42,0,9999,0,9999
2023-08-01T21:48:16,0,9999,0,9999
2023-08-01T22:00:51,0,9999,0,9999
2023-08-01T22:13:25,0,9999,0,9999
2023-08-01T22:26:00,0,9999,0,9999
2023-08-01T22:38:34,0,9999,0,9999
2023-08-01T22:51:09,0,9999,0,9999
2023-08-01T23:03:44,0,9999,0,9999
2023-08-01T23:16:20,0,9999,0,9999
2023-08-01T23:29:05,0,9999,0,9999
2023-08-01T23:41:40,0,9999,0,9999
2023-08-01T23:54:15,0,9999,0,9999
2023-08-02T00:06:50,0,9999,0,9999
2023-08-02T00:19:30,0,9999,0,9999
2023-08-02T00:32:07,0,9999,0,9999
2023-08-02T00:44:46,0,9999,0,9999
2023-08-02T00:57:24,0,9999,0,9999
2023-08-02T01:10:03,0,9999,0,9999
2023-08-02T01:22:41,0,9999,0,9999
2023-08-02T01:35:20,0,9999,0,9999
2023-08-02T01:47:59,0,9999,0,9999
2023-08-02T02:00:41,0,9999,0,9999
2023-08-02T02:13:18,0,9999,0,9999
2023-08-02T02:25:55,0,9999,0,9999
2023-08-02T02:38:33,0,9999,0,9999
2023-08-02T02:51:10,0,9999,0,9999
2023-08-02T03:03:48,0,9999,0,9999
2023-08-02T03:16:26,0,9999,0,9999
2023-08-02T03:29:04,0,9999,0,9999
2023-08-02T03:41:43,0,9999,0,9999
2023-08-02T03:54:30,0,9999,0,9999
2023-08-02T04:07:08,0,9999,0,9999
2023-08-02T04:32:07,0,9999,0,9999
2023-08-02T04:44:47,0,9999,0,9999
2023-08-02T04:57:42,0,9999,0,9999
2023-08-02T05:10:21,0,9999,0,9999
2023-08-02T05:23:20,0,9999,0,9999
2023-08-02T05:35:58,0,9999,0,9999
2023-08-02T05:48:36,0,9999,0,9999
2023-08-02T06:01:12,0,9999,0,9999
2023-08-02T06:13:50,0,9999,0,9999
2023-08-02T06:26:28,0,9999,0,9999
2023-08-02T06:39:06,0,9999,0,9999
2023-08-02T06:51:44,0,9999,0,9999
2023-08-02T07:04:32,0,9999,0,9999
2023-08-02T07:17:10,0,9999,0,9999
2023-08-02T07:29:47,0,9999,0,9999
2023-08-02T07:42:25,0,9999,0,9999
2023-08-02T07:55:04,0,9999,0,9999
2023-08-02T08:07:42,0,9999,0,9999
2023-08-02T08:20:19,0,9999,0,9999
2023-08-02T08:32:55,0,9999,0,9999
2023-08-02T08:45:34,0,9999,0,9999
2023-08-02T08:58:12,0,9999,0,9999
2023-08-02T09:10:49,0,9999,0,9999
2023-08-02T09:23:25,0,9999,0,9999
2023-08-02T09:36:02,0,9999,0,9999
2023-08-02T09:48:49,0,9999,0,9999
2023-08-02T10:01:30,0,9999,0,9999
2023-08-02T10:14:07,0,9999,0,9999
2023-08-02T10:26:42,0,9999,0,9999
2023-08-02T10:39:18,0,9999,0,9999
2023-08-02T10:51:53,0,9999,0,9999
2023-08-02T11:04:28,0,9999,0,9999
2023-08-02T11:17:04,0,9999,0,9999
2023-08-02T11:29:56,0,9999,0,9999
2023-08-02T11:42:31,0,9999,0,9999
2023-08-02T11:55:07,0,9999,0,9999
2023-08-02T12:07:42,0,9999,0,9999
2023-08-02T12:20:18,0,9999,0,9999
2023-08-02T12:32:53,0,9999,0,9999
2023-08-02T12:45:29,0,9999,0,9999
2023-08-02T12:58:13,0,9999,0,9999
2023-08-02T13:10:49,0,9999,0,9999
2023-08-02T13:23:24,0,9999,0,9999
2023-08-02T13:36:00,0,9999,0,9999
2023-08-02T13:48:36,0,9999,0,9999
2023-08-02T14:01:11,0,9999,0,9999
2023-08-02T14:13:47,0,9999,0,9999
2023-08-02T14:26:48,0,9999,0,9999
2023-08-02T14:39:23,0,9999,0,9999
2023-08-02T14:51:59,0,9999,0,9999
2023-08-02T15:04:34,0,9999,0,9999
2023-08-02T15:17:10,0,9999,0,9999
2023-08-02T15:29:46,0,9999,0,9999
2023-08-02T15:42:22,0,9999,0,9999
2023-08-02T15:55:06,0,9999,0,9999
2023-08-02T16:07:42,0,9999,0,9999
2023-08-02T16:20:18,0,9999,0,9999
2023-08-02T16:32:53,0,9999,0,9999
2023-08-02T16:45:29,0,9999,0,9999
2023-08-02T16:58:04,0,9999,0,9999
2023-08-02T17:10:40,0,9999,0,9999
2023-08-02T17:23:16,0,9999,0,9999
2023-08-02T17:35:52,0,9999,0,9999
2023-08-02T17:48:26,0,9999,0,9999
2023-08-02T18:01:12,0,9999,0,9999
2023-08-02T18:13:48,0,9999,0,9999
2023-08-02T18:26:24,0,9999,0,9999
2023-08-02T18:38:58,0,9999,0,9999
2023-08-02T18:51:33,0,9999,0,9999
2023-08-02T19:04:09,0,9999,0,9999
2023-08-02T19:16:45,0,9999,0,9999
2023-08-02T19:29:30,0,9999,0,9999
2023-08-02T19:42:06,0,9999,0,9999
2023-08-02T19:54:41,0,9999,0,9999
2023-08-02T20:07:16,0,9999,0,9999
2023-08-02T20:19:51,0,9999,0,9999
2023-08-02T20:32:26,0,9999,0,9999
2023-08-02T20:45:02,0,9999,0,9999
2023-08-02T20:57:37,0,9999,0,9999
2023-08-02T21:10:22,0,9999,0,9999
2023-08-02T21:22:57,0,9999,0,9999
2023-08-02T21:35:32,0,9999,0,9999
2023-08-02T21:48:08,0,9999,0,9999
2023-08-02T22:00:43,0,9999,0,9999
2023-08-02T22:13:19,0,9999,0,9999
2023-08-02T22:25:54,0,9999,0,9999
2023-08-02T22:38:29,0,9999,0,9999
2023-08-02T22:51:05,0,9999,0,9999
2023-08-02T23:03:41,0,9999,0,9999
2023-08-02T23:16:29,0,9999,0,9999
2023-08-02T23:29:05,0,9999,0,9999
2023-08-02T23:41:41,0,9999,0,9999
2023-08-02T23:54:17,0,9999,0,9999
2023-08-03T00:06:53,0,9999,0,9999
2023-08-03T00:19:37,0,9999,0,9999
2023-08-03T00:32:16,0,9999,0,9999
2023-08-03T00:44:57,0,9999,0,9999
2023-08-03T00:57:37,0,9999,0,9999
2023-08-03T01:10:18,0,9999,0,9999
2023-08-03T01:22:57,0,9999,0,9999
2023-08-03T01:35:37,0,9999,0,9999
2023-08-03T01:48:16,0,9999,0,9999
2023-08-03T02:00:59,0,9999,0,9999
2023-08-03T02:13:36,0,9999,0,9999
2023-08-03T02:26:22,0,9999,0,9999
2023-08-03T02:38:59,0,9999,0,9999
2023-08-03T02:51:34,0,9999,0,9999
2023-08-03T03:04:10,0,9999,0,9999
2023-08-03T03:16:47,0,9999,0,9999
2023-08-03T03:29:25,0,9999,0,9999
2023-08-03T03:42:03,0,9999,0,9999
2023-08-03T03:54:41,0,9999,0,9999
2023-08-03T04:07:19,0,9999,0,9999
2023-08-03T04:29:20,0,9999,0,9999
2023-08-03T04:42:00,0,9999,0,9999
2023-08-03T04:54:39,0,9999,0,9999
2023-08-03T05:07:17,0,9999,0,9999
2023-08-03T05:19:53,0,9999,0,9999
2023-08-03T05:32:41,0,9999,0,9999
2023-08-03T05:45:27,0,9999,0,9999
2023-08-03T05:58:08,0,9999,0,9999
2023-08-03T06:10:47,0,9999,0,9999
2023-08-03T06:23:25,0,9999,0,9999
2023-08-03T06:36:04,0,9999,0,9999
2023-08-03T06:48:42,0,9999,0,9999
2023-08-03T07:01:21,0,9999,0,9999
2023-08-03T07:14:00,0,9999,0,9999
2023-08-03T07:26:37,0,9999,0,9999
2023-08-03T07:39:13,0,9999,0,9999
2023-08-03T07:51:49,0,9999,0,9999
2023-08-03T08:04:40,0,9999,0,9999
2023-08-03T08:17:19,0,9999,0,9999
2023-08-03T08:29:56,0,9999,0,9999
2023-08-03T08:42:35,0,9999,0,9999
2023-08-03T08:55:11,0,9999,0,9999
2023-08-03T09:07:48,0,9999,0,9999
2023-08-03T09:20:26,0,9999,0,9999
2023-08-03T09:33:03,0,9999,0,9999
2023-08-03T09:45:42,0,9999,0,9999
2023-08-03T09:58:19,0,9999,0,9999
2023-08-03T10:10:58,0,9999,0,9999
2023-08-03T10:23:45,0,9999,0,9999
2023-08-03T10:36:21,0,9999,0,9999
2023-08-03T10:48:57,0,9999,0,9999
2023-08-03T11:01:35,0,9999,0,9999
2023-08-03T11:14:11,0,9999,0,9999
2023-08-03T11:26:47,0,9999,0,9999
2023-08-03T11:39:23,0,9999,0,9999
2023-08-03T11:52:00,0,9999,0,9999
2023-08-03T12:04:56,0,9999,0,9999
2023-08-03T12:17:33,0,9999,0,9999
2023-08-03T12:30:09,0,9999,0,9999
2023-08-03T12:42:45,0,9999,0,9999
2023-08-03T12:55:21,0,9999,0,9999
2023-08-03T13:07:56,0,9999,0,9999
2023-08-03T13:20:32,0,9999,0,9999
2023-08-03T13:33:09,0,9999,0,9999
2023-08-03T13:45:45,0,9999,0,9999
2023-08-03T13:58:39,0,9999,0,9999
2023-08-03T14:11:15,0,9999,0,9999
2023-08-03T14:23:52,0,9999,0,9999
2023-08-03T14:36:29,0,9999,0,9999
2023-08-03T14:49:05,0,9999,0,9999
2023-08-03T15:01:42,0,9999,0,9999
2023-08-03T15:14:17,0,9999,0,9999
2023-08-03T15:26:53,0,9999,0,9999
2023-08-03T15:39:39,0,9999,0,9999
2023-08-03T15:52:15,0,9999,0,9999
2023-08-03T16:04:51,0,9999,0,9999
2023-08-03T16:17:27,0,9999,0,9999
2023-08-03T16:30:02,0,9999,0,9999
2023-08-03T16:42:39,0,9999,0,9999
2023-08-03T16:55:16,0,9999,0,9999
2023-08-03T17:08:05,0,9999,0,9999
2023-08-03T17:20:43,0,9999,0,9999
2023-08-03T17:33:19,0,9999,0,9999
2023-08-03T17:45:55,0,9999,0,9999
2023-08-03T17:58:32,0,9999,0,9999
2023-08-03T18:11:08,0,9999,0,9999
2023-08-03T18:23:54,0,9999,0,9999
2023-08-03T18:36:30,0,9999,0,9999
2023-08-03T18:49:06,0,9999,0,9999
2023-08-03T19:01:41,0,9999,0,9999
2023-08-03T19:14:18,0,9999,0,9999
2023-08-03T19:26:55,0,9999,0,9999
2023-08-03T19:39:43,0,9999,0,9999
2023-08-03T19:52:19,0,9999,0,9999
2023-08-03T20:04:54,0,9999,0,9999
2023-08-03T20:17:30,0,9999,0,9999
2023-08-03T20:30:06,0,9999,0,9999
2023-08-03T20:42:42,0,9999,0,9999
2023-08-03T20:55:37,0,9999,0,9999
2023-08-03T21:08:15,0,9999,0,9999
2023-08-03T21:20:51,0,9999,0,9999
2023-08-03T21:33:27,0,9999,0,9999
2023-08-03T21:46:04,0,9999,0,9999
2023-08-03T21:58:49,0,9999,0,9999
2023-08-03T22:11:26,0,9999,0,9999
2023-08-03T22:24:01,0,9999,0,9999
2023-08-03T22:36:38,0,9999,0,9999
2023-08-03T22:49:13,0,9999,0,9999
2023-08-03T23:01:50,0,9999,0,9999
2023-08-03T23:14:27,0,9999,0,9999
2023-08-03T23:27:04,0,9999,0,9999
2023-08-03T23:39:51,0,9999,0,9999
2023-08-04T00:08:06,0,9999,0,9999
2023-08-04T00:20:49,0,9999,0,9999
2023-08-04T00:33:28,0,9999,0,9999
2023-08-04T00:46:09,0,9999,0,9999
2023-08-04T00:58:50,0,9999,0,9999
2023-08-04T01:11:30,0,9999,0,9999
2023-08-04T01:24:10,0,9999,0,9999
2023-08-04T01:37:23,0,9999,0,9999
2023-08-04T01:50:22,0,9999,0,9999
2023-08-04T02:03:11,0,9999,0,9999
2023-08-04T02:15:47,0,9999,0,9999
2023-08-04T02:28:42,0,9999,0,9999
2023-08-04T02:41:19,0,9999,0,9999
2023-08-04T02:53:55,0,9999,0,9999
2023-08-04T03:06:31,0,9999,0,9999
2023-08-04T03:19:06,0,9999,0,9999
2023-08-04T03:31:42,0,9999,0,9999
2023-08-04T03:44:17,0,9999,0,9999
2023-08-04T03:57:02,0,9999,0,9999
2023-08-04T04:09:38,0,9999,0,9999
2023-08-04T04:35:06,0,9999,0,9999
2023-08-04T04:47:43,0,9999,0,9999
2023-08-04T05:00:20,0,9999,0,9999
2023-08-04T05:12:58,0,9999,0,9999
2023-08-04T05:25:36,0,9999,0,9999
2023-08-04T05:38:18,0,9999,0,9999
2023-08-04T05:51:10,0,9999,0,9999
2023-08-04T06:03:50,0,9999,0,9999
2023-08-04T06:16:33,0,9999,0,9999
2023-08-04T06:29:13,0,9999,0,9999
2023-08-04T06:41:54,0,9999,0,9999
2023-08-04T06:54:33,0,9999,0,9999
2023-08-04T07:07:14,0,9999,0,9999
2023-08-04T07:19:53,0,9999,0,9999
2023-08-04T07:32:47,0,9999,0,9999
2023-08-04T07:45:25,0,9999,0,9999
2023-08-04T07:58:04,0,9999,0,9999
2023-08-04T08:10:43,0,9999,0,9999
2023-08-04T08:23:22,0,9999,0,9999
2023-08-04T08:36:00,0,9999,0,9999
2023-08-04T08:48:40,0,9999,0,9999
2023-08-04T09:01:17,0,9999,0,9999
2023-08-04T09:13:55,0,9999,0,9999
2023-08-04T09:26:32,0,9999,0,9999
2023-08-04T09:39:10,0,9999,0,9999
2023-08-04T09:51:47,0,9999,0,9999
2023-08-04T10:04:25,0,9999,0,9999
2023-08-04T10:17:03,0,9999,0,9999
2023-08-04T10:29:40,0,9999,0,9999
2023-08-04T10:42:29,0,9999,0,9999
2023-08-04T10:55:07,0,9999,0,9999
2023-08-04T11:07:44,0,9999,0,9999
2023-08-04T11:20:23,0,9999,0,9999
2023-08-04T11:32:59,0,9999,0,9999
2023-08-04T11:45:35,0,9999,0,9999
2023-08-04T11:58:11,0,9999,0,9999
2023-08-04T12:10:47,0,9999,0,9999
2023-08-04T12:23:23,0,9999,0,9999
2023-08-04T12:36:20,0,9999,0,9999
2023-08-04T12:48:57,0,9999,0,9999
2023-08-04T13:01:33,0,9999,0,9999
2023-08-04T13:14:08,0,9999,0,9999
2023-08-04T13:26:44,0,9999,0,9999
2023-08-04T13:39:22,0,9999,0,9999
2023-08-04T13:51:59,0,9999,0,9999
2023-08-04T14:04:34,0,9999,0,9999
2023-08-04T14:17:11,0,9999,0,9999
2023-08-04T14:29:48,0,9999,0,9999
2023-08-04T14:42:36,0,9999,0,9999
2023-08-04T14:55:13,0,9999,0,9999
2023-08-04T15:07:48,0,9999,0,9999
2023-08-04T15:20:42,0,9999,0,9999
2023-08-04T15:33:27,0,9999,0,9999
2023-08-04T15:46:03,0,9999,0,9999
2023-08-04T15:58:38,0,9999,0,9999
2023-08-04T16:11:14,0,9999,0,9999
2023-08-04T16:23:52,0,9999,0,9999
2023-08-04T16:36:37,0,9999,0,9999
2023-08-04T16:49:13,0,9999,0,9999
2023-08-04T17:01:49,0,9999,0,9999
2023-08-04T17:14:26,0,9999,0,9999
2023-08-04T17:27:02,0,9999,0,9999
2023-08-04T17:39:37,0,9999,0,9999
2023-08-04T17:52:12,0,9999,0,9999
2023-08-04T18:04:48,0,9999,0,9999
2023-08-04T18:17:24,0,9999,0,9999
2023-08-04T18:29:59,0,9999,0,9999
2023-08-04T18:42:53,0,9999,0,9999
2023-08-04T18:55:28,0,9999,0,9999
2023-08-04T19:08:04,0,9999,0,9999
2023-08-04T19:20:40,0,9999,0,9999
2023-08-04T19:33:15,0,9999,0,9999
2023-08-04T19:45:51,0,9999,0,9999
2023-08-04T19:58:26,0,9999,0,9999
2023-08-04T20:11:03,0,9999,0,9999
2023-08-04T20:23:39,0,9999,0,9999
2023-08-04T20:36:14,0,9999,0,9999
2023-08-04T20:48:50,0,9999,0,9999
2023-08-04T21:01:37,0,9999,0,9999
2023-08-04T21:14:12,0,9999,0,9999
2023-08-04T21:26:48,0,9999,0,9999
2023-08-04T21:39:24,0,9999,0,9999
2023-08-04T21:51:59,0,9999,0,9999
2023-08-04T22:04:35,0,9999,0,9999
2023-08-04T22:17:10,0,9999,0,9999
2023-08-04T22:29:45,0,9999,0,9999
2023-08-04T22:42:22,0,9999,0,9999
2023-08-04T22:54:57,0,9999,0,9999
2023-08-04T23:07:36,0,9999,0,9999
2023-08-04T23:20:12,0,9999,0,9999
2023-08-04T23:32:57,0,9999,0,9999
2023-08-04T23:45:34,0,9999,0,9999
2023-08-04T23:58:10,0,9999,0,9999
2023-08-05T00:10:50,0,9999,0,9999
2023-08-05T00:23:32,0,9999,0,9999
2023-08-05T00:36:12,0,9999,0,9999
2023-08-05T00:48:52,0,9999,0,9999
2023-08-05T01:01:33,0,9999,0,9999
2023-08-05T01:14:12,0,9999,0,9999
2023-08-05T01:26:52,0,9999,0,9999
2023-08-05T01:39:33,0,9999,0,9999
2023-08-05T01:52:15,0,9999,0,9999
2023-08-05T02:04:54,0,9999,0,9999
2023-08-05T02:17:31,0,9999,0,9999
2023-08-05T02:30:08,0,9999,0,9999
2023-08-05T02:42:48,0,9999,0,9999
2023-08-05T02:55:43,0,9999,0,9999
2023-08-05T03:08:19,0,9999,0,9999
2023-08-05T03:20:57,0,9999,0,9999
2023-08-05T03:33:35,0,9999,0,9999
2023-08-05T03:46:13,0,9999,0,9999
2023-08-05T03:58:52,0,9999,0,9999
2023-08-05T04:11:30,0,9999,0,9999
2023-08-05T04:32:40,0,9999,0,9999
2023-08-05T04:45:21,0,9999,0,9999
2023-08-05T04:58:00,0,9999,0,9999
2023-08-05T05:10:37,0,9999,0,9999
2023-08-05T05:23:12,0,9999,0,9999
2023-08-05T05:35:49,0,9999,0,9999
2023-08-05T05:48:49,0,9999,0,9999
2023-08-05T06:01:28,0,9999,0,9999
2023-08-05T06:14:09,0,9999,0,9999
2023-08-05T06:26:47,0,9999,0,9999
2023-08-05T06:39:26,0,9999,0,9999
2023-08-05T06:52:05,0,9999,0,9999
2023-08-05T07:04:45,0,9999,0,9999
2023-08-05T07:17:23,0,9999,0,9999
2023-08-05T07:30:02,0,9999,0,9999
2023-08-05T07:42:42,0,9999,0,9999
2023-08-05T07:55:22,0,9999,0,9999
2023-08-05T08:08:01,0,9999,0,9999
2023-08-05T08:20:49,0,9999,0,9999
2023-08-05T08:33:28,0,9999,0,9999
2023-08-05T08:46:07,0,9999,0,9999
2023-08-05T08:58:45,0,9999,0,9999
2023-08-05T09:11:23,0,9999,0,9999
2023-08-05T09:24:02,0,9999,0,9999
2023-08-05T09:36:41,0,9999,0,9999
2023-08-05T09:49:19,0,9999,0,9999
2023-08-05T10:01:58,0,9999,0,9999
2023-08-05T10:14:37,0,9999,0,9999
2023-08-05T10:27:15,0,9999,0,9999
2023-08-05T10:39:53,0,9999,0,9999
2023-08-05T10:52:43,0,9999,0,9999
2023-08-05T11:05:21,0,9999,0,9999
2023-08-05T11:17:59,0,9999,0,9999
2023-08-05T11:30:37,0,9999,0,9999
2023-08-05T11:43:14,0,9999,0,9999
2023-08-05T11:55:52,0,9999,0,9999
2023-08-05T12:08:30,0,9999,0,9999
2023-08-05T12:21:07,0,9999,0,9999
2023-08-05T12:33:48,0,9999,0,9999
2023-08-05T12:46:24,0,9999,0,9999
2023-08-05T12:58:59,0,9999,0,9999
2023-08-05T13:11:33,0,9999,0,9999
2023-08-05T13:24:18,0,9999,0,9999
2023-08-05T13:36:54,0,9999,0,9999
2023-08-05T13:49:29,0,9999,0,9999
2023-08-05T14:02:04,0,9999,0,9999
2023-08-05T14:14:39,0,9999,0,9999
2023-08-05T14:27:15,0,9999,0,9999
2023-08-05T14:39:50,0,9999,0,9999
2023-08-05T14:52:27,0,9999,0,9999
2023-08-05T15:05:02,0,9999,0,9999
2023-08-05T15:17:37,0,9999,0,9999
2023-08-05T15:30:12,0,9999,0,9999
2023-08-05T15:42:48,0,9999,0,9999
2023-08-05T15:55:24,0,9999,0,9999
2023-08-05T16:07:58,0,9999,0,9999
2023-08-05T16:20:42,0,9999,0,9999
2023-08-05T16:33:18,0,9999,0,9999
2023-08-05T16:45:53,0,9999,0,9999
2023-08-05T16:58:28,0,9999,0,9999
2023-08-05T17:11:05,0,9999,0,9999
2023-08-05T17:23:41,0,9999,0,9999
2023-08-05T17:36:16,0,9999,0,9999
2023-08-05T17:48:51,0,9999,0,9999
2023-08-05T18:01:26,0,9999,0,9999
2023-08-05T18:14:02,0,9999,0,9999
2023-08-05T18:26:37,0,9999,0,9999
2023-08-05T18:39:13,0,9999,0,9999
2023-08-05T18:51:48,0,9999,0,9999
2023-08-05T19:04:35,0,9999,0,9999
2023-08-05T19:17:10,0,9999,0,9999
2023-08-05T19:29:46,0,9999,0,9999
2023-08-05T19:42:21,0,9999,0,9999
2023-08-05T19:54:56,0,9999,0,9999
2023-08-05T20:07:31,0,9999,0,9999
2023-08-05T20:20:06,0,9999,0,9999
2023-08-05T20:32:42,0,9999,0,9999
2023-08-05T20:45:17,0,9999,0,9999
2023-08-05T20:57:52,0,9999,0,9999
2023-08-05T21:10:28,0,9999,0,9999
2023-08-05T21:23:03,0,9999,0,9999
2023-08-05T21:35:38,0,9999,0,9999
2023-08-05T21:48:13,0,9999,0,9999
2023-08-05T22:00:49,0,9999,0,9999
2023-08-05T22:13:34,0,9999,0,9999
2023-08-05T22:26:10,0,9999,0,9999
2023-08-05T22:38:45,0,9999,0,9999
2023-08-05T22:51:20,0,9999,0,9999
2023-08-05T23:03:56,0,9999,0,9999
2023-08-05T23:16:35,0,9999,0,9999
2023-08-05T23:29:10,0,9999,0,9999
2023-08-05T23:41:46,0,9999,0,9999
2023-08-05T23:54:21,0,9999,0,9999
2023-08-06T00:06:58,0,9999,0,9999
2023-08-06T00:19:37,0,9999,0,9999
2023-08-06T00:32:15,0,9999,0,9999
2023-08-06T00:44:52,0,9999,0,9999
2023-08-06T00:57:31,0,9999,0,9999
2023-08-06T01:10:11,0,9999,0,9999
2023-08-06T01:22:53,0,9999,0,9999
2023-08-06T01:35:33,0,9999,0,9999
2023-08-06T01:48:14,0,9999,0,9999
2023-08-06T02:01:04,0,9999,0,9999
2023-08-06T02:13:54,0,9999,0,9999
2023-08-06T02:26:34,0,9999,0,9999
2023-08-06T02:39:14,0,9999,0,9999
2023-08-06T02:51:53,0,9999,0,9999
2023-08-06T03:04:32,0,9999,0,9999
2023-08-06T03:17:10,0,9999,0,9999
2023-08-06T03:29:49,0,9999,0,9999
2023-08-06T03:42:29,0,9999,0,9999
2023-08-06T03:55:08,0,9999,0,9999
2023-08-06T04:07:48,0,9999,0,9999
2023-08-06T04:38:26,0,9999,0,9999
2023-08-06T04:51:07,0,9999,0,9999
2023-08-06T05:03:49,0,9999,0,9999
2023-08-06T05:16:30,0,9999,0,9999
2023-08-06T05:29:10,0,9999,0,9999
2023-08-06T05:41:49,0,9999,0,9999
2023-08-06T05:54:29,0,9999,0,9999
2023-08-06T06:07:09,0,9999,0,9999
2023-08-06T06:19:47,0,9999,0,9999
2023-08-06T06:32:27,0,9999,0,9999
2023-08-06T06:45:05,0,9999,0,9999
2023-08-06T06:57:44,0,9999,0,9999
2023-08-06T07:10:21,0,9999,0,9999
2023-08-06T07:22:57,0,9999,0,9999
2023-08-06T07:35:33,0,9999,0,9999
2023-08-06T07:48:11,0,9999,0,9999
2023-08-06T08:00:48,0,9999,0,9999
2023-08-06T08:13:29,0,9999,0,9999
2023-08-06T08:26:06,0,9999,0,9999
2023-08-06T08:38:43,0,9999,0,9999
2023-08-06T08:51:18,0,9999,0,9999
2023-08-06T09:03:57,0,9999,0,9999
2023-08-06T09:16:33,0,9999,0,9999
2023-08-06T09:29:10,0,9999,0,9999
2023-08-06T09:41:49,0,9999,0,9999
2023-08-06T09:54:25,0,9999,0,9999
2023-08-06T10:07:13,0,9999,0,9999
2023-08-06T10:19:50,0,9999,0,9999
2023-08-06T10:32:26,0,9999,0,9999
2023-08-06T10:45:02,0,9999,0,9999
2023-08-06T10:57:40,0,9999,0,9999
2023-08-06T11:10:18,0,9999,0,9999
2023-08-06T11:22:56,0,9999,0,9999
2023-08-06T11:35:33,0,9999,0,9999
2023-08-06T11:48:10,0,9999,0,9999
2023-08-06T12:00:48,0,9999,0,9999
2023-08-06T12:13:25,0,9999,0,9999
2023-08-06T12:26:00,0,9999,0,9999
2023-08-06T12:38:37,0,9999,0,9999
2023-08-06T12:51:12,0,9999,0,9999
2023-08-06T13:04:06,0,9999,0,9999
2023-08-06T13:16:40,0,9999,0,9999
2023-08-06T13:29:15,0,9999,0,9999
2023-08-06T13:41:51,0,9999,0,9999
2023-08-06T13:54:26,0,9999,0,9999
2023-08-06T14:07:01,0,9999,0,9999
2023-08-06T14:19:36,0,9999,0,9999
2023-08-06T14:32:11,0,9999,0,9999
2023-08-06T14:44:47,0,9999,0,9999
2023-08-06T14:57:23,0,9999,0,9999
2023-08-06T15:09:54,0,9999,0,9999
2023-08-06T15:22:39,0,9999,0,9999
2023-08-06T15:35:16,0,9999,0,9999
2023-08-06T15:47:52,0,9999,0,9999
2023-08-06T16:00:27,0,9999,0,9999
2023-08-06T16:13:03,0,9999,0,9999
2023-08-06T16:25:40,0,9999,0,9999
2023-08-06T16:38:17,0,9999,0,9999
2023-08-06T16:50:52,0,9999,0,9999
2023-08-06T17:03:27,0,9999,0,9999
2023-08-06T17:16:04,0,9999,0,9999
2023-08-06T17:28:39,0,9999,0,9999
2023-08-06T17:41:15,0,9999,0,9999
2023-08-06T17:53:50,0,9999,0,9999
2023-08-06T18:06:26,0,9999,0,9999
2023-08-06T18:19:13,0,9999,0,9999
2023-08-06T18:31:48,0,9999,0,9999
2023-08-06T18:44:24,0,9999,0,9999
2023-08-06T18:57:00,0,9999,0,9999
2023-08-06T19:09:39,0,9999,0,9999
2023-08-06T19:22:17,0,9999,0,9999
2023-08-06T19:34:52,0,9999,0,9999
2023-08-06T19:47:28,0,9999,0,9999
2023-08-06T20:00:03,0,9999,0,9999
2023-08-06T20:12:39,0,9999,0,9999
2023-08-06T20:25:15,0,9999,0,9999
2023-08-06T20:38:01,0,9999,0,9999
2023-08-06T20:50:36,0,9999,0,9999
2023-08-06T21:03:11,0,9999,0,9999
2023-08-06T21:15:47,0,9999,0,9999
2023-08-06T21:28:23,0,9999,0,9999
2023-08-06T21:41:00,0,9999,0,9999
2023-08-06T21:53:37,0,9999,0,9999
2023-08-06T22:06:12,0,9999,0,9999
2023-08-06T22:18:58,0,9999,0,9999
2023-08-06T22:31:34,0,9999,0,9999
2023-08-06T22:44:10,0,9999,0,9999
2023-08-06T22:56:46,0,9999,0,9999
2023-08-06T23:09:24,0,9999,0,9999
2023-08-06T23:22:00,0,9999,0,9999
2023-08-06T23:34:37,0,9999,0,9999
2023-08-06T23:47:16,0,9999,0,9999
2023-08-06T23:59:52,0,9999,0,9999
2023-08-07T00:12:51,0,9999,0,9999
2023-08-07T00:25:32,0,9999,0,9999
2023-08-07T00:38:18,0,9999,0,9999
2023-08-07T00:50:59,0,9999,0,9999
2023-08-07T01:03:36,0,9999,0,9999
2023-08-07T01:16:14,0,9999,0,9999
2023-08-07T01:28:54,0,9999,0,9999
2023-08-07T01:41:36,0,9999,0,9999
2023-08-07T01:54:16,0,9999,0,9999
2023-08-07T02:06:57,0,9999,0,9999
2023-08-07T02:19:37,0,9999,0,9999
2023-08-07T02:32:17,0,9999,0,9999
2023-08-07T02:45:14,0,9999,0,9999
2023-08-07T02:57:53,0,9999,0,9999
2023-08-07T03:10:31,0,9999,0,9999
2023-08-07T03:23:10,0,9999,0,9999
2023-08-07T03:35:50,0,9999,0,9999
2023-08-07T03:48:28,0,9999,0,9999
2023-08-07T04:01:08,0,9999,0,9999
2023-08-07T04:13:47,0,9999,0,9999
2023-08-07T04:38:45,0,9999,0,9999
2023-08-07T04:51:27,0,9999,0,9999
2023-08-07T05:04:08,0,9999,0,9999
2023-08-07T05:16:46,0,9999,0,9999
2023-08-07T05:29:27,0,9999,0,9999
2023-08-07T05:42:06,0,9999,0,9999
2023-08-07T05:54:46,0,9999,0,9999
2023-08-07T06:07:25,0,9999,0,9999
2023-08-07T06:20:03,0,9999,0,9999
2023-08-07T06:32:43,0,9999,0,9999
2023-08-07T06:45:24,0,9999,0,9999
2023-08-07T06:58:03,0,9999,0,9999
2023-08-07T07:10:41,0,9999,0,9999
2023-08-07T07:23:16,0,9999,0,9999
2023-08-07T07:35:52,0,9999,0,9999
2023-08-07T07:48:27,0,9999,0,9999
2023-08-07T08:01:03,0,9999,0,9999
2023-08-07T08:13:47,0,9999,0,9999
2023-08-07T08:26:24,0,9999,0,9999
2023-08-07T08:39:02,0,9999,0,9999
2023-08-07T08:51:37,0,9999,0,9999
2023-08-07T09:04:12,0,9999,0,9999
2023-08-07T09:16:47,0,9999,0,9999
2023-08-07T09:29:23,0,9999,0,9999
2023-08-07T09:42:00,0,9999,0,9999
2023-08-07T09:54:48,0,9999,0,9999
2023-08-07T10:07:24,0,9999,0,9999
2023-08-07T10:20:00,0,9999,0,9999
2023-08-07T10:32:35,0,9999,0,9999
2023-08-07T10:45:11,0,9999,0,9999
2023-08-07T10:57:47,0,9999,0,9999
2023-08-07T11:10:35,0,9999,0,9999
2023-08-07T11:23:10,0,9999,0,9999
2023-08-07T11:35:46,0,9999,0,9999
2023-08-07T11:48:22,0,9999,0,9999
2023-08-07T12:00:57,0,9999,0,9999
2023-08-07T12:13:33,0,9999,0,9999
2023-08-07T12:26:18,0,9999,0,9999
2023-08-07T12:38:54,0,9999,0,9999
2023-08-07T12:51:32,0,9999,0,9999
2023-08-07T13:04:08,0,9999,0,9999
2023-08-07T13:16:54,0,9999,0,9999
2023-08-07T13:29:29,0,9999,0,9999
2023-08-07T13:42:04,0,9999,0,9999
2023-08-07T13:54:39,0,9999,0,9999
2023-08-07T14:07:15,0,9999,0,9999
2023-08-07T14:19:50,0,9999,0,9999
2023-08-07T14:32:26,0,9999,0,9999
2023-08-07T14:45:02,0,9999,0,9999
2023-08-07T14:57:48,0,9999,0,9999
2023-08-07T15:10:24,0,9999,0,9999
2023-08-07T15:23:00,0,9999,0,9999
2023-08-07T15:35:36,0,9999,0,9999
2023-08-07T15:48:12,0,9999,0,9999
2023-08-07T16:00:50,0,9999,0,9999
2023-08-07T16:13:26,0,9999,0,9999
2023-08-07T16:26:13,0,9999,0,9999
2023-08-07T16:38:50,0,9999,0,9999
2023-08-07T16:51:27,0,9999,0,9999
2023-08-07T17:04:04,0,9999,0,9999
2023-08-07T17:16:41,0,9999,0,9999
2023-08-07T17:29:18,0,9999,0,9999
2023-08-07T17:41:56,0,9999,0,9999
2023-08-07T17:54:32,0,9999,0,9999
2023-08-07T18:07:18,0,9999,0,9999
2023-08-07T18:19:55,0,9999,0,9999
2023-08-07T18:32:32,0,9999,0,9999
2023-08-07T18:45:09,0,9999,0,9999
2023-08-07T18:57:45,0,9999,0,9999
2023-08-07T19:10:22,0,9999,0,9999
2023-08-07T19:22:59,0,9999,0,9999
2023-08-07T19:35:47,0,9999,0,9999
2023-08-07T19:48:24,0,9999,0,9999
2023-08-07T20:01:01,0,9999,0,9999
2023-08-07T20:13:38,0,9999,0,9999
2023-08-07T20:26:15,0,9999,0,9999
2023-08-07T20:38:52,0,9999,0,9999
2023-08-07T20:51:29,0,9999,0,9999
2023-08-07T21:04:06,0,9999,0,9999
2023-08-07T21:16:42,0,9999,0,9999
2023-08-07T21:29:31,0,9999,0,9999
2023-08-07T21:42:08,0,9999,0,9999
2023-08-07T21:54:45,0,9999,0,9999
2023-08-07T22:07:21,0,9999,0,9999
2023-08-07T22:19:58,0,9999,0,9999
2023-08-07T22:32:35,0,9999,0,9999
2023-08-07T22:45:13,0,9999,0,9999
2023-08-07T22:57:50,0,9999,0,9999
2023-08-07T23:10:28,0,9999,0,9999
2023-08-07T23:23:19,0,9999,0,9999
2023-08-07T23:35:57,0,9999,0,9999
2023-08-07T23:48:34,0,9999,0,9999
2023-08-08T00:01:11,0,9999,0,9999
2023-08-08T00:13:50,0,9999,0,9999
2023-08-08T00:26:28,0,9999,0,9999
2023-08-08T00:39:18,0,9999,0,9999
2023-08-08T00:51:55,0,9999,0,9999
2023-08-08T01:04:35,0,9999,0,9999
2023-08-08T01:17:13,0,9999,0,9999
2023-08-08T01:30:01,0,9999,0,9999
2023-08-08T01:42:37,0,9999,0,9999
2023-08-08T01:55:15,0,9999,0,9999
2023-08-08T02:07:53,0,9999,0,9999
2023-08-08T02:20:28,0,9999,0,9999
2023-08-08T02:33:03,0,9999,0,9999
2023-08-08T02:45:38,0,9999,0,9999
2023-08-08T02:58:11,0,9999,0,9999
2023-08-08T03:10:46,0,9999,0,9999
2023-08-08T03:23:32,0,9999,0,9999
2023-08-08T03:36:07,0,9999,0,9999
2023-08-08T03:48:43,0,9999,0,9999
2023-08-08T04:01:19,0,9999,0,9999
2023-08-08T04:13:56,0,9999,0,9999
2023-08-08T04:35:46,0,9999,0,9999
2023-08-08T04:48:28,0,9999,0,9999
2023-08-08T05:01:08,0,9999,0,9999
2023-08-08T05:13:49,0,9999,0,9999
2023-08-08T05:26:26,0,9999,0,9999
2023-08-08T05:39:04,0,9999,0,9999
2023-08-08T05:51:42,0,9999,0,9999
2023-08-08T06:04:24,0,9999,0,9999
2023-08-08T06:17:03,0,9999,0,9999
2023-08-08T06:29:43,0,9999,0,9999
2023-08-08T06:42:23,0,9999,0,9999
2023-08-08T06:55:03,0,9999,0,9999
2023-08-08T07:07:44,0,9999,0,9999
2023-08-08T07:20:23,0,9999,0,9999
2023-08-08T07:33:03,0,9999,0,9999
2023-08-08T07:45:41,0,9999,0,9999
2023-08-08T07:58:20,0,9999,0,9999
2023-08-08T08:11:19,0,9999,0,9999
2023-08-08T08:23:59,0,9999,0,9999
2023-08-08T08:36:39,0,9999,0,9999
2023-08-08T08:49:18,0,9999,0,9999
2023-08-08T09:01:57,0,9999,0,9999
2023-08-08T09:14:35,0,9999,0,9999
2023-08-08T09:27:13,0,9999,0,9999
2023-08-08T09:39:53,0,9999,0,9999
2023-08-08T09:52:31,0,9999,0,9999
2023-08-08T10:05:19,0,9999,0,9999
2023-08-08T10:17:57,0,9999,0,9999
2023-08-08T10:30:35,0,9999,0,9999
2023-08-08T10:43:15,0,9999,0,9999
2023-08-08T10:55:54,0,9999,0,9999
2023-08-08T11:08:43,0,9999,0,9999
2023-08-08T11:21:21,0,9999,0,9999
2023-08-08T11:33:57,0,9999,0,9999
2023-08-08T11:46:35,0,9999,0,9999
2023-08-08T11:59:13,0,9999,0,9999
2023-08-08T12:11:50,0,9999,0,9999
2023-08-08T12:24:47,0,9999,0,9999
2023-08-08T12:37:24,0,9999,0,9999
2023-08-08T12:50:01,0,9999,0,9999
2023-08-08T13:02:38,0,9999,0,9999
2023-08-08T13:15:15,0,9999,0,9999
2023-08-08T13:27:52,0,9999,0,9999
2023-08-08T13:40:32,0,9999,0,9999
2023-08-08T13:53:18,0,9999,0,9999
2023-08-08T14:05:56,0,9999,0,9999
2023-08-08T14:18:33,0,9999,0,9999
2023-08-08T14:31:10,0,9999,0,9999
2023-08-08T14:43:47,0,9999,0,9999
2023-08-08T14:56:23,0,9999,0,9999
2023-08-08T15:09:10,0,9999,0,9999
2023-08-08T15:21:48,0,9999,0,9999
2023-08-08T15:34:25,0,9999,0,9999
2023-08-08T15:47:02,0,9999,0,9999
2023-08-08T15:59:39,0,9999,0,9999
2023-08-08T16:12:16,0,9999,0,9999
2023-08-08T16:24:53,0,9999,0,9999
2023-08-08T16:37:40,0,9999,0,9999
2023-08-08T16:50:17,0,9999,0,9999
2023-08-08T17:02:54,0,9999,0,9999
2023-08-08T17:15:31,0,9999,0,9999
2023-08-08T17:28:08,0,9999,0,9999
2023-08-08T17:40:45,0,9999,0,9999
2023-08-08T17:53:42,0,9999,0,9999
2023-08-08T18:06:19,0,9999,0,9999
2023-08-08T18:18:56,0,9999,0,9999
2023-08-08T18:31:33,0,9999,0,9999
2023-08-08T18:44:10,0,9999,0,9999
2023-08-08T18:56:46,0,9999,0,9999
2023-08-08T19:09:25,0,9999,0,9999
2023-08-08T19:22:03,0,9999,0,9999
2023-08-08T19:34:50,0,9999,0,9999
2023-08-08T19:47:28,0,9999,0,9999
2023-08-08T20:00:05,0,9999,0,9999
2023-08-08T20:12:44,0,9999,0,9999
2023-08-08T20:25:20,0,9999,0,9999
2023-08-08T20:37:57,0,9999,0,9999
2023-08-08T20:50:34,0,9999,0,9999
2023-08-08T21:03:11,0,9999,0,9999
2023-08-08T21:15:59,0,9999,0,9999
2023-08-08T21:28:36,0,9999,0,9999
2023-08-08T21:41:12,0,9999,0,9999
2023-08-08T21:53:49,0,9999,0,9999
2023-08-08T22:06:27,0,9999,0,9999
2023-08-08T22:19:03,0,9999,0,9999
2023-08-08T22:31:40,0,9999,0,9999
2023-08-08T22:44:17,0,9999,0,9999
2023-08-08T22:57:03,0,9999,0,9999
2023-08-08T23:09:43,0,9999,0,9999
2023-08-08T23:22:21,0,9999,0,9999
2023-08-08T23:34:59,0,9999,0,9999
2023-08-08T23:47:37,0,9999,0,9999
2023-08-09T00:00:13,0,9999,0,9999
2023-08-09T00:12:56,0,9999,0,9999
2023-08-09T00:25:35,0,9999,0,9999
2023-08-09T00:38:12,0,9999,0,9999
2023-08-09T00:50:50,0,9999,0,9999
2023-08-09T01:03:42,0,9999,0,9999
2023-08-09T01:16:20,0,9999,0,9999
2023-08-09T01:28:57,0,9999,0,9999
2023-08-09T01:41:33,0,9999,0,9999
2023-08-09T01:54:10,0,9999,0,9999
2023-08-09T02:06:48,0,9999,0,9999
2023-08-09T02:19:28,0,9999,0,9999
2023-08-09T02:32:06,0,9999,0,9999
2023-08-09T02:44:44,0,9999,0,9999
2023-08-09T02:57:21,0,9999,0,9999
2023-08-09T03:10:00,0,9999,0,9999
2023-08-09T03:22:41,0,9999,0,9999
2023-08-09T03:35:21,0,9999,0,9999
2023-08-09T03:48:02,0,9999,0,9999
2023-08-09T04:00:52,0,9999,0,9999
2023-08-09T04:28:23,0,9999,0,9999
2023-08-09T04:41:06,0,9999,0,9999
2023-08-09T04:53:46,0,9999,0,9999
2023-08-09T05:06:28,0,9999,0,9999
2023-08-09T05:19:08,0,9999,0,9999
2023-08-09T05:31:48,0,9999,0,9999
2023-08-09T05:44:29,0,9999,0,9999
2023-08-09T05:57:10,0,9999,0,9999
2023-08-09T06:09:50,0,9999,0,9999
2023-08-09T06:22:29,0,9999,0,9999
2023-08-09T06:35:12,0,9999,0,9999
2023-08-09T06:47:52,0,9999,0,9999
2023-08-09T07:00:32,0,9999,0,9999
2023-08-09T07:13:12,0,9999,0,9999
2023-08-09T07:25:50,0,9999,0,9999
2023-08-09T07:38:28,0,9999,0,9999
2023-08-09T07:51:08,0,9999,0,9999
2023-08-09T08:03:59,0,9999,0,9999
2023-08-09T08:16:37,0,9999,0,9999
2023-08-09T08:29:16,0,9999,0,9999
2023-08-09T08:41:54,0,9999,0,9999
2023-08-09T08:54:32,0,9999,0,9999
2023-08-09T09:07:11,0,9999,0,9999
2023-08-09T09:19:48,0,9999,0,9999
2023-08-09T09:32:25,0,9999,0,9999
2023-08-09T09:45:01,0,9999,0,9999
2023-08-09T09:57:37,0,9999,0,9999
2023-08-09T10:10:24,0,9999,0,9999
2023-08-09T10:23:00,0,9999,0,9999
2023-08-09T10:35:36,0,9999,0,9999
2023-08-09T10:48:13,0,9999,0,9999
2023-08-09T11:00:48,0,9999,0,9999
2023-08-09T11:13:26,0,9999,0,9999
2023-08-09T11:26:03,0,9999,0,9999
2023-08-09T11:38:49,0,9999,0,9999
2023-08-09T11:51:26,0,9999,0,9999
2023-08-09T12:04:02,0,9999,0,9999
2023-08-09T12:16:48,0,9999,0,9999
2023-08-09T12:29:25,0,9999,0,9999
2023-08-09T12:42:12,0,9999,0,9999
2023-08-09T12:54:48,0,9999,0,9999
2023-08-09T13:07:35,0,9999,0,9999
2023-08-09T13:20:12,0,9999,0,9999
2023-08-09T13:32:48,0,9999,0,9999
2023-08-09T13:45:35,0,9999,0,9999
2023-08-09T13:58:10,0,9999,0,9999
2023-08-09T14:13:34,0,9999,0,9999
2023-08-09T14:26:22,0,9999,0,9999
2023-08-09T14:38:59,0,9999,0,9999
2023-08-09T14:51:35,0,9999,0,9999
2023-08-09T15:04:13,0,9999,0,9999
2023-08-09T15:16:50,0,9999,0,9999
2023-08-09T15:29:27,0,9999,0,9999
2023-08-09T15:42:05,0,9999,0,9999
2023-08-09T15:54:51,0,9999,0,9999
2023-08-09T16:07:28,0,9999,0,9999
2023-08-09T16:20:05,0,9999,0,9999
2023-08-09T16:32:42,0,9999,0,9999
2023-08-09T16:45:19,0,9999,0,9999
2023-08-09T16:57:55,0,9999,0,9999
2023-08-09T17:10:32,0,9999,0,9999
2023-08-09T17:23:10,0,9999,0,9999
2023-08-09T17:35:46,0,9999,0,9999
2023-08-09T17:48:33,0,9999,0,9999
2023-08-09T18:01:10,0,9999,0,9999
2023-08-09T18:13:47,0,9999,0,9999
2023-08-09T18:26:24,0,9999,0,9999
2023-08-09T18:39:00,0,9999,0,9999
2023-08-09T18:51:38,0,9999,0,9999
2023-08-09T19:04:16,0,9999,0,9999
2023-08-09T19:16:53,0,9999,0,9999
2023-08-09T19:29:30,0,9999,0,9999
2023-08-09T19:42:08,0,9999,0,9999
2023-08-09T19:54:55,0,9999,0,9999
2023-08-09T20:07:31,0,9999,0,9999
2023-08-09T20:20:08,0,9999,0,9999
2023-08-09T20:32:44,0,9999,0,9999
2023-08-09T20:45:20,0,9999,0,9999
2023-08-09T20:57:56,0,9999,0,9999
2023-08-09T21:10:33,0,9999,0,9999
2023-08-09T21:23:10,0,9999,0,9999
2023-08-09T21:35:47,0,9999,0,9999
2023-08-09T21:48:24,0,9999,0,9999
2023-08-09T22:01:14,0,9999,0,9999
2023-08-09T22:13:51,0,9999,0,9999
2023-08-09T22:26:27,0,9999,0,9999
2023-08-09T22:39:05,0,9999,0,9999
2023-08-09T22:51:41,0,9999,0,9999
2023-08-09T23:04:18,0,9999,0,9999
2023-08-09T23:16:56,0,9999,0,9999
2023-08-09T23:29:34,0,9999,0,9999
2023-08-09T23:42:12,0,9999,0,9999
2023-08-09T23:54:49,0,9999,0,9999
2023-08-10T00:07:28,0,9999,0,9999
2023-08-10T00:20:12,0,9999,0,9999
2023-08-10T00:32:49,0,9999,0,9999
2023-08-10T00:45:27,0,9999,0,9999
2023-08-10T00:58:17,0,9999,0,9999
2023-08-10T01:10:55,0,9999,0,9999
2023-08-10T01:23:31,0,9999,0,9999
2023-08-10T01:36:09,0,9999,0,9999
2023-08-10T01:48:47,0,9999,0,9999
2023-08-10T02:01:26,0,9999,0,9999
2023-08-10T02:14:01,0,9999,0,9999
2023-08-10T02:26:36,0,9999,0,9999
2023-08-10T02:39:12,0,9999,0,9999
2023-08-10T02:51:49,0,9999,0,9999
2023-08-10T03:04:27,0,9999,0,9999
2023-08-10T03:17:06,0,9999,0,9999
2023-08-10T03:29:45,0,9999,0,9999
2023-08-10T03:42:24,0,9999,0,9999
2023-08-10T03:55:03,0,9999,0,9999
2023-08-10T04:09:52,0,9999,0,9999
2023-08-10T04:36:45,0,9999,0,9999
2023-08-10T04:49:27,0,9999,0,9999
2023-08-10T05:02:09,0,9999,0,9999
2023-08-10T05:14:47,0,9999,0,9999
2023-08-10T05:27:24,0,9999,0,9999
2023-08-10T05:40:04,0,9999,0,9999
2023-08-10T05:52:46,0,9999,0,9999
2023-08-10T06:05:37,0,9999,0,9999
2023-08-10T06:18:18,0,9999,0,9999
2023-08-10T06:30:59,0,9999,0,9999
2023-08-10T06:43:39,0,9999,0,9999
2023-08-10T06:56:19,0,9999,0,9999
2023-08-10T07:09:02,0,9999,0,9999
2023-08-10T07:21:43,0,9999,0,9999
2023-08-10T07:34:23,0,9999,0,9999
2023-08-10T07:47:01,0,9999,0,9999
2023-08-10T07:59:39,0,9999,0,9999
2023-08-10T08:12:17,0,9999,0,9999
2023-08-10T08:24:58,0,9999,0,9999
2023-08-10T08:37:47,0,9999,0,9999
2023-08-10T08:50:25,0,9999,0,9999
2023-08-10T09:03:04,0,9999,0,9999
2023-08-10T09:15:43,0,9999,0,9999
2023-08-10T09:28:22,0,9999,0,9999
2023-08-10T09:41:01,0,9999,0,9999
2023-08-10T09:53:39,0,9999,0,9999
2023-08-10T10:06:18,0,9999,0,9999
2023-08-10T10:18:57,0,9999,0,9999
2023-08-10T10:31:37,0,9999,0,9999
2023-08-10T10:44:15,0,9999,0,9999
2023-08-10T10:57:02,0,9999,0,9999
2023-08-10T11:09:39,0,9999,0,9999
2023-08-10T11:22:16,0,9999,0,9999
2023-08-10T11:34:53,0,9999,0,9999
2023-08-10T11:47:30,0,9999,0,9999
2023-08-10T12:00:07,0,9999,0,9999
2023-08-10T12:12:44,0,9999,0,9999
2023-08-10T12:25:31,0,9999,0,9999
2023-08-10T12:38:09,0,9999,0,9999
2023-08-10T12:50:46,0,9999,0,9999
2023-08-10T13:03:22,0,9999,0,9999
2023-08-10T13:16:00,0,9999,0,9999
2023-08-10T13:28:38,0,9999,0,9999
2023-08-10T13:41:15,0,9999,0,9999
2023-08-10T13:53:53,0,9999,0,9999
2023-08-10T14:06:30,0,9999,0,9999
2023-08-10T14:19:19,0,9999,0,9999
2023-08-10T14:31:57,0,9999,0,9999
2023-08-10T14:44:34,0,9999,0,9999
2023-08-10T14:57:12,0,9999,0,9999
2023-08-10T15:09:49,0,9999,0,9999
2023-08-10T15:22:27,0,9999,0,9999
2023-08-10T15:35:05,0,9999,0,9999
2023-08-10T15:47:42,0,9999,0,9999
2023-08-10T16:00:29,0,9999,0,9999
2023-08-10T16:13:06,0,9999,0,9999
2023-08-10T16:25:43,0,9999,0,9999
2023-08-10T16:38:20,0,9999,0,9999
2023-08-10T16:50:57,0,9999,0,9999
2023-08-10T17:03:34,0,9999,0,9999
2023-08-10T17:16:15,0,9999,0,9999
2023-08-10T17:28:53,0,9999,0,9999
2023-08-10T17:41:40,0,9999,0,9999
2023-08-10T17:54:17,0,9999,0,9999
2023-08-10T18:06:54,0,9999,0,9999
2023-08-10T18:19:33,0,9999,0,9999
2023-08-10T18:32:11,0,9999,0,9999
2023-08-10T18:44:49,0,9999,0,9999
2023-08-10T18:57:26,0,9999,0,9999
2023-08-10T19:10:05,0,9999,0,9999
2023-08-10T19:22:44,0,9999,0,9999
2023-08-10T19:35:21,0,9999,0,9999
2023-08-10T19:48:10,0,9999,0,9999
2023-08-10T20:00:48,0,9999,0,9999
2023-08-10T20:13:26,0,9999,0,9999
2023-08-10T20:26:04,0,9999,0,9999
2023-08-10T20:38:42,0,9999,0,9999
2023-08-10T20:51:21,0,9999,0,9999
2023-08-10T21:03:59,0,9999,0,9999
2023-08-10T21:16:37,0,9999,0,9999
2023-08-10T21:29:14,0,9999,0,9999
2023-08-10T21:41:51,0,9999,0,9999
2023-08-10T21:54:29,0,9999,0,9999
2023-08-10T22:07:07,0,9999,0,9999
2023-08-10T22:19:53,0,9999,0,9999
2023-08-10T22:32:31,0,9999,0,9999
2023-08-10T22:45:08,0,9999,0,9999
2023-08-10T22:57:45,0,9999,0,9999
2023-08-10T23:10:27,0,9999,0,9999
2023-08-10T23:23:05,0,9999,0,9999
2023-08-10T23:35:43,0,9999,0,9999
2023-08-10T23:48:21,0,9999,0,9999
2023-08-11T00:01:00,0,9999,0,9999
2023-08-11T00:13:43,0,9999,0,9999
2023-08-11T00:26:25,0,9999,0,9999
2023-08-11T00:39:05,0,9999,0,9999
2023-08-11T00:51:58,0,9999,0,9999
2023-08-11T01:04:40,0,9999,0,9999
2023-08-11T01:17:21,0,9999,0,9999
2023-08-11T01:30:03,0,9999,0,9999
2023-08-11T01:42:46,0,9999,0,9999
2023-08-11T01:55:31,0,9999,0,9999
2023-08-11T02:08:11,0,9999,0,9999
2023-08-11T02:20:49,0,9999,0,9999
2023-08-11T02:33:27,0,9999,0,9999
2023-08-11T02:46:05,0,9999,0,9999
2023-08-11T02:58:42,0,9999,0,9999
2023-08-11T03:11:21,0,9999,0,9999
2023-08-11T03:24:01,0,9999,0,9999
2023-08-11T03:36:43,0,9999,0,9999
2023-08-11T03:49:23,0,9999,0,9999
2023-08-11T04:02:04,0,9999,0,9999
2023-08-11T04:27:41,0,9999,0,9999
2023-08-11T04:41:50,0,9999,0,9999
2023-08-11T04:54:55,0,9999,0,9999
2023-08-11T05:07:37,0,9999,0,9999
2023-08-11T05:20:19,0,9999,0,9999
2023-08-11T05:33:01,0,9999,0,9999
2023-08-11T05:45:43,0,9999,0,9999
2023-08-11T05:58:25,0,9999,0,9999
2023-08-11T06:11:06,0,9999,0,9999
2023-08-11T06:23:46,0,9999,0,9999
2023-08-11T06:36:27,0,9999,0,9999
2023-08-11T06:49:07,0,9999,0,9999
2023-08-11T07:01:49,0,9999,0,9999
2023-08-11T07:14:31,0,9999,0,9999
2023-08-11T07:27:11,0,9999,0,9999
2023-08-11T07:39:49,0,9999,0,9999
2023-08-11T07:52:29,0,9999,0,9999
2023-08-11T08:05:09,0,9999,0,9999
2023-08-11T08:17:48,0,9999,0,9999
2023-08-11T08:30:30,0,9999,0,9999
2023-08-11T08:43:10,0,9999,0,9999
2023-08-11T08:55:49,0,9999,0,9999
2023-08-11T09:08:28,0,9999,0,9999
2023-08-11T09:21:18,0,9999,0,9999
2023-08-11T09:33:58,0,9999,0,9999
2023-08-11T09:46:38,0,9999,0,9999
2023-08-11T09:59:16,0,9999,0,9999
2023-08-11T10:11:54,0,9999,0,9999
2023-08-11T10:24:32,0,9999,0,9999
2023-08-11T10:37:10,0,9999,0,9999
2023-08-11T10:49:47,0,9999,0,9999
2023-08-11T11:02:24,0,9999,0,9999
2023-08-11T11:15:02,0,9999,0,9999
2023-08-11T11:27:40,0,9999,0,9999
2023-08-11T11:40:18,0,9999,0,9999
2023-08-11T11:53:04,0,9999,0,9999
2023-08-11T12:05:42,0,9999,0,9999
2023-08-11T12:18:19,0,9999,0,9999
2023-08-11T12:30:56,0,9999,0,9999
2023-08-11T12:43:33,0,9999,0,9999
2023-08-11T12:56:11,0,9999,0,9999
2023-08-11T13:08:48,0,9999,0,9999
2023-08-11T13:21:26,0,9999,0,9999
2023-08-11T13:34:03,0,9999,0,9999
2023-08-11T13:46:40,0,9999,0,9999
2023-08-11T13:59:27,0,9999,0,9999
2023-08-11T14:12:05,0,9999,0,9999
2023-08-11T14:24:42,0,9999,0,9999
2023-08-11T14:37:20,0,9999,0,9999
2023-08-11T14:49:58,0,9999,0,9999
2023-08-11T15:02:35,0,9999,0,9999
2023-08-11T15:15:13,0,9999,0,9999
2023-08-11T15:27:50,0,9999,0,9999
2023-08-11T15:40:28,0,9999,0,9999
2023-08-11T15:53:05,0,9999,0,9999
2023-08-11T16:05:43,0,9999,0,9999
2023-08-11T16:18:31,0,9999,0,9999
2023-08-11T16:31:09,0,9999,0,9999
2023-08-11T16:43:46,0,9999,0,9999
2023-08-11T16:56:23,0,9999,0,9999
2023-08-11T17:09:01,0,9999,0,9999
2023-08-11T17:21:39,0,9999,0,9999
2023-08-11T17:34:16,0,9999,0,9999
2023-08-11T17:46:53,0,9999,0,9999
2023-08-11T17:59:30,0,9999,0,9999
2023-08-11T18:12:08,0,9999,0,9999
2023-08-11T18:24:45,0,9999,0,9999
2023-08-11T18:37:23,0,9999,0,9999
2023-08-11T18:50:00,0,9999,0,9999
2023-08-11T19:02:50,0,9999,0,9999
2023-08-11T19:15:28,0,9999,0,9999
2023-08-11T19:28:06,0,9999,0,9999
2023-08-11T19:40:44,0,9999,0,9999
2023-08-11T19:53:21,0,9999,0,9999
2023-08-11T20:05:59,0,9999,0,9999
2023-08-11T20:18:37,0,9999,0,9999
2023-08-11T20:31:14,0,9999,0,9999
2023-08-11T20:43:52,0,9999,0,9999
2023-08-11T20:56:31,0,9999,0,9999
2023-08-11T21:09:09,0,9999,0,9999
2023-08-11T21:21:47,0,9999,0,9999
2023-08-11T21:34:34,0,9999,0,9999
2023-08-11T21:47:13,0,9999,0,9999
2023-08-11T21:59:51,0,9999,0,9999
2023-08-11T22:12:29,0,9999,0,9999
2023-08-11T22:25:07,0,9999,0,9999
2023-08-11T22:37:45,0,9999,0,9999
2023-08-11T22:50:22,0,9999,0,9999
2023-08-11T23:03:00,0,9999,0,9999
2023-08-11T23:15:39,0,9999,0,9999
2023-08-11T23:28:18,0,9999,0,9999
2023-08-11T23:40:57,0,9999,0,9999
2023-08-11T23:53:36,0,9999,0,9999
2023-08-12T00:06:26,0,9999,0,9999
2023-08-12T00:19:10,0,9999,0,9999
2023-08-12T00:31:51,0,9999,0,9999
2023-08-12T00:45:11,0,9999,0,9999
2023-08-12T00:57:54,0,9999,0,9999
2023-08-12T01:10:36,0,9999,0,9999
2023-08-12T01:23:18,0,9999,0,9999
2023-08-12T01:36:00,0,9999,0,9999
2023-08-12T01:48:42,0,9999,0,9999
2023-08-12T02:01:27,0,9999,0,9999
2023-08-12T02:14:06,0,9999,0,9999
2023-08-12T02:26:46,0,9999,0,9999
2023-08-12T02:39:27,0,9999,0,9999
2023-08-12T02:52:05,0,9999,0,9999
2023-08-12T03:04:43,0,9999,0,9999
2023-08-12T03:17:23,0,9999,0,9999
2023-08-12T03:30:02,0,9999,0,9999
2023-08-12T03:42:42,0,9999,0,9999
2023-08-12T03:55:21,0,9999,0,9999
2023-08-12T04:10:24,0,9999,0,9999
2023-08-12T04:37:20,0,9999,0,9999
2023-08-12T04:50:03,0,9999,0,9999
2023-08-12T05:02:45,0,9999,0,9999
2023-08-12T05:15:24,0,9999,0,9999
2023-08-12T05:28:02,0,9999,0,9999
2023-08-12T05:40:43,0,9999,0,9999
2023-08-12T05:53:21,0,9999,0,9999
2023-08-12T06:06:03,0,9999,0,9999
2023-08-12T06:18:44,0,9999,0,9999
2023-08-12T06:31:28,0,9999,0,9999
2023-08-12T06:44:09,0,9999,0,9999
2023-08-12T06:56:50,0,9999,0,9999
2023-08-12T07:09:31,0,9999,0,9999
2023-08-12T07:22:12,0,9999,0,9999
2023-08-12T07:34:52,0,9999,0,9999
2023-08-12T07:47:31,0,9999,0,9999
2023-08-12T08:00:12,0,9999,0,9999
2023-08-12T08:12:53,0,9999,0,9999
2023-08-12T08:25:42,0,9999,0,9999
2023-08-12T08:38:23,0,9999,0,9999
2023-08-12T08:51:04,0,9999,0,9999
2023-08-12T09:03:45,0,9999,0,9999
2023-08-12T09:16:25,0,9999,0,9999
2023-08-12T09:29:06,0,9999,0,9999
2023-08-12T09:41:47,0,9999,0,9999
2023-08-12T09:54:27,0,9999,0,9999
2023-08-12T10:07:08,0,9999,0,9999
2023-08-12T10:19:49,0,9999,0,9999
2023-08-12T10:32:43,0,9999,0,9999
2023-08-12T10:45:23,0,9999,0,9999
2023-08-12T10:58:04,0,9999,0,9999
2023-08-12T11:10:44,0,9999,0,9999
2023-08-12T11:23:24,0,9999,0,9999
2023-08-12T11:36:04,0,9999,0,9999
2023-08-12T11:48:44,0,9999,0,9999
2023-08-12T12:01:23,0,9999,0,9999
2023-08-12T12:14:04,0,9999,0,9999
2023-08-12T12:26:44,0,9999,0,9999
2023-08-12T12:39:24,0,9999,0,9999
2023-08-12T12:52:02,0,9999,0,9999
2023-08-12T13:04:40,0,9999,0,9999
2023-08-12T13:17:17,0,9999,0,9999
2023-08-12T13:29:55,0,9999,0,9999
2023-08-12T13:42:43,0,9999,0,9999
2023-08-12T13:55:20,0,9999,0,9999
2023-08-12T14:07:58,0,9999,0,9999
2023-08-12T14:20:35,0,9999,0,9999
2023-08-12T14:33:13,0,9999,0,9999
2023-08-12T14:45:50,0,9999,0,9999
2023-08-12T14:58:28,0,9999,0,9999
2023-08-12T15:11:06,0,9999,0,9999
2023-08-12T15:23:43,0,9999,0,9999
2023-08-12T15:36:21,0,9999,0,9999
2023-08-12T15:48:59,0,9999,0,9999
2023-08-12T16:01:37,0,9999,0,9999
2023-08-12T16:14:14,0,9999,0,9999
2023-08-12T16:26:52,0,9999,0,9999
2023-08-12T16:39:29,0,9999,0,9999
2023-08-12T16:52:07,0,9999,0,9999
2023-08-12T17:04:44,0,9999,0,9999
2023-08-12T17:17:34,0,9999,0,9999
2023-08-12T17:30:12,0,9999,0,9999
2023-08-12T17:42:50,0,9999,0,9999
2023-08-12T17:55:28,0,9999,0,9999
2023-08-12T18:08:06,0,9999,0,9999
2023-08-12T18:20:44,0,9999,0,9999
2023-08-12T18:33:23,0,9999,0,9999
2023-08-12T18:46:01,0,9999,0,9999
2023-08-12T18:58:38,0,9999,0,9999
2023-08-12T19:11:17,0,9999,0,9999
2023-08-12T19:23:55,0,9999,0,9999
2023-08-12T19:36:33,0,9999,0,9999
2023-08-12T19:49:11,0,9999,0,9999
2023-08-12T20:01:48,0,9999,0,9999
2023-08-12T20:14:26,0,9999,0,9999
2023-08-12T20:27:14,0,9999,0,9999
2023-08-12T20:39:52,0,9999,0,9999
2023-08-12T20:52:30,0,9999,0,9999
2023-08-12T21:05:08,0,9999,0,9999
2023-08-12T21:17:46,0,9999,0,9999
2023-08-12T21:30:25,0,9999,0,9999
2023-08-12T21:43:03,0,9999,0,9999
2023-08-12T21:55:40,0,9999,0,9999
2023-08-12T22:08:18,0,9999,0,9999
2023-08-12T22:20:55,0,9999,0,9999
2023-08-12T22:33:34,0,9999,0,9999
2023-08-12T22:46:11,0,9999,0,9999
2023-08-12T22:58:49,0,9999,0,9999
2023-08-12T23:11:28,0,9999,0,9999
2023-08-12T23:24:08,0,9999,0,9999
2023-08-12T23:36:46,0,9999,0,9999
2023-08-12T23:49:23,0,9999,0,9999
2023-08-13T00:02:02,0,9999,0,9999
2023-08-13T00:14:52,0,9999,0,9999
2023-08-13T00:27:34,0,9999,0,9999
2023-08-13T00:40:15,0,9999,0,9999
2023-08-13T00:52:53,0,9999,0,9999
2023-08-13T01:05:32,0,9999,0,9999
2023-08-13T01:18:10,0,9999,0,9999
2023-08-13T01:30:48,0,9999,0,9999
2023-08-13T01:43:25,0,9999,0,9999
2023-08-13T01:56:04,0,9999,0,9999
2023-08-13T02:08:42,0,9999,0,9999
2023-08-13T02:21:20,0,9999,0,9999
2023-08-13T02:34:04,0,9999,0,9999
2023-08-13T02:46:51,0,9999,0,9999
2023-08-13T02:59:33,0,9999,0,9999
2023-08-13T03:12:34,0,9999,0,9999
2023-08-13T03:25:17,0,9999,0,9999
2023-08-13T03:38:02,0,9999,0,9999
2023-08-13T03:51:32,0,9999,0,9999
2023-08-13T04:04:14,0,9999,0,9999
2023-08-13T04:26:11,0,9999,0,9999
2023-08-13T04:38:58,0,9999,0,9999
2023-08-13T04:51:45,0,9999,0,9999
2023-08-13T05:04:30,0,9999,0,9999
2023-08-13T05:17:12,0,9999,0,9999
2023-08-13T05:29:54,0,9999,0,9999
2023-08-13T05:42:37,0,9999,0,9999
2023-08-13T05:55:21,0,9999,0,9999
2023-08-13T06:08:03,0,9999,0,9999
2023-08-13T06:20:45,0,9999,0,9999
2023-08-13T06:33:27,0,9999,0,9999
2023-08-13T06:46:08,0,9999,0,9999
2023-08-13T06:58:49,0,9999,0,9999
2023-08-13T07:11:29,0,9999,0,9999
2023-08-13T07:24:09,0,9999,0,9999
2023-08-13T07:36:53,0,9999,0,9999
2023-08-13T07:49:33,0,9999,0,9999
2023-08-13T08:02:16,0,9999,0,9999
2023-08-13T08:14:59,0,9999,0,9999
2023-08-13T08:27:41,0,9999,0,9999
2023-08-13T08:40:22,0,9999,0,9999
2023-08-13T08:53:01,0,9999,0,9999
2023-08-13T09:05:47,0,9999,0,9999
2023-08-13T09:18:26,0,9999,0,9999
2023-08-13T09:31:06,0,9999,0,9999
2023-08-13T09:43:44,0,9999,0,9999
2023-08-13T09:56:23,0,9999,0,9999
2023-08-13T10:09:02,0,9999,0,9999
2023-08-13T10:21:40,0,9999,0,9999
2023-08-13T10:34:21,0,9999,0,9999
2023-08-13T10:47:01,0,9999,0,9999
2023-08-13T10:59:40,0,9999,0,9999
2023-08-13T11:12:19,0,9999,0,9999
2023-08-13T11:24:57,0,9999,0,9999
2023-08-13T11:37:36,0,9999,0,9999
2023-08-13T11:50:14,0,9999,0,9999
2023-08-13T12:03:03,0,9999,0,9999
2023-08-13T12:15:41,0,9999,0,9999
2023-08-13T12:28:20,0,9999,0,9999
2023-08-13T12:40:58,0,9999,0,9999
2023-08-13T12:53:36,0,9999,0,9999
2023-08-13T13:06:14,0,9999,0,9999
2023-08-13T13:18:52,0,9999,0,9999
2023-08-13T13:31:29,0,9999,0,9999
2023-08-13T13:44:07,0,9999,0,9999
2023-08-13T13:56:46,0,9999,0,9999
2023-08-13T14:09:24,0,9999,0,9999
2023-08-13T14:22:12,0,9999,0,9999
2023-08-13T14:34:50,0,9999,0,9999
2023-08-13T14:47:28,0,9999,0,9999
2023-08-13T15:00:06,0,9999,0,9999
2023-08-13T15:12:44,0,9999,0,9999
2023-08-13T15:25:22,0,9999,0,9999
2023-08-13T15:38:00,0,9999,0,9999
2023-08-13T15:50:37,0,9999,0,9999
2023-08-13T16:03:15,0,9999,0,9999
2023-08-13T16:15:54,0,9999,0,9999
2023-08-13T16:28:33,0,9999,0,9999
2023-08-13T16:41:12,0,9999,0,9999
2023-08-13T16:54:01,0,9999,0,9999
2023-08-13T17:06:39,0,9999,0,9999
2023-08-13T17:19:19,0,9999,0,9999
2023-08-13T17:31:56,0,9999,0,9999
2023-08-13T17:44:34,0,9999,0,9999
2023-08-13T17:57:12,0,9999,0,9999
2023-08-13T18:09:50,0,9999,0,9999
2023-08-13T18:22:28,0,9999,0,9999
2023-08-13T18:35:06,0,9999,0,9999
2023-08-13T18:47:43,0,9999,0,9999
2023-08-13T19:00:31,0,9999,0,9999
2023-08-13T19:13:13,0,9999,0,9999
2023-08-13T19:25:51,0,9999,0,9999
2023-08-13T19:38:29,0,9999,0,9999
2023-08-13T19:51:07,0,9999,0,9999
2023-08-13T20:03:44,0,9999,0,9999
2023-08-13T20:16:22,0,9999,0,9999
2023-08-13T20:29:00,0,9999,0,9999
2023-08-13T20:41:37,0,9999,0,9999
2023-08-13T20:54:15,0,9999,0,9999
2023-08-13T21:06:52,0,9999,0,9999
2023-08-13T21:19:41,0,9999,0,9999
2023-08-13T21:32:19,0,9999,0,9999
2023-08-13T21:44:59,0,9999,0,9999
2023-08-13T21:57:37,0,9999,0,9999
2023-08-13T22:10:15,0,9999,0,9999
2023-08-13T22:22:53,0,9999,0,9999
2023-08-13T22:35:31,0,9999,0,9999
2023-08-13T22:48:09,0,9999,0,9999
2023-08-13T23:00:46,0,9999,0,9999
2023-08-13T23:13:28,0,9999,0,9999
2023-08-13T23:26:06,0,9999,0,9999
2023-08-13T23:38:56,0,9999,0,9999
2023-08-13T23:51:34,0,9999,0,9999
2023-08-14T00:04:13,0,9999,0,9999
2023-08-14T00:17:05,0,9999,0,9999
2023-08-14T00:29:56,0,9999,0,9999
2023-08-14T00:42:42,0,9999,0,9999
2023-08-14T00:55:23,0,9999,0,9999
2023-08-14T01:08:01,0,9999,0,9999
2023-08-14T01:20:47,0,9999,0,9999
2023-08-14T01:33:40,0,9999,0,9999
2023-08-14T01:46:22,0,9999,0,9999
2023-08-14T01:59:04,0,9999,0,9999
2023-08-14T02:11:57,0,9999,0,9999
2023-08-14T02:24:38,0,9999,0,9999
2023-08-14T02:37:19,0,9999,0,9999
2023-08-14T02:49:59,0,9999,0,9999
2023-08-14T03:02:39,0,9999,0,9999
2023-08-14T03:15:20,0,9999,0,9999
2023-08-14T03:28:02,0,9999,0,9999
2023-08-14T03:40:42,0,9999,0,9999
2023-08-14T03:53:21,0,9999,0,9999
2023-08-14T04:25:46,0,9999,0,9999
2023-08-14T04:38:28,0,9999,0,9999
2023-08-14T04:51:11,0,9999,0,9999
2023-08-14T05:03:54,0,9999,0,9999
2023-08-14T05:16:36,0,9999,0,9999
2023-08-14T05:29:18,0,9999,0,9999
2023-08-14T05:42:01,0,9999,0,9999
2023-08-14T05:54:43,0,9999,0,9999
2023-08-14T06:07:24,0,9999,0,9999
2023-08-14T06:20:05,0,9999,0,9999
2023-08-14T06:32:50,0,9999,0,9999
2023-08-14T06:45:31,0,9999,0,9999
2023-08-14T06:58:12,0,9999,0,9999
2023-08-14T07:10:53,0,9999,0,9999
2023-08-14T07:23:30,0,9999,0,9999
2023-08-14T07:36:09,0,9999,0,9999
2023-08-14T07:48:58,0,9999,0,9999
2023-08-14T08:01:37,0,9999,0,9999
2023-08-14T08:14:14,0,9999,0,9999
2023-08-14T08:26:54,0,9999,0,9999
2023-08-14T08:39:32,0,9999,0,9999
2023-08-14T08:52:09,0,9999,0,9999
2023-08-14T09:04:48,0,9999,0,9999
2023-08-14T09:17:25,0,9999,0,9999
2023-08-14T09:30:03,0,9999,0,9999
2023-08-14T09:42:50,0,9999,0,9999
2023-08-14T09:55:28,0,9999,0,9999
2023-08-14T10:08:07,0,9999,0,9999
2023-08-14T10:20:44,0,9999,0,9999
2023-08-14T10:33:23,0,9999,0,9999
2023-08-14T10:46:11,0,9999,0,9999
2023-08-14T10:58:50,0,9999,0,9999
2023-08-14T11:11:28,0,9999,0,9999
2023-08-14T11:24:07,0,9999,0,9999
2023-08-14T11:36:45,0,9999,0,9999
2023-08-14T11:49:23,0,9999,0,9999
2023-08-14T12:02:11,0,9999,0,9999
2023-08-14T12:14:49,0,9999,0,9999
2023-08-14T12:27:27,0,9999,0,9999
2023-08-14T12:40:05,0,9999,0,9999
2023-08-14T12:52:42,0,9999,0,9999
2023-08-14T13:05:30,0,9999,0,9999
2023-08-14T13:18:08,0,9999,0,9999
2023-08-14T13:30:46,0,9999,0,9999
2023-08-14T13:43:24,0,9999,0,9999
2023-08-14T13:56:15,0,9999,0,9999
2023-08-14T14:08:53,0,9999,0,9999
2023-08-14T14:21:32,0,9999,0,9999
2023-08-14T14:34:10,0,9999,0,9999
2023-08-14T14:46:49,0,9999,0,9999
2023-08-14T14:59:28,0,9999,0,9999
2023-08-14T15:12:17,0,9999,0,9999
2023-08-14T15:24:55,0,9999,0,9999
2023-08-14T15:37:34,0,9999,0,9999
2023-08-14T15:50:13,0,9999,0,9999
2023-08-14T16:02:51,0,9999,0,9999
2023-08-14T16:15:30,0,9999,0,9999
2023-08-14T16:28:19,0,9999,0,9999
2023-08-14T16:40:58,0,9999,0,9999
2023-08-14T16:53:38,0,9999,0,9999
2023-08-14T17:06:17,0,9999,0,9999
2023-08-14T17:18:56,0,9999,0,9999
2023-08-14T17:31:35,0,9999,0,9999
2023-08-14T17:44:13,0,9999,0,9999
2023-08-14T17:56:53,0,9999,0,9999
2023-08-14T18:09:31,0,9999,0,9999
2023-08-14T18:22:20,0,9999,0,9999
2023-08-14T18:34:59,0,9999,0,9999
2023-08-14T18:47:37,0,9999,0,9999
2023-08-14T19:00:15,0,9999,0,9999
2023-08-14T19:12:54,0,9999,0,9999
2023-08-14T19:25:33,0,9999,0,9999
2023-08-14T19:38:21,0,9999,0,9999
2023-08-14T19:50:59,0,9999,0,9999
2023-08-14T20:03:38,0,9999,0,9999
2023-08-14T20:16:16,0,9999,0,9999
2023-08-14T20:28:54,0,9999,0,9999
2023-08-14T20:41:43,0,9999,0,9999
2023-08-14T20:54:21,0,9999,0,9999
2023-08-14T21:07:01,0,9999,0,9999
2023-08-14T21:19:39,0,9999,0,9999
2023-08-14T21:32:17,0,9999,0,9999
2023-08-14T21:44:56,0,9999,0,9999
2023-08-14T21:57:34,0,9999,0,9999
2023-08-14T22:10:12,0,9999,0,9999
2023-08-14T22:23:01,0,9999,0,9999
2023-08-14T22:35:40,0,9999,0,9999
2023-08-14T22:48:18,0,9999,0,9999
2023-08-14T23:00:57,0,9999,0,9999
2023-08-14T23:13:38,0,9999,0,9999
2023-08-14T23:26:18,0,9999,0,9999
2023-08-14T23:38:57,0,9999,0,9999
2023-08-14T23:51:36,0,9999,0,9999
2023-08-15T00:04:17,0,9999,0,9999
2023-08-15T00:17:07,0,9999,0,9999
2023-08-15T00:29:51,0,9999,0,9999
2023-08-15T00:42:33,0,9999,0,9999
2023-08-15T00:55:16,0,9999,0,9999
2023-08-15T01:08:00,0,9999,0,9999
2023-08-15T01:20:41,0,9999,0,9999
2023-08-15T01:33:24,0,9999,0,9999
2023-08-15T01:46:06,0,9999,0,9999
2023-08-15T01:58:50,0,9999,0,9999
2023-08-15T02:11:32,0,9999,0,9999
2023-08-15T02:24:13,0,9999,0,9999
2023-08-15T02:36:54,0,9999,0,9999
2023-08-15T02:49:34,0,9999,0,9999
2023-08-15T03:02:13,0,9999,0,9999
2023-08-15T03:14:53,0,9999,0,9999
2023-08-15T03:27:34,0,9999,0,9999
2023-08-15T03:40:14,0,9999,0,9999
2023-08-15T03:52:55,0,9999,0,9999
2023-08-15T04:05:36,0,9999,0,9999
2023-08-15T04:44:58,0,9999,0,9999
2023-08-15T04:57:42,0,9999,0,9999
2023-08-15T05:10:24,0,9999,0,9999
2023-08-15T05:23:03,0,9999,0,9999
2023-08-15T05:35:44,0,9999,0,9999
2023-08-15T05:48:24,0,9999,0,9999
2023-08-15T06:01:01,0,9999,0,9999
2023-08-15T06:13:41,0,9999,0,9999
2023-08-15T06:26:24,0,9999,0,9999
2023-08-15T06:39:06,0,9999,0,9999
2023-08-15T06:51:48,0,9999,0,9999
2023-08-15T07:04:29,0,9999,0,9999
2023-08-15T07:17:18,0,9999,0,9999
2023-08-15T07:29:59,0,9999,0,9999
2023-08-15T07:42:47,0,9999,0,9999
2023-08-15T07:55:27,0,9999,0,9999
2023-08-15T08:08:09,0,9999,0,9999
2023-08-15T08:20:48,0,9999,0,9999
2023-08-15T08:33:28,0,9999,0,9999
2023-08-15T08:46:11,0,9999,0,9999
2023-08-15T08:58:54,0,9999,0,9999
2023-08-15T09:11:36,0,9999,0,9999
2023-08-15T09:24:18,0,9999,0,9999
2023-08-15T09:37:05,0,9999,0,9999
2023-08-15T09:49:46,0,9999,0,9999
2023-08-15T10:02:30,0,9999,0,9999
2023-08-15T10:15:23,0,9999,0,9999
2023-08-15T10:28:08,0,9999,0,9999
2023-08-15T10:40:50,0,9999,0,9999
2023-08-15T10:53:31,0,9999,0,9999
2023-08-15T11:06:11,0,9999,0,9999
2023-08-15T11:18:51,0,9999,0,9999
2023-08-15T11:31:30,0,9999,0,9999
2023-08-15T11:44:11,0,9999,0,9999
2023-08-15T11:56:51,0,9999,0,9999
2023-08-15T12:09:40,0,9999,0,9999
2023-08-15T12:22:19,0,9999,0,9999
2023-08-15T12:34:57,0,9999,0,9999
2023-08-15T12:47:35,0,9999,0,9999
2023-08-15T13:00:14,0,9999,0,9999
2023-08-15T13:12:52,0,9999,0,9999
2023-08-15T13:25:30,0,9999,0,9999
2023-08-15T13:38:19,0,9999,0,9999
2023-08-15T13:50:58,0,9999,0,9999
2023-08-15T14:03:38,0,9999,0,9999
2023-08-15T14:16:16,0,9999,0,9999
2023-08-15T14:28:57,0,9999,0,9999
2023-08-15T14:41:36,0,9999,0,9999
2023-08-15T14:54:15,0,9999,0,9999
2023-08-15T15:06:54,0,9999,0,9999
2023-08-15T15:19:43,0,9999,0,9999
2023-08-15T15:32:22,0,9999,0,9999
2023-08-15T15:45:01,0,9999,0,9999
2023-08-15T15:57:41,0,9999,0,9999
2023-08-15T16:10:20,0,9999,0,9999
2023-08-15T16:22:59,0,9999,0,9999
2023-08-15T16:35:39,0,9999,0,9999
2023-08-15T16:48:18,0,9999,0,9999
2023-08-15T17:00:58,0,9999,0,9999
2023-08-15T17:13:49,0,9999,0,9999
2023-08-15T17:26:28,0,9999,0,9999
2023-08-15T17:39:07,0,9999,0,9999
2023-08-15T17:51:45,0,9999,0,9999
2023-08-15T18:04:23,0,9999,0,9999
2023-08-15T18:17:02,0,9999,0,9999
2023-08-15T18:29:41,0,9999,0,9999
2023-08-15T18:42:20,0,9999,0,9999
2023-08-15T18:55:08,0,9999,0,9999
2023-08-15T19:07:47,0,9999,0,9999
2023-08-15T19:20:26,0,9999,0,9999
2023-08-15T19:33:04,0,9999,0,9999
2023-08-15T19:45:44,0,9999,0,9999
2023-08-15T19:58:22,0,9999,0,9999
2023-08-15T20:11:01,0,9999,0,9999
2023-08-15T20:23:39,0,9999,0,9999
2023-08-15T20:36:18,0,9999,0,9999
2023-08-15T20:48:56,0,9999,0,9999
2023-08-15T21:01:45,0,9999,0,9999
2023-08-15T21:14:23,0,9999,0,9999
2023-08-15T21:27:02,0,9999,0,9999
2023-08-15T21:39:40,0,9999,0,9999
2023-08-15T21:52:18,0,9999,0,9999
2023-08-15T22:04:58,0,9999,0,9999
2023-08-15T22:17:37,0,9999,0,9999
2023-08-15T22:30:15,0,9999,0,9999
2023-08-15T22:42:54,0,9999,0,9999
2023-08-15T22:55:33,0,9999,0,9999
2023-08-15T23:08:24,0,9999,0,9999
2023-08-15T23:21:03,0,9999,0,9999
2023-08-15T23:33:42,0,9999,0,9999
2023-08-15T23:46:21,0,9999,0,9999
2023-08-15T23:59:01,0,9999,0,9999
2023-08-16T00:11:42,0,9999,0,9999
2023-08-16T00:24:26,0,9999,0,9999
2023-08-16T00:37:09,0,9999,0,9999
2023-08-16T00:49:51,0,9999,0,9999
2023-08-16T01:02:46,0,9999,0,9999
2023-08-16T01:15:29,0,9999,0,9999
2023-08-16T01:28:13,0,9999,0,9999
2023-08-16T01:40:56,0,9999,0,9999
2023-08-16T01:53:40,0,9999,0,9999
2023-08-16T02:06:32,0,9999,0,9999
2023-08-16T02:19:12,0,9999,0,9999
2023-08-16T02:31:51,0,9999,0,9999
2023-08-16T02:44:30,0,9999,0,9999
2023-08-16T02:57:09,0,9999,0,9999
2023-08-16T03:10:00,0,9999,0,9999
2023-08-16T03:22:39,0,9999,0,9999
2023-08-16T03:35:18,0,9999,0,9999
2023-08-16T03:47:59,0,9999,0,9999
2023-08-16T04:00:41,0,9999,0,9999
2023-08-16T04:13:34,0,9999,0,9999
2023-08-16T04:35:07,0,9999,0,9999
2023-08-16T04:47:54,0,9999,0,9999
2023-08-16T05:00:39,0,9999,0,9999
2023-08-16T05:13:22,0,9999,0,9999
2023-08-16T05:26:11,0,9999,0,9999
2023-08-16T05:38:56,0,9999,0,9999
2023-08-16T05:51:39,0,9999,0,9999
2023-08-16T06:04:21,0,9999,0,9999
2023-08-16T06:17:13,0,9999,0,9999
2023-08-16T06:29:57,0,9999,0,9999
2023-08-16T06:42:39,0,9999,0,9999
2023-08-16T06:55:21,0,9999,0,9999
2023-08-16T07:08:13,0,9999,0,9999
2023-08-16T07:20:54,0,9999,0,9999
2023-08-16T07:33:35,0,9999,0,9999
2023-08-16T07:46:15,0,9999,0,9999
2023-08-16T07:59:05,0,9999,0,9999
2023-08-16T08:11:45,0,9999,0,9999
2023-08-16T08:24:26,0,9999,0,9999
2023-08-16T08:37:07,0,9999,0,9999
2023-08-16T08:49:57,0,9999,0,9999
2023-08-16T09:02:37,0,9999,0,9999
2023-08-16T09:15:19,0,9999,0,9999
2023-08-16T09:28:06,0,9999,0,9999
2023-08-16T09:40:45,0,9999,0,9999
2023-08-16T09:53:23,0,9999,0,9999
2023-08-16T10:06:02,0,9999,0,9999
2023-08-16T10:18:50,0,9999,0,9999
2023-08-16T10:31:28,0,9999,0,9999
2023-08-16T10:44:07,0,9999,0,9999
2023-08-16T10:56:54,0,9999,0,9999
2023-08-16T11:09:33,0,9999,0,9999
2023-08-16T11:22:11,0,9999,0,9999
2023-08-16T11:34:59,0,9999,0,9999
2023-08-16T11:47:37,0,9999,0,9999
2023-08-16T12:00:16,0,9999,0,9999
2023-08-16T12:12:55,0,9999,0,9999
2023-08-16T12:25:43,0,9999,0,9999
2023-08-16T12:38:21,0,9999,0,9999
2023-08-16T12:51:09,0,9999,0,9999
2023-08-16T13:03:47,0,9999,0,9999
2023-08-16T13:16:26,0,9999,0,9999
2023-08-16T13:29:04,0,9999,0,9999
2023-08-16T13:41:43,0,9999,0,9999
2023-08-16T13:54:25,0,9999,0,9999
2023-08-16T14:07:04,0,9999,0,9999
2023-08-16T14:19:42,0,9999,0,9999
2023-08-16T14:32:30,0,9999,0,9999
2023-08-16T14:45:08,0,9999,0,9999
2023-08-16T14:57:47,0,9999,0,9999
2023-08-16T15:10:26,0,9999,0,9999
2023-08-16T15:23:05,0,9999,0,9999
2023-08-16T15:35:46,0,9999,0,9999
2023-08-16T15:48:25,0,9999,0,9999
2023-08-16T16:01:04,0,9999,0,9999
2023-08-16T16:13:43,0,9999,0,9999
2023-08-16T16:26:32,0,9999,0,9999
2023-08-16T16:39:11,0,9999,0,9999
2023-08-16T16:51:50,0,9999,0,9999
2023-08-16T17:04:30,0,9999,0,9999
2023-08-16T17:17:09,0,9999,0,9999
2023-08-16T17:29:48,0,9999,0,9999
2023-08-16T17:42:27,0,9999,0,9999
2023-08-16T17:55:05,0,9999,0,9999
2023-08-16T18:07:44,0,9999,0,9999
2023-08-16T18:20:33,0,9999,0,9999
2023-08-16T18:33:12,0,9999,0,9999
2023-08-16T18:45:51,0,9999,0,9999
2023-08-16T18:58:29,0,9999,0,9999
2023-08-16T19:11:11,0,9999,0,9999
2023-08-16T19:23:50,0,9999,0,9999
2023-08-16T19:36:31,0,9999,0,9999
2023-08-16T19:49:10,0,9999,0,9999
2023-08-16T20:01:49,0,9999,0,9999
2023-08-16T20:14:29,0,9999,0,9999
2023-08-16T20:27:18,0,9999,0,9999
2023-08-16T20:39:57,0,9999,0,9999
2023-08-16T20:52:37,0,9999,0,9999
2023-08-16T21:05:15,0,9999,0,9999
2023-08-16T21:17:55,0,9999,0,9999
2023-08-16T21:30:34,0,9999,0,9999
2023-08-16T21:43:14,0,9999,0,9999
2023-08-16T21:55:53,0,9999,0,9999
2023-08-16T22:08:32,0,9999,0,9999
2023-08-16T22:21:11,0,9999,0,9999
2023-08-16T22:33:59,0,9999,0,9999
2023-08-16T22:46:38,0,9999,0,9999
2023-08-16T22:59:17,0,9999,0,9999
2023-08-16T23:11:59,0,9999,0,9999
2023-08-16T23:24:39,0,9999,0,9999
2023-08-16T23:37:19,0,9999,0,9999
2023-08-16T23:50:00,0,9999,0,9999
2023-08-17T00:02:40,0,9999,0,9999
2023-08-17T00:15:24,0,9999,0,9999
2023-08-17T00:28:09,0,9999,0,9999
2023-08-17T00:40:52,0,9999,0,9999
2023-08-17T00:53:45,0,9999,0,9999
2023-08-17T01:06:30,0,9999,0,9999
2023-08-17T01:19:13,0,9999,0,9999
2023-08-17T01:31:56,0,9999,0,9999
2023-08-17T01:44:39,0,9999,0,9999
2023-08-17T01:57:22,0,9999,0,9999
2023-08-17T02:10:04,0,9999,0,9999
2023-08-17T02:22:45,0,9999,0,9999
2023-08-17T02:35:25,0,9999,0,9999
2023-08-17T02:48:04,0,9999,0,9999
2023-08-17T03:00:47,0,9999,0,9999
2023-08-17T03:13:32,0,9999,0,9999
2023-08-17T03:26:18,0,9999,0,9999
2023-08-17T03:39:00,0,9999,0,9999
2023-08-17T03:51:42,0,9999,0,9999
2023-08-17T04:06:27,0,9999,0,9999
2023-08-17T04:27:59,0,9999,0,9999
2023-08-17T04:40:44,0,9999,0,9999
2023-08-17T04:53:28,0,9999,0,9999
2023-08-17T05:06:13,0,9999,0,9999
2023-08-17T05:18:57,0,9999,0,9999
2023-08-17T05:31:40,0,9999,0,9999
2023-08-17T05:44:24,0,9999,0,9999
2023-08-17T05:57:07,0,9999,0,9999
2023-08-17T06:09:49,0,9999,0,9999
2023-08-17T06:22:31,0,9999,0,9999
2023-08-17T06:35:15,0,9999,0,9999
2023-08-17T06:47:58,0,9999,0,9999
2023-08-17T07:00:42,0,9999,0,9999
2023-08-17T07:13:28,0,9999,0,9999
2023-08-17T07:26:23,0,9999,0,9999
2023-08-17T07:39:03,0,9999,0,9999
2023-08-17T07:51:52,0,9999,0,9999
2023-08-17T08:04:33,0,9999,0,9999
2023-08-17T08:17:13,0,9999,0,9999
2023-08-17T08:29:52,0,9999,0,9999
2023-08-17T08:42:31,0,9999,0,9999
2023-08-17T08:55:11,0,9999,0,9999
2023-08-17T09:07:50,0,9999,0,9999
2023-08-17T09:20:29,0,9999,0,9999
2023-08-17T09:33:09,0,9999,0,9999
2023-08-17T09:45:50,0,9999,0,9999
2023-08-17T09:58:30,0,9999,0,9999
2023-08-17T10:11:10,0,9999,0,9999
2023-08-17T10:24:02,0,9999,0,9999
2023-08-17T10:36:41,0,9999,0,9999
2023-08-17T10:49:19,0,9999,0,9999
2023-08-17T11:01:59,0,9999,0,9999
2023-08-17T11:14:38,0,9999,0,9999
2023-08-17T11:27:17,0,9999,0,9999
2023-08-17T11:39:57,0,9999,0,9999
2023-08-17T11:52:36,0,9999,0,9999
2023-08-17T12:05:25,0,9999,0,9999
2023-08-17T12:18:03,0,9999,0,9999
2023-08-17T12:30:42,0,9999,0,9999
2023-08-17T12:43:22,0,9999,0,9999
2023-08-17T12:56:02,0,9999,0,9999
2023-08-17T13:08:40,0,9999,0,9999
2023-08-17T13:21:19,0,9999,0,9999
2023-08-17T13:33:58,0,9999,0,9999
2023-08-17T13:46:38,0,9999,0,9999
2023-08-17T13:59:27,0,9999,0,9999
2023-08-17T14:12:06,0,9999,0,9999
2023-08-17T14:24:45,0,9999,0,9999
2023-08-17T14:37:24,0,9999,0,9999
2023-08-17T14:50:03,0,9999,0,9999
2023-08-17T15:02:43,0,9999,0,9999
2023-08-17T15:15:22,0,9999,0,9999
2023-08-17T15:28:02,0,9999,0,9999
2023-08-17T15:40:42,0,9999,0,9999
2023-08-17T15:53:33,0,9999,0,9999
2023-08-17T16:06:12,0,9999,0,9999
2023-08-17T16:18:52,0,9999,0,9999
2023-08-17T16:31:31,0,9999,0,9999
2023-08-17T16:44:11,0,9999,0,9999
2023-08-17T16:56:51,0,9999,0,9999
2023-08-17T17:09:31,0,9999,0,9999
2023-08-17T17:22:11,0,9999,0,9999
2023-08-17T17:35:01,0,9999,0,9999
2023-08-17T17:47:41,0,9999,0,9999
2023-08-17T18:00:21,0,9999,0,9999
2023-08-17T18:13:01,0,9999,0,9999
2023-08-17T18:25:40,0,9999,0,9999
2023-08-17T18:38:20,0,9999,0,9999
2023-08-17T18:51:01,0,9999,0,9999
2023-08-17T19:03:41,0,9999,0,9999
2023-08-17T19:16:21,0,9999,0,9999
2023-08-17T19:29:12,0,9999,0,9999
2023-08-17T19:41:54,0,9999,0,9999
2023-08-17T19:54:35,0,9999,0,9999
2023-08-17T20:07:14,0,9999,0,9999
2023-08-17T20:19:54,0,9999,0,9999
2023-08-17T20:32:35,0,9999,0,9999
2023-08-17T20:45:14,0,9999,0,9999
2023-08-17T20:57:54,0,9999,0,9999
2023-08-17T21:10:34,0,9999,0,9999
2023-08-17T21:23:14,0,9999,0,9999
2023-08-17T21:35:54,0,9999,0,9999
2023-08-17T21:48:34,0,9999,0,9999
2023-08-17T22:01:24,0,9999,0,9999
2023-08-17T22:14:04,0,9999,0,9999
2023-08-17T22:26:44,0,9999,0,9999
2023-08-17T22:39:25,0,9999,0,9999
2023-08-17T22:52:05,0,9999,0,9999
2023-08-17T23:04:46,0,9999,0,9999
2023-08-17T23:17:30,0,9999,0,9999
2023-08-17T23:30:11,0,9999,0,9999
2023-08-17T23:42:52,0,9999,0,9999
2023-08-17T23:55:33,0,9999,0,9999
2023-08-18T00:08:15,0,9999,0,9999
2023-08-18T00:21:08,0,9999,0,9999
2023-08-18T00:34:03,0,9999,0,9999
2023-08-18T00:46:47,0,9999,0,9999
2023-08-18T00:59:31,0,9999,0,9999
2023-08-18T01:12:17,0,9999,0,9999
2023-08-18T01:25:01,0,9999,0,9999
2023-08-18T01:37:46,0,9999,0,9999
2023-08-18T01:50:30,0,9999,0,9999
2023-08-18T02:03:16,0,9999,0,9999
2023-08-18T02:16:01,0,9999,0,9999
2023-08-18T02:29:07,0,9999,0,9999
2023-08-18T02:41:51,0,9999,0,9999
2023-08-18T02:54:35,0,9999,0,9999
2023-08-18T03:07:19,0,9999,0,9999
2023-08-18T03:20:04,0,9999,0,9999
2023-08-18T03:32:48,0,9999,0,9999
2023-08-18T03:45:32,0,9999,0,9999
2023-08-18T03:58:17,0,9999,0,9999
2023-08-18T04:10:59,0,9999,0,9999
2023-08-18T04:31:08,0,9999,0,9999
2023-08-18T04:45:11,0,9999,0,9999
2023-08-18T04:58:16,0,9999,0,9999
2023-08-18T05:11:05,0,9999,0,9999
2023-08-18T05:23:48,0,9999,0,9999
2023-08-18T05:36:31,0,9999,0,9999
2023-08-18T05:49:15,0,9999,0,9999
2023-08-18T06:01:59,0,9999,0,9999
2023-08-18T06:14:45,0,9999,0,9999
2023-08-18T06:27:29,0,9999,0,9999
2023-08-18T06:40:13,0,9999,0,9999
2023-08-18T06:52:54,0,9999,0,9999
2023-08-18T07:05:36,0,9999,0,9999
2023-08-18T07:18:16,0,9999,0,9999
2023-08-18T07:30:56,0,9999,0,9999
2023-08-18T07:43:36,0,9999,0,9999
2023-08-18T07:56:16,0,9999,0,9999
2023-08-18T08:08:57,0,9999,0,9999
2023-08-18T08:21:38,0,9999,0,9999
2023-08-18T08:34:18,0,9999,0,9999
2023-08-18T08:46:58,0,9999,0,9999
2023-08-18T08:59:38,0,9999,0,9999
2023-08-18T09:12:18,0,9999,0,9999
2023-08-18T09:24:57,0,9999,0,9999
2023-08-18T09:37:48,0,9999,0,9999
2023-08-18T09:50:28,0,9999,0,9999
2023-08-18T10:03:08,0,9999,0,9999
2023-08-18T10:15:47,0,9999,0,9999
2023-08-18T10:28:27,0,9999,0,9999
2023-08-18T10:41:07,0,9999,0,9999
2023-08-18T10:53:47,0,9999,0,9999
2023-08-18T11:06:26,0,9999,0,9999
2023-08-18T11:19:06,0,9999,0,9999
2023-08-18T11:31:57,0,9999,0,9999
2023-08-18T11:44:37,0,9999,0,9999
2023-08-18T11:57:16,0,9999,0,9999
2023-08-18T12:09:56,0,9999,0,9999
2023-08-18T12:22:36,0,9999,0,9999
2023-08-18T12:35:15,0,9999,0,9999
2023-08-18T12:47:54,0,9999,0,9999
2023-08-18T13:00:34,0,9999,0,9999
2023-08-18T13:13:13,0,9999,0,9999
2023-08-18T13:25:53,0,9999,0,9999
2023-08-18T13:38:43,0,9999,0,9999
2023-08-18T13:51:24,0,9999,0,9999
2023-08-18T14:04:03,0,9999,0,9999
2023-08-18T14:16:43,0,9999,0,9999
2023-08-18T14:29:22,0,9999,0,9999
2023-08-18T14:42:02,0,9999,0,9999
2023-08-18T14:54:42,0,9999,0,9999
2023-08-18T15:07:22,0,9999,0,9999
2023-08-18T15:20:02,0,9999,0,9999
2023-08-18T15:32:41,0,9999,0,9999
2023-08-18T15:45:31,0,9999,0,9999
2023-08-18T15:58:11,0,9999,0,9999
2023-08-18T16:10:52,0,9999,0,9999
2023-08-18T16:23:32,0,9999,0,9999
2023-08-18T16:36:12,0,9999,0,9999
2023-08-18T16:48:52,0,9999,0,9999
2023-08-18T17:01:31,0,9999,0,9999
2023-08-18T17:14:11,0,9999,0,9999
2023-08-18T17:26:50,0,9999,0,9999
2023-08-18T17:39:42,0,9999,0,9999
2023-08-18T17:52:22,0,9999,0,9999
2023-08-18T18:05:01,0,9999,0,9999
2023-08-18T18:17:41,0,9999,0,9999
2023-08-18T18:30:21,0,9999,0,9999
2023-08-18T18:43:00,0,9999,0,9999
2023-08-18T18:55:40,0,9999,0,9999
2023-08-18T19:08:20,0,9999,0,9999
2023-08-18T19:21:01,0,9999,0,9999
2023-08-18T19:33:41,0,9999,0,9999
2023-08-18T19:46:21,0,9999,0,9999
2023-08-18T19:59:01,0,9999,0,9999
2023-08-18T20:11:40,0,9999,0,9999
2023-08-18T20:24:31,0,9999,0,9999
2023-08-18T20:37:11,0,9999,0,9999
2023-08-18T20:49:52,0,9999,0,9999
2023-08-18T21:02:32,0,9999,0,9999
2023-08-18T21:15:12,0,9999,0,9999
2023-08-18T21:27:52,0,9999,0,9999
2023-08-18T21:40:32,0,9999,0,9999
2023-08-18T21:53:13,0,9999,0,9999
2023-08-18T22:05:52,0,9999,0,9999
2023-08-18T22:18:32,0,9999,0,9999
2023-08-18T22:31:13,0,9999,0,9999
2023-08-18T22:43:52,0,9999,0,9999
2023-08-18T22:56:33,0,9999,0,9999
2023-08-18T23:09:16,0,9999,0,9999
2023-08-18T23:21:56,0,9999,0,9999
2023-08-18T23:34:37,0,9999,0,9999
2023-08-18T23:47:18,0,9999,0,9999
2023-08-19T00:00:12,0,9999,0,9999
2023-08-19T00:12:56,0,9999,0,9999
2023-08-19T00:25:42,0,9999,0,9999
2023-08-19T00:38:26,0,9999,0,9999
2023-08-19T00:51:10,0,9999,0,9999
2023-08-19T01:03:55,0,9999,0,9999
2023-08-19T01:16:39,0,9999,0,9999
2023-08-19T01:29:24,0,9999,0,9999
2023-08-19T01:42:08,0,9999,0,9999
2023-08-19T01:54:55,0,9999,0,9999
2023-08-19T02:07:38,0,9999,0,9999
2023-08-19T02:20:18,0,9999,0,9999
2023-08-19T02:33:00,0,9999,0,9999
2023-08-19T02:45:42,0,9999,0,9999
2023-08-19T02:58:25,0,9999,0,9999
2023-08-19T03:11:07,0,9999,0,9999
2023-08-19T03:23:53,0,9999,0,9999
2023-08-19T03:36:46,0,9999,0,9999
2023-08-19T03:49:40,0,9999,0,9999
2023-08-19T04:02:25,0,9999,0,9999
2023-08-19T04:34:20,0,9999,0,9999
2023-08-19T04:47:07,0,9999,0,9999
2023-08-19T04:59:53,0,9999,0,9999
2023-08-19T05:12:38,0,9999,0,9999
2023-08-19T05:25:22,0,9999,0,9999
2023-08-19T05:38:06,0,9999,0,9999
2023-08-19T05:50:51,0,9999,0,9999
2023-08-19T06:03:36,0,9999,0,9999
2023-08-19T06:16:21,0,9999,0,9999
2023-08-19T06:29:05,0,9999,0,9999
2023-08-19T06:41:49,0,9999,0,9999
2023-08-19T06:54:32,0,9999,0,9999
2023-08-19T07:07:16,0,9999,0,9999
2023-08-19T07:20:00,0,9999,0,9999
2023-08-19T07:32:52,0,9999,0,9999
2023-08-19T07:45:36,0,9999,0,9999
2023-08-19T07:58:20,0,9999,0,9999
2023-08-19T08:11:04,0,9999,0,9999
2023-08-19T08:23:46,0,9999,0,9999
2023-08-19T08:36:30,0,9999,0,9999
2023-08-19T08:49:12,0,9999,0,9999
2023-08-19T09:01:55,0,9999,0,9999
2023-08-19T09:14:46,0,9999,0,9999
2023-08-19T09:27:28,0,9999,0,9999
2023-08-19T09:40:10,0,9999,0,9999
2023-08-19T09:52:52,0,9999,0,9999
2023-08-19T10:05:34,0,9999,0,9999
2023-08-19T10:18:14,0,9999,0,9999
2023-08-19T10:30:54,0,9999,0,9999
2023-08-19T10:43:34,0,9999,0,9999
2023-08-19T10:56:15,0,9999,0,9999
2023-08-19T11:08:55,0,9999,0,9999
2023-08-19T11:21:36,0,9999,0,9999
2023-08-19T11:34:16,0,9999,0,9999
2023-08-19T11:46:56,0,9999,0,9999
2023-08-19T11:59:46,0,9999,0,9999
2023-08-19T12:12:26,0,9999,0,9999
2023-08-19T12:25:06,0,9999,0,9999
2023-08-19T12:37:46,0,9999,0,9999
2023-08-19T12:50:26,0,9999,0,9999
2023-08-19T13:03:07,0,9999,0,9999
2023-08-19T13:15:48,0,9999,0,9999
2023-08-19T13:28:28,0,9999,0,9999
2023-08-19T13:41:08,0,9999,0,9999
2023-08-19T13:53:48,0,9999,0,9999
2023-08-19T14:06:40,0,9999,0,9999
2023-08-19T14:19:20,0,9999,0,9999
2023-08-19T14:32:00,0,9999,0,9999
2023-08-19T14:44:40,0,9999,0,9999
2023-08-19T14:57:20,0,9999,0,9999
2023-08-19T15:10:00,0,9999,0,9999
2023-08-19T15:22:40,0,9999,0,9999
2023-08-19T15:35:21,0,9999,0,9999
2023-08-19T15:48:10,0,9999,0,9999
2023-08-19T16:00:50,0,9999,0,9999
2023-08-19T16:13:30,0,9999,0,9999
2023-08-19T16:26:11,0,9999,0,9999
2023-08-19T16:38:51,0,9999,0,9999
2023-08-19T16:51:31,0,9999,0,9999
2023-08-19T17:04:11,0,9999,0,9999
2023-08-19T17:16:52,0,9999,0,9999
2023-08-19T17:29:41,0,9999,0,9999
2023-08-19T17:42:21,0,9999,0,9999
2023-08-19T17:55:01,0,9999,0,9999
2023-08-19T18:07:41,0,9999,0,9999
2023-08-19T18:20:21,0,9999,0,9999
2023-08-19T18:33:00,0,9999,0,9999
2023-08-19T18:45:40,0,9999,0,9999
2023-08-19T18:58:19,0,9999,0,9999
2023-08-19T19:11:10,0,9999,0,9999
2023-08-19T19:23:50,0,9999,0,9999
2023-08-19T19:36:31,0,9999,0,9999
2023-08-19T19:49:11,0,9999,0,9999
2023-08-19T20:01:51,0,9999,0,9999
2023-08-19T20:14:31,0,9999,0,9999
2023-08-19T20:27:11,0,9999,0,9999
2023-08-19T20:39:52,0,9999,0,9999
2023-08-19T20:52:32,0,9999,0,9999
2023-08-19T21:05:21,0,9999,0,9999
2023-08-19T21:18:02,0,9999,0,9999
2023-08-19T21:30:42,0,9999,0,9999
2023-08-19T21:43:22,0,9999,0,9999
2023-08-19T21:56:03,0,9999,0,9999
2023-08-19T22:08:43,0,9999,0,9999
2023-08-19T22:21:24,0,9999,0,9999
2023-08-19T22:34:04,0,9999,0,9999
2023-08-19T22:46:44,0,9999,0,9999
2023-08-19T22:59:34,0,9999,0,9999
2023-08-19T23:12:17,0,9999,0,9999
2023-08-19T23:24:58,0,9999,0,9999
2023-08-19T23:37:39,0,9999,0,9999
2023-08-19T23:50:20,0,9999,0,9999
2023-08-20T00:03:01,0,9999,0,9999
2023-08-20T00:15:43,0,9999,0,9999
2023-08-20T00:28:25,0,9999,0,9999
2023-08-20T00:41:05,0,9999,0,9999
2023-08-20T01:06:07,0,9999,0,9999
2023-08-20T01:18:49,0,9999,0,9999
2023-08-20T01:31:30,0,9999,0,9999
2023-08-20T01:44:10,0,9999,0,9999
2023-08-20T01:56:51,0,9999,0,9999
2023-08-20T02:09:32,0,9999,0,9999
2023-08-20T02:22:13,0,9999,0,9999
2023-08-20T02:34:54,0,9999,0,9999
2023-08-20T02:47:35,0,9999,0,9999
2023-08-20T03:00:15,0,9999,0,9999
2023-08-20T03:12:56,0,9999,0,9999
2023-08-20T03:25:37,0,9999,0,9999
2023-08-20T03:38:20,0,9999,0,9999
2023-08-20T03:50:59,0,9999,0,9999
2023-08-20T04:03:57,0,9999,0,9999
2023-08-20T04:24:53,0,9999,0,9999
2023-08-20T04:37:53,0,9999,0,9999
2023-08-20T04:52:05,0,9999,0,9999
2023-08-20T05:04:54,0,9999,0,9999
2023-08-20T05:17:39,0,9999,0,9999
2023-08-20T05:30:23,0,9999,0,9999
2023-08-20T05:43:08,0,9999,0,9999
2023-08-20T05:55:54,0,9999,0,9999
2023-08-20T06:08:40,0,9999,0,9999
2023-08-20T06:21:24,0,9999,0,9999
2023-08-20T06:34:08,0,9999,0,9999
2023-08-20T06:46:54,0,9999,0,9999
2023-08-20T06:59:38,0,9999,0,9999
2023-08-20T07:12:23,0,9999,0,9999
2023-08-20T07:25:08,0,9999,0,9999
2023-08-20T07:37:52,0,9999,0,9999
2023-08-20T07:50:36,0,9999,0,9999
2023-08-20T08:03:21,0,9999,0,9999
2023-08-20T08:16:06,0,9999,0,9999
2023-08-20T08:28:59,0,9999,0,9999
2023-08-20T08:41:41,0,9999,0,9999
2023-08-20T08:54:24,0,9999,0,9999
2023-08-20T09:07:07,0,9999,0,9999
2023-08-20T09:19:50,0,9999,0,9999
2023-08-20T09:32:31,0,9999,0,9999
2023-08-20T09:45:12,0,9999,0,9999
2023-08-20T09:57:52,0,9999,0,9999
2023-08-20T10:10:33,0,9999,0,9999
2023-08-20T10:23:15,0,9999,0,9999
2023-08-20T10:35:56,0,9999,0,9999
2023-08-20T10:48:36,0,9999,0,9999
2023-08-20T11:01:17,0,9999,0,9999
2023-08-20T11:13:58,0,9999,0,9999
2023-08-20T11:26:40,0,9999,0,9999
2023-08-20T11:39:22,0,9999,0,9999
2023-08-20T11:52:12,0,9999,0,9999
2023-08-20T12:04:54,0,9999,0,9999
2023-08-20T12:17:34,0,9999,0,9999
2023-08-20T12:30:15,0,9999,0,9999
2023-08-20T12:42:56,0,9999,0,9999
2023-08-20T12:55:37,0,9999,0,9999
2023-08-20T13:08:17,0,9999,0,9999
2023-08-20T13:20:57,0,9999,0,9999
2023-08-20T13:33:37,0,9999,0,9999
2023-08-20T13:46:16,0,9999,0,9999
2023-08-20T13:59:06,0,9999,0,9999
2023-08-20T14:11:46,0,9999,0,9999
2023-08-20T14:24:26,0,9999,0,9999
2023-08-20T14:37:06,0,9999,0,9999
2023-08-20T14:49:45,0,9999,0,9999
2023-08-20T15:02:25,0,9999,0,9999
2023-08-20T15:15:04,0,9999,0,9999
2023-08-20T15:27:44,0,9999,0,9999
2023-08-20T15:40:24,0,9999,0,9999
2023-08-20T15:53:04,0,9999,0,9999
2023-08-20T16:05:44,0,9999,0,9999
2023-08-20T16:18:35,0,9999,0,9999
2023-08-20T16:31:17,0,9999,0,9999
2023-08-20T16:43:57,0,9999,0,9999
2023-08-20T16:56:37,0,9999,0,9999
2023-08-20T17:09:18,0,9999,0,9999
2023-08-20T17:21:58,0,9999,0,9999
2023-08-20T17:34:39,0,9999,0,9999
2023-08-20T17:47:19,0,9999,0,9999
2023-08-20T17:59:59,0,9999,0,9999
2023-08-20T18:12:39,0,9999,0,9999
2023-08-20T18:25:19,0,9999,0,9999
2023-08-20T18:38:09,0,9999,0,9999
2023-08-20T18:50:49,0,9999,0,9999
2023-08-20T19:03:32,0,9999,0,9999
2023-08-20T19:16:14,0,9999,0,9999
2023-08-20T19:28:54,0,9999,0,9999
2023-08-20T19:41:34,0,9999,0,9999
2023-08-20T19:54:14,0,9999,0,9999
2023-08-20T20:06:54,0,9999,0,9999
2023-08-20T20:19:35,0,9999,0,9999
2023-08-20T20:32:15,0,9999,0,9999
2023-08-20T20:45:04,0,9999,0,9999
2023-08-20T20:57:45,0,9999,0,9999
2023-08-20T21:10:25,0,9999,0,9999
2023-08-20T21:23:04,0,9999,0,9999
2023-08-20T21:35:45,0,9999,0,9999
2023-08-20T21:48:27,0,9999,0,9999
2023-08-20T22:01:07,0,9999,0,9999
2023-08-20T22:13:47,0,9999,0,9999
2023-08-20T22:26:26,0,9999,0,9999
2023-08-20T22:39:15,0,9999,0,9999
2023-08-20T22:51:55,0,9999,0,9999
2023-08-20T23:04:35,0,9999,0,9999
2023-08-20T23:17:19,0,9999,0,9999
2023-08-20T23:29:59,0,9999,0,9999
2023-08-20T23:42:40,0,9999,0,9999
2023-08-20T23:55:20,0,9999,0,9999
2023-08-21T00:08:03,0,9999,0,9999
2023-08-21T00:20:54,0,9999,0,9999
2023-08-21T00:33:42,0,9999,0,9999
2023-08-21T00:46:39,0,9999,0,9999
2023-08-21T00:59:33,0,9999,0,9999
2023-08-21T01:12:19,0,9999,0,9999
2023-08-21T01:25:03,0,9999,0,9999
2023-08-21T01:37:48,0,9999,0,9999
2023-08-21T01:50:30,0,9999,0,9999
2023-08-21T02:03:13,0,9999,0,9999
2023-08-21T02:15:57,0,9999,0,9999
2023-08-21T02:28:39,0,9999,0,9999
2023-08-21T02:41:20,0,9999,0,9999
2023-08-21T02:54:02,0,9999,0,9999
2023-08-21T03:06:45,0,9999,0,9999
2023-08-21T03:19:29,0,9999,0,9999
2023-08-21T03:32:12,0,9999,0,9999
2023-08-21T03:44:56,0,9999,0,9999
2023-08-21T03:57:49,0,9999,0,9999
2023-08-21T04:12:32,0,9999,0,9999
2023-08-21T04:31:45,0,9999,0,9999
2023-08-21T04:44:33,0,9999,0,9999
2023-08-21T04:57:18,0,9999,0,9999
2023-08-21T05:10:04,0,9999,0,9999
2023-08-21T05:22:48,0,9999,0,9999
2023-08-21T05:35:34,0,9999,0,9999
2023-08-21T05:48:18,0,9999,0,9999
2023-08-21T06:01:01,0,9999,0,9999
2023-08-21T06:13:44,0,9999,0,9999
2023-08-21T06:26:27,0,9999,0,9999
2023-08-21T06:39:10,0,9999,0,9999
2023-08-21T06:51:52,0,9999,0,9999
2023-08-21T07:04:35,0,9999,0,9999
2023-08-21T07:17:17,0,9999,0,9999
2023-08-21T07:30:05,0,9999,0,9999
2023-08-21T07:42:45,0,9999,0,9999
2023-08-21T07:55:24,0,9999,0,9999
2023-08-21T08:08:05,0,9999,0,9999
2023-08-21T08:20:45,0,9999,0,9999
2023-08-21T08:33:27,0,9999,0,9999
2023-08-21T08:46:08,0,9999,0,9999
2023-08-21T08:58:49,0,9999,0,9999
2023-08-21T09:11:30,0,9999,0,9999
2023-08-21T09:24:12,0,9999,0,9999
2023-08-21T09:36:54,0,9999,0,9999
2023-08-21T09:49:45,0,9999,0,9999
2023-08-21T10:02:26,0,9999,0,9999
2023-08-21T10:15:07,0,9999,0,9999
2023-08-21T10:27:48,0,9999,0,9999
2023-08-21T10:40:31,0,9999,0,9999
2023-08-21T10:53:13,0,9999,0,9999
2023-08-21T11:05:55,0,9999,0,9999
2023-08-21T11:18:37,0,9999,0,9999
2023-08-21T11:31:28,0,9999,0,9999
2023-08-21T11:44:10,0,9999,0,9999
2023-08-21T11:56:51,0,9999,0,9999
2023-08-21T12:09:33,0,9999,0,9999
2023-08-21T12:22:14,0,9999,0,9999
2023-08-21T12:34:56,0,9999,0,9999
2023-08-21T12:47:38,0,9999,0,9999
2023-08-21T13:00:31,0,9999,0,9999
2023-08-21T13:13:12,0,9999,0,9999
2023-08-21T13:25:54,0,9999,0,9999
2023-08-21T13:38:36,0,9999,0,9999
2023-08-21T13:51:17,0,9999,0,9999
2023-08-21T14:03:59,0,9999,0,9999
2023-08-21T14:16:41,0,9999,0,9999
2023-08-21T14:29:33,0,9999,0,9999
2023-08-21T14:42:15,0,9999,0,9999
2023-08-21T14:54:56,0,9999,0,9999
2023-08-21T15:07:38,0,9999,0,9999
2023-08-21T15:20:20,0,9999,0,9999
2023-08-21T15:33:02,0,9999,0,9999
2023-08-21T15:45:53,0,9999,0,9999
2023-08-21T15:58:35,0,9999,0,9999
2023-08-21T16:11:18,0,9999,0,9999
2023-08-21T16:24:00,0,9999,0,9999
2023-08-21T16:36:42,0,9999,0,9999
2023-08-21T16:49:25,0,9999,0,9999
2023-08-21T17:02:07,0,9999,0,9999
2023-08-21T17:14:51,0,9999,0,9999
2023-08-21T17:27:42,0,9999,0,9999
2023-08-21T17:40:24,0,9999,0,9999
2023-08-21T17:53:06,0,9999,0,9999
2023-08-21T18:05:48,0,9999,0,9999
2023-08-21T18:18:30,0,9999,0,9999
2023-08-21T18:31:12,0,9999,0,9999
2023-08-21T18:43:57,0,9999,0,9999
2023-08-21T18:56:49,0,9999,0,9999
2023-08-21T19:09:31,0,9999,0,9999
2023-08-21T19:22:14,0,9999,0,9999
2023-08-21T19:34:56,0,9999,0,9999
2023-08-21T19:47:39,0,9999,0,9999
2023-08-21T20:00:24,0,9999,0,9999
2023-08-21T20:13:06,0,9999,0,9999
2023-08-21T20:25:58,0,9999,0,9999
2023-08-21T20:38:40,0,9999,0,9999
2023-08-21T20:51:23,0,9999,0,9999
2023-08-21T21:04:06,0,9999,0,9999
2023-08-21T21:16:49,0,9999,0,9999
2023-08-21T21:29:32,0,9999,0,9999
2023-08-21T21:42:14,0,9999,0,9999
2023-08-21T21:54:57,0,9999,0,9999
2023-08-21T22:07:39,0,9999,0,9999
2023-08-21T22:20:21,0,9999,0,9999
2023-08-21T22:33:14,0,9999,0,9999
2023-08-21T22:45:56,0,9999,0,9999
2023-08-21T22:58:38,0,9999,0,9999
2023-08-21T23:11:23,0,9999,0,9999
2023-08-21T23:24:05,0,9999,0,9999
2023-08-21T23:36:50,0,9999,0,9999
2023-08-21T23:49:33,0,9999,0,9999
2023-08-22T00:02:16,0,9999,0,9999
2023-08-22T00:15:04,0,9999,0,9999
2023-08-22T00:27:53,0,9999,0,9999
2023-08-22T00:40:40,0,9999,0,9999
2023-08-22T00:53:28,0,9999,0,9999
2023-08-22T01:06:15,0,9999,0,9999
2023-08-22T01:19:01,0,9999,0,9999
2023-08-22T01:31:47,0,9999,0,9999
2023-08-22T01:44:32,0,9999,0,9999
2023-08-22T01:57:30,0,9999,0,9999
2023-08-22T02:10:16,0,9999,0,9999
2023-08-22T02:23:01,0,9999,0,9999
2023-08-22T02:35:46,0,9999,0,9999
2023-08-22T02:48:30,0,9999,0,9999
2023-08-22T03:01:20,0,9999,0,9999
2023-08-22T03:14:07,0,9999,0,9999
2023-08-22T03:26:53,0,9999,0,9999
2023-08-22T03:39:39,0,9999,0,9999
2023-08-22T03:52:27,0,9999,0,9999
2023-08-22T04:05:15,0,9999,0,9999
2023-08-22T04:31:57,0,9999,0,9999
2023-08-22T04:44:44,0,9999,0,9999
2023-08-22T04:57:32,0,9999,0,9999
2023-08-22T05:10:22,0,9999,0,9999
2023-08-22T05:23:09,0,9999,0,9999
2023-08-22T05:35:56,0,9999,0,9999
2023-08-22T05:48:43,0,9999,0,9999
2023-08-22T06:01:30,0,9999,0,9999
2023-08-22T06:14:15,0,9999,0,9999
2023-08-22T06:27:00,0,9999,0,9999
2023-08-22T06:39:46,0,9999,0,9999
2023-08-22T06:52:31,0,9999,0,9999
2023-08-22T07:05:17,0,9999,0,9999
2023-08-22T07:18:02,0,9999,0,9999
2023-08-22T07:30:45,0,9999,0,9999
2023-08-22T07:43:27,0,9999,0,9999
2023-08-22T07:56:09,0,9999,0,9999
2023-08-22T08:08:54,0,9999,0,9999
2023-08-22T08:21:37,0,9999,0,9999
2023-08-22T08:34:20,0,9999,0,9999
2023-08-22T08:47:06,0,9999,0,9999
2023-08-22T08:59:50,0,9999,0,9999
2023-08-22T09:12:43,0,9999,0,9999
2023-08-22T09:25:25,0,9999,0,9999
2023-08-22T09:38:09,0,9999,0,9999
2023-08-22T09:50:53,0,9999,0,9999
2023-08-22T10:03:36,0,9999,0,9999
2023-08-22T10:16:19,0,9999,0,9999
2023-08-22T10:29:04,0,9999,0,9999
2023-08-22T10:41:47,0,9999,0,9999
2023-08-22T10:54:30,0,9999,0,9999
2023-08-22T11:07:14,0,9999,0,9999
2023-08-22T11:20:08,0,9999,0,9999
2023-08-22T11:32:52,0,9999,0,9999
2023-08-22T11:45:35,0,9999,0,9999
2023-08-22T11:58:19,0,9999,0,9999
2023-08-22T12:11:02,0,9999,0,9999
2023-08-22T12:23:45,0,9999,0,9999
2023-08-22T12:36:29,0,9999,0,9999
2023-08-22T12:49:25,0,9999,0,9999
2023-08-22T13:02:09,0,9999,0,9999
2023-08-22T13:14:52,0,9999,0,9999
2023-08-22T13:27:35,0,9999,0,9999
2023-08-22T13:40:21,0,9999,0,9999
2023-08-22T13:53:04,0,9999,0,9999
2023-08-22T14:05:48,0,9999,0,9999
2023-08-22T14:18:43,0,9999,0,9999
2023-08-22T14:31:26,0,9999,0,9999
2023-08-22T14:44:10,0,9999,0,9999
2023-08-22T14:56:54,0,9999,0,9999
2023-08-22T15:09:38,0,9999,0,9999
2023-08-22T15:22:22,0,9999,0,9999
2023-08-22T15:35:06,0,9999,0,9999
2023-08-22T15:47:58,0,9999,0,9999
2023-08-22T16:00:42,0,9999,0,9999
2023-08-22T16:13:25,0,9999,0,9999
2023-08-22T16:26:08,0,9999,0,9999
2023-08-22T16:38:51,0,9999,0,9999
2023-08-22T16:51:35,0,9999,0,9999
2023-08-22T17:04:20,0,9999,0,9999
2023-08-22T17:17:05,0,9999,0,9999
2023-08-22T17:30:00,0,9999,0,9999
2023-08-22T17:42:44,0,9999,0,9999
2023-08-22T17:55:27,0,9999,0,9999
2023-08-22T18:08:10,0,9999,0,9999
2023-08-22T18:20:54,0,9999,0,9999
2023-08-22T18:33:37,0,9999,0,9999
2023-08-22T18:46:21,0,9999,0,9999
2023-08-22T18:59:05,0,9999,0,9999
2023-08-22T19:11:50,0,9999,0,9999
2023-08-22T19:24:34,0,9999,0,9999
2023-08-22T19:37:28,0,9999,0,9999
2023-08-22T19:50:11,0,9999,0,9999
2023-08-22T20:02:54,0,9999,0,9999
2023-08-22T20:15:37,0,9999,0,9999
2023-08-22T20:28:20,0,9999,0,9999
2023-08-22T20:41:03,0,9999,0,9999
2023-08-22T20:53:47,0,9999,0,9999
2023-08-22T21:06:41,0,9999,0,9999
2023-08-22T21:19:25,0,9999,0,9999
2023-08-22T21:32:08,0,9999,0,9999
2023-08-22T21:44:52,0,9999,0,9999
2023-08-22T21:57:35,0,9999,0,9999
2023-08-22T22:10:18,0,9999,0,9999
2023-08-22T22:23:01,0,9999,0,9999
2023-08-22T22:35:45,0,9999,0,9999
2023-08-22T22:48:28,0,9999,0,9999
2023-08-22T23:01:22,0,9999,0,9999
2023-08-22T23:14:09,0,9999,0,9999
2023-08-22T23:26:52,0,9999,0,9999
2023-08-22T23:39:36,0,9999,0,9999
2023-08-22T23:52:20,0,9999,0,9999
2023-08-23T00:05:04,0,9999,0,9999
2023-08-23T00:17:49,0,9999,0,9999
2023-08-23T00:30:36,0,9999,0,9999
2023-08-23T00:43:24,0,9999,0,9999
2023-08-23T00:56:11,0,9999,0,9999
2023-08-23T01:08:58,0,9999,0,9999
2023-08-23T01:21:52,0,9999,0,9999
2023-08-23T01:34:40,0,9999,0,9999
2023-08-23T01:47:28,0,9999,0,9999
2023-08-23T02:00:15,0,9999,0,9999
2023-08-23T02:13:11,0,9999,0,9999
2023-08-23T02:25:55,0,9999,0,9999
2023-08-23T02:38:51,0,9999,0,9999
2023-08-23T02:51:37,0,9999,0,9999
2023-08-23T03:04:30,0,9999,0,9999
2023-08-23T03:17:28,0,9999,0,9999
2023-08-23T03:30:15,0,9999,0,9999
2023-08-23T03:43:13,0,9999,0,9999
2023-08-23T03:55:59,0,9999,0,9999
2023-08-23T04:08:46,0,9999,0,9999
2023-08-23T04:34:06,0,9999,0,9999
2023-08-23T04:48:13,0,9999,0,9999
2023-08-23T05:01:20,0,9999,0,9999
2023-08-23T05:14:12,0,9999,0,9999
2023-08-23T05:27:00,0,9999,0,9999
2023-08-23T05:39:55,0,9999,0,9999
2023-08-23T05:52:42,0,9999,0,9999
2023-08-23T06:05:28,0,9999,0,9999
2023-08-23T06:18:24,0,9999,0,9999
2023-08-23T06:31:10,0,9999,0,9999
2023-08-23T06:43:58,0,9999,0,9999
2023-08-23T06:56:44,0,9999,0,9999
2023-08-23T07:09:39,0,9999,0,9999
2023-08-23T07:22:24,0,9999,0,9999
2023-08-23T07:35:08,0,9999,0,9999
2023-08-23T07:47:53,0,9999,0,9999
2023-08-23T08:00:35,0,9999,0,9999
2023-08-23T08:13:18,0,9999,0,9999
2023-08-23T08:26:02,0,9999,0,9999
2023-08-23T08:38:45,0,9999,0,9999
2023-08-23T08:51:39,0,9999,0,9999
2023-08-23T09:04:24,0,9999,0,9999
2023-08-23T09:17:07,0,9999,0,9999
2023-08-23T09:29:51,0,9999,0,9999
2023-08-23T09:42:35,0,9999,0,9999
2023-08-23T09:55:17,0,9999,0,9999
2023-08-23T10:08:00,0,9999,0,9999
2023-08-23T10:20:43,0,9999,0,9999
2023-08-23T10:33:27,0,9999,0,9999
2023-08-23T10:46:10,0,9999,0,9999
2023-08-23T10:58:53,0,9999,0,9999
2023-08-23T11:11:49,0,9999,0,9999
2023-08-23T11:24:32,0,9999,0,9999
2023-08-23T11:37:24,0,9999,0,9999
2023-08-23T11:50:08,0,9999,0,9999
2023-08-23T12:02:53,0,9999,0,9999
2023-08-23T12:15:37,0,9999,0,9999
2023-08-23T12:28:20,0,9999,0,9999
2023-08-23T12:41:07,0,9999,0,9999
2023-08-23T12:54:03,0,9999,0,9999
2023-08-23T13:06:47,0,9999,0,9999
2023-08-23T13:19:31,0,9999,0,9999
2023-08-23T13:32:14,0,9999,0,9999
2023-08-23T13:44:58,0,9999,0,9999
2023-08-23T13:57:41,0,9999,0,9999
2023-08-23T14:10:26,0,9999,0,9999
2023-08-23T14:23:10,0,9999,0,9999
2023-08-23T14:36:05,0,9999,0,9999
2023-08-23T14:48:49,0,9999,0,9999
2023-08-23T15:01:33,0,9999,0,9999
2023-08-23T15:14:17,0,9999,0,9999
2023-08-23T15:27:02,0,9999,0,9999
2023-08-23T15:39:46,0,9999,0,9999
2023-08-23T15:52:30,0,9999,0,9999
2023-08-23T16:05:15,0,9999,0,9999
2023-08-23T16:17:59,0,9999,0,9999
2023-08-23T16:30:56,0,9999,0,9999
2023-08-23T16:43:41,0,9999,0,9999
2023-08-23T16:56:25,0,9999,0,9999
2023-08-23T17:09:09,0,9999,0,9999
2023-08-23T17:21:53,0,9999,0,9999
2023-08-23T17:34:37,0,9999,0,9999
2023-08-23T17:47:21,0,9999,0,9999
2023-08-23T18:00:05,0,9999,0,9999
2023-08-23T18:12:51,0,9999,0,9999
2023-08-23T18:25:35,0,9999,0,9999
2023-08-23T18:38:28,0,9999,0,9999
2023-08-23T18:51:11,0,9999,0,9999
2023-08-23T19:03:57,0,9999,0,9999
2023-08-23T19:16:40,0,9999,0,9999
2023-08-23T19:29:24,0,9999,0,9999
2023-08-23T19:42:08,0,9999,0,9999
2023-08-23T19:54:52,0,9999,0,9999
2023-08-23T20:07:37,0,9999,0,9999
2023-08-23T20:20:30,0,9999,0,9999
2023-08-23T20:33:13,0,9999,0,9999
2023-08-23T20:45:57,0,9999,0,9999
2023-08-23T20:58:41,0,9999,0,9999
2023-08-23T21:11:26,0,9999,0,9999
2023-08-23T21:24:09,0,9999,0,9999
2023-08-23T21:36:53,0,9999,0,9999
2023-08-23T21:49:37,0,9999,0,9999
2023-08-23T22:02:21,0,9999,0,9999
2023-08-23T22:15:05,0,9999,0,9999
2023-08-23T22:27:59,0,9999,0,9999
2023-08-23T22:40:43,0,9999,0,9999
2023-08-23T22:53:26,0,9999,0,9999
2023-08-23T23:06:12,0,9999,0,9999
2023-08-23T23:19:00,0,9999,0,9999
2023-08-23T23:31:45,0,9999,0,9999
2023-08-23T23:44:30,0,9999,0,9999
2023-08-23T23:57:15,0,9999,0,9999
2023-08-24T00:10:02,0,9999,0,9999
2023-08-24T00:22:53,0,9999,0,9999
2023-08-24T00:35:40,0,9999,0,9999
2023-08-24T00:48:29,0,9999,0,9999
2023-08-24T01:01:18,0,9999,0,9999
2023-08-24T01:14:06,0,9999,0,9999
2023-08-24T01:26:54,0,9999,0,9999
2023-08-24T01:39:54,0,9999,0,9999
2023-08-24T01:52:41,0,9999,0,9999
2023-08-24T02:05:29,0,9999,0,9999
2023-08-24T02:18:15,0,9999,0,9999
2023-08-24T02:31:02,0,9999,0,9999
2023-08-24T02:43:48,0,9999,0,9999
2023-08-24T02:56:36,0,9999,0,9999
2023-08-24T03:09:34,0,9999,0,9999
2023-08-24T03:22:22,0,9999,0,9999
2023-08-24T03:35:11,0,9999,0,9999
2023-08-24T03:47:58,0,9999,0,9999
2023-08-24T04:00:46,0,9999,0,9999
2023-08-24T04:31:38,0,9999,0,9999
2023-08-24T04:44:46,0,9999,0,9999
2023-08-24T04:57:35,0,9999,0,9999
2023-08-24T05:10:24,0,9999,0,9999
2023-08-24T05:23:14,0,9999,0,9999
2023-08-24T05:36:02,0,9999,0,9999
2023-08-24T05:48:51,0,9999,0,9999
2023-08-24T06:01:39,0,9999,0,9999
2023-08-24T06:14:27,0,9999,0,9999
2023-08-24T06:27:14,0,9999,0,9999
2023-08-24T06:40:01,0,9999,0,9999
2023-08-24T06:52:48,0,9999,0,9999
2023-08-24T07:05:36,0,9999,0,9999
2023-08-24T07:18:22,0,9999,0,9999
2023-08-24T07:31:06,0,9999,0,9999
2023-08-24T07:43:50,0,9999,0,9999
2023-08-24T07:56:33,0,9999,0,9999
2023-08-24T08:09:17,0,9999,0,9999
2023-08-24T08:22:02,0,9999,0,9999
2023-08-24T08:34:47,0,9999,0,9999
2023-08-24T08:47:30,0,9999,0,9999
2023-08-24T09:00:24,0,9999,0,9999
2023-08-24T09:13:08,0,9999,0,9999
2023-08-24T09:25:51,0,9999,0,9999
2023-08-24T09:38:45,0,9999,0,9999
2023-08-24T09:51:29,0,9999,0,9999
2023-08-24T10:04:23,0,9999,0,9999
2023-08-24T10:17:07,0,9999,0,9999
2023-08-24T10:30:00,0,9999,0,9999
2023-08-24T10:42:52,0,9999,0,9999
2023-08-24T10:55:37,0,9999,0,9999
2023-08-24T11:08:29,0,9999,0,9999
2023-08-24T11:21:15,0,9999,0,9999
2023-08-24T11:34:09,0,9999,0,9999
2023-08-24T11:47:03,0,9999,0,9999
2023-08-24T12:00:00,0,9999,0,9999
2023-08-24T12:12:45,0,9999,0,9999
2023-08-24T12:25:39,0,9999,0,9999
2023-08-24T12:38:23,0,9999,0,9999
2023-08-24T12:51:16,0,9999,0,9999
2023-08-24T13:04:10,0,9999,0,9999
2023-08-24T13:16:53,0,9999,0,9999
2023-08-24T13:29:49,0,9999,0,9999
2023-08-24T13:42:33,0,9999,0,9999
2023-08-24T13:55:27,0,9999,0,9999
2023-08-24T14:08:12,0,9999,0,9999
2023-08-24T14:21:05,0,9999,0,9999
2023-08-24T14:33:58,0,9999,0,9999
2023-08-24T14:46:42,0,9999,0,9999
2023-08-24T14:59:38,0,9999,0,9999
2023-08-24T15:12:22,0,9999,0,9999
2023-08-24T15:25:16,0,9999,0,9999
2023-08-24T15:38:00,0,9999,0,9999
2023-08-24T15:50:45,0,9999,0,9999
2023-08-24T16:03:29,0,9999,0,9999
2023-08-24T16:16:24,0,9999,0,9999
2023-08-24T16:29:08,0,9999,0,9999
2023-08-24T16:41:52,0,9999,0,9999
2023-08-24T16:54:36,0,9999,0,9999
2023-08-24T17:07:21,0,9999,0,9999
2023-08-24T17:20:07,0,9999,0,9999
2023-08-24T17:32:51,0,9999,0,9999
2023-08-24T17:45:35,0,9999,0,9999
2023-08-24T17:58:30,0,9999,0,9999
2023-08-24T18:11:14,0,9999,0,9999
2023-08-24T18:23:59,0,9999,0,9999
2023-08-24T18:36:44,0,9999,0,9999
2023-08-24T18:49:28,0,9999,0,9999
2023-08-24T19:02:15,0,9999,0,9999
2023-08-24T19:14:59,0,9999,0,9999
2023-08-24T19:27:43,0,9999,0,9999
2023-08-24T19:40:28,0,9999,0,9999
2023-08-24T19:53:24,0,9999,0,9999
2023-08-24T20:06:08,0,9999,0,9999
2023-08-24T20:18:52,0,9999,0,9999
2023-08-24T20:31:36,0,9999,0,9999
2023-08-24T20:44:21,0,9999,0,9999
2023-08-24T20:57:07,0,9999,0,9999
2023-08-24T21:09:51,0,9999,0,9999
2023-08-24T21:22:35,0,9999,0,9999
2023-08-24T21:35:20,0,9999,0,9999
2023-08-24T21:48:14,0,9999,0,9999
2023-08-24T22:00:58,0,9999,0,9999
2023-08-24T22:13:42,0,9999,0,9999
2023-08-24T22:26:40,0,9999,0,9999
2023-08-24T22:39:24,0,9999,0,9999
2023-08-24T22:52:09,0,9999,0,9999
2023-08-24T23:04:54,0,9999,0,9999
2023-08-24T23:17:41,0,9999,0,9999
2023-08-24T23:30:26,0,9999,0,9999
2023-08-24T23:43:10,0,9999,0,9999
2023-08-24T23:56:05,0,9999,0,9999
2023-08-25T00:08:51,0,9999,0,9999
2023-08-25T00:21:41,0,9999,0,9999
2023-08-25T00:34:29,0,9999,0,9999
2023-08-25T00:47:17,0,9999,0,9999
2023-08-25T01:00:05,0,9999,0,9999
2023-08-25T01:12:56,0,9999,0,9999
2023-08-25T01:25:46,0,9999,0,9999
2023-08-25T01:38:35,0,9999,0,9999
2023-08-25T01:51:24,0,9999,0,9999
2023-08-25T02:04:12,0,9999,0,9999
2023-08-25T02:17:09,0,9999,0,9999
2023-08-25T02:29:58,0,9999,0,9999
2023-08-25T02:42:56,0,9999,0,9999
2023-08-25T02:55:44,0,9999,0,9999
2023-08-25T03:08:32,0,9999,0,9999
2023-08-25T03:21:20,0,9999,0,9999
2023-08-25T03:34:07,0,9999,0,9999
2023-08-25T03:46:55,0,9999,0,9999
2023-08-25T03:59:43,0,9999,0,9999
2023-08-25T04:12:30,0,9999,0,9999
2023-08-25T04:36:36,0,9999,0,9999
2023-08-25T04:50:49,0,9999,0,9999
2023-08-25T05:04:01,0,9999,0,9999
2023-08-25T05:16:50,0,9999,0,9999
2023-08-25T05:29:39,0,9999,0,9999
2023-08-25T05:42:27,0,9999,0,9999
2023-08-25T05:55:17,0,9999,0,9999
2023-08-25T06:08:05,0,9999,0,9999
2023-08-25T06:20:53,0,9999,0,9999
2023-08-25T06:33:41,0,9999,0,9999
2023-08-25T06:46:28,0,9999,0,9999
2023-08-25T06:59:13,0,9999,0,9999
2023-08-25T07:11:58,0,9999,0,9999
2023-08-25T07:24:42,0,9999,0,9999
2023-08-25T07:37:35,0,9999,0,9999
2023-08-25T07:50:20,0,9999,0,9999
2023-08-25T08:03:06,0,9999,0,9999
2023-08-25T08:15:50,0,9999,0,9999
2023-08-25T08:28:34,0,9999,0,9999
2023-08-25T08:41:18,0,9999,0,9999
2023-08-25T08:54:02,0,9999,0,9999
2023-08-25T09:06:46,0,9999,0,9999
2023-08-25T09:19:32,0,9999,0,9999
2023-08-25T09:32:16,0,9999,0,9999
2023-08-25T09:45:11,0,9999,0,9999
2023-08-25T09:57:56,0,9999,0,9999
2023-08-25T10:10:40,0,9999,0,9999
2023-08-25T10:23:24,0,9999,0,9999
2023-08-25T10:36:08,0,9999,0,9999
2023-08-25T10:48:53,0,9999,0,9999
2023-08-25T11:01:37,0,9999,0,9999
2023-08-25T11:14:32,0,9999,0,9999
2023-08-25T11:27:16,0,9999,0,9999
2023-08-25T11:40:00,0,9999,0,9999
2023-08-25T11:52:44,0,9999,0,9999
2023-08-25T12:05:28,0,9999,0,9999
2023-08-25T12:18:13,0,9999,0,9999
2023-08-25T12:30:57,0,9999,0,9999
2023-08-25T12:43:52,0,9999,0,9999
2023-08-25T12:56:37,0,9999,0,9999
2023-08-25T13:09:21,0,9999,0,9999
2023-08-25T13:22:06,0,9999,0,9999
2023-08-25T13:34:51,0,9999,0,9999
2023-08-25T13:47:35,0,9999,0,9999
2023-08-25T14:00:19,0,9999,0,9999
2023-08-25T14:13:04,0,9999,0,9999
2023-08-25T14:25:58,0,9999,0,9999
2023-08-25T14:38:42,0,9999,0,9999
2023-08-25T14:51:29,0,9999,0,9999
2023-08-25T15:04:14,0,9999,0,9999
2023-08-25T15:16:58,0,9999,0,9999
2023-08-25T15:29:42,0,9999,0,9999
2023-08-25T15:42:29,0,9999,0,9999
2023-08-25T15:55:22,0,9999,0,9999
2023-08-25T16:08:05,0,9999,0,9999
2023-08-25T16:20:49,0,9999,0,9999
2023-08-25T16:33:33,0,9999,0,9999
2023-08-25T16:46:18,0,9999,0,9999
2023-08-25T16:59:02,0,9999,0,9999
2023-08-25T17:11:48,0,9999,0,9999
2023-08-25T17:24:41,0,9999,0,9999
2023-08-25T17:37:26,0,9999,0,9999
2023-08-25T17:50:10,0,9999,0,9999
2023-08-25T18:02:54,0,9999,0,9999
2023-08-25T18:15:37,0,9999,0,9999
2023-08-25T18:28:21,0,9999,0,9999
2023-08-25T18:41:04,0,9999,0,9999
2023-08-25T18:53:49,0,9999,0,9999
2023-08-25T19:06:43,0,9999,0,9999
2023-08-25T19:19:27,0,9999,0,9999
2023-08-25T19:32:13,0,9999,0,9999
2023-08-25T19:44:59,0,9999,0,9999
2023-08-25T19:57:42,0,9999,0,9999
2023-08-25T20:10:26,0,9999,0,9999
2023-08-25T20:23:11,0,9999,0,9999
2023-08-25T20:35:55,0,9999,0,9999
2023-08-25T20:48:39,0,9999,0,9999
2023-08-25T21:01:32,0,9999,0,9999
2023-08-25T21:14:16,0,9999,0,9999
2023-08-25T21:27:00,0,9999,0,9999
2023-08-25T21:39:44,0,9999,0,9999
2023-08-25T21:52:28,0,9999,0,9999
2023-08-25T22:05:13,0,9999,0,9999
2023-08-25T22:17:56,0,9999,0,9999
2023-08-25T22:30:40,0,9999,0,9999
2023-08-25T22:43:24,0,9999,0,9999
2023-08-25T22:56:19,0,9999,0,9999
2023-08-25T23:09:05,0,9999,0,9999
2023-08-25T23:21:50,0,9999,0,9999
2023-08-25T23:34:35,0,9999,0,9999
2023-08-25T23:47:19,0,9999,0,9999
2023-08-26T00:00:05,0,9999,0,9999
2023-08-26T00:12:55,0,9999,0,9999
2023-08-26T00:25:45,0,9999,0,9999
2023-08-26T00:38:34,0,9999,0,9999
2023-08-26T00:51:33,0,9999,0,9999
2023-08-26T01:04:22,0,9999,0,9999
2023-08-26T01:17:10,0,9999,0,9999
2023-08-26T01:29:59,0,9999,0,9999
2023-08-26T01:42:48,0,9999,0,9999
2023-08-26T01:55:35,0,9999,0,9999
2023-08-26T02:08:22,0,9999,0,9999
2023-08-26T02:21:07,0,9999,0,9999
2023-08-26T02:33:52,0,9999,0,9999
2023-08-26T02:46:37,0,9999,0,9999
2023-08-26T02:59:21,0,9999,0,9999
2023-08-26T03:12:07,0,9999,0,9999
2023-08-26T03:24:55,0,9999,0,9999
2023-08-26T03:37:54,0,9999,0,9999
2023-08-26T03:50:43,0,9999,0,9999
2023-08-26T04:03:30,0,9999,0,9999
2023-08-26T04:16:18,0,9999,0,9999
2023-08-26T04:37:58,0,9999,0,9999
2023-08-26T04:50:55,0,9999,0,9999
2023-08-26T05:03:46,0,9999,0,9999
2023-08-26T05:16:34,0,9999,0,9999
2023-08-26T05:29:24,0,9999,0,9999
2023-08-26T05:42:12,0,9999,0,9999
2023-08-26T05:54:59,0,9999,0,9999
2023-08-26T06:07:48,0,9999,0,9999
2023-08-26T06:20:35,0,9999,0,9999
2023-08-26T06:33:22,0,9999,0,9999
2023-08-26T06:46:14,0,9999,0,9999
2023-08-26T06:59:15,0,9999,0,9999
2023-08-26T07:12:04,0,9999,0,9999
2023-08-26T07:24:51,0,9999,0,9999
2023-08-26T07:37:38,0,9999,0,9999
2023-08-26T07:50:26,0,9999,0,9999
2023-08-26T08:03:13,0,9999,0,9999
2023-08-26T08:16:00,0,9999,0,9999
2023-08-26T08:28:48,0,9999,0,9999
2023-08-26T08:41:35,0,9999,0,9999
2023-08-26T08:54:23,0,9999,0,9999
2023-08-26T09:07:24,0,9999,0,9999
2023-08-26T09:20:11,0,9999,0,9999
2023-08-26T09:32:58,0,9999,0,9999
2023-08-26T09:45:45,0,9999,0,9999
2023-08-26T09:58:31,0,9999,0,9999
2023-08-26T10:11:17,0,9999,0,9999
2023-08-26T10:24:02,0,9999,0,9999
2023-08-26T10:36:47,0,9999,0,9999
2023-08-26T10:49:33,0,9999,0,9999
2023-08-26T11:02:17,0,9999,0,9999
2023-08-26T11:15:01,0,9999,0,9999
2023-08-26T11:27:44,0,9999,0,9999
2023-08-26T11:40:38,0,9999,0,9999
2023-08-26T11:53:22,0,9999,0,9999
2023-08-26T12:06:05,0,9999,0,9999
2023-08-26T12:18:48,0,9999,0,9999
2023-08-26T12:31:33,0,9999,0,9999
2023-08-26T12:44:17,0,9999,0,9999
2023-08-26T12:57:01,0,9999,0,9999
2023-08-26T13:09:44,0,9999,0,9999
2023-08-26T13:22:28,0,9999,0,9999
2023-08-26T13:35:11,0,9999,0,9999
2023-08-26T13:48:19,0,9999,0,9999
2023-08-26T14:01:03,0,9999,0,9999
2023-08-26T14:13:46,0,9999,0,9999
2023-08-26T14:26:32,0,9999,0,9999
2023-08-26T14:39:16,0,9999,0,9999
2023-08-26T14:52:00,0,9999,0,9999
2023-08-26T15:04:43,0,9999,0,9999
2023-08-26T15:17:26,0,9999,0,9999
2023-08-26T15:30:10,0,9999,0,9999
2023-08-26T15:42:53,0,9999,0,9999
2023-08-26T15:55:37,0,9999,0,9999
2023-08-26T16:08:29,0,9999,0,9999
2023-08-26T16:21:13,0,9999,0,9999
2023-08-26T16:33:57,0,9999,0,9999
2023-08-26T16:46:40,0,9999,0,9999
2023-08-26T16:59:24,0,9999,0,9999
2023-08-26T17:12:09,0,9999,0,9999
2023-08-26T17:24:52,0,9999,0,9999
2023-08-26T17:37:36,0,9999,0,9999
2023-08-26T17:50:20,0,9999,0,9999
2023-08-26T18:03:23,0,9999,0,9999
2023-08-26T18:16:07,0,9999,0,9999
2023-08-26T18:28:51,0,9999,0,9999
2023-08-26T18:41:35,0,9999,0,9999
2023-08-26T18:54:19,0,9999,0,9999
2023-08-26T19:07:04,0,9999,0,9999
2023-08-26T19:19:48,0,9999,0,9999
2023-08-26T19:32:32,0,9999,0,9999
2023-08-26T19:45:16,0,9999,0,9999
2023-08-26T19:58:08,0,9999,0,9999
2023-08-26T20:10:52,0,9999,0,9999
2023-08-26T20:23:35,0,9999,0,9999
2023-08-26T20:36:20,0,9999,0,9999
2023-08-26T20:49:04,0,9999,0,9999
2023-08-26T21:01:48,0,9999,0,9999
2023-08-26T21:14:32,0,9999,0,9999
2023-08-26T21:27:15,0,9999,0,9999
2023-08-26T21:40:16,0,9999,0,9999
2023-08-26T21:53:00,0,9999,0,9999
2023-08-26T22:05:45,0,9999,0,9999
2023-08-26T22:18:28,0,9999,0,9999
2023-08-26T22:31:11,0,9999,0,9999
2023-08-26T22:43:55,0,9999,0,9999
2023-08-26T22:56:40,0,9999,0,9999
2023-08-26T23:09:25,0,9999,0,9999
2023-08-26T23:22:09,0,9999,0,9999
2023-08-26T23:34:54,0,9999,0,9999
2023-08-26T23:47:48,0,9999,0,9999
2023-08-27T00:00:33,0,9999,0,9999
2023-08-27T00:13:22,0,9999,0,9999
2023-08-27T00:26:12,0,9999,0,9999
2023-08-27T00:39:00,0,9999,0,9999
2023-08-27T00:51:48,0,9999,0,9999
2023-08-27T01:04:35,0,9999,0,9999
2023-08-27T01:17:21,0,9999,0,9999
2023-08-27T01:30:10,0,9999,0,9999
2023-08-27T01:42:56,0,9999,0,9999
2023-08-27T01:55:43,0,9999,0,9999
2023-08-27T02:08:51,0,9999,0,9999
2023-08-27T02:21:39,0,9999,0,9999
2023-08-27T02:34:27,0,9999,0,9999
2023-08-27T02:47:13,0,9999,0,9999
2023-08-27T02:59:59,0,9999,0,9999
2023-08-27T03:12:48,0,9999,0,9999
2023-08-27T03:25:36,0,9999,0,9999
2023-08-27T03:38:24,0,9999,0,9999
2023-08-27T03:51:11,0,9999,0,9999
2023-08-27T04:03:58,0,9999,0,9999
2023-08-27T04:33:37,0,9999,0,9999
2023-08-27T04:46:45,0,9999,0,9999
2023-08-27T04:59:34,0,9999,0,9999
2023-08-27T05:12:22,0,9999,0,9999
2023-08-27T05:25:10,0,9999,0,9999
2023-08-27T05:37:58,0,9999,0,9999
2023-08-27T05:50:48,0,9999,0,9999
2023-08-27T06:03:36,0,9999,0,9999
2023-08-27T06:16:23,0,9999,0,9999
2023-08-27T06:29:10,0,9999,0,9999
2023-08-27T06:41:55,0,9999,0,9999
2023-08-27T06:54:39,0,9999,0,9999
2023-08-27T07:07:26,0,9999,0,9999
2023-08-27T07:20:10,0,9999,0,9999
2023-08-27T07:32:54,0,9999,0,9999
2023-08-27T07:45:39,0,9999,0,9999
2023-08-27T07:58:31,0,9999,0,9999
2023-08-27T08:11:16,0,9999,0,9999
2023-08-27T08:24:00,0,9999,0,9999
2023-08-27T08:36:45,0,9999,0,9999
2023-08-27T08:49:29,0,9999,0,9999
2023-08-27T09:02:13,0,9999,0,9999
2023-08-27T09:14:57,0,9999,0,9999
2023-08-27T09:27:41,0,9999,0,9999
2023-08-27T09:40:26,0,9999,0,9999
2023-08-27T09:53:11,0,9999,0,9999
2023-08-27T10:05:55,0,9999,0,9999
2023-08-27T10:18:40,0,9999,0,9999
2023-08-27T10:31:36,0,9999,0,9999
2023-08-27T10:44:20,0,9999,0,9999
2023-08-27T10:57:07,0,9999,0,9999
2023-08-27T11:09:53,0,9999,0,9999
2023-08-27T11:22:38,0,9999,0,9999
2023-08-27T11:35:24,0,9999,0,9999
2023-08-27T11:48:09,0,9999,0,9999
2023-08-27T12:00:53,0,9999,0,9999
2023-08-27T12:13:36,0,9999,0,9999
2023-08-27T12:26:19,0,9999,0,9999
2023-08-27T12:39:12,0,9999,0,9999
2023-08-27T12:51:57,0,9999,0,9999
2023-08-27T13:04:41,0,9999,0,9999
2023-08-27T13:17:25,0,9999,0,9999
2023-08-27T13:30:09,0,9999,0,9999
2023-08-27T13:42:52,0,9999,0,9999
2023-08-27T13:55:37,0,9999,0,9999
2023-08-27T14:08:20,0,9999,0,9999
2023-08-27T14:21:13,0,9999,0,9999
2023-08-27T14:33:57,0,9999,0,9999
2023-08-27T14:46:41,0,9999,0,9999
2023-08-27T14:59:26,0,9999,0,9999
2023-08-27T15:12:09,0,9999,0,9999
2023-08-27T15:24:52,0,9999,0,9999
2023-08-27T15:37:36,0,9999,0,9999
2023-08-27T15:50:27,0,9999,0,9999
2023-08-27T16:03:11,0,9999,0,9999
2023-08-27T16:15:56,0,9999,0,9999
2023-08-27T16:28:40,0,9999,0,9999
2023-08-27T16:41:24,0,9999,0,9999
2023-08-27T16:54:08,0,9999,0,9999
2023-08-27T17:06:53,0,9999,0,9999
2023-08-27T17:19:54,0,9999,0,9999
2023-08-27T17:32:38,0,9999,0,9999
2023-08-27T17:45:21,0,9999,0,9999
2023-08-27T17:58:05,0,9999,0,9999
2023-08-27T18:10:49,0,9999,0,9999
2023-08-27T18:23:33,0,9999,0,9999
2023-08-27T18:36:17,0,9999,0,9999
2023-08-27T18:49:01,0,9999,0,9999
2023-08-27T19:01:57,0,9999,0,9999
2023-08-27T19:14:43,0,9999,0,9999
2023-08-27T19:27:27,0,9999,0,9999
2023-08-27T19:40:10,0,9999,0,9999
2023-08-27T19:52:54,0,9999,0,9999
2023-08-27T20:05:37,0,9999,0,9999
2023-08-27T20:18:37,0,9999,0,9999
2023-08-27T20:31:20,0,9999,0,9999
2023-08-27T20:44:04,0,9999,0,9999
2023-08-27T20:56:47,0,9999,0,9999
2023-08-27T21:09:31,0,9999,0,9999
2023-08-27T21:22:15,0,9999,0,9999
2023-08-27T21:35:00,0,9999,0,9999
2023-08-27T21:47:44,0,9999,0,9999
2023-08-27T22:00:37,0,9999,0,9999
2023-08-27T22:13:21,0,9999,0,9999
2023-08-27T22:26:05,0,9999,0,9999
2023-08-27T22:38:48,0,9999,0,9999
2023-08-27T22:58:24,0,9999,0,9999
2023-08-27T23:11:20,0,9999,0,9999
2023-08-27T23:24:04,0,9999,0,9999
2023-08-27T23:36:49,0,9999,0,9999
2023-08-27T23:49:33,0,9999,0,9999
2023-08-28T00:02:18,0,9999,0,9999
2023-08-28T00:15:11,0,9999,0,9999
2023-08-28T00:28:16,0,9999,0,9999
2023-08-28T00:41:07,0,9999,0,9999
2023-08-28T00:53:55,0,9999,0,9999
2023-08-28T01:06:39,0,9999,0,9999
2023-08-28T01:19:39,0,9999,0,9999
2023-08-28T01:32:27,0,9999,0,9999
2023-08-28T01:45:15,0,9999,0,9999
2023-08-28T01:58:11,0,9999,0,9999
2023-08-28T02:11:08,0,9999,0,9999
2023-08-28T02:23:54,0,9999,0,9999
2023-08-28T02:36:40,0,9999,0,9999
2023-08-28T02:49:27,0,9999,0,9999
2023-08-28T03:02:13,0,9999,0,9999
2023-08-28T03:15:00,0,9999,0,9999
2023-08-28T03:27:47,0,9999,0,9999
2023-08-28T03:40:34,0,9999,0,9999
2023-08-28T03:53:20,0,9999,0,9999
2023-08-28T04:06:07,0,9999,0,9999
2023-08-28T04:35:40,0,9999,0,9999
2023-08-28T04:48:31,0,9999,0,9999
2023-08-28T05:01:19,0,9999,0,9999
2023-08-28T05:14:10,0,9999,0,9999
2023-08-28T05:26:58,0,9999,0,9999
2023-08-28T05:39:47,0,9999,0,9999
2023-08-28T05:52:36,0,9999,0,9999
2023-08-28T06:05:24,0,9999,0,9999
2023-08-28T06:18:11,0,9999,0,9999
2023-08-28T06:30:58,0,9999,0,9999
2023-08-28T06:43:45,0,9999,0,9999
2023-08-28T06:56:32,0,9999,0,9999
2023-08-28T07:09:18,0,9999,0,9999
2023-08-28T07:22:02,0,9999,0,9999
2023-08-28T07:34:55,0,9999,0,9999
2023-08-28T07:47:39,0,9999,0,9999
2023-08-28T08:00:24,0,9999,0,9999
2023-08-28T08:13:11,0,9999,0,9999
2023-08-28T08:25:57,0,9999,0,9999
2023-08-28T08:38:45,0,9999,0,9999
2023-08-28T08:51:35,0,9999,0,9999
2023-08-28T09:04:36,0,9999,0,9999
2023-08-28T09:17:25,0,9999,0,9999
2023-08-28T09:30:20,0,9999,0,9999
2023-08-28T09:43:08,0,9999,0,9999
2023-08-28T09:55:54,0,9999,0,9999
2023-08-28T10:08:52,0,9999,0,9999
2023-08-28T10:21:41,0,9999,0,9999
2023-08-28T10:34:29,0,9999,0,9999
2023-08-28T10:47:16,0,9999,0,9999
2023-08-28T11:00:17,0,9999,0,9999
2023-08-28T11:13:02,0,9999,0,9999
2023-08-28T11:25:50,0,9999,0,9999
2023-08-28T11:38:40,0,9999,0,9999
2023-08-28T11:51:39,0,9999,0,9999
2023-08-28T12:04:25,0,9999,0,9999
2023-08-28T12:17:12,0,9999,0,9999
2023-08-28T12:30:10,0,9999,0,9999
2023-08-28T12:42:58,0,9999,0,9999
2023-08-28T12:55:44,0,9999,0,9999
2023-08-28T13:08:31,0,9999,0,9999
2023-08-28T13:21:31,0,9999,0,9999
2023-08-28T13:34:17,0,9999,0,9999
2023-08-28T13:47:03,0,9999,0,9999
2023-08-28T13:59:49,0,9999,0,9999
2023-08-28T14:12:48,0,9999,0,9999
2023-08-28T14:25:33,0,9999,0,9999
2023-08-28T14:38:17,0,9999,0,9999
2023-08-28T14:51:02,0,9999,0,9999
2023-08-28T15:03:56,0,9999,0,9999
2023-08-28T15:16:41,0,9999,0,9999
2023-08-28T15:29:25,0,9999,0,9999
2023-08-28T15:42:13,0,9999,0,9999
2023-08-28T15:55:10,0,9999,0,9999
2023-08-28T16:07:57,0,9999,0,9999
2023-08-28T16:20:45,0,9999,0,9999
2023-08-28T16:33:32,0,9999,0,9999
2023-08-28T16:46:18,0,9999,0,9999
2023-08-28T16:59:16,0,9999,0,9999
2023-08-28T17:12:04,0,9999,0,9999
2023-08-28T17:24:52,0,9999,0,9999
2023-08-28T17:37:39,0,9999,0,9999
2023-08-28T17:50:25,0,9999,0,9999
2023-08-28T18:03:25,0,9999,0,9999
2023-08-28T18:16:12,0,9999,0,9999
2023-08-28T18:28:58,0,9999,0,9999
2023-08-28T18:41:45,0,9999,0,9999
2023-08-28T18:54:33,0,9999,0,9999
2023-08-28T19:07:31,0,9999,0,9999
2023-08-28T19:20:18,0,9999,0,9999
2023-08-28T19:33:05,0,9999,0,9999
2023-08-28T19:45:53,0,9999,0,9999
2023-08-28T19:58:40,0,9999,0,9999
2023-08-28T20:11:27,0,9999,0,9999
2023-08-28T20:24:25,0,9999,0,9999
2023-08-28T20:37:12,0,9999,0,9999
2023-08-28T20:49:59,0,9999,0,9999
2023-08-28T21:02:46,0,9999,0,9999
2023-08-28T21:15:33,0,9999,0,9999
2023-08-28T21:28:30,0,9999,0,9999
2023-08-28T21:41:17,0,9999,0,9999
2023-08-28T21:54:05,0,9999,0,9999
2023-08-28T22:06:51,0,9999,0,9999
2023-08-28T22:19:48,0,9999,0,9999
2023-08-28T22:32:36,0,9999,0,9999
2023-08-28T22:45:23,0,9999,0,9999
2023-08-28T22:58:11,0,9999,0,9999
2023-08-28T23:10:59,0,9999,0,9999
2023-08-28T23:23:49,0,9999,0,9999
2023-08-28T23:36:47,0,9999,0,9999
2023-08-28T23:49:36,0,9999,0,9999
2023-08-29T00:02:24,0,9999,0,9999
2023-08-29T00:15:25,0,9999,0,9999
2023-08-29T00:28:21,0,9999,0,9999
2023-08-29T00:41:10,0,9999,0,9999
2023-08-29T00:54:09,0,9999,0,9999
2023-08-29T01:06:59,0,9999,0,9999
2023-08-29T01:19:49,0,9999,0,9999
2023-08-29T01:32:39,0,9999,0,9999
2023-08-29T01:45:28,0,9999,0,9999
2023-08-29T01:58:19,0,9999,0,9999
2023-08-29T02:11:08,0,9999,0,9999
2023-08-29T02:24:00,0,9999,0,9999
2023-08-29T02:36:49,0,9999,0,9999
2023-08-29T02:49:38,0,9999,0,9999
2023-08-29T03:02:38,0,9999,0,9999
2023-08-29T03:15:29,0,9999,0,9999
2023-08-29T03:28:20,0,9999,0,9999
2023-08-29T03:41:11,0,9999,0,9999
2023-08-29T03:54:02,0,9999,0,9999
2023-08-29T04:06:54,0,9999,0,9999
2023-08-29T04:32:40,0,9999,0,9999
2023-08-29T04:45:33,0,9999,0,9999
2023-08-29T05:00:24,0,9999,0,9999
2023-08-29T05:13:19,0,9999,0,9999
2023-08-29T05:26:10,0,9999,0,9999
2023-08-29T05:39:01,0,9999,0,9999
2023-08-29T05:51:53,0,9999,0,9999
2023-08-29T06:04:44,0,9999,0,9999
2023-08-29T06:17:34,0,9999,0,9999
2023-08-29T06:30:28,0,9999,0,9999
2023-08-29T06:43:18,0,9999,0,9999
2023-08-29T06:56:12,0,9999,0,9999
2023-08-29T07:09:11,0,9999,0,9999
2023-08-29T07:22:00,0,9999,0,9999
2023-08-29T07:34:50,0,9999,0,9999
2023-08-29T07:47:38,0,9999,0,9999
2023-08-29T08:00:31,0,9999,0,9999
2023-08-29T08:13:26,0,9999,0,9999
2023-08-29T08:26:17,0,9999,0,9999
2023-08-29T08:39:09,0,9999,0,9999
2023-08-29T08:52:17,0,9999,0,9999
2023-08-29T09:05:09,0,9999,0,9999
2023-08-29T09:18:03,0,9999,0,9999
2023-08-29T09:30:59,0,9999,0,9999
2023-08-29T09:44:04,0,9999,0,9999
2023-08-29T09:57:00,0,9999,0,9999
2023-08-29T10:09:55,0,9999,0,9999
2023-08-29T10:22:54,0,9999,0,9999
2023-08-29T10:36:00,0,9999,0,9999
2023-08-29T10:48:56,0,9999,0,9999
2023-08-29T11:02:02,0,9999,0,9999
2023-08-29T11:15:07,0,9999,0,9999
2023-08-29T11:28:03,0,9999,0,9999
2023-08-29T11:41:04,0,9999,0,9999
2023-08-29T11:54:14,0,9999,0,9999
2023-08-29T12:07:13,0,9999,0,9999
2023-08-29T12:20:11,0,9999,0,9999
2023-08-29T12:33:19,0,9999,0,9999
2023-08-29T12:46:13,0,9999,0,9999
2023-08-29T12:59:07,0,9999,0,9999
2023-08-29T13:12:06,0,9999,0,9999
2023-08-29T13:25:11,0,9999,0,9999
2023-08-29T13:38:04,0,9999,0,9999
2023-08-29T13:51:04,0,9999,0,9999
2023-08-29T14:04:11,0,9999,0,9999
2023-08-29T14:17:07,0,9999,0,9999
2023-08-29T14:30:02,0,9999,0,9999
2023-08-29T14:43:15,0,9999,0,9999
2023-08-29T14:56:10,0,9999,0,9999
2023-08-29T15:09:05,0,9999,0,9999
2023-08-29T15:22:12,0,9999,0,9999
2023-08-29T15:35:08,0,9999,0,9999
2023-08-29T15:48:03,0,9999,0,9999
2023-08-29T16:01:19,0,9999,0,9999
2023-08-29T16:14:15,0,9999,0,9999
2023-08-29T16:27:10,0,9999,0,9999
2023-08-29T16:40:20,0,9999,0,9999
2023-08-29T16:53:16,0,9999,0,9999
2023-08-29T17:06:14,0,9999,0,9999
2023-08-29T17:19:24,0,9999,0,9999
2023-08-29T17:32:17,0,9999,0,9999
2023-08-29T17:45:10,0,9999,0,9999
2023-08-29T17:58:01,0,9999,0,9999
2023-08-29T18:11:20,0,9999,0,9999
2023-08-29T18:24:22,0,9999,0,9999
2023-08-29T18:37:19,0,9999,0,9999
2023-08-29T18:50:24,0,9999,0,9999
2023-08-29T19:03:18,0,9999,0,9999
2023-08-29T19:16:10,0,9999,0,9999
2023-08-29T19:29:02,0,9999,0,9999
2023-08-29T19:42:09,0,9999,0,9999
2023-08-29T19:55:01,0,9999,0,9999
2023-08-29T20:07:54,0,9999,0,9999
2023-08-29T20:20:46,0,9999,0,9999
2023-08-29T20:33:45,0,9999,0,9999
2023-08-29T20:46:32,0,9999,0,9999
2023-08-29T20:59:19,0,9999,0,9999
2023-08-29T21:12:07,0,9999,0,9999
2023-08-29T21:25:05,0,9999,0,9999
2023-08-29T21:37:52,0,9999,0,9999
2023-08-29T21:50:39,0,9999,0,9999
2023-08-29T22:03:27,0,9999,0,9999
2023-08-29T22:16:26,0,9999,0,9999
2023-08-29T22:29:14,0,9999,0,9999
2023-08-29T22:42:01,0,9999,0,9999
2023-08-29T22:54:49,0,9999,0,9999
2023-08-29T23:07:38,0,9999,0,9999
2023-08-29T23:20:37,0,9999,0,9999
2023-08-29T23:33:24,0,9999,0,9999
2023-08-29T23:46:12,0,9999,0,9999
2023-08-29T23:59:00,0,9999,0,9999
2023-08-30T00:11:50,0,9999,0,9999
2023-08-30T00:24:43,0,9999,0,9999
2023-08-30T00:37:46,0,9999,0,9999
2023-08-30T00:50:37,0,9999,0,9999
2023-08-30T01:03:30,0,9999,0,9999
2023-08-30T01:16:23,0,9999,0,9999
2023-08-30T01:29:14,0,9999,0,9999
2023-08-30T01:42:05,0,9999,0,9999
2023-08-30T01:54:56,0,9999,0,9999
2023-08-30T02:07:47,0,9999,0,9999
2023-08-30T02:20:49,0,9999,0,9999
2023-08-30T02:33:39,0,9999,0,9999
2023-08-30T02:46:28,0,9999,0,9999
2023-08-30T02:59:16,0,9999,0,9999
2023-08-30T03:12:06,0,9999,0,9999
2023-08-30T03:24:56,0,9999,0,9999
2023-08-30T03:37:48,0,9999,0,9999
2023-08-30T03:50:38,0,9999,0,9999
2023-08-30T04:03:31,0,9999,0,9999
2023-08-30T06:37:56,0,9999,0,9999
2023-08-30T06:50:48,0,9999,0,9999
2023-08-30T07:03:38,0,9999,0,9999
2023-08-30T07:16:28,0,9999,0,9999
2023-08-30T07:29:17,0,9999,0,9999
2023-08-30T07:42:05,0,9999,0,9999
2023-08-30T07:54:54,0,9999,0,9999
2023-08-30T08:07:44,0,9999,0,9999
2023-08-30T08:20:33,0,9999,0,9999
2023-08-30T08:33:22,0,9999,0,9999
2023-08-30T08:46:10,0,9999,0,9999
2023-08-30T08:58:57,0,9999,0,9999
2023-08-30T09:11:45,0,9999,0,9999
2023-08-30T09:24:41,0,9999,0,9999
2023-08-30T09:37:29,0,9999,0,9999
2023-08-30T09:50:16,0,9999,0,9999
2023-08-30T10:03:04,0,9999,0,9999
2023-08-30T10:15:52,0,9999,0,9999
2023-08-30T10:28:40,0,9999,0,9999
2023-08-30T10:41:29,0,9999,0,9999
2023-08-30T10:54:28,0,9999,0,9999
2023-08-30T11:07:17,0,9999,0,9999
2023-08-30T11:20:06,0,9999,0,9999
2023-08-30T11:32:55,0,9999,0,9999
2023-08-30T11:45:43,0,9999,0,9999
2023-08-30T11:58:32,0,9999,0,9999
2023-08-30T12:11:20,0,9999,0,9999
2023-08-30T12:24:17,0,9999,0,9999
2023-08-30T12:37:05,0,9999,0,9999
2023-08-30T12:49:53,0,9999,0,9999
2023-08-30T13:02:41,0,9999,0,9999
2023-08-30T13:15:29,0,9999,0,9999
2023-08-30T13:28:18,0,9999,0,9999
2023-08-30T13:41:07,0,9999,0,9999
2023-08-30T13:54:06,0,9999,0,9999
2023-08-30T14:06:56,0,9999,0,9999
2023-08-30T14:19:45,0,9999,0,9999
2023-08-30T14:32:33,0,9999,0,9999
2023-08-30T14:45:21,0,9999,0,9999
2023-08-30T14:58:09,0,9999,0,9999
2023-08-30T15:11:08,0,9999,0,9999
2023-08-30T15:23:56,0,9999,0,9999
2023-08-30T15:36:45,0,9999,0,9999
2023-08-30T15:49:33,0,9999,0,9999
2023-08-30T16:02:22,0,9999,0,9999
2023-08-30T16:15:10,0,9999,0,9999
2023-08-30T16:27:59,0,9999,0,9999
2023-08-30T16:40:58,0,9999,0,9999
2023-08-30T16:53:47,0,9999,0,9999
2023-08-30T17:06:36,0,9999,0,9999
2023-08-30T17:19:26,0,9999,0,9999
2023-08-30T17:32:15,0,9999,0,9999
2023-08-30T17:45:04,0,9999,0,9999
2023-08-30T17:57:52,0,9999,0,9999
2023-08-30T18:10:51,0,9999,0,9999
2023-08-30T18:23:40,0,9999,0,9999
2023-08-30T18:36:29,0,9999,0,9999
2023-08-30T18:49:18,0,9999,0,9999
2023-08-30T19:02:07,0,9999,0,9999
2023-08-30T19:14:56,0,9999,0,9999
2023-08-30T19:27:44,0,9999,0,9999
2023-08-30T19:40:34,0,9999,0,9999
2023-08-30T19:53:33,0,9999,0,9999
2023-08-30T20:06:22,0,9999,0,9999
2023-08-30T20:19:11,0,9999,0,9999
2023-08-30T20:32:00,0,9999,0,9999
2023-08-30T20:44:48,0,9999,0,9999
2023-08-30T20:57:37,0,9999,0,9999
2023-08-30T21:10:26,0,9999,0,9999
2023-08-30T21:23:15,0,9999,0,9999
2023-08-30T21:36:04,0,9999,0,9999
2023-08-30T21:49:02,0,9999,0,9999
2023-08-30T22:01:51,0,9999,0,9999
2023-08-30T22:14:39,0,9999,0,9999
2023-08-30T22:27:32,0,9999,0,9999
2023-08-30T22:40:21,0,9999,0,9999
2023-08-30T22:53:09,0,9999,0,9999
2023-08-30T23:05:58,0,9999,0,9999
2023-08-30T23:18:48,0,9999,0,9999
2023-08-30T23:31:46,0,9999,0,9999
2023-08-30T23:44:35,0,9999,0,9999
2023-08-30T23:57:24,0,9999,0,9999
2023-08-31T00:10:15,0,9999,0,9999
2023-08-31T00:23:28,0,9999,0,9999
2023-08-31T00:36:19,0,9999,0,9999
2023-08-31T00:49:10,0,9999,0,9999
2023-08-31T01:02:01,0,9999,0,9999
2023-08-31T01:14:53,0,9999,0,9999
2023-08-31T01:27:45,0,9999,0,9999
2023-08-31T01:40:37,0,9999,0,9999
2023-08-31T01:53:39,0,9999,0,9999
2023-08-31T02:06:33,0,9999,0,9999
2023-08-31T02:19:25,0,9999,0,9999
2023-08-31T02:32:16,0,9999,0,9999
2023-08-31T02:45:06,0,9999,0,9999
2023-08-31T02:57:57,0,9999,0,9999
2023-08-31T03:10:57,0,9999,0,9999
2023-08-31T03:23:51,0,9999,0,9999
2023-08-31T03:36:43,0,9999,0,9999
2023-08-31T03:49:35,0,9999,0,9999
2023-08-31T04:02:27,0,9999,0,9999
2023-08-31T04:31:08,0,9999,0,9999
2023-08-31T04:45:34,0,9999,0,9999
2023-08-31T04:58:28,0,9999,0,9999
2023-08-31T05:11:24,0,9999,0,9999
2023-08-31T05:24:17,0,9999,0,9999
2023-08-31T05:37:11,0,9999,0,9999
2023-08-31T05:50:04,0,9999,0,9999
2023-08-31T06:02:57,0,9999,0,9999
2023-08-31T06:15:50,0,9999,0,9999
2023-08-31T06:28:42,0,9999,0,9999
2023-08-31T06:41:34,0,9999,0,9999
2023-08-31T06:54:26,0,9999,0,9999
2023-08-31T07:07:19,0,9999,0,9999
2023-08-31T07:20:11,0,9999,0,9999
2023-08-31T07:33:01,0,9999,0,9999
2023-08-31T07:45:50,0,9999,0,9999
2023-08-31T07:58:39,0,9999,0,9999
2023-08-31T08:11:32,0,9999,0,9999
2023-08-31T08:24:30,0,9999,0,9999
2023-08-31T08:37:20,0,9999,0,9999
2023-08-31T08:50:10,0,9999,0,9999
2023-08-31T09:03:00,0,9999,0,9999
2023-08-31T09:15:50,0,9999,0,9999
2023-08-31T09:28:40,0,9999,0,9999
2023-08-31T09:41:31,0,9999,0,9999
2023-08-31T09:54:21,0,9999,0,9999
2023-08-31T10:07:24,0,9999,0,9999
2023-08-31T10:20:15,0,9999,0,9999
2023-08-31T10:33:06,0,9999,0,9999
2023-08-31T10:45:56,0,9999,0,9999
2023-08-31T10:58:47,0,9999,0,9999
2023-08-31T11:11:39,0,9999,0,9999
2023-08-31T11:24:39,0,9999,0,9999
2023-08-31T11:37:29,0,9999,0,9999
2023-08-31T11:50:20,0,9999,0,9999
2023-08-31T12:03:10,0,9999,0,9999
2023-08-31T12:16:02,0,9999,0,9999
2023-08-31T12:29:02,0,9999,0,9999
2023-08-31T12:41:55,0,9999,0,9999
2023-08-31T12:54:47,0,9999,0,9999
2023-08-31T13:07:39,0,9999,0,9999
2023-08-31T13:20:31,0,9999,0,9999
2023-08-31T13:33:32,0,9999,0,9999
2023-08-31T13:46:23,0,9999,0,9999
2023-08-31T13:59:14,0,9999,0,9999
2023-08-31T14:12:06,0,9999,0,9999
2023-08-31T14:24:55,0,9999,0,9999
2023-08-31T14:37:54,0,9999,0,9999
2023-08-31T14:50:44,0,9999,0,9999
2023-08-31T15:03:34,0,9999,0,9999
2023-08-31T15:16:25,0,9999,0,9999
2023-08-31T15:29:14,0,9999,0,9999
2023-08-31T15:42:05,0,9999,0,9999
2023-08-31T15:55:04,0,9999,0,9999
2023-08-31T16:07:53,0,9999,0,9999
2023-08-31T16:20:43,0,9999,0,9999
2023-08-31T16:33:34,0,9999,0,9999
2023-08-31T16:46:23,0,9999,0,9999
2023-08-31T16:59:22,0,9999,0,9999
2023-08-31T17:12:13,0,9999,0,9999
2023-08-31T17:25:03,0,9999,0,9999
2023-08-31T17:37:52,0,9999,0,9999
2023-08-31T17:50:41,0,9999,0,9999
2023-08-31T18:03:29,0,9999,0,9999
2023-08-31T18:16:18,0,9999,0,9999
2023-08-31T18:29:07,0,9999,0,9999
2023-08-31T18:42:07,0,9999,0,9999
2023-08-31T18:54:56,0,9999,0,9999
2023-08-31T19:07:46,0,9999,0,9999
2023-08-31T19:20:35,0,9999,0,9999
2023-08-31T19:33:24,0,9999,0,9999
2023-08-31T19:46:14,0,9999,0,9999
2023-08-31T19:59:02,0,9999,0,9999
2023-08-31T20:12:01,0,9999,0,9999
2023-08-31T20:24:50,0,9999,0,9999
2023-08-31T20:37:39,0,9999,0,9999
2023-08-31T20:50:29,0,9999,0,9999
2023-08-31T21:03:18,0,9999,0,9999
2023-08-31T21:16:07,0,9999,0,9999
2023-08-31T21:28:56,0,9999,0,9999
2023-08-31T21:41:46,0,9999,0,9999
2023-08-31T21:54:44,0,9999,0,9999
2023-08-31T22:07:33,0,9999,0,9999
2023-08-31T22:20:22,0,9999,0,9999
2023-08-31T22:33:12,0,9999,0,9999
2023-08-31T22:46:01,0,9999,0,9999
2023-08-31T22:58:49,0,9999,0,9999
2023-08-31T23:11:39,0,9999,0,9999
2023-08-31T23:24:29,0,9999,0,9999
2023-08-31T23:37:28,0,9999,0,9999
2023-08-31T23:50:18,0,9999,0,9999
2023-09-01T00:03:08,0,9999,0,9999
2023-09-01T00:16:08,0,9999,0,9999
2023-09-01T00:29:01,0,9999,0,9999
2023-09-01T00:41:54,0,9999,0,9999
2023-09-01T00:54:48,0,9999,0,9999
2023-09-01T01:07:42,0,9999,0,9999
2023-09-01T01:20:35,0,9999,0,9999
2023-09-01T01:33:29,0,9999,0,9999
2023-09-01T01:46:36,0,9999,0,9999
2023-09-01T01:59:30,0,9999,0,9999
2023-09-01T02:12:23,0,9999,0,9999
2023-09-01T02:25:15,0,9999,0,9999
2023-09-01T02:38:08,0,9999,0,9999
2023-09-01T02:51:01,0,9999,0,9999
2023-09-01T03:03:52,0,9999,0,9999
2023-09-01T03:16:47,0,9999,0,9999
2023-09-01T03:29:42,0,9999,0,9999
2023-09-01T03:42:35,0,9999,0,9999
2023-09-01T03:55:29,0,9999,0,9999
2023-09-01T04:10:23,0,9999,0,9999
2023-09-01T04:33:16,0,9999,0,9999
2023-09-01T04:46:12,0,9999,0,9999
2023-09-01T04:59:07,0,9999,0,9999
2023-09-01T05:12:01,0,9999,0,9999
2023-09-01T05:24:55,0,9999,0,9999
2023-09-01T05:37:49,0,9999,0,9999
2023-09-01T05:50:45,0,9999,0,9999
2023-09-01T06:03:39,0,9999,0,9999
2023-09-01T06:16:32,0,9999,0,9999
2023-09-01T06:29:25,0,9999,0,9999
2023-09-01T06:42:18,0,9999,0,9999
2023-09-01T06:55:11,0,9999,0,9999
2023-09-01T07:08:04,0,9999,0,9999
2023-09-01T07:20:58,0,9999,0,9999
2023-09-01T07:33:50,0,9999,0,9999
2023-09-01T07:46:50,0,9999,0,9999
2023-09-01T07:59:41,0,9999,0,9999
2023-09-01T08:12:32,0,9999,0,9999
2023-09-01T08:25:25,0,9999,0,9999
2023-09-01T08:38:17,0,9999,0,9999
2023-09-01T08:51:12,0,9999,0,9999
2023-09-01T09:04:10,0,9999,0,9999
2023-09-01T09:17:06,0,9999,0,9999
2023-09-01T09:30:14,0,9999,0,9999
2023-09-01T09:43:08,0,9999,0,9999
2023-09-01T09:56:03,0,9999,0,9999
2023-09-01T10:08:57,0,9999,0,9999
2023-09-01T10:21:54,0,9999,0,9999
2023-09-01T10:35:00,0,9999,0,9999
2023-09-01T10:47:56,0,9999,0,9999
2023-09-01T11:00:51,0,9999,0,9999
2023-09-01T11:13:48,0,9999,0,9999
2023-09-01T11:26:55,0,9999,0,9999
2023-09-01T11:39:50,0,9999,0,9999
2023-09-01T11:52:47,0,9999,0,9999
2023-09-01T12:05:43,0,9999,0,9999
2023-09-01T12:18:47,0,9999,0,9999
2023-09-01T12:31:44,0,9999,0,9999
2023-09-01T12:44:37,0,9999,0,9999
2023-09-01T12:57:32,0,9999,0,9999
2023-09-01T13:10:28,0,9999,0,9999
2023-09-01T13:23:33,0,9999,0,9999
2023-09-01T13:36:30,0,9999,0,9999
2023-09-01T13:49:24,0,9999,0,9999
2023-09-01T14:02:26,0,9999,0,9999
2023-09-01T14:15:37,0,9999,0,9999
2023-09-01T14:28:31,0,9999,0,9999
2023-09-01T14:41:27,0,9999,0,9999
2023-09-01T14:54:23,0,9999,0,9999
2023-09-01T15:07:30,0,9999,0,9999
2023-09-01T15:20:31,0,9999,0,9999
2023-09-01T15:33:29,0,9999,0,9999
2023-09-01T15:46:37,0,9999,0,9999
2023-09-01T15:59:35,0,9999,0,9999
2023-09-01T16:12:34,0,9999,0,9999
2023-09-01T16:25:28,0,9999,0,9999
2023-09-01T16:38:22,0,9999,0,9999
2023-09-01T16:51:28,0,9999,0,9999
2023-09-01T17:04:24,0,9999,0,9999
2023-09-01T17:17:24,0,9999,0,9999
2023-09-01T17:30:18,0,9999,0,9999
2023-09-01T19:30:22,0,9999,0,9999
2023-09-01T19:43:15,0,9999,0,9999
2023-09-01T19:56:08,0,9999,0,9999
2023-09-01T20:09:12,0,9999,0,9999
2023-09-01T20:22:06,0,9999,0,9999
2023-09-01T20:34:57,0,9999,0,9999
2023-09-01T20:47:47,0,9999,0,9999
2023-09-01T21:00:38,0,9999,0,9999
2023-09-01T21:13:39,0,9999,0,9999
2023-09-01T21:26:29,0,9999,0,9999
2023-09-01T21:39:20,0,9999,0,9999
2023-09-01T21:52:11,0,9999,0,9999
2023-09-01T22:05:03,0,9999,0,9999
2023-09-01T22:18:04,0,9999,0,9999
2023-09-01T22:30:54,0,9999,0,9999
2023-09-01T22:43:45,0,9999,0,9999
2023-09-01T22:56:35,0,9999,0,9999
2023-09-01T23:09:27,0,9999,0,9999
2023-09-01T23:22:28,0,9999,0,9999
2023-09-01T23:35:20,0,9999,0,9999
2023-09-01T23:48:12,0,9999,0,9999
2023-09-02T00:01:04,0,9999,0,9999
2023-09-02T00:14:03,0,9999,0,9999
2023-09-02T00:26:59,0,9999,0,9999
2023-09-02T00:40:03,0,9999,0,9999
2023-09-02T00:52:58,0,9999,0,9999
2023-09-02T01:05:53,0,9999,0,9999
2023-09-02T01:18:47,0,9999,0,9999
2023-09-02T01:31:44,0,9999,0,9999
2023-09-02T01:44:39,0,9999,0,9999
2023-09-02T01:57:35,0,9999,0,9999
2023-09-02T02:10:30,0,9999,0,9999
2023-09-02T02:23:22,0,9999,0,9999
2023-09-02T02:36:25,0,9999,0,9999
2023-09-02T02:49:19,0,9999,0,9999
2023-09-02T03:02:11,0,9999,0,9999
2023-09-02T03:15:04,0,9999,0,9999
2023-09-02T03:27:59,0,9999,0,9999
2023-09-02T03:40:53,0,9999,0,9999
2023-09-02T03:53:46,0,9999,0,9999
2023-09-02T04:06:42,0,9999,0,9999
2023-09-02T04:32:03,0,9999,0,9999
2023-09-02T04:45:19,0,9999,0,9999
2023-09-02T04:58:18,0,9999,0,9999
2023-09-02T05:11:14,0,9999,0,9999
2023-09-02T05:24:09,0,9999,0,9999
2023-09-02T05:37:05,0,9999,0,9999
2023-09-02T05:50:00,0,9999,0,9999
2023-09-02T06:02:55,0,9999,0,9999
2023-09-02T06:15:50,0,9999,0,9999
2023-09-02T06:28:45,0,9999,0,9999
2023-09-02T06:41:39,0,9999,0,9999
2023-09-02T06:54:34,0,9999,0,9999
2023-09-02T07:07:30,0,9999,0,9999
2023-09-02T07:20:24,0,9999,0,9999
2023-09-02T07:33:19,0,9999,0,9999
2023-09-02T07:46:13,0,9999,0,9999
2023-09-02T07:59:06,0,9999,0,9999
2023-09-02T08:12:09,0,9999,0,9999
2023-09-02T08:25:05,0,9999,0,9999
2023-09-02T08:37:59,0,9999,0,9999
2023-09-02T08:50:54,0,9999,0,9999
2023-09-02T09:03:49,0,9999,0,9999
2023-09-02T09:16:44,0,9999,0,9999
2023-09-02T09:29:37,0,9999,0,9999
2023-09-02T09:42:30,0,9999,0,9999
2023-09-02T09:55:24,0,9999,0,9999
2023-09-02T10:08:17,0,9999,0,9999
2023-09-02T10:21:11,0,9999,0,9999
2023-09-02T10:34:04,0,9999,0,9999
2023-09-02T10:47:07,0,9999,0,9999
2023-09-02T11:00:01,0,9999,0,9999
2023-09-02T11:12:53,0,9999,0,9999
2023-09-02T11:25:44,0,9999,0,9999
2023-09-02T11:38:36,0,9999,0,9999
2023-09-02T11:51:27,0,9999,0,9999
2023-09-02T12:04:18,0,9999,0,9999
2023-09-02T12:17:09,0,9999,0,9999
2023-09-02T12:30:01,0,9999,0,9999
2023-09-02T12:42:53,0,9999,0,9999
2023-09-02T12:55:53,0,9999,0,9999
2023-09-02T13:08:44,0,9999,0,9999
2023-09-02T13:21:35,0,9999,0,9999
2023-09-02T13:34:26,0,9999,0,9999
2023-09-02T13:47:18,0,9999,0,9999
2023-09-02T14:00:08,0,9999,0,9999
2023-09-02T14:13:00,0,9999,0,9999
2023-09-02T14:25:51,0,9999,0,9999
2023-09-02T14:38:53,0,9999,0,9999
2023-09-02T14:51:44,0,9999,0,9999
2023-09-02T15:04:36,0,9999,0,9999
2023-09-02T15:17:27,0,9999,0,9999
2023-09-02T15:30:18,0,9999,0,9999
2023-09-02T15:43:10,0,9999,0,9999
2023-09-02T15:56:02,0,9999,0,9999
2023-09-02T16:08:53,0,9999,0,9999
2023-09-02T16:21:44,0,9999,0,9999
2023-09-02T16:34:36,0,9999,0,9999
2023-09-02T16:47:27,0,9999,0,9999
2023-09-02T17:00:18,0,9999,0,9999
2023-09-02T17:13:22,0,9999,0,9999
2023-09-02T17:26:13,0,9999,0,9999
2023-09-02T17:39:05,0,9999,0,9999
2023-09-02T17:51:55,0,9999,0,9999
2023-09-02T18:04:47,0,9999,0,9999
2023-09-02T18:17:38,0,9999,0,9999
2023-09-02T18:30:29,0,9999,0,9999
2023-09-02T18:43:20,0,9999,0,9999
2023-09-02T18:56:11,0,9999,0,9999
2023-09-02T19:09:02,0,9999,0,9999
2023-09-02T19:21:54,0,9999,0,9999
2023-09-02T19:34:54,0,9999,0,9999
2023-09-02T19:47:45,0,9999,0,9999
2023-09-02T20:00:36,0,9999,0,9999
2023-09-02T20:13:27,0,9999,0,9999
2023-09-02T20:26:18,0,9999,0,9999
2023-09-02T20:39:09,0,9999,0,9999
2023-09-02T20:52:00,0,9999,0,9999
2023-09-02T21:04:51,0,9999,0,9999
2023-09-02T21:17:42,0,9999,0,9999
2023-09-02T21:30:32,0,9999,0,9999
2023-09-02T21:43:33,0,9999,0,9999
2023-09-02T21:56:23,0,9999,0,9999
2023-09-02T22:09:15,0,9999,0,9999
2023-09-02T22:22:05,0,9999,0,9999
2023-09-02T22:34:56,0,9999,0,9999
2023-09-02T22:47:48,0,9999,0,9999
2023-09-02T23:00:38,0,9999,0,9999
2023-09-02T23:13:32,0,9999,0,9999
2023-09-02T23:26:24,0,9999,0,9999
2023-09-02T23:39:16,0,9999,0,9999
2023-09-02T23:52:08,0,9999,0,9999
2023-09-03T00:05:00,0,9999,0,9999
2023-09-03T00:18:08,0,9999,0,9999
2023-09-03T00:31:03,0,9999,0,9999
2023-09-03T00:43:58,0,9999,0,9999
2023-09-03T00:56:52,0,9999,0,9999
2023-09-03T01:09:46,0,9999,0,9999
2023-09-03T01:22:38,0,9999,0,9999
2023-09-03T01:35:33,0,9999,0,9999
2023-09-03T01:48:27,0,9999,0,9999
2023-09-03T02:01:22,0,9999,0,9999
2023-09-03T02:14:26,0,9999,0,9999
2023-09-03T02:27:20,0,9999,0,9999
2023-09-03T02:40:16,0,9999,0,9999
2023-09-03T02:53:10,0,9999,0,9999
2023-09-03T03:06:03,0,9999,0,9999
2023-09-03T03:18:58,0,9999,0,9999
2023-09-03T03:31:53,0,9999,0,9999
2023-09-03T03:44:57,0,9999,0,9999
2023-09-03T03:57:52,0,9999,0,9999
2023-09-03T04:29:15,0,9999,0,9999
2023-09-03T04:42:11,0,9999,0,9999
2023-09-03T04:56:46,0,9999,0,9999
2023-09-03T05:09:41,0,9999,0,9999
2023-09-03T05:22:36,0,9999,0,9999
2023-09-03T05:35:31,0,9999,0,9999
2023-09-03T05:48:29,0,9999,0,9999
2023-09-03T06:01:24,0,9999,0,9999
2023-09-03T06:14:19,0,9999,0,9999
2023-09-03T06:27:11,0,9999,0,9999
2023-09-03T06:40:04,0,9999,0,9999
2023-09-03T06:52:55,0,9999,0,9999
2023-09-03T07:05:48,0,9999,0,9999
2023-09-03T07:18:38,0,9999,0,9999
2023-09-03T07:31:30,0,9999,0,9999
2023-09-03T07:44:21,0,9999,0,9999
2023-09-03T07:57:13,0,9999,0,9999
2023-09-03T08:10:05,0,9999,0,9999
2023-09-03T08:22:56,0,9999,0,9999
2023-09-03T08:36:06,0,9999,0,9999
2023-09-03T08:48:56,0,9999,0,9999
2023-09-03T09:01:48,0,9999,0,9999
2023-09-03T09:14:39,0,9999,0,9999
2023-09-03T09:27:31,0,9999,0,9999
2023-09-03T09:40:23,0,9999,0,9999
2023-09-03T09:53:14,0,9999,0,9999
2023-09-03T10:06:05,0,9999,0,9999
2023-09-03T10:18:57,0,9999,0,9999
2023-09-03T10:31:51,0,9999,0,9999
2023-09-03T10:44:43,0,9999,0,9999
2023-09-03T10:57:35,0,9999,0,9999
2023-09-03T11:10:36,0,9999,0,9999
2023-09-03T11:23:27,0,9999,0,9999
2023-09-03T11:36:19,0,9999,0,9999
2023-09-03T11:49:11,0,9999,0,9999
2023-09-03T12:02:02,0,9999,0,9999
2023-09-03T12:14:53,0,9999,0,9999
2023-09-03T12:27:44,0,9999,0,9999
2023-09-03T12:40:36,0,9999,0,9999
2023-09-03T12:53:26,0,9999,0,9999
2023-09-03T13:06:17,0,9999,0,9999
2023-09-03T13:19:08,0,9999,0,9999
2023-09-03T13:32:09,0,9999,0,9999
2023-09-03T13:44:59,0,9999,0,9999
2023-09-03T13:57:50,0,9999,0,9999
2023-09-03T14:10:40,0,9999,0,9999
2023-09-03T14:23:31,0,9999,0,9999
2023-09-03T14:36:22,0,9999,0,9999
2023-09-03T14:49:13,0,9999,0,9999
2023-09-03T15:02:03,0,9999,0,9999
2023-09-03T15:14:54,0,9999,0,9999
2023-09-03T15:27:44,0,9999,0,9999
2023-09-03T15:40:35,0,9999,0,9999
2023-09-03T15:53:27,0,9999,0,9999
2023-09-03T16:06:27,0,9999,0,9999
2023-09-03T16:19:19,0,9999,0,9999
2023-09-03T16:32:10,0,9999,0,9999
2023-09-03T16:45:02,0,9999,0,9999
2023-09-03T16:57:52,0,9999,0,9999
2023-09-03T17:10:43,0,9999,0,9999
2023-09-03T17:23:34,0,9999,0,9999
2023-09-03T17:36:25,0,9999,0,9999
2023-09-03T17:49:15,0,9999,0,9999
2023-09-03T18:02:23,0,9999,0,9999
2023-09-03T18:15:14,0,9999,0,9999
2023-09-03T18:28:04,0,9999,0,9999
2023-09-03T18:40:55,0,9999,0,9999
2023-09-03T18:53:45,0,9999,0,9999
2023-09-03T19:06:39,0,9999,0,9999
2023-09-03T19:19:30,0,9999,0,9999
2023-09-03T19:32:21,0,9999,0,9999
2023-09-03T19:45:11,0,9999,0,9999
2023-09-03T19:58:02,0,9999,0,9999
2023-09-03T20:10:53,0,9999,0,9999
2023-09-03T20:23:43,0,9999,0,9999
2023-09-03T20:36:44,0,9999,0,9999
2023-09-03T20:49:34,0,9999,0,9999
2023-09-03T21:02:25,0,9999,0,9999
2023-09-03T21:15:16,0,9999,0,9999
2023-09-03T21:28:07,0,9999,0,9999
2023-09-03T21:40:58,0,9999,0,9999
2023-09-03T21:53:49,0,9999,0,9999
2023-09-03T22:06:41,0,9999,0,9999
2023-09-03T22:19:33,0,9999,0,9999
2023-09-03T22:32:42,0,9999,0,9999
2023-09-03T22:45:33,0,9999,0,9999
2023-09-03T22:58:23,0,9999,0,9999
2023-09-03T23:11:17,0,9999,0,9999
2023-09-03T23:24:09,0,9999,0,9999
2023-09-03T23:37:01,0,9999,0,9999
2023-09-03T23:49:52,0,9999,0,9999
2023-09-04T00:02:45,0,9999,0,9999
2023-09-04T00:15:44,0,9999,0,9999
2023-09-04T00:28:45,0,9999,0,9999
2023-09-04T00:41:47,0,9999,0,9999
2023-09-04T00:54:53,0,9999,0,9999
2023-09-04T01:07:46,0,9999,0,9999
2023-09-04T01:20:38,0,9999,0,9999
2023-09-04T01:33:35,0,9999,0,9999
2023-09-04T01:46:31,0,9999,0,9999
2023-09-04T01:59:30,0,9999,0,9999
2023-09-04T02:12:25,0,9999,0,9999
2023-09-04T02:25:19,0,9999,0,9999
2023-09-04T02:38:12,0,9999,0,9999
2023-09-04T02:51:04,0,9999,0,9999
2023-09-04T03:03:57,0,9999,0,9999
2023-09-04T03:16:51,0,9999,0,9999
2023-09-04T03:29:46,0,9999,0,9999
2023-09-04T03:42:41,0,9999,0,9999
2023-09-04T03:55:35,0,9999,0,9999
2023-09-04T04:08:29,0,9999,0,9999
2023-09-04T04:38:39,0,9999,0,9999
2023-09-04T04:51:53,0,9999,0,9999
2023-09-04T05:04:50,0,9999,0,9999
2023-09-04T05:17:47,0,9999,0,9999
2023-09-04T05:30:43,0,9999,0,9999
2023-09-04T05:43:40,0,9999,0,9999
2023-09-04T05:56:36,0,9999,0,9999
2023-09-04T06:09:31,0,9999,0,9999
2023-09-04T06:22:24,0,9999,0,9999
2023-09-04T06:35:18,0,9999,0,9999
2023-09-04T06:48:10,0,9999,0,9999
2023-09-04T07:01:02,0,9999,0,9999
2023-09-04T07:13:55,0,9999,0,9999
2023-09-04T07:26:45,0,9999,0,9999
2023-09-04T07:39:36,0,9999,0,9999
2023-09-04T07:52:26,0,9999,0,9999
2023-09-04T08:05:17,0,9999,0,9999
2023-09-04T08:18:07,0,9999,0,9999
2023-09-04T08:30:59,0,9999,0,9999
2023-09-04T08:43:50,0,9999,0,9999
2023-09-04T08:56:41,0,9999,0,9999
2023-09-04T09:09:31,0,9999,0,9999
2023-09-04T09:22:22,0,9999,0,9999
2023-09-04T09:35:21,0,9999,0,9999
2023-09-04T09:48:11,0,9999,0,9999
2023-09-04T10:01:02,0,9999,0,9999
2023-09-04T10:13:53,0,9999,0,9999
2023-09-04T10:26:43,0,9999,0,9999
2023-09-04T10:39:34,0,9999,0,9999
2023-09-04T10:52:24,0,9999,0,9999
2023-09-04T11:05:15,0,9999,0,9999
2023-09-04T11:18:05,0,9999,0,9999
2023-09-04T11:30:56,0,9999,0,9999
2023-09-04T11:43:47,0,9999,0,9999
2023-09-04T11:56:37,0,9999,0,9999
2023-09-04T12:09:28,0,9999,0,9999
2023-09-04T12:22:29,0,9999,0,9999
2023-09-04T12:35:19,0,9999,0,9999
2023-09-04T12:48:10,0,9999,0,9999
2023-09-04T13:01:00,0,9999,0,9999
2023-09-04T13:13:51,0,9999,0,9999
2023-09-04T13:26:42,0,9999,0,9999
2023-09-04T13:39:33,0,9999,0,9999
2023-09-04T13:52:23,0,9999,0,9999
2023-09-04T14:05:14,0,9999,0,9999
2023-09-04T14:18:05,0,9999,0,9999
2023-09-04T14:31:07,0,9999,0,9999
2023-09-04T14:43:58,0,9999,0,9999
2023-09-04T14:56:50,0,9999,0,9999
2023-09-04T15:09:41,0,9999,0,9999
2023-09-04T15:22:33,0,9999,0,9999
2023-09-04T15:35:24,0,9999,0,9999
2023-09-04T15:48:15,0,9999,0,9999
2023-09-04T16:01:06,0,9999,0,9999
2023-09-04T16:13:56,0,9999,0,9999
2023-09-04T16:26:46,0,9999,0,9999
2023-09-04T16:39:37,0,9999,0,9999
2023-09-04T16:52:39,0,9999,0,9999
2023-09-04T17:05:31,0,9999,0,9999
2023-09-04T17:18:23,0,9999,0,9999
2023-09-04T17:31:14,0,9999,0,9999
2023-09-04T17:44:04,0,9999,0,9999
2023-09-04T17:56:54,0,9999,0,9999
2023-09-04T18:09:45,0,9999,0,9999
2023-09-04T18:22:35,0,9999,0,9999
2023-09-04T18:35:26,0,9999,0,9999
2023-09-04T18:48:16,0,9999,0,9999
2023-09-04T19:01:07,0,9999,0,9999
2023-09-04T19:13:58,0,9999,0,9999
2023-09-04T19:26:59,0,9999,0,9999
2023-09-04T19:39:49,0,9999,0,9999
2023-09-04T19:52:40,0,9999,0,9999
2023-09-04T20:05:31,0,9999,0,9999
2023-09-04T20:18:22,0,9999,0,9999
2023-09-04T20:31:13,0,9999,0,9999
2023-09-04T20:44:04,0,9999,0,9999
2023-09-04T20:56:55,0,9999,0,9999
2023-09-04T21:09:48,0,9999,0,9999
2023-09-04T21:22:50,0,9999,0,9999
2023-09-04T21:35:40,0,9999,0,9999
2023-09-04T21:48:31,0,9999,0,9999
2023-09-04T22:01:21,0,9999,0,9999
2023-09-04T22:14:12,0,9999,0,9999
2023-09-04T22:27:03,0,9999,0,9999
2023-09-04T22:39:53,0,9999,0,9999
2023-09-04T22:52:44,0,9999,0,9999
2023-09-04T23:05:34,0,9999,0,9999
2023-09-04T23:18:29,0,9999,0,9999
2023-09-04T23:31:31,0,9999,0,9999
2023-09-04T23:44:23,0,9999,0,9999
2023-09-04T23:57:15,0,9999,0,9999
2023-09-05T00:10:09,0,9999,0,9999
2023-09-05T00:23:05,0,9999,0,9999
2023-09-05T00:35:59,0,9999,0,9999
2023-09-05T00:48:53,0,9999,0,9999
2023-09-05T01:01:47,0,9999,0,9999
2023-09-05T01:14:40,0,9999,0,9999
2023-09-05T01:27:35,0,9999,0,9999
2023-09-05T01:40:31,0,9999,0,9999
2023-09-05T01:53:24,0,9999,0,9999
2023-09-05T02:06:21,0,9999,0,9999
2023-09-05T02:19:14,0,9999,0,9999
2023-09-05T02:32:10,0,9999,0,9999
2023-09-05T02:45:04,0,9999,0,9999
2023-09-05T02:58:09,0,9999,0,9999
2023-09-05T03:11:02,0,9999,0,9999
2023-09-05T03:23:56,0,9999,0,9999
2023-09-05T03:36:50,0,9999,0,9999
2023-09-05T03:49:44,0,9999,0,9999
2023-09-05T04:02:38,0,9999,0,9999
2023-09-05T04:31:25,0,9999,0,9999
2023-09-05T04:44:27,0,9999,0,9999
2023-09-05T04:57:22,0,9999,0,9999
2023-09-05T05:10:21,0,9999,0,9999
2023-09-05T05:23:16,0,9999,0,9999
2023-09-05T05:36:11,0,9999,0,9999
2023-09-05T05:49:05,0,9999,0,9999
2023-09-05T06:02:01,0,9999,0,9999
2023-09-05T06:14:55,0,9999,0,9999
2023-09-05T06:27:49,0,9999,0,9999
2023-09-05T06:40:42,0,9999,0,9999
2023-09-05T06:53:34,0,9999,0,9999
2023-09-05T07:06:25,0,9999,0,9999
2023-09-05T07:19:17,0,9999,0,9999
2023-09-05T07:32:08,0,9999,0,9999
2023-09-05T07:44:59,0,9999,0,9999
2023-09-05T07:57:51,0,9999,0,9999
2023-09-05T08:10:42,0,9999,0,9999
2023-09-05T08:23:34,0,9999,0,9999
2023-09-05T08:36:25,0,9999,0,9999
2023-09-05T08:49:25,0,9999,0,9999
2023-09-05T09:02:17,0,9999,0,9999
2023-09-05T09:15:09,0,9999,0,9999
2023-09-05T09:28:02,0,9999,0,9999
2023-09-05T09:40:54,0,9999,0,9999
2023-09-05T09:53:46,0,9999,0,9999
2023-09-05T10:06:38,0,9999,0,9999
2023-09-05T10:19:29,0,9999,0,9999
2023-09-05T10:32:21,0,9999,0,9999
2023-09-05T10:45:26,0,9999,0,9999
2023-09-05T10:58:17,0,9999,0,9999
2023-09-05T11:11:09,0,9999,0,9999
2023-09-05T11:24:02,0,9999,0,9999
2023-09-05T11:36:54,0,9999,0,9999
2023-09-05T11:49:47,0,9999,0,9999
2023-09-05T12:02:49,0,9999,0,9999
2023-09-05T12:15:42,0,9999,0,9999
2023-09-05T12:28:34,0,9999,0,9999
2023-09-05T12:41:26,0,9999,0,9999
2023-09-05T12:54:18,0,9999,0,9999
2023-09-05T13:07:09,0,9999,0,9999
2023-09-05T13:20:01,0,9999,0,9999
2023-09-05T13:33:03,0,9999,0,9999
2023-09-05T13:45:54,0,9999,0,9999
2023-09-05T13:58:46,0,9999,0,9999
2023-09-05T14:11:40,0,9999,0,9999
2023-09-05T14:24:33,0,9999,0,9999
2023-09-05T14:37:25,0,9999,0,9999
2023-09-05T14:50:17,0,9999,0,9999
2023-09-05T15:03:19,0,9999,0,9999
2023-09-05T15:16:12,0,9999,0,9999
2023-09-05T15:29:04,0,9999,0,9999
2023-09-05T15:41:57,0,9999,0,9999
2023-09-05T15:54:53,0,9999,0,9999
2023-09-05T16:07:45,0,9999,0,9999
2023-09-05T16:20:36,0,9999,0,9999
2023-09-05T16:33:38,0,9999,0,9999
2023-09-05T16:46:31,0,9999,0,9999
2023-09-05T16:59:24,0,9999,0,9999
2023-09-05T17:12:19,0,9999,0,9999
2023-09-05T17:25:12,0,9999,0,9999
2023-09-05T17:38:05,0,9999,0,9999
2023-09-05T17:51:10,0,9999,0,9999
2023-09-05T18:04:02,0,9999,0,9999
2023-09-05T18:16:55,0,9999,0,9999
2023-09-05T18:29:47,0,9999,0,9999
2023-09-05T18:42:40,0,9999,0,9999
2023-09-05T18:55:43,0,9999,0,9999
2023-09-05T19:08:36,0,9999,0,9999
2023-09-05T19:21:29,0,9999,0,9999
2023-09-05T19:34:21,0,9999,0,9999
2023-09-05T19:47:24,0,9999,0,9999
2023-09-05T20:00:17,0,9999,0,9999
2023-09-05T20:13:09,0,9999,0,9999
2023-09-05T20:26:01,0,9999,0,9999
2023-09-05T20:39:03,0,9999,0,9999
2023-09-05T20:51:56,0,9999,0,9999
2023-09-05T21:04:48,0,9999,0,9999
2023-09-05T21:17:41,0,9999,0,9999
2023-09-05T21:30:34,0,9999,0,9999
2023-09-05T21:43:36,0,9999,0,9999
2023-09-05T21:56:29,0,9999,0,9999
2023-09-05T22:09:22,0,9999,0,9999
2023-09-05T22:22:15,0,9999,0,9999
2023-09-05T22:35:08,0,9999,0,9999
2023-09-05T22:48:11,0,9999,0,9999
2023-09-05T23:01:03,0,9999,0,9999
2023-09-05T23:13:58,0,9999,0,9999
2023-09-05T23:26:52,0,9999,0,9999
2023-09-05T23:39:47,0,9999,0,9999
2023-09-05T23:52:40,0,9999,0,9999
2023-09-06T00:05:36,0,9999,0,9999
2023-09-06T00:18:36,0,9999,0,9999
2023-09-06T00:31:44,0,9999,0,9999
2023-09-06T00:44:42,0,9999,0,9999
2023-09-06T00:57:41,0,9999,0,9999
2023-09-06T01:10:40,0,9999,0,9999
2023-09-06T01:23:38,0,9999,0,9999
2023-09-06T01:36:34,0,9999,0,9999
2023-09-06T01:49:36,0,9999,0,9999
2023-09-06T02:02:36,0,9999,0,9999
2023-09-06T02:15:32,0,9999,0,9999
2023-09-06T02:28:27,0,9999,0,9999
2023-09-06T02:41:23,0,9999,0,9999
2023-09-06T02:54:17,0,9999,0,9999
2023-09-06T03:08:23,0,9999,0,9999
2023-09-06T03:21:49,0,9999,0,9999
2023-09-06T03:34:46,0,9999,0,9999
2023-09-06T03:47:42,0,9999,0,9999
2023-09-06T04:00:39,0,9999,0,9999
2023-09-06T04:15:41,0,9999,0,9999
2023-09-06T04:36:40,0,9999,0,9999
2023-09-06T04:49:40,0,9999,0,9999
2023-09-06T05:02:38,0,9999,0,9999
2023-09-06T05:15:35,0,9999,0,9999
2023-09-06T05:28:31,0,9999,0,9999
2023-09-06T05:41:27,0,9999,0,9999
2023-09-06T05:54:23,0,9999,0,9999
2023-09-06T06:07:19,0,9999,0,9999
2023-09-06T06:20:15,0,9999,0,9999
2023-09-06T06:33:14,0,9999,0,9999
2023-09-06T06:46:20,0,9999,0,9999
2023-09-06T06:59:18,0,9999,0,9999
2023-09-06T07:12:27,0,9999,0,9999
2023-09-06T07:25:29,0,9999,0,9999
2023-09-06T07:38:25,0,9999,0,9999
2023-09-06T07:51:21,0,9999,0,9999
2023-09-06T08:04:17,0,9999,0,9999
2023-09-06T08:17:14,0,9999,0,9999
2023-09-06T08:30:10,0,9999,0,9999
2023-09-06T08:43:07,0,9999,0,9999
2023-09-06T08:56:02,0,9999,0,9999
2023-09-06T09:09:07,0,9999,0,9999
2023-09-06T09:22:02,0,9999,0,9999
2023-09-06T09:34:59,0,9999,0,9999
2023-09-06T09:47:56,0,9999,0,9999
2023-09-06T10:00:53,0,9999,0,9999
2023-09-06T10:14:02,0,9999,0,9999
2023-09-06T10:26:58,0,9999,0,9999
2023-09-06T10:39:54,0,9999,0,9999
2023-09-06T10:52:50,0,9999,0,9999
2023-09-06T11:05:56,0,9999,0,9999
2023-09-06T11:18:51,0,9999,0,9999
2023-09-06T11:31:45,0,9999,0,9999
2023-09-06T11:44:39,0,9999,0,9999
2023-09-06T11:57:44,0,9999,0,9999
2023-09-06T12:10:39,0,9999,0,9999
2023-09-06T12:23:34,0,9999,0,9999
2023-09-06T12:36:29,0,9999,0,9999
2023-09-06T12:49:24,0,9999,0,9999
2023-09-06T13:02:29,0,9999,0,9999
2023-09-06T13:15:23,0,9999,0,9999
2023-09-06T13:28:18,0,9999,0,9999
2023-09-06T13:41:12,0,9999,0,9999
2023-09-06T13:54:09,0,9999,0,9999
2023-09-06T14:07:13,0,9999,0,9999
2023-09-06T14:20:09,0,9999,0,9999
2023-09-06T14:33:04,0,9999,0,9999
2023-09-06T14:46:00,0,9999,0,9999
2023-09-06T14:58:55,0,9999,0,9999
2023-09-06T15:12:04,0,9999,0,9999
2023-09-06T15:24:58,0,9999,0,9999
2023-09-06T15:37:54,0,9999,0,9999
2023-09-06T15:50:48,0,9999,0,9999
2023-09-06T16:03:42,0,9999,0,9999
2023-09-06T16:16:35,0,9999,0,9999
2023-09-06T16:29:40,0,9999,0,9999
2023-09-06T16:42:34,0,9999,0,9999
2023-09-06T16:55:27,0,9999,0,9999
2023-09-06T17:08:22,0,9999,0,9999
2023-09-06T17:21:17,0,9999,0,9999
2023-09-06T17:34:10,0,9999,0,9999
2023-09-06T17:47:04,0,9999,0,9999
2023-09-06T18:00:08,0,9999,0,9999
2023-09-06T18:13:02,0,9999,0,9999
2023-09-06T18:25:55,0,9999,0,9999
2023-09-06T18:38:48,0,9999,0,9999
2023-09-06T18:51:41,0,9999,0,9999
2023-09-06T19:04:35,0,9999,0,9999
2023-09-06T19:17:28,0,9999,0,9999
2023-09-06T19:30:21,0,9999,0,9999
2023-09-06T19:43:25,0,9999,0,9999
2023-09-06T19:56:19,0,9999,0,9999
2023-09-06T20:09:12,0,9999,0,9999
2023-09-06T20:22:05,0,9999,0,9999
2023-09-06T20:35:00,0,9999,0,9999
2023-09-06T20:47:54,0,9999,0,9999
2023-09-06T21:00:47,0,9999,0,9999
2023-09-06T21:13:41,0,9999,0,9999
2023-09-06T21:26:45,0,9999,0,9999
2023-09-06T21:39:39,0,9999,0,9999
2023-09-06T21:52:32,0,9999,0,9999
2023-09-06T22:05:25,0,9999,0,9999
2023-09-06T22:18:19,0,9999,0,9999
2023-09-06T22:31:14,0,9999,0,9999
2023-09-06T22:44:09,0,9999,0,9999
2023-09-06T22:57:02,0,9999,0,9999
2023-09-06T23:10:09,0,9999,0,9999
2023-09-06T23:23:03,0,9999,0,9999
2023-09-06T23:35:57,0,9999,0,9999
2023-09-06T23:48:50,0,9999,0,9999
2023-09-07T00:01:45,0,9999,0,9999
2023-09-07T00:14:47,0,9999,0,9999
2023-09-07T00:27:56,0,9999,0,9999
2023-09-07T00:40:53,0,9999,0,9999
2023-09-07T00:53:50,0,9999,0,9999
2023-09-07T01:06:48,0,9999,0,9999
2023-09-07T01:19:44,0,9999,0,9999
2023-09-07T01:32:40,0,9999,0,9999
2023-09-07T01:45:37,0,9999,0,9999
2023-09-07T01:58:34,0,9999,0,9999
2023-09-07T02:11:30,0,9999,0,9999
2023-09-07T02:24:24,0,9999,0,9999
2023-09-07T02:37:32,0,9999,0,9999
2023-09-07T02:50:28,0,9999,0,9999
2023-09-07T03:03:22,0,9999,0,9999
2023-09-07T03:16:24,0,9999,0,9999
2023-09-07T03:29:20,0,9999,0,9999
2023-09-07T03:42:16,0,9999,0,9999
2023-09-07T03:55:12,0,9999,0,9999
2023-09-07T04:08:08,0,9999,0,9999
2023-09-07T04:33:32,0,9999,0,9999
2023-09-07T04:46:54,0,9999,0,9999
2023-09-07T04:59:54,0,9999,0,9999
2023-09-07T05:12:54,0,9999,0,9999
2023-09-07T05:25:52,0,9999,0,9999
2023-09-07T05:38:49,0,9999,0,9999
2023-09-07T05:51:48,0,9999,0,9999
2023-09-07T06:04:46,0,9999,0,9999
2023-09-07T06:17:44,0,9999,0,9999
2023-09-07T06:30:40,0,9999,0,9999
2023-09-07T06:43:37,0,9999,0,9999
2023-09-07T06:56:34,0,9999,0,9999
2023-09-07T07:09:32,0,9999,0,9999
2023-09-07T07:22:28,0,9999,0,9999
2023-09-07T07:35:25,0,9999,0,9999
2023-09-07T07:48:20,0,9999,0,9999
2023-09-07T08:01:25,0,9999,0,9999
2023-09-07T08:14:21,0,9999,0,9999
2023-09-07T08:27:17,0,9999,0,9999
2023-09-07T08:40:14,0,9999,0,9999
2023-09-07T08:53:10,0,9999,0,9999
2023-09-07T09:06:06,0,9999,0,9999
2023-09-07T09:19:03,0,9999,0,9999
2023-09-07T09:31:59,0,9999,0,9999
2023-09-07T09:44:55,0,9999,0,9999
2023-09-07T09:58:00,0,9999,0,9999
2023-09-07T10:10:55,0,9999,0,9999
2023-09-07T10:23:50,0,9999,0,9999
2023-09-07T10:36:46,0,9999,0,9999
2023-09-07T10:49:40,0,9999,0,9999
2023-09-07T11:02:47,0,9999,0,9999
2023-09-07T11:15:42,0,9999,0,9999
2023-09-07T11:28:37,0,9999,0,9999
2023-09-07T11:41:31,0,9999,0,9999
2023-09-07T11:54:25,0,9999,0,9999
2023-09-07T12:07:19,0,9999,0,9999
2023-09-07T12:20:25,0,9999,0,9999
2023-09-07T12:33:19,0,9999,0,9999
2023-09-07T12:46:14,0,9999,0,9999
2023-09-07T12:59:09,0,9999,0,9999
2023-09-07T13:12:05,0,9999,0,9999
2023-09-07T13:25:08,0,9999,0,9999
2023-09-07T13:38:02,0,9999,0,9999
2023-09-07T13:50:57,0,9999,0,9999
2023-09-07T14:03:52,0,9999,0,9999
2023-09-07T14:16:46,0,9999,0,9999
2023-09-07T14:29:40,0,9999,0,9999
2023-09-07T14:42:45,0,9999,0,9999
2023-09-07T14:55:38,0,9999,0,9999
2023-09-07T15:08:31,0,9999,0,9999
2023-09-07T15:21:26,0,9999,0,9999
2023-09-07T15:34:21,0,9999,0,9999
2023-09-07T15:47:14,0,9999,0,9999
2023-09-07T16:00:18,0,9999,0,9999
2023-09-07T16:13:11,0,9999,0,9999
2023-09-07T16:26:04,0,9999,0,9999
2023-09-07T16:38:58,0,9999,0,9999
2023-09-07T16:51:51,0,9999,0,9999
2023-09-07T17:04:45,0,9999,0,9999
2023-09-07T17:17:39,0,9999,0,9999
2023-09-07T17:30:43,0,9999,0,9999
2023-09-07T17:43:36,0,9999,0,9999
2023-09-07T17:56:30,0,9999,0,9999
2023-09-07T18:09:23,0,9999,0,9999
2023-09-07T18:22:16,0,9999,0,9999
2023-09-07T18:35:11,0,9999,0,9999
2023-09-07T18:48:04,0,9999,0,9999
2023-09-07T19:01:08,0,9999,0,9999
2023-09-07T19:14:02,0,9999,0,9999
2023-09-07T19:26:55,0,9999,0,9999
2023-09-07T19:39:48,0,9999,0,9999
2023-09-07T19:52:42,0,9999,0,9999
2023-09-07T20:05:36,0,9999,0,9999
2023-09-07T20:18:29,0,9999,0,9999
2023-09-07T20:31:22,0,9999,0,9999
2023-09-07T20:44:25,0,9999,0,9999
2023-09-07T20:57:18,0,9999,0,9999
2023-09-07T21:10:11,0,9999,0,9999
2023-09-07T21:23:04,0,9999,0,9999
2023-09-07T21:35:57,0,9999,0,9999
2023-09-07T21:48:51,0,9999,0,9999
2023-09-07T22:01:44,0,9999,0,9999
2023-09-07T22:14:39,0,9999,0,9999
2023-09-07T22:27:44,0,9999,0,9999
2023-09-07T22:40:38,0,9999,0,9999
2023-09-07T22:53:33,0,9999,0,9999
2023-09-07T23:06:27,0,9999,0,9999
2023-09-07T23:19:21,0,9999,0,9999
2023-09-07T23:32:16,0,9999,0,9999
2023-09-07T23:45:11,0,9999,0,9999
2023-09-07T23:58:05,0,9999,0,9999
2023-09-08T00:11:12,0,9999,0,9999
2023-09-08T00:24:24,0,9999,0,9999
2023-09-08T00:37:21,0,9999,0,9999
2023-09-08T00:50:19,0,9999,0,9999
2023-09-08T01:03:17,0,9999,0,9999
2023-09-08T01:16:16,0,9999,0,9999
2023-09-08T01:29:14,0,9999,0,9999
2023-09-08T01:42:11,0,9999,0,9999
2023-09-08T01:55:09,0,9999,0,9999
2023-09-08T02:08:06,0,9999,0,9999
2023-09-08T02:21:03,0,9999,0,9999
2023-09-08T02:34:00,0,9999,0,9999
2023-09-08T02:46:56,0,9999,0,9999
2023-09-08T02:59:51,0,9999,0,9999
2023-09-08T03:12:48,0,9999,0,9999
2023-09-08T03:25:45,0,9999,0,9999
2023-09-08T03:38:51,0,9999,0,9999
2023-09-08T03:51:47,0,9999,0,9999
2023-09-08T04:04:43,0,9999,0,9999
2023-09-08T04:28:49,0,9999,0,9999
2023-09-08T04:41:49,0,9999,0,9999
2023-09-08T04:54:47,0,9999,0,9999
2023-09-08T05:07:43,0,9999,0,9999
2023-09-08T05:20:39,0,9999,0,9999
2023-09-08T05:33:40,0,9999,0,9999
2023-09-08T05:46:38,0,9999,0,9999
2023-09-08T05:59:41,0,9999,0,9999
2023-09-08T06:12:38,0,9999,0,9999
2023-09-08T06:25:34,0,9999,0,9999
2023-09-08T06:38:30,0,9999,0,9999
2023-09-08T06:51:28,0,9999,0,9999
2023-09-08T07:04:27,0,9999,0,9999
2023-09-08T07:17:24,0,9999,0,9999
2023-09-08T07:30:23,0,9999,0,9999
2023-09-08T07:43:27,0,9999,0,9999
2023-09-08T07:56:22,0,9999,0,9999
2023-09-08T08:09:18,0,9999,0,9999
2023-09-08T08:22:13,0,9999,0,9999
2023-09-08T08:35:10,0,9999,0,9999
2023-09-08T08:48:06,0,9999,0,9999
2023-09-08T09:01:02,0,9999,0,9999
2023-09-08T09:13:59,0,9999,0,9999
2023-09-08T09:26:56,0,9999,0,9999
2023-09-08T09:39:52,0,9999,0,9999
2023-09-08T09:52:48,0,9999,0,9999
2023-09-08T10:05:43,0,9999,0,9999
2023-09-08T10:18:40,0,9999,0,9999
2023-09-08T10:31:48,0,9999,0,9999
2023-09-08T10:44:43,0,9999,0,9999
2023-09-08T10:57:38,0,9999,0,9999
2023-09-08T11:10:32,0,9999,0,9999
2023-09-08T11:23:27,0,9999,0,9999
2023-09-08T11:36:23,0,9999,0,9999
2023-09-08T11:49:18,0,9999,0,9999
2023-09-08T12:02:13,0,9999,0,9999
2023-09-08T12:15:18,0,9999,0,9999
2023-09-08T12:28:13,0,9999,0,9999
2023-09-08T12:41:08,0,9999,0,9999
2023-09-08T12:54:03,0,9999,0,9999
2023-09-08T13:06:57,0,9999,0,9999
2023-09-08T13:19:53,0,9999,0,9999
2023-09-08T13:32:48,0,9999,0,9999
2023-09-08T13:45:43,0,9999,0,9999
2023-09-08T13:58:48,0,9999,0,9999
2023-09-08T14:11:44,0,9999,0,9999
2023-09-08T14:24:39,0,9999,0,9999
2023-09-08T14:37:35,0,9999,0,9999
2023-09-08T14:50:30,0,9999,0,9999
2023-09-08T15:03:25,0,9999,0,9999
2023-09-08T15:16:31,0,9999,0,9999
2023-09-08T15:29:26,0,9999,0,9999
2023-09-08T15:42:21,0,9999,0,9999
2023-09-08T15:55:15,0,9999,0,9999
2023-09-08T16:08:11,0,9999,0,9999
2023-09-08T16:21:05,0,9999,0,9999
2023-09-08T16:34:12,0,9999,0,9999
2023-09-08T16:47:06,0,9999,0,9999
2023-09-08T17:00:01,0,9999,0,9999
2023-09-08T17:12:57,0,9999,0,9999
2023-09-08T17:25:52,0,9999,0,9999
2023-09-08T17:38:47,0,9999,0,9999
2023-09-08T17:51:43,0,9999,0,9999
2023-09-08T18:04:39,0,9999,0,9999
2023-09-08T18:17:36,0,9999,0,9999
2023-09-08T18:30:42,0,9999,0,9999
2023-09-08T18:43:37,0,9999,0,9999
2023-09-08T18:56:34,0,9999,0,9999
2023-09-08T19:09:31,0,9999,0,9999
2023-09-08T19:22:25,0,9999,0,9999
2023-09-08T19:35:21,0,9999,0,9999
2023-09-08T19:48:15,0,9999,0,9999
2023-09-08T20:01:11,0,9999,0,9999
2023-09-08T20:14:06,0,9999,0,9999
2023-09-08T20:27:01,0,9999,0,9999
2023-09-08T20:39:56,0,9999,0,9999
2023-09-08T20:52:52,0,9999,0,9999
2023-09-08T21:05:58,0,9999,0,9999
2023-09-08T21:18:53,0,9999,0,9999
2023-09-08T21:31:48,0,9999,0,9999
2023-09-08T21:44:42,0,9999,0,9999
2023-09-08T21:57:38,0,9999,0,9999
2023-09-08T22:10:32,0,9999,0,9999
2023-09-08T22:23:27,0,9999,0,9999
2023-09-08T22:36:33,0,9999,0,9999
2023-09-08T22:49:27,0,9999,0,9999
2023-09-08T23:02:22,0,9999,0,9999
2023-09-08T23:15:18,0,9999,0,9999
2023-09-08T23:28:14,0,9999,0,9999
2023-09-08T23:41:10,0,9999,0,9999
2023-09-08T23:54:05,0,9999,0,9999
2023-09-09T00:07:03,0,9999,0,9999
2023-09-09T00:20:05,0,9999,0,9999
2023-09-09T00:33:03,0,9999,0,9999
2023-09-09T00:46:03,0,9999,0,9999
2023-09-09T00:59:03,0,9999,0,9999
2023-09-09T01:12:02,0,9999,0,9999
2023-09-09T01:25:12,0,9999,0,9999
2023-09-09T01:38:13,0,9999,0,9999
2023-09-09T01:51:13,0,9999,0,9999
2023-09-09T02:04:13,0,9999,0,9999
2023-09-09T02:17:10,0,9999,0,9999
2023-09-09T02:30:07,0,9999,0,9999
2023-09-09T02:43:05,0,9999,0,9999
2023-09-09T02:56:00,0,9999,0,9999
2023-09-09T03:08:56,0,9999,0,9999
2023-09-09T03:21:53,0,9999,0,9999
2023-09-09T03:34:50,0,9999,0,9999
2023-09-09T03:47:47,0,9999,0,9999
2023-09-09T04:00:45,0,9999,0,9999
2023-09-09T04:31:08,0,9999,0,9999
2023-09-09T04:44:10,0,9999,0,9999
2023-09-09T04:57:10,0,9999,0,9999
2023-09-09T05:10:11,0,9999,0,9999
2023-09-09T05:23:15,0,9999,0,9999
2023-09-09T05:36:14,0,9999,0,9999
2023-09-09T05:49:13,0,9999,0,9999
2023-09-09T06:02:12,0,9999,0,9999
2023-09-09T06:15:10,0,9999,0,9999
2023-09-09T06:28:10,0,9999,0,9999
2023-09-09T06:41:09,0,9999,0,9999
2023-09-09T06:54:08,0,9999,0,9999
2023-09-09T07:07:07,0,9999,0,9999
2023-09-09T07:20:05,0,9999,0,9999
2023-09-09T07:33:04,0,9999,0,9999
2023-09-09T07:46:00,0,9999,0,9999
2023-09-09T07:59:07,0,9999,0,9999
2023-09-09T08:12:06,0,9999,0,9999
2023-09-09T08:25:04,0,9999,0,9999
2023-09-09T08:38:02,0,9999,0,9999
2023-09-09T08:51:00,0,9999,0,9999
2023-09-09T09:03:59,0,9999,0,9999
2023-09-09T09:16:58,0,9999,0,9999
2023-09-09T09:29:56,0,9999,0,9999
2023-09-09T09:42:53,0,9999,0,9999
2023-09-09T09:55:51,0,9999,0,9999
2023-09-09T10:08:49,0,9999,0,9999
2023-09-09T10:21:46,0,9999,0,9999
2023-09-09T10:34:43,0,9999,0,9999
2023-09-09T10:47:51,0,9999,0,9999
2023-09-09T11:00:49,0,9999,0,9999
2023-09-09T11:13:46,0,9999,0,9999
2023-09-09T11:26:41,0,9999,0,9999
2023-09-09T11:39:36,0,9999,0,9999
2023-09-09T11:52:32,0,9999,0,9999
2023-09-09T12:05:28,0,9999,0,9999
2023-09-09T12:18:23,0,9999,0,9999
2023-09-09T12:31:18,0,9999,0,9999
2023-09-09T12:44:13,0,9999,0,9999
2023-09-09T12:57:09,0,9999,0,9999
2023-09-09T13:10:04,0,9999,0,9999
2023-09-09T13:22:59,0,9999,0,9999
2023-09-09T13:35:54,0,9999,0,9999
2023-09-09T13:49:00,0,9999,0,9999
2023-09-09T14:01:55,0,9999,0,9999
2023-09-09T14:14:50,0,9999,0,9999
2023-09-09T14:27:46,0,9999,0,9999
2023-09-09T14:40:41,0,9999,0,9999
2023-09-09T14:53:37,0,9999,0,9999
2023-09-09T15:06:32,0,9999,0,9999
2023-09-09T15:19:27,0,9999,0,9999
2023-09-09T15:32:21,0,9999,0,9999
2023-09-09T15:45:17,0,9999,0,9999
2023-09-09T15:58:12,0,9999,0,9999
2023-09-09T16:11:06,0,9999,0,9999
2023-09-09T16:24:01,0,9999,0,9999
2023-09-09T16:37:06,0,9999,0,9999
2023-09-09T16:50:02,0,9999,0,9999
2023-09-09T17:02:57,0,9999,0,9999
2023-09-09T17:15:52,0,9999,0,9999
2023-09-09T17:28:47,0,9999,0,9999
2023-09-09T17:41:42,0,9999,0,9999
2023-09-09T17:54:39,0,9999,0,9999
2023-09-09T18:07:33,0,9999,0,9999
2023-09-09T18:20:29,0,9999,0,9999
2023-09-09T18:33:24,0,9999,0,9999
2023-09-09T18:46:19,0,9999,0,9999
2023-09-09T18:59:14,0,9999,0,9999
2023-09-09T19:12:18,0,9999,0,9999
2023-09-09T19:25:13,0,9999,0,9999
2023-09-09T19:38:09,0,9999,0,9999
2023-09-09T19:51:04,0,9999,0,9999
2023-09-09T20:03:59,0,9999,0,9999
2023-09-09T20:16:54,0,9999,0,9999
2023-09-09T20:29:50,0,9999,0,9999
2023-09-09T20:42:45,0,9999,0,9999
2023-09-09T20:55:41,0,9999,0,9999
2023-09-09T21:08:36,0,9999,0,9999
2023-09-09T21:21:31,0,9999,0,9999
2023-09-09T21:34:26,0,9999,0,9999
2023-09-09T21:47:21,0,9999,0,9999
2023-09-09T22:00:16,0,9999,0,9999
2023-09-09T22:13:21,0,9999,0,9999
2023-09-09T22:26:17,0,9999,0,9999
2023-09-09T22:39:12,0,9999,0,9999
2023-09-09T22:52:08,0,9999,0,9999
2023-09-09T23:05:04,0,9999,0,9999
2023-09-09T23:18:00,0,9999,0,9999
2023-09-09T23:30:56,0,9999,0,9999
2023-09-09T23:43:51,0,9999,0,9999
2023-09-09T23:56:47,0,9999,0,9999
2023-09-10T00:09:43,0,9999,0,9999
2023-09-10T00:22:55,0,9999,0,9999
2023-09-10T00:35:53,0,9999,0,9999
2023-09-10T00:48:48,0,9999,0,9999
2023-09-10T01:01:43,0,9999,0,9999
2023-09-10T01:14:38,0,9999,0,9999
2023-09-10T01:27:33,0,9999,0,9999
2023-09-10T01:40:38,0,9999,0,9999
2023-09-10T01:53:34,0,9999,0,9999
2023-09-10T02:06:30,0,9999,0,9999
2023-09-10T02:19:26,0,9999,0,9999
2023-09-10T02:32:29,0,9999,0,9999
2023-09-10T02:45:32,0,9999,0,9999
2023-09-10T02:58:31,0,9999,0,9999
2023-09-10T03:11:53,0,9999,0,9999
2023-09-10T03:24:57,0,9999,0,9999
2023-09-10T03:38:06,0,9999,0,9999
2023-09-10T03:51:07,0,9999,0,9999
2023-09-10T04:04:06,0,9999,0,9999
2023-09-10T04:32:43,0,9999,0,9999
2023-09-10T04:45:49,0,9999,0,9999
2023-09-10T04:58:54,0,9999,0,9999
2023-09-10T05:11:55,0,9999,0,9999
2023-09-10T05:24:54,0,9999,0,9999
2023-09-10T05:37:54,0,9999,0,9999
2023-09-10T05:50:53,0,9999,0,9999
2023-09-10T06:03:52,0,9999,0,9999
2023-09-10T06:16:52,0,9999,0,9999
2023-09-10T06:29:59,0,9999,0,9999
2023-09-10T06:43:00,0,9999,0,9999
2023-09-10T06:55:58,0,9999,0,9999
2023-09-10T07:08:56,0,9999,0,9999
2023-09-10T07:21:57,0,9999,0,9999
2023-09-10T07:34:55,0,9999,0,9999
2023-09-10T07:47:53,0,9999,0,9999
2023-09-10T08:00:53,0,9999,0,9999
2023-09-10T08:13:51,0,9999,0,9999
2023-09-10T08:26:53,0,9999,0,9999
2023-09-10T08:39:52,0,9999,0,9999
2023-09-10T08:52:49,0,9999,0,9999
2023-09-10T09:05:47,0,9999,0,9999
2023-09-10T09:18:44,0,9999,0,9999
2023-09-10T09:31:46,0,9999,0,9999
2023-09-10T09:44:44,0,9999,0,9999
2023-09-10T09:57:42,0,9999,0,9999
2023-09-10T10:10:39,0,9999,0,9999
2023-09-10T10:23:48,0,9999,0,9999
2023-09-10T10:36:45,0,9999,0,9999
2023-09-10T10:49:40,0,9999,0,9999
2023-09-10T11:02:35,0,9999,0,9999
2023-09-10T11:15:30,0,9999,0,9999
2023-09-10T11:28:25,0,9999,0,9999
2023-09-10T11:41:20,0,9999,0,9999
2023-09-10T11:54:15,0,9999,0,9999
2023-09-10T12:07:11,0,9999,0,9999
2023-09-10T12:20:06,0,9999,0,9999
2023-09-10T12:33:00,0,9999,0,9999
2023-09-10T12:45:55,0,9999,0,9999
2023-09-10T12:59:01,0,9999,0,9999
2023-09-10T13:11:56,0,9999,0,9999
2023-09-10T13:24:52,0,9999,0,9999
2023-09-10T13:37:47,0,9999,0,9999
2023-09-10T13:50:42,0,9999,0,9999
2023-09-10T14:03:37,0,9999,0,9999
2023-09-10T14:16:32,0,9999,0,9999
2023-09-10T14:29:27,0,9999,0,9999
2023-09-10T14:42:22,0,9999,0,9999
2023-09-10T14:55:17,0,9999,0,9999
2023-09-10T15:08:13,0,9999,0,9999
2023-09-10T15:21:08,0,9999,0,9999
2023-09-10T15:34:12,0,9999,0,9999
2023-09-10T15:47:08,0,9999,0,9999
2023-09-10T16:00:03,0,9999,0,9999
2023-09-10T16:12:58,0,9999,0,9999
2023-09-10T16:25:53,0,9999,0,9999
2023-09-10T16:38:49,0,9999,0,9999
2023-09-10T16:51:44,0,9999,0,9999
2023-09-10T17:04:40,0,9999,0,9999
2023-09-10T17:17:35,0,9999,0,9999
2023-09-10T17:30:30,0,9999,0,9999
2023-09-10T17:43:26,0,9999,0,9999
2023-09-10T17:56:21,0,9999,0,9999
2023-09-10T18:09:27,0,9999,0,9999
2023-09-10T18:22:23,0,9999,0,9999
2023-09-10T18:35:19,0,9999,0,9999
2023-09-10T18:48:16,0,9999,0,9999
2023-09-10T19:01:13,0,9999,0,9999
2023-09-10T19:14:11,0,9999,0,9999
2023-09-10T19:27:07,0,9999,0,9999
2023-09-10T19:40:03,0,9999,0,9999
2023-09-10T19:52:59,0,9999,0,9999
2023-09-10T20:05:55,0,9999,0,9999
2023-09-10T20:18:50,0,9999,0,9999
2023-09-10T20:31:45,0,9999,0,9999
2023-09-10T20:44:52,0,9999,0,9999
2023-09-10T20:57:47,0,9999,0,9999
2023-09-10T21:10:42,0,9999,0,9999
2023-09-10T21:23:38,0,9999,0,9999
2023-09-10T21:36:35,0,9999,0,9999
2023-09-10T21:49:31,0,9999,0,9999
2023-09-10T22:02:28,0,9999,0,9999
2023-09-10T22:15:25,0,9999,0,9999
2023-09-10T22:28:21,0,9999,0,9999
2023-09-10T22:41:16,0,9999,0,9999
2023-09-10T22:54:12,0,9999,0,9999
2023-09-10T23:07:08,0,9999,0,9999
2023-09-10T23:20:17,0,9999,0,9999
2023-09-10T23:33:14,0,9999,0,9999
2023-09-10T23:46:10,0,9999,0,9999
2023-09-10T23:59:06,0,9999,0,9999
2023-09-11T00:12:04,0,9999,0,9999
2023-09-11T00:25:05,0,9999,0,9999
2023-09-11T00:38:12,0,9999,0,9999
2023-09-11T00:51:16,0,9999,0,9999
2023-09-11T01:04:15,0,9999,0,9999
2023-09-11T01:17:12,0,9999,0,9999
2023-09-11T01:30:15,0,9999,0,9999
2023-09-11T01:43:16,0,9999,0,9999
2023-09-11T01:56:17,0,9999,0,9999
2023-09-11T02:09:21,0,9999,0,9999
2023-09-11T02:22:21,0,9999,0,9999
2023-09-11T02:35:20,0,9999,0,9999
2023-09-11T02:48:18,0,9999,0,9999
2023-09-11T03:01:18,0,9999,0,9999
2023-09-11T03:14:28,0,9999,0,9999
2023-09-11T03:27:28,0,9999,0,9999
2023-09-11T03:40:29,0,9999,0,9999
2023-09-11T03:53:28,0,9999,0,9999
2023-09-11T04:06:28,0,9999,0,9999
2023-09-11T04:37:47,0,9999,0,9999
2023-09-11T04:50:49,0,9999,0,9999
2023-09-11T05:03:58,0,9999,0,9999
2023-09-11T05:17:02,0,9999,0,9999
2023-09-11T05:30:01,0,9999,0,9999
2023-09-11T05:43:02,0,9999,0,9999
2023-09-11T05:56:02,0,9999,0,9999
2023-09-11T06:09:02,0,9999,0,9999
2023-09-11T06:22:02,0,9999,0,9999
2023-09-11T06:35:03,0,9999,0,9999
2023-09-11T06:48:02,0,9999,0,9999
2023-09-11T07:01:02,0,9999,0,9999
2023-09-11T07:13:59,0,9999,0,9999
2023-09-11T07:26:55,0,9999,0,9999
2023-09-11T07:39:50,0,9999,0,9999
2023-09-11T07:52:45,0,9999,0,9999
2023-09-11T08:05:44,0,9999,0,9999
2023-09-11T08:18:39,0,9999,0,9999
2023-09-11T08:31:36,0,9999,0,9999
2023-09-11T08:44:41,0,9999,0,9999
2023-09-11T08:57:37,0,9999,0,9999
2023-09-11T09:10:34,0,9999,0,9999
2023-09-11T09:23:31,0,9999,0,9999
2023-09-11T09:36:27,0,9999,0,9999
2023-09-11T09:49:26,0,9999,0,9999
2023-09-11T10:02:22,0,9999,0,9999
2023-09-11T10:15:31,0,9999,0,9999
2023-09-11T10:28:27,0,9999,0,9999
2023-09-11T10:41:24,0,9999,0,9999
2023-09-11T10:54:23,0,9999,0,9999
2023-09-11T11:07:19,0,9999,0,9999
2023-09-11T11:20:26,0,9999,0,9999
2023-09-11T11:33:22,0,9999,0,9999
2023-09-11T11:46:18,0,9999,0,9999
2023-09-11T11:59:14,0,9999,0,9999
2023-09-11T12:12:10,0,9999,0,9999
2023-09-11T12:25:06,0,9999,0,9999
2023-09-11T12:38:13,0,9999,0,9999
2023-09-11T12:51:09,0,9999,0,9999
2023-09-11T13:04:05,0,9999,0,9999
2023-09-11T13:17:01,0,9999,0,9999
2023-09-11T13:30:00,0,9999,0,9999
2023-09-11T13:43:06,0,9999,0,9999
2023-09-11T13:56:02,0,9999,0,9999
2023-09-11T14:08:59,0,9999,0,9999
2023-09-11T14:21:58,0,9999,0,9999
2023-09-11T14:34:54,0,9999,0,9999
2023-09-11T14:47:52,0,9999,0,9999
2023-09-11T15:00:49,0,9999,0,9999
2023-09-11T15:13:56,0,9999,0,9999
2023-09-11T15:26:54,0,9999,0,9999
2023-09-11T15:39:51,0,9999,0,9999
2023-09-11T15:52:47,0,9999,0,9999
2023-09-11T16:05:44,0,9999,0,9999
2023-09-11T16:18:41,0,9999,0,9999
2023-09-11T16:31:49,0,9999,0,9999
2023-09-11T16:44:46,0,9999,0,9999
2023-09-11T16:57:43,0,9999,0,9999
2023-09-11T17:10:42,0,9999,0,9999
2023-09-11T17:23:52,0,9999,0,9999
2023-09-11T17:36:49,0,9999,0,9999
2023-09-11T17:49:46,0,9999,0,9999
2023-09-11T18:02:45,0,9999,0,9999
2023-09-11T18:15:42,0,9999,0,9999
2023-09-11T18:28:50,0,9999,0,9999
2023-09-11T18:41:45,0,9999,0,9999
2023-09-11T18:54:41,0,9999,0,9999
2023-09-11T19:07:39,0,9999,0,9999
2023-09-11T19:20:36,0,9999,0,9999
2023-09-11T19:33:32,0,9999,0,9999
2023-09-11T19:46:29,0,9999,0,9999
2023-09-11T19:59:37,0,9999,0,9999
2023-09-11T20:12:39,0,9999,0,9999
2023-09-11T20:25:35,0,9999,0,9999
2023-09-11T20:38:31,0,9999,0,9999
2023-09-11T20:51:28,0,9999,0,9999
2023-09-11T21:04:24,0,9999,0,9999
2023-09-11T21:17:21,0,9999,0,9999
2023-09-11T21:30:28,0,9999,0,9999
2023-09-11T21:43:25,0,9999,0,9999
2023-09-11T21:56:22,0,9999,0,9999
2023-09-11T22:09:19,0,9999,0,9999
2023-09-11T22:22:14,0,9999,0,9999
2023-09-11T22:35:12,0,9999,0,9999
2023-09-11T22:48:08,0,9999,0,9999
2023-09-11T23:01:15,0,9999,0,9999
2023-09-11T23:14:14,0,9999,0,9999
2023-09-11T23:27:10,0,9999,0,9999
2023-09-11T23:40:07,0,9999,0,9999
2023-09-11T23:53:04,0,9999,0,9999
2023-09-12T00:06:02,0,9999,0,9999
2023-09-12T00:19:05,0,9999,0,9999
2023-09-12T00:32:08,0,9999,0,9999
2023-09-12T00:45:09,0,9999,0,9999
2023-09-12T00:58:22,0,9999,0,9999
2023-09-12T01:11:23,0,9999,0,9999
2023-09-12T01:24:23,0,9999,0,9999
2023-09-12T01:37:25,0,9999,0,9999
2023-09-12T01:50:26,0,9999,0,9999
2023-09-12T02:03:27,0,9999,0,9999
2023-09-12T02:16:26,0,9999,0,9999
2023-09-12T02:29:24,0,9999,0,9999
2023-09-12T02:42:24,0,9999,0,9999
2023-09-12T02:55:20,0,9999,0,9999
2023-09-12T03:08:19,0,9999,0,9999
2023-09-12T03:21:18,0,9999,0,9999
2023-09-12T03:34:17,0,9999,0,9999
2023-09-12T03:47:16,0,9999,0,9999
2023-09-12T04:00:16,0,9999,0,9999
2023-09-12T04:13:26,0,9999,0,9999
2023-09-12T04:38:50,0,9999,0,9999
2023-09-12T04:53:33,0,9999,0,9999
2023-09-12T05:06:35,0,9999,0,9999
2023-09-12T05:19:39,0,9999,0,9999
2023-09-12T05:32:40,0,9999,0,9999
2023-09-12T05:45:41,0,9999,0,9999
2023-09-12T05:58:42,0,9999,0,9999
2023-09-12T06:11:42,0,9999,0,9999
2023-09-12T06:24:41,0,9999,0,9999
2023-09-12T06:37:44,0,9999,0,9999
2023-09-12T06:50:43,0,9999,0,9999
2023-09-12T07:03:45,0,9999,0,9999
2023-09-12T07:16:46,0,9999,0,9999
2023-09-12T07:29:45,0,9999,0,9999
2023-09-12T07:42:43,0,9999,0,9999
2023-09-12T07:55:42,0,9999,0,9999
2023-09-12T08:08:41,0,9999,0,9999
2023-09-12T08:21:52,0,9999,0,9999
2023-09-12T08:34:52,0,9999,0,9999
2023-09-12T08:47:51,0,9999,0,9999
2023-09-12T09:00:51,0,9999,0,9999
2023-09-12T09:13:52,0,9999,0,9999
2023-09-12T09:26:50,0,9999,0,9999
2023-09-12T09:39:46,0,9999,0,9999
2023-09-12T09:52:43,0,9999,0,9999
2023-09-12T10:05:40,0,9999,0,9999
2023-09-12T10:18:50,0,9999,0,9999
2023-09-12T10:31:47,0,9999,0,9999
2023-09-12T10:44:45,0,9999,0,9999
2023-09-12T10:57:43,0,9999,0,9999
2023-09-12T11:10:40,0,9999,0,9999
2023-09-12T11:23:37,0,9999,0,9999
2023-09-12T11:36:45,0,9999,0,9999
2023-09-12T11:49:42,0,9999,0,9999
2023-09-12T12:02:40,0,9999,0,9999
2023-09-12T12:15:37,0,9999,0,9999
2023-09-12T12:28:35,0,9999,0,9999
2023-09-12T12:41:42,0,9999,0,9999
2023-09-12T12:54:39,0,9999,0,9999
2023-09-12T13:07:37,0,9999,0,9999
2023-09-12T13:20:33,0,9999,0,9999
2023-09-12T13:33:30,0,9999,0,9999
2023-09-12T13:46:28,0,9999,0,9999
2023-09-12T13:59:26,0,9999,0,9999
2023-09-12T14:12:36,0,9999,0,9999
2023-09-12T14:25:34,0,9999,0,9999
2023-09-12T14:38:31,0,9999,0,9999
2023-09-12T14:51:29,0,9999,0,9999
2023-09-12T15:04:26,0,9999,0,9999
2023-09-12T15:17:25,0,9999,0,9999
2023-09-12T15:30:34,0,9999,0,9999
2023-09-12T15:43:31,0,9999,0,9999
2023-09-12T15:56:29,0,9999,0,9999
2023-09-12T16:09:26,0,9999,0,9999
2023-09-12T16:22:24,0,9999,0,9999
2023-09-12T16:35:21,0,9999,0,9999
2023-09-12T16:48:29,0,9999,0,9999
2023-09-12T17:01:26,0,9999,0,9999
2023-09-12T17:14:25,0,9999,0,9999
2023-09-12T17:27:21,0,9999,0,9999
2023-09-12T17:40:19,0,9999,0,9999
2023-09-12T17:53:16,0,9999,0,9999
2023-09-12T18:06:13,0,9999,0,9999
2023-09-12T18:19:21,0,9999,0,9999
2023-09-12T18:32:18,0,9999,0,9999
2023-09-12T18:45:15,0,9999,0,9999
2023-09-12T18:58:12,0,9999,0,9999
2023-09-12T19:11:13,0,9999,0,9999
2023-09-12T19:24:10,0,9999,0,9999
2023-09-12T19:37:18,0,9999,0,9999
2023-09-12T19:50:16,0,9999,0,9999
2023-09-12T20:03:13,0,9999,0,9999
2023-09-12T20:16:10,0,9999,0,9999
2023-09-12T20:29:08,0,9999,0,9999
2023-09-12T20:42:06,0,9999,0,9999
2023-09-12T20:55:03,0,9999,0,9999
2023-09-12T21:08:11,0,9999,0,9999
2023-09-12T21:21:08,0,9999,0,9999
2023-09-12T21:34:06,0,9999,0,9999
2023-09-12T21:47:04,0,9999,0,9999
2023-09-12T22:00:00,0,9999,0,9999
2023-09-12T22:12:57,0,9999,0,9999
2023-09-12T22:25:55,0,9999,0,9999
2023-09-12T22:39:05,0,9999,0,9999
2023-09-12T22:52:01,0,9999,0,9999
2023-09-12T23:04:59,0,9999,0,9999
2023-09-12T23:17:56,0,9999,0,9999
2023-09-12T23:30:55,0,9999,0,9999
2023-09-12T23:43:53,0,9999,0,9999
2023-09-12T23:56:50,0,9999,0,9999
2023-09-13T00:10:01,0,9999,0,9999
2023-09-13T00:22:59,0,9999,0,9999
2023-09-13T00:36:01,0,9999,0,9999
2023-09-13T00:49:02,0,9999,0,9999
2023-09-13T01:02:05,0,9999,0,9999
2023-09-13T01:15:09,0,9999,0,9999
2023-09-13T01:28:12,0,9999,0,9999
2023-09-13T01:41:14,0,9999,0,9999
2023-09-13T01:54:16,0,9999,0,9999
2023-09-13T02:07:20,0,9999,0,9999
2023-09-13T02:20:21,0,9999,0,9999
2023-09-13T02:33:31,0,9999,0,9999
2023-09-13T02:46:32,0,9999,0,9999
2023-09-13T02:59:33,0,9999,0,9999
2023-09-13T03:12:36,0,9999,0,9999
2023-09-13T03:25:41,0,9999,0,9999
2023-09-13T03:38:42,0,9999,0,9999
2023-09-13T03:51:43,0,9999,0,9999
2023-09-13T04:04:46,0,9999,0,9999
2023-09-13T04:33:22,0,9999,0,9999
2023-09-13T04:46:29,0,9999,0,9999
2023-09-13T04:59:33,0,9999,0,9999
2023-09-13T05:12:38,0,9999,0,9999
2023-09-13T05:25:40,0,9999,0,9999
2023-09-13T05:38:42,0,9999,0,9999
2023-09-13T05:51:43,0,9999,0,9999
2023-09-13T06:04:44,0,9999,0,9999
2023-09-13T06:17:45,0,9999,0,9999
2023-09-13T06:30:46,0,9999,0,9999
2023-09-13T06:43:47,0,9999,0,9999
2023-09-13T06:56:47,0,9999,0,9999
2023-09-13T07:09:49,0,9999,0,9999
2023-09-13T07:22:51,0,9999,0,9999
2023-09-13T07:35:52,0,9999,0,9999
2023-09-13T07:48:51,0,9999,0,9999
2023-09-13T08:01:50,0,9999,0,9999
2023-09-13T08:14:51,0,9999,0,9999
2023-09-13T08:28:00,0,9999,0,9999
2023-09-13T08:41:01,0,9999,0,9999
2023-09-13T08:54:01,0,9999,0,9999
2023-09-13T09:07:01,0,9999,0,9999
2023-09-13T09:20:01,0,9999,0,9999
2023-09-13T09:33:00,0,9999,0,9999
2023-09-13T09:45:58,0,9999,0,9999
2023-09-13T09:58:56,0,9999,0,9999
2023-09-13T10:11:53,0,9999,0,9999
2023-09-13T10:25:03,0,9999,0,9999
2023-09-13T10:38:01,0,9999,0,9999
2023-09-13T10:50:59,0,9999,0,9999
2023-09-13T11:03:56,0,9999,0,9999
2023-09-13T11:16:54,0,9999,0,9999
2023-09-13T11:45:54,0,9999,0,9999
2023-09-13T11:58:52,0,9999,0,9999
2023-09-13T12:11:50,0,9999,0,9999
2023-09-13T12:24:48,0,9999,0,9999
2023-09-13T12:37:46,0,9999,0,9999
2023-09-13T12:50:44,0,9999,0,9999
2023-09-13T13:03:41,0,9999,0,9999
2023-09-13T13:16:49,0,9999,0,9999
2023-09-13T13:29:46,0,9999,0,9999
2023-09-13T13:42:44,0,9999,0,9999
2023-09-13T13:55:42,0,9999,0,9999
2023-09-13T14:08:39,0,9999,0,9999
2023-09-13T14:21:37,0,9999,0,9999
2023-09-13T14:34:34,0,9999,0,9999
2023-09-13T14:47:42,0,9999,0,9999
2023-09-13T15:00:39,0,9999,0,9999
2023-09-13T15:13:36,0,9999,0,9999
2023-09-13T15:26:33,0,9999,0,9999
2023-09-13T15:39:30,0,9999,0,9999
2023-09-13T15:52:28,0,9999,0,9999
2023-09-13T16:05:31,0,9999,0,9999
2023-09-13T16:18:37,0,9999,0,9999
2023-09-13T16:31:35,0,9999,0,9999
2023-09-13T16:44:33,0,9999,0,9999
2023-09-13T16:57:30,0,9999,0,9999
2023-09-13T17:10:29,0,9999,0,9999
2023-09-13T17:23:26,0,9999,0,9999
2023-09-13T17:36:24,0,9999,0,9999
2023-09-13T17:49:30,0,9999,0,9999
2023-09-13T18:02:26,0,9999,0,9999
2023-09-13T18:15:23,0,9999,0,9999
2023-09-13T18:28:21,0,9999,0,9999
2023-09-13T18:41:19,0,9999,0,9999
2023-09-13T18:54:16,0,9999,0,9999
2023-09-13T19:07:14,0,9999,0,9999
2023-09-13T19:20:12,0,9999,0,9999
2023-09-13T19:33:19,0,9999,0,9999
2023-09-13T19:46:16,0,9999,0,9999
2023-09-13T19:59:13,0,9999,0,9999
2023-09-13T20:12:11,0,9999,0,9999
2023-09-13T20:25:09,0,9999,0,9999
2023-09-13T20:38:06,0,9999,0,9999
2023-09-13T20:51:04,0,9999,0,9999
2023-09-13T21:04:00,0,9999,0,9999
2023-09-13T21:16:58,0,9999,0,9999
2023-09-13T21:29:54,0,9999,0,9999
2023-09-13T21:43:03,0,9999,0,9999
2023-09-13T21:56:01,0,9999,0,9999
2023-09-13T22:08:58,0,9999,0,9999
2023-09-13T22:21:55,0,9999,0,9999
2023-09-13T22:34:53,0,9999,0,9999
2023-09-13T22:47:52,0,9999,0,9999
2023-09-13T23:00:49,0,9999,0,9999
2023-09-13T23:13:57,0,9999,0,9999
2023-09-13T23:26:56,0,9999,0,9999
2023-09-13T23:39:54,0,9999,0,9999
2023-09-13T23:52:51,0,9999,0,9999
2023-09-14T00:05:49,0,9999,0,9999
2023-09-14T00:18:51,0,9999,0,9999
2023-09-14T00:31:52,0,9999,0,9999
2023-09-14T00:44:53,0,9999,0,9999
2023-09-14T00:57:56,0,9999,0,9999
2023-09-14T01:10:58,0,9999,0,9999
2023-09-14T01:23:58,0,9999,0,9999
2023-09-14T01:37:10,0,9999,0,9999
2023-09-14T01:50:12,0,9999,0,9999
2023-09-14T02:03:14,0,9999,0,9999
2023-09-14T02:16:15,0,9999,0,9999
2023-09-14T02:29:13,0,9999,0,9999
2023-09-14T02:42:13,0,9999,0,9999
2023-09-14T02:55:12,0,9999,0,9999
2023-09-14T03:08:09,0,9999,0,9999
2023-09-14T03:21:09,0,9999,0,9999
2023-09-14T03:34:09,0,9999,0,9999
2023-09-14T03:47:09,0,9999,0,9999
2023-09-14T04:00:11,0,9999,0,9999
2023-09-14T04:13:24,0,9999,0,9999
2023-09-14T04:37:54,0,9999,0,9999
2023-09-14T04:52:24,0,9999,0,9999
2023-09-14T05:05:28,0,9999,0,9999
2023-09-14T05:18:31,0,9999,0,9999
2023-09-14T05:31:35,0,9999,0,9999
2023-09-14T05:44:37,0,9999,0,9999
2023-09-14T05:57:38,0,9999,0,9999
2023-09-14T06:10:40,0,9999,0,9999
2023-09-14T06:23:42,0,9999,0,9999
2023-09-14T06:36:42,0,9999,0,9999
2023-09-14T06:49:43,0,9999,0,9999
2023-09-14T07:02:44,0,9999,0,9999
2023-09-14T07:15:45,0,9999,0,9999
2023-09-14T07:28:49,0,9999,0,9999
2023-09-14T07:41:48,0,9999,0,9999
2023-09-14T07:54:49,0,9999,0,9999
2023-09-14T08:07:48,0,9999,0,9999
2023-09-14T08:20:49,0,9999,0,9999
2023-09-14T08:33:59,0,9999,0,9999
2023-09-14T08:46:59,0,9999,0,9999
2023-09-14T09:00:00,0,9999,0,9999
2023-09-14T09:12:59,0,9999,0,9999
2023-09-14T09:25:57,0,9999,0,9999
2023-09-14T09:38:56,0,9999,0,9999
2023-09-14T09:51:55,0,9999,0,9999
2023-09-14T10:04:53,0,9999,0,9999
2023-09-14T10:17:51,0,9999,0,9999
2023-09-14T10:30:59,0,9999,0,9999
2023-09-14T10:43:58,0,9999,0,9999
2023-09-14T10:56:56,0,9999,0,9999
2023-09-14T11:09:56,0,9999,0,9999
2023-09-14T11:22:56,0,9999,0,9999
2023-09-14T11:35:55,0,9999,0,9999
2023-09-14T11:48:53,0,9999,0,9999
2023-09-14T12:02:04,0,9999,0,9999
2023-09-14T12:15:02,0,9999,0,9999
2023-09-14T12:28:01,0,9999,0,9999
2023-09-14T12:40:59,0,9999,0,9999
2023-09-14T12:53:58,0,9999,0,9999
2023-09-14T13:06:56,0,9999,0,9999
2023-09-14T13:19:55,0,9999,0,9999
2023-09-14T13:33:04,0,9999,0,9999
2023-09-14T13:46:02,0,9999,0,9999
2023-09-14T13:59:02,0,9999,0,9999
2023-09-14T14:12:01,0,9999,0,9999
2023-09-14T14:24:59,0,9999,0,9999
2023-09-14T14:38:00,0,9999,0,9999
2023-09-14T14:51:00,0,9999,0,9999
2023-09-14T15:04:10,0,9999,0,9999
2023-09-14T15:17:08,0,9999,0,9999
2023-09-14T15:30:06,0,9999,0,9999
2023-09-14T15:43:04,0,9999,0,9999
2023-09-14T15:56:04,0,9999,0,9999
2023-09-14T16:09:02,0,9999,0,9999
2023-09-14T16:22:01,0,9999,0,9999
2023-09-14T16:35:09,0,9999,0,9999
2023-09-14T16:48:09,0,9999,0,9999
2023-09-14T17:01:07,0,9999,0,9999
2023-09-14T17:14:06,0,9999,0,9999
2023-09-14T17:27:04,0,9999,0,9999
2023-09-14T17:40:03,0,9999,0,9999
2023-09-14T17:53:01,0,9999,0,9999
2023-09-14T18:06:11,0,9999,0,9999
2023-09-14T18:19:08,0,9999,0,9999
2023-09-14T18:32:06,0,9999,0,9999
2023-09-14T18:45:05,0,9999,0,9999
2023-09-14T18:58:03,0,9999,0,9999
2023-09-14T19:11:02,0,9999,0,9999
2023-09-14T19:24:01,0,9999,0,9999
2023-09-14T19:37:00,0,9999,0,9999
2023-09-14T19:49:59,0,9999,0,9999
2023-09-14T20:03:08,0,9999,0,9999
2023-09-14T20:16:06,0,9999,0,9999
2023-09-14T20:29:05,0,9999,0,9999
2023-09-14T20:42:03,0,9999,0,9999
2023-09-14T20:55:02,0,9999,0,9999
2023-09-14T21:08:00,0,9999,0,9999
2023-09-14T21:20:58,0,9999,0,9999
2023-09-14T21:33:56,0,9999,0,9999
2023-09-14T21:47:06,0,9999,0,9999
2023-09-14T22:00:05,0,9999,0,9999
2023-09-14T22:13:03,0,9999,0,9999
2023-09-14T22:26:01,0,9999,0,9999
2023-09-14T22:39:00,0,9999,0,9999
2023-09-14T22:51:57,0,9999,0,9999
2023-09-14T23:04:56,0,9999,0,9999
2023-09-14T23:17:54,0,9999,0,9999
2023-09-14T23:30:52,0,9999,0,9999
2023-09-14T23:44:02,0,9999,0,9999
2023-09-14T23:57:01,0,9999,0,9999
2023-09-15T00:10:01,0,9999,0,9999
2023-09-15T00:23:05,0,9999,0,9999
2023-09-15T00:36:08,0,9999,0,9999
2023-09-15T00:49:11,0,9999,0,9999
2023-09-15T01:02:14,0,9999,0,9999
2023-09-15T01:15:16,0,9999,0,9999
2023-09-15T01:28:20,0,9999,0,9999
2023-09-15T01:42:02,0,9999,0,9999
2023-09-15T01:55:04,0,9999,0,9999
2023-09-15T02:08:07,0,9999,0,9999
2023-09-15T02:21:18,0,9999,0,9999
2023-09-15T02:34:19,0,9999,0,9999
2023-09-15T02:47:19,0,9999,0,9999
2023-09-15T03:00:19,0,9999,0,9999
2023-09-15T03:13:21,0,9999,0,9999
2023-09-15T03:26:24,0,9999,0,9999
2023-09-15T03:39:28,0,9999,0,9999
2023-09-15T03:52:30,0,9999,0,9999
2023-09-15T04:05:33,0,9999,0,9999
2023-09-15T04:31:31,0,9999,0,9999
2023-09-15T04:44:35,0,9999,0,9999
2023-09-15T04:57:37,0,9999,0,9999
2023-09-15T05:10:44,0,9999,0,9999
2023-09-15T05:23:46,0,9999,0,9999
2023-09-15T05:36:48,0,9999,0,9999
2023-09-15T05:49:51,0,9999,0,9999
2023-09-15T06:02:52,0,9999,0,9999
2023-09-15T06:15:57,0,9999,0,9999
2023-09-15T06:29:00,0,9999,0,9999
2023-09-15T06:42:02,0,9999,0,9999
2023-09-15T06:55:04,0,9999,0,9999
2023-09-15T07:08:06,0,9999,0,9999
2023-09-15T07:21:10,0,9999,0,9999
2023-09-15T07:34:10,0,9999,0,9999
2023-09-15T07:47:14,0,9999,0,9999
2023-09-15T08:00:24,0,9999,0,9999
2023-09-15T08:13:25,0,9999,0,9999
2023-09-15T08:26:25,0,9999,0,9999
2023-09-15T08:39:25,0,9999,0,9999
2023-09-15T08:52:23,0,9999,0,9999
2023-09-15T09:05:22,0,9999,0,9999
2023-09-15T09:18:21,0,9999,0,9999
2023-09-15T09:31:19,0,9999,0,9999
2023-09-15T09:44:18,0,9999,0,9999
2023-09-15T09:57:16,0,9999,0,9999
2023-09-15T10:10:15,0,9999,0,9999
2023-09-15T10:23:24,0,9999,0,9999
2023-09-15T10:36:23,0,9999,0,9999
2023-09-15T10:49:21,0,9999,0,9999
2023-09-15T11:02:20,0,9999,0,9999
2023-09-15T11:15:19,0,9999,0,9999
2023-09-15T11:28:19,0,9999,0,9999
2023-09-15T11:41:19,0,9999,0,9999
2023-09-15T11:54:29,0,9999,0,9999
2023-09-15T12:07:29,0,9999,0,9999
2023-09-15T12:20:28,0,9999,0,9999
2023-09-15T12:33:27,0,9999,0,9999
2023-09-15T12:46:26,0,9999,0,9999
2023-09-15T12:59:26,0,9999,0,9999
2023-09-15T13:12:25,0,9999,0,9999
2023-09-15T13:25:35,0,9999,0,9999
2023-09-15T13:38:34,0,9999,0,9999
2023-09-15T13:51:33,0,9999,0,9999
2023-09-15T14:04:33,0,9999,0,9999
2023-09-15T14:17:33,0,9999,0,9999
2023-09-15T14:30:32,0,9999,0,9999
2023-09-15T14:43:32,0,9999,0,9999
2023-09-15T14:56:41,0,9999,0,9999
2023-09-15T15:09:40,0,9999,0,9999
2023-09-15T15:22:40,0,9999,0,9999
2023-09-15T15:35:39,0,9999,0,9999
2023-09-15T15:48:40,0,9999,0,9999
2023-09-15T16:01:39,0,9999,0,9999
2023-09-15T16:14:38,0,9999,0,9999
2023-09-15T16:27:47,0,9999,0,9999
2023-09-15T16:40:47,0,9999,0,9999
2023-09-15T16:53:45,0,9999,0,9999
2023-09-15T17:06:46,0,9999,0,9999
2023-09-15T17:19:45,0,9999,0,9999
2023-09-15T17:32:44,0,9999,0,9999
2023-09-15T17:45:44,0,9999,0,9999
2023-09-15T17:58:43,0,9999,0,9999
2023-09-15T18:11:41,0,9999,0,9999
2023-09-15T18:24:50,0,9999,0,9999
2023-09-15T18:37:49,0,9999,0,9999
2023-09-15T18:50:47,0,9999,0,9999
2023-09-15T19:03:45,0,9999,0,9999
2023-09-15T19:16:45,0,9999,0,9999
2023-09-15T19:29:44,0,9999,0,9999
2023-09-15T19:42:44,0,9999,0,9999
2023-09-15T19:55:42,0,9999,0,9999
2023-09-15T20:08:51,0,9999,0,9999
2023-09-15T20:21:50,0,9999,0,9999
2023-09-15T20:34:50,0,9999,0,9999
2023-09-15T20:47:49,0,9999,0,9999
2023-09-15T21:00:48,0,9999,0,9999
2023-09-15T21:13:47,0,9999,0,9999
2023-09-15T21:26:46,0,9999,0,9999
2023-09-15T21:39:45,0,9999,0,9999
2023-09-15T21:52:43,0,9999,0,9999
2023-09-15T22:05:53,0,9999,0,9999
2023-09-15T22:18:52,0,9999,0,9999
2023-09-15T22:31:50,0,9999,0,9999
2023-09-15T22:44:49,0,9999,0,9999
2023-09-15T22:57:47,0,9999,0,9999
2023-09-15T23:10:47,0,9999,0,9999
2023-09-15T23:23:47,0,9999,0,9999
2023-09-15T23:36:46,0,9999,0,9999
2023-09-15T23:49:46,0,9999,0,9999
2023-09-16T00:02:47,0,9999,0,9999
2023-09-16T00:16:02,0,9999,0,9999
2023-09-16T00:29:06,0,9999,0,9999
2023-09-16T00:42:10,0,9999,0,9999
2023-09-16T00:55:15,0,9999,0,9999
2023-09-16T01:08:18,0,9999,0,9999
2023-09-16T01:21:21,0,9999,0,9999
2023-09-16T01:34:26,0,9999,0,9999
2023-09-16T01:47:31,0,9999,0,9999
2023-09-16T02:00:36,0,9999,0,9999
2023-09-16T02:13:39,0,9999,0,9999
2023-09-16T02:26:39,0,9999,0,9999
2023-09-16T02:39:40,0,9999,0,9999
2023-09-16T02:52:41,0,9999,0,9999
2023-09-16T03:05:40,0,9999,0,9999
2023-09-16T03:18:43,0,9999,0,9999
2023-09-16T03:31:54,0,9999,0,9999
2023-09-16T03:44:57,0,9999,0,9999
2023-09-16T03:58:01,0,9999,0,9999
2023-09-16T04:24:15,0,9999,0,9999
2023-09-16T04:39:00,0,9999,0,9999
2023-09-16T04:52:06,0,9999,0,9999
2023-09-16T05:05:09,0,9999,0,9999
2023-09-16T05:18:13,0,9999,0,9999
2023-09-16T05:31:15,0,9999,0,9999
2023-09-16T05:44:18,0,9999,0,9999
2023-09-16T05:57:21,0,9999,0,9999
2023-09-16T06:10:24,0,9999,0,9999
2023-09-16T06:23:26,0,9999,0,9999
2023-09-16T06:36:29,0,9999,0,9999
2023-09-16T06:49:33,0,9999,0,9999
2023-09-16T07:02:36,0,9999,0,9999
2023-09-16T07:15:37,0,9999,0,9999
2023-09-16T07:28:39,0,9999,0,9999
2023-09-16T07:41:43,0,9999,0,9999
2023-09-16T07:54:54,0,9999,0,9999
2023-09-16T08:07:56,0,9999,0,9999
2023-09-16T08:20:59,0,9999,0,9999
2023-09-16T08:34:02,0,9999,0,9999
2023-09-16T08:47:14,0,9999,0,9999
2023-09-16T09:00:16,0,9999,0,9999
2023-09-16T09:13:18,0,9999,0,9999
2023-09-16T09:26:21,0,9999,0,9999
2023-09-16T09:39:23,0,9999,0,9999
2023-09-16T09:52:25,0,9999,0,9999
2023-09-16T10:05:37,0,9999,0,9999
2023-09-16T10:18:39,0,9999,0,9999
2023-09-16T10:31:51,0,9999,0,9999
2023-09-16T10:44:53,0,9999,0,9999
2023-09-16T10:57:55,0,9999,0,9999
2023-09-16T11:10:56,0,9999,0,9999
2023-09-16T11:23:58,0,9999,0,9999
2023-09-16T11:36:57,0,9999,0,9999
2023-09-16T11:49:56,0,9999,0,9999
2023-09-16T12:02:55,0,9999,0,9999
2023-09-16T12:15:55,0,9999,0,9999
2023-09-16T12:28:54,0,9999,0,9999
2023-09-16T12:42:01,0,9999,0,9999
2023-09-16T12:55:00,0,9999,0,9999
2023-09-16T13:08:00,0,9999,0,9999
2023-09-16T13:20:59,0,9999,0,9999
2023-09-16T13:33:58,0,9999,0,9999
2023-09-16T13:46:57,0,9999,0,9999
2023-09-16T13:59:56,0,9999,0,9999
2023-09-16T14:12:56,0,9999,0,9999
2023-09-16T14:25:55,0,9999,0,9999
2023-09-16T14:38:54,0,9999,0,9999
2023-09-16T14:52:03,0,9999,0,9999
2023-09-16T15:05:03,0,9999,0,9999
2023-09-16T15:18:03,0,9999,0,9999
2023-09-16T15:31:02,0,9999,0,9999
2023-09-16T15:44:01,0,9999,0,9999
2023-09-16T15:57:01,0,9999,0,9999
2023-09-16T16:10:00,0,9999,0,9999
2023-09-16T16:22:58,0,9999,0,9999
2023-09-16T16:35:56,0,9999,0,9999
2023-09-16T16:48:55,0,9999,0,9999
2023-09-16T17:01:54,0,9999,0,9999
2023-09-16T17:15:04,0,9999,0,9999
2023-09-16T17:28:03,0,9999,0,9999
2023-09-16T17:41:02,0,9999,0,9999
2023-09-16T17:54:02,0,9999,0,9999
2023-09-16T18:07:00,0,9999,0,9999
2023-09-16T18:19:59,0,9999,0,9999
2023-09-16T18:32:58,0,9999,0,9999
2023-09-16T18:45:57,0,9999,0,9999
2023-09-16T18:58:56,0,9999,0,9999
2023-09-16T19:11:56,0,9999,0,9999
2023-09-16T19:24:55,0,9999,0,9999
2023-09-16T19:38:05,0,9999,0,9999
2023-09-16T19:51:05,0,9999,0,9999
2023-09-16T20:04:04,0,9999,0,9999
2023-09-16T20:17:03,0,9999,0,9999
2023-09-16T20:30:02,0,9999,0,9999
2023-09-16T20:43:01,0,9999,0,9999
2023-09-16T20:56:00,0,9999,0,9999
2023-09-16T21:08:59,0,9999,0,9999
2023-09-16T21:21:59,0,9999,0,9999
2023-09-16T21:34:58,0,9999,0,9999
2023-09-16T21:47:56,0,9999,0,9999
2023-09-16T22:00:55,0,9999,0,9999
2023-09-16T22:13:55,0,9999,0,9999
2023-09-16T22:27:05,0,9999,0,9999
2023-09-16T22:40:03,0,9999,0,9999
2023-09-16T22:53:01,0,9999,0,9999
2023-09-16T23:06:00,0,9999,0,9999
2023-09-16T23:19:00,0,9999,0,9999
2023-09-16T23:31:59,0,9999,0,9999
2023-09-16T23:44:58,0,9999,0,9999
2023-09-16T23:57:57,0,9999,0,9999
2023-09-17T00:10:58,0,9999,0,9999
2023-09-17T00:23:58,0,9999,0,9999
2023-09-17T01:02:56,0,9999,0,9999
2023-09-17T01:15:54,0,9999,0,9999
2023-09-17T01:28:52,0,9999,0,9999
2023-09-17T01:41:53,0,9999,0,9999
2023-09-17T01:54:56,0,9999,0,9999
2023-09-17T02:08:01,0,9999,0,9999
2023-09-17T02:21:05,0,9999,0,9999
2023-09-17T02:34:27,0,9999,0,9999
2023-09-17T02:47:50,0,9999,0,9999
2023-09-17T03:00:52,0,9999,0,9999
2023-09-17T03:13:55,0,9999,0,9999
2023-09-17T03:26:58,0,9999,0,9999
2023-09-17T03:40:01,0,9999,0,9999
2023-09-17T03:53:05,0,9999,0,9999
2023-09-17T04:06:08,0,9999,0,9999
2023-09-17T04:28:42,0,9999,0,9999
2023-09-17T04:43:06,0,9999,0,9999
2023-09-17T04:56:28,0,9999,0,9999
2023-09-17T05:09:35,0,9999,0,9999
2023-09-17T05:22:39,0,9999,0,9999
2023-09-17T05:35:40,0,9999,0,9999
2023-09-17T05:48:41,0,9999,0,9999
2023-09-17T06:01:43,0,9999,0,9999
2023-09-17T06:14:45,0,9999,0,9999
2023-09-17T06:27:49,0,9999,0,9999
2023-09-17T06:40:51,0,9999,0,9999
2023-09-17T06:53:50,0,9999,0,9999
2023-09-17T07:06:49,0,9999,0,9999
2023-09-17T07:19:48,0,9999,0,9999
2023-09-17T07:32:47,0,9999,0,9999
2023-09-17T07:45:46,0,9999,0,9999
2023-09-17T07:58:46,0,9999,0,9999
2023-09-17T08:11:47,0,9999,0,9999
2023-09-17T08:24:48,0,9999,0,9999
2023-09-17T08:37:55,0,9999,0,9999
2023-09-17T08:51:08,0,9999,0,9999
2023-09-17T09:04:12,0,9999,0,9999
2023-09-17T09:17:16,0,9999,0,9999
2023-09-17T09:30:31,0,9999,0,9999
2023-09-17T09:43:37,0,9999,0,9999
2023-09-17T09:56:46,0,9999,0,9999
2023-09-17T10:09:51,0,9999,0,9999
2023-09-17T10:22:57,0,9999,0,9999
2023-09-17T10:36:09,0,9999,0,9999
2023-09-17T10:49:09,0,9999,0,9999
2023-09-17T11:02:08,0,9999,0,9999
2023-09-17T11:15:08,0,9999,0,9999
2023-09-17T11:28:07,0,9999,0,9999
2023-09-17T11:41:06,0,9999,0,9999
2023-09-17T11:54:04,0,9999,0,9999
2023-09-17T12:07:02,0,9999,0,9999
2023-09-17T12:20:01,0,9999,0,9999
2023-09-17T12:33:00,0,9999,0,9999
2023-09-17T12:45:58,0,9999,0,9999
2023-09-17T12:59:05,0,9999,0,9999
2023-09-17T13:12:04,0,9999,0,9999
2023-09-17T13:25:02,0,9999,0,9999
2023-09-17T13:38:01,0,9999,0,9999
2023-09-17T13:51:00,0,9999,0,9999
2023-09-17T14:03:59,0,9999,0,9999
2023-09-17T14:16:58,0,9999,0,9999
2023-09-17T14:29:56,0,9999,0,9999
2023-09-17T14:42:54,0,9999,0,9999
2023-09-17T14:56:03,0,9999,0,9999
2023-09-17T15:09:01,0,9999,0,9999
2023-09-17T15:22:00,0,9999,0,9999
2023-09-17T15:34:58,0,9999,0,9999
2023-09-17T15:47:57,0,9999,0,9999
2023-09-17T16:00:55,0,9999,0,9999
2023-09-17T16:13:54,0,9999,0,9999
2023-09-17T16:26:53,0,9999,0,9999
2023-09-17T16:39:53,0,9999,0,9999
2023-09-17T16:52:52,0,9999,0,9999
2023-09-17T17:05:51,0,9999,0,9999
2023-09-17T17:19:00,0,9999,0,9999
2023-09-17T17:31:58,0,9999,0,9999
2023-09-17T17:45:00,0,9999,0,9999
2023-09-17T17:57:58,0,9999,0,9999
2023-09-17T18:10:56,0,9999,0,9999
2023-09-17T18:23:55,0,9999,0,9999
2023-09-17T18:36:55,0,9999,0,9999
2023-09-17T18:49:54,0,9999,0,9999
2023-09-17T19:02:53,0,9999,0,9999
2023-09-17T19:15:55,0,9999,0,9999
2023-09-17T19:28:54,0,9999,0,9999
2023-09-17T19:42:05,0,9999,0,9999
2023-09-17T19:55:04,0,9999,0,9999
2023-09-17T20:08:04,0,9999,0,9999
2023-09-17T20:21:03,0,9999,0,9999
2023-09-17T20:34:02,0,9999,0,9999
2023-09-17T20:47:01,0,9999,0,9999
2023-09-17T21:00:00,0,9999,0,9999
2023-09-17T21:12:59,0,9999,0,9999
2023-09-17T21:26:10,0,9999,0,9999
2023-09-17T21:39:12,0,9999,0,9999
2023-09-17T21:52:13,0,9999,0,9999
2023-09-17T22:05:13,0,9999,0,9999
2023-09-17T22:18:12,0,9999,0,9999
2023-09-17T22:31:12,0,9999,0,9999
2023-09-17T22:44:11,0,9999,0,9999
2023-09-17T22:57:10,0,9999,0,9999
2023-09-17T23:10:10,0,9999,0,9999
2023-09-17T23:23:10,0,9999,0,9999
2023-09-17T23:36:10,0,9999,0,9999
2023-09-17T23:49:21,0,9999,0,9999
2023-09-18T00:02:22,0,9999,0,9999
2023-09-18T00:15:23,0,9999,0,9999
2023-09-18T00:28:38,0,9999,0,9999
2023-09-18T00:41:49,0,9999,0,9999
2023-09-18T00:54:55,0,9999,0,9999
2023-09-18T01:07:57,0,9999,0,9999
2023-09-18T01:21:11,0,9999,0,9999
2023-09-18T01:34:17,0,9999,0,9999
2023-09-18T01:47:21,0,9999,0,9999
2023-09-18T02:00:28,0,9999,0,9999
2023-09-18T02:13:32,0,9999,0,9999
2023-09-18T02:26:31,0,9999,0,9999
2023-09-18T02:39:41,0,9999,0,9999
2023-09-18T02:52:45,0,9999,0,9999
2023-09-18T03:05:48,0,9999,0,9999
2023-09-18T03:18:53,0,9999,0,9999
2023-09-18T03:31:57,0,9999,0,9999
2023-09-18T03:44:59,0,9999,0,9999
2023-09-18T03:58:02,0,9999,0,9999
2023-09-18T04:11:05,0,9999,0,9999
2023-09-18T04:37:38,0,9999,0,9999
2023-09-18T04:50:43,0,9999,0,9999
2023-09-18T05:03:50,0,9999,0,9999
2023-09-18T05:16:57,0,9999,0,9999
2023-09-18T05:30:01,0,9999,0,9999
2023-09-18T05:43:04,0,9999,0,9999
2023-09-18T05:56:08,0,9999,0,9999
2023-09-18T06:09:13,0,9999,0,9999
2023-09-18T06:22:16,0,9999,0,9999
2023-09-18T06:35:22,0,9999,0,9999
2023-09-18T06:48:25,0,9999,0,9999
2023-09-18T07:01:26,0,9999,0,9999
2023-09-18T07:14:30,0,9999,0,9999
2023-09-18T07:27:31,0,9999,0,9999
2023-09-18T07:40:31,0,9999,0,9999
2023-09-18T07:53:32,0,9999,0,9999
2023-09-18T08:06:34,0,9999,0,9999
2023-09-18T08:19:36,0,9999,0,9999
2023-09-18T08:32:41,0,9999,0,9999
2023-09-18T08:45:42,0,9999,0,9999
2023-09-18T08:59:02,0,9999,0,9999
2023-09-18T09:12:01,0,9999,0,9999
2023-09-18T09:25:01,0,9999,0,9999
2023-09-18T09:37:59,0,9999,0,9999
2023-09-18T09:50:59,0,9999,0,9999
2023-09-18T10:04:00,0,9999,0,9999
2023-09-18T10:17:01,0,9999,0,9999
2023-09-18T10:30:18,0,9999,0,9999
2023-09-18T10:43:18,0,9999,0,9999
2023-09-18T10:56:17,0,9999,0,9999
2023-09-18T11:09:17,0,9999,0,9999
2023-09-18T11:22:15,0,9999,0,9999
2023-09-18T11:35:15,0,9999,0,9999
2023-09-18T11:48:16,0,9999,0,9999
2023-09-18T12:01:25,0,9999,0,9999
2023-09-18T12:14:24,0,9999,0,9999
2023-09-18T12:27:25,0,9999,0,9999
2023-09-18T12:40:25,0,9999,0,9999
2023-09-18T12:53:25,0,9999,0,9999
2023-09-18T13:06:26,0,9999,0,9999
2023-09-18T13:19:36,0,9999,0,9999
2023-09-18T13:32:36,0,9999,0,9999
2023-09-18T13:45:35,0,9999,0,9999
2023-09-18T13:58:35,0,9999,0,9999
2023-09-18T14:11:35,0,9999,0,9999
2023-09-18T14:24:53,0,9999,0,9999
2023-09-18T14:37:53,0,9999,0,9999
2023-09-18T14:50:53,0,9999,0,9999
2023-09-18T15:03:53,0,9999,0,9999
2023-09-18T15:16:54,0,9999,0,9999
2023-09-18T15:30:05,0,9999,0,9999
2023-09-18T15:43:05,0,9999,0,9999
2023-09-18T15:56:04,0,9999,0,9999
2023-09-18T16:09:05,0,9999,0,9999
2023-09-18T16:22:05,0,9999,0,9999
2023-09-18T16:35:24,0,9999,0,9999
2023-09-18T16:48:23,0,9999,0,9999
2023-09-18T17:01:22,0,9999,0,9999
2023-09-18T17:14:23,0,9999,0,9999
2023-09-18T17:27:23,0,9999,0,9999
2023-09-18T17:40:22,0,9999,0,9999
2023-09-18T17:53:22,0,9999,0,9999
2023-09-18T18:06:33,0,9999,0,9999
2023-09-18T18:19:33,0,9999,0,9999
2023-09-18T18:32:34,0,9999,0,9999
2023-09-18T18:45:33,0,9999,0,9999
2023-09-18T18:58:33,0,9999,0,9999
2023-09-18T19:11:33,0,9999,0,9999
2023-09-18T19:24:33,0,9999,0,9999
2023-09-18T19:37:33,0,9999,0,9999
2023-09-18T19:50:43,0,9999,0,9999
2023-09-18T20:03:43,0,9999,0,9999
2023-09-18T20:16:43,0,9999,0,9999
2023-09-18T20:29:44,0,9999,0,9999
2023-09-18T20:42:44,0,9999,0,9999
2023-09-18T20:55:44,0,9999,0,9999
2023-09-18T21:08:43,0,9999,0,9999
2023-09-18T21:21:43,0,9999,0,9999
2023-09-18T21:34:53,0,9999,0,9999
2023-09-18T21:47:53,0,9999,0,9999
2023-09-18T22:00:54,0,9999,0,9999
2023-09-18T22:13:53,0,9999,0,9999
2023-09-18T22:26:53,0,9999,0,9999
2023-09-18T22:39:54,0,9999,0,9999
2023-09-18T22:52:54,0,9999,0,9999
2023-09-18T23:05:55,0,9999,0,9999
2023-09-18T23:19:31,0,9999,0,9999
2023-09-18T23:32:31,0,9999,0,9999
2023-09-18T23:45:31,0,9999,0,9999
2023-09-18T23:58:32,0,9999,0,9999
2023-09-19T00:11:35,0,9999,0,9999
2023-09-19T00:24:45,0,9999,0,9999
2023-09-19T00:37:49,0,9999,0,9999
2023-09-19T00:50:54,0,9999,0,9999
2023-09-19T01:03:59,0,9999,0,9999
2023-09-19T01:17:03,0,9999,0,9999
2023-09-19T01:30:07,0,9999,0,9999
2023-09-19T01:43:28,0,9999,0,9999
2023-09-19T01:56:31,0,9999,0,9999
2023-09-19T02:09:47,0,9999,0,9999
2023-09-19T02:22:49,0,9999,0,9999
2023-09-19T02:35:52,0,9999,0,9999
2023-09-19T02:48:55,0,9999,0,9999
2023-09-19T03:01:56,0,9999,0,9999
2023-09-19T03:14:58,0,9999,0,9999
2023-09-19T03:28:01,0,9999,0,9999
2023-09-19T03:41:04,0,9999,0,9999
2023-09-19T03:54:08,0,9999,0,9999
2023-09-19T04:07:12,0,9999,0,9999
2023-09-19T04:38:51,0,9999,0,9999
2023-09-19T04:53:36,0,9999,0,9999
2023-09-19T05:06:44,0,9999,0,9999
2023-09-19T05:19:52,0,9999,0,9999
2023-09-19T05:32:56,0,9999,0,9999
2023-09-19T05:46:00,0,9999,0,9999
2023-09-19T05:59:05,0,9999,0,9999
2023-09-19T06:12:08,0,9999,0,9999
2023-09-19T06:25:12,0,9999,0,9999
2023-09-19T06:38:15,0,9999,0,9999
2023-09-19T06:51:19,0,9999,0,9999
2023-09-19T07:04:22,0,9999,0,9999
2023-09-19T07:17:26,0,9999,0,9999
2023-09-19T07:30:30,0,9999,0,9999
2023-09-19T07:43:32,0,9999,0,9999
2023-09-19T07:56:35,0,9999,0,9999
2023-09-19T08:09:37,0,9999,0,9999
2023-09-19T08:22:39,0,9999,0,9999
2023-09-19T08:35:42,0,9999,0,9999
2023-09-19T08:48:45,0,9999,0,9999
2023-09-19T09:01:47,0,9999,0,9999
2023-09-19T09:14:50,0,9999,0,9999
2023-09-19T09:28:07,0,9999,0,9999
2023-09-19T09:41:10,0,9999,0,9999
2023-09-19T09:54:10,0,9999,0,9999
2023-09-19T10:07:11,0,9999,0,9999
2023-09-19T10:20:12,0,9999,0,9999
2023-09-19T10:33:13,0,9999,0,9999
2023-09-19T10:46:14,0,9999,0,9999
2023-09-19T10:59:15,0,9999,0,9999
2023-09-19T11:12:29,0,9999,0,9999
2023-09-19T11:25:29,0,9999,0,9999
2023-09-19T11:38:30,0,9999,0,9999
2023-09-19T11:51:29,0,9999,0,9999
2023-09-19T12:04:30,0,9999,0,9999
2023-09-19T12:17:30,0,9999,0,9999
2023-09-19T12:30:52,0,9999,0,9999
2023-09-19T12:43:52,0,9999,0,9999
2023-09-19T12:56:51,0,9999,0,9999
2023-09-19T13:09:51,0,9999,0,9999
2023-09-19T13:22:51,0,9999,0,9999
2023-09-19T13:35:50,0,9999,0,9999
2023-09-19T13:49:00,0,9999,0,9999
2023-09-19T14:02:00,0,9999,0,9999
2023-09-19T14:15:00,0,9999,0,9999
2023-09-19T14:28:00,0,9999,0,9999
2023-09-19T14:41:00,0,9999,0,9999
2023-09-19T14:54:04,0,9999,0,9999
2023-09-19T15:07:24,0,9999,0,9999
2023-09-19T15:20:24,0,9999,0,9999
2023-09-19T15:33:23,0,9999,0,9999
2023-09-19T15:46:23,0,9999,0,9999
2023-09-19T15:59:23,0,9999,0,9999
2023-09-19T16:12:23,0,9999,0,9999
2023-09-19T16:25:33,0,9999,0,9999
2023-09-19T16:38:33,0,9999,0,9999
2023-09-19T16:51:32,0,9999,0,9999
2023-09-19T17:04:31,0,9999,0,9999
2023-09-19T17:17:32,0,9999,0,9999
2023-09-19T17:30:32,0,9999,0,9999
2023-09-19T17:43:32,0,9999,0,9999
2023-09-19T17:56:52,0,9999,0,9999
2023-09-19T18:09:51,0,9999,0,9999
2023-09-19T18:22:51,0,9999,0,9999
2023-09-19T18:35:50,0,9999,0,9999
2023-09-19T18:48:51,0,9999,0,9999
2023-09-19T19:01:50,0,9999,0,9999
2023-09-19T19:15:00,0,9999,0,9999
2023-09-19T19:28:01,0,9999,0,9999
2023-09-19T19:41:02,0,9999,0,9999
2023-09-19T19:54:02,0,9999,0,9999
2023-09-19T20:07:02,0,9999,0,9999
2023-09-19T20:20:03,0,9999,0,9999
2023-09-19T20:33:04,0,9999,0,9999
2023-09-19T20:46:23,0,9999,0,9999
2023-09-19T20:59:23,0,9999,0,9999
2023-09-19T21:12:23,0,9999,0,9999
2023-09-19T21:25:24,0,9999,0,9999
2023-09-19T21:38:23,0,9999,0,9999
2023-09-19T21:51:23,0,9999,0,9999
2023-09-19T22:04:33,0,9999,0,9999
2023-09-19T22:17:33,0,9999,0,9999
2023-09-19T22:30:33,0,9999,0,9999
2023-09-19T22:43:32,0,9999,0,9999
2023-09-19T22:56:31,0,9999,0,9999
2023-09-19T23:09:32,0,9999,0,9999
2023-09-19T23:22:32,0,9999,0,9999
2023-09-19T23:35:52,0,9999,0,9999
2023-09-19T23:48:53,0,9999,0,9999
2023-09-20T00:01:54,0,9999,0,9999
2023-09-20T00:14:57,0,9999,0,9999
2023-09-20T00:28:00,0,9999,0,9999
2023-09-20T00:41:07,0,9999,0,9999
2023-09-20T00:54:12,0,9999,0,9999
2023-09-20T01:07:16,0,9999,0,9999
2023-09-20T01:20:22,0,9999,0,9999
2023-09-20T01:33:27,0,9999,0,9999
2023-09-20T01:46:32,0,9999,0,9999
2023-09-20T01:59:49,0,9999,0,9999
2023-09-20T02:12:54,0,9999,0,9999
2023-09-20T02:25:57,0,9999,0,9999
2023-09-20T02:39:01,0,9999,0,9999
2023-09-20T02:52:03,0,9999,0,9999
2023-09-20T03:05:04,0,9999,0,9999
2023-09-20T03:18:11,0,9999,0,9999
2023-09-20T03:31:54,0,9999,0,9999
2023-09-20T03:44:58,0,9999,0,9999
2023-09-20T03:58:12,0,9999,0,9999
2023-09-20T04:13:47,0,9999,0,9999
2023-09-20T04:35:57,0,9999,0,9999
2023-09-20T04:49:01,0,9999,0,9999
2023-09-20T05:02:07,0,9999,0,9999
2023-09-20T05:15:22,0,9999,0,9999
2023-09-20T05:28:26,0,9999,0,9999
2023-09-20T05:41:39,0,9999,0,9999
2023-09-20T05:54:46,0,9999,0,9999
2023-09-20T06:07:51,0,9999,0,9999
2023-09-20T06:20:55,0,9999,0,9999
2023-09-20T06:33:59,0,9999,0,9999
2023-09-20T06:47:02,0,9999,0,9999
2023-09-20T07:00:05,0,9999,0,9999
2023-09-20T07:13:09,0,9999,0,9999
2023-09-20T07:26:11,0,9999,0,9999
2023-09-20T07:39:13,0,9999,0,9999
2023-09-20T07:52:16,0,9999,0,9999
2023-09-20T08:05:18,0,9999,0,9999
2023-09-20T08:18:20,0,9999,0,9999
2023-09-20T08:31:30,0,9999,0,9999
2023-09-20T08:44:30,0,9999,0,9999
2023-09-20T08:57:30,0,9999,0,9999
2023-09-20T09:10:29,0,9999,0,9999
2023-09-20T09:23:34,0,9999,0,9999
2023-09-20T09:36:34,0,9999,0,9999
2023-09-20T09:49:34,0,9999,0,9999
2023-09-20T10:02:33,0,9999,0,9999
2023-09-20T10:15:42,0,9999,0,9999
2023-09-20T10:28:43,0,9999,0,9999
2023-09-20T10:41:43,0,9999,0,9999
2023-09-20T10:54:42,0,9999,0,9999
2023-09-20T11:07:43,0,9999,0,9999
2023-09-20T11:20:43,0,9999,0,9999
2023-09-20T11:33:52,0,9999,0,9999
2023-09-20T11:46:53,0,9999,0,9999
2023-09-20T11:59:53,0,9999,0,9999
2023-09-20T12:12:53,0,9999,0,9999
2023-09-20T12:25:53,0,9999,0,9999
2023-09-20T12:38:53,0,9999,0,9999
2023-09-20T12:52:04,0,9999,0,9999
2023-09-20T13:05:04,0,9999,0,9999
2023-09-20T13:18:03,0,9999,0,9999
2023-09-20T13:31:02,0,9999,0,9999
2023-09-20T13:44:03,0,9999,0,9999
2023-09-20T13:57:04,0,9999,0,9999
2023-09-20T14:10:15,0,9999,0,9999
2023-09-20T14:23:16,0,9999,0,9999
2023-09-20T14:36:16,0,9999,0,9999
2023-09-20T14:49:17,0,9999,0,9999
2023-09-20T15:02:18,0,9999,0,9999
2023-09-20T15:15:20,0,9999,0,9999
2023-09-20T15:28:20,0,9999,0,9999
2023-09-20T15:41:31,0,9999,0,9999
2023-09-20T15:54:31,0,9999,0,9999
2023-09-20T16:07:31,0,9999,0,9999
2023-09-20T16:20:31,0,9999,0,9999
2023-09-20T16:33:32,0,9999,0,9999
2023-09-20T16:46:32,0,9999,0,9999
2023-09-20T16:59:32,0,9999,0,9999
2023-09-20T17:12:45,0,9999,0,9999
2023-09-20T17:25:47,0,9999,0,9999
2023-09-20T17:38:46,0,9999,0,9999
2023-09-20T17:51:47,0,9999,0,9999
2023-09-20T18:04:48,0,9999,0,9999
2023-09-20T18:17:48,0,9999,0,9999
2023-09-20T18:30:57,0,9999,0,9999
2023-09-20T18:43:58,0,9999,0,9999
2023-09-20T18:56:58,0,9999,0,9999
2023-09-20T19:09:58,0,9999,0,9999
2023-09-20T19:22:59,0,9999,0,9999
2023-09-20T19:36:00,0,9999,0,9999
2023-09-20T19:49:01,0,9999,0,9999
2023-09-20T20:02:01,0,9999,0,9999
2023-09-20T20:15:13,0,9999,0,9999
2023-09-20T20:28:13,0,9999,0,9999
2023-09-20T20:41:13,0,9999,0,9999
2023-09-20T20:54:13,0,9999,0,9999
2023-09-20T21:07:13,0,9999,0,9999
2023-09-20T21:20:13,0,9999,0,9999
2023-09-20T21:33:25,0,9999,0,9999
2023-09-20T21:46:25,0,9999,0,9999
2023-09-20T21:59:25,0,9999,0,9999
2023-09-20T22:12:26,0,9999,0,9999
2023-09-20T22:25:26,0,9999,0,9999
2023-09-20T22:38:27,0,9999,0,9999
2023-09-20T22:51:38,0,9999,0,9999
2023-09-20T23:04:38,0,9999,0,9999
2023-09-20T23:17:39,0,9999,0,9999
2023-09-20T23:30:39,0,9999,0,9999
2023-09-20T23:43:39,0,9999,0,9999
2023-09-20T23:56:40,0,9999,0,9999
2023-09-21T00:09:42,0,9999,0,9999
2023-09-21T00:22:49,0,9999,0,9999
2023-09-21T00:35:54,0,9999,0,9999
2023-09-21T00:48:59,0,9999,0,9999
2023-09-21T01:02:15,0,9999,0,9999
2023-09-21T01:15:19,0,9999,0,9999
2023-09-21T01:28:23,0,9999,0,9999
2023-09-21T01:41:27,0,9999,0,9999
2023-09-21T01:54:31,0,9999,0,9999
2023-09-21T02:07:36,0,9999,0,9999
2023-09-21T02:20:39,0,9999,0,9999
2023-09-21T02:33:42,0,9999,0,9999
2023-09-21T02:46:45,0,9999,0,9999
2023-09-21T02:59:46,0,9999,0,9999
2023-09-21T03:12:48,0,9999,0,9999
2023-09-21T03:25:53,0,9999,0,9999
2023-09-21T03:38:56,0,9999,0,9999
2023-09-21T03:52:01,0,9999,0,9999
2023-09-21T04:05:07,0,9999,0,9999
2023-09-21T04:34:30,0,9999,0,9999
2023-09-21T04:48:57,0,9999,0,9999
2023-09-21T05:02:19,0,9999,0,9999
2023-09-21T05:15:26,0,9999,0,9999
2023-09-21T05:28:30,0,9999,0,9999
2023-09-21T05:41:33,0,9999,0,9999
2023-09-21T05:54:37,0,9999,0,9999
2023-09-21T06:07:40,0,9999,0,9999
2023-09-21T06:20:45,0,9999,0,9999
2023-09-21T06:33:52,0,9999,0,9999
2023-09-21T06:46:57,0,9999,0,9999
2023-09-21T07:00:00,0,9999,0,9999
2023-09-21T07:13:04,0,9999,0,9999
2023-09-21T07:26:08,0,9999,0,9999
2023-09-21T07:39:11,0,9999,0,9999
2023-09-21T07:52:14,0,9999,0,9999
2023-09-21T08:05:19,0,9999,0,9999
2023-09-21T08:18:24,0,9999,0,9999
2023-09-21T08:31:43,0,9999,0,9999
2023-09-21T08:44:45,0,9999,0,9999
2023-09-21T08:57:47,0,9999,0,9999
2023-09-21T09:10:50,0,9999,0,9999
2023-09-21T09:23:51,0,9999,0,9999
2023-09-21T09:36:50,0,9999,0,9999
2023-09-21T09:49:50,0,9999,0,9999
2023-09-21T10:02:51,0,9999,0,9999
2023-09-21T10:15:51,0,9999,0,9999
2023-09-21T10:29:02,0,9999,0,9999
2023-09-21T10:42:02,0,9999,0,9999
2023-09-21T10:55:03,0,9999,0,9999
2023-09-21T11:08:03,0,9999,0,9999
2023-09-21T11:21:03,0,9999,0,9999
2023-09-21T11:34:03,0,9999,0,9999
2023-09-21T11:47:23,0,9999,0,9999
2023-09-21T12:00:24,0,9999,0,9999
2023-09-21T12:13:25,0,9999,0,9999
2023-09-21T12:26:25,0,9999,0,9999
2023-09-21T12:39:26,0,9999,0,9999
2023-09-21T12:52:27,0,9999,0,9999
2023-09-21T13:05:38,0,9999,0,9999
2023-09-21T13:18:38,0,9999,0,9999
2023-09-21T13:31:41,0,9999,0,9999
2023-09-21T13:44:42,0,9999,0,9999
2023-09-21T13:57:42,0,9999,0,9999
2023-09-21T14:10:43,0,9999,0,9999
2023-09-21T14:23:54,0,9999,0,9999
2023-09-21T14:36:55,0,9999,0,9999
2023-09-21T14:49:56,0,9999,0,9999
2023-09-21T15:02:57,0,9999,0,9999
2023-09-21T15:15:58,0,9999,0,9999
2023-09-21T15:28:59,0,9999,0,9999
2023-09-21T15:42:12,0,9999,0,9999
2023-09-21T15:55:13,0,9999,0,9999
2023-09-21T16:08:14,0,9999,0,9999
2023-09-21T16:21:16,0,9999,0,9999
2023-09-21T16:34:17,0,9999,0,9999
2023-09-21T16:47:29,0,9999,0,9999
2023-09-21T17:00:30,0,9999,0,9999
2023-09-21T17:13:32,0,9999,0,9999
2023-09-21T17:26:33,0,9999,0,9999
2023-09-21T17:39:34,0,9999,0,9999
2023-09-21T17:52:34,0,9999,0,9999
2023-09-21T18:05:35,0,9999,0,9999
2023-09-21T18:18:37,0,9999,0,9999
2023-09-21T18:31:49,0,9999,0,9999
2023-09-21T18:44:50,0,9999,0,9999
2023-09-21T18:57:50,0,9999,0,9999
2023-09-21T19:10:52,0,9999,0,9999
2023-09-21T19:23:53,0,9999,0,9999
2023-09-21T19:36:54,0,9999,0,9999
2023-09-21T19:49:54,0,9999,0,9999
2023-09-21T20:03:14,0,9999,0,9999
2023-09-21T20:16:15,0,9999,0,9999
2023-09-21T20:29:16,0,9999,0,9999
2023-09-21T20:42:17,0,9999,0,9999
2023-09-21T20:55:17,0,9999,0,9999
2023-09-21T21:08:17,0,9999,0,9999
2023-09-21T21:21:20,0,9999,0,9999
2023-09-21T21:34:33,0,9999,0,9999
2023-09-21T21:47:33,0,9999,0,9999
2023-09-21T22:00:34,0,9999,0,9999
2023-09-21T22:13:35,0,9999,0,9999
2023-09-21T22:26:36,0,9999,0,9999
2023-09-21T22:39:37,0,9999,0,9999
2023-09-21T22:52:36,0,9999,0,9999
2023-09-21T23:05:57,0,9999,0,9999
2023-09-21T23:18:59,0,9999,0,9999
2023-09-21T23:32:00,0,9999,0,9999
2023-09-21T23:45:02,0,9999,0,9999
2023-09-21T23:58:04,0,9999,0,9999
2023-09-22T00:11:07,0,9999,0,9999
2023-09-22T00:24:13,0,9999,0,9999
2023-09-22T00:37:19,0,9999,0,9999
2023-09-22T00:50:24,0,9999,0,9999
2023-09-22T01:03:30,0,9999,0,9999
2023-09-22T01:16:47,0,9999,0,9999
2023-09-22T01:29:52,0,9999,0,9999
2023-09-22T01:43:00,0,9999,0,9999
2023-09-22T01:56:04,0,9999,0,9999
2023-09-22T02:09:14,0,9999,0,9999
2023-09-22T02:22:16,0,9999,0,9999
2023-09-22T02:35:20,0,9999,0,9999
2023-09-22T02:48:24,0,9999,0,9999
2023-09-22T03:01:27,0,9999,0,9999
2023-09-22T03:14:32,0,9999,0,9999
2023-09-22T03:27:39,0,9999,0,9999
2023-09-22T03:41:04,0,9999,0,9999
2023-09-22T03:54:09,0,9999,0,9999
2023-09-22T04:07:14,0,9999,0,9999
2023-09-22T07:12:31,0,9999,0,9999
2023-09-22T07:25:35,0,9999,0,9999
2023-09-22T07:38:42,0,9999,0,9999
2023-09-22T07:51:46,0,9999,0,9999
2023-09-22T08:04:49,0,9999,0,9999
2023-09-22T08:18:00,0,9999,0,9999
2023-09-22T08:31:03,0,9999,0,9999
2023-09-22T08:44:05,0,9999,0,9999
2023-09-22T08:57:08,0,9999,0,9999
2023-09-22T09:10:10,0,9999,0,9999
2023-09-22T09:23:12,0,9999,0,9999
2023-09-22T09:36:15,0,9999,0,9999
2023-09-22T09:49:17,0,9999,0,9999
2023-09-22T10:02:18,0,9999,0,9999
2023-09-22T10:15:32,0,9999,0,9999
2023-09-22T10:28:34,0,9999,0,9999
2023-09-22T10:41:36,0,9999,0,9999
2023-09-22T10:54:38,0,9999,0,9999
2023-09-22T11:07:39,0,9999,0,9999
2023-09-22T11:20:41,0,9999,0,9999
2023-09-22T11:33:53,0,9999,0,9999
2023-09-22T11:46:54,0,9999,0,9999
2023-09-22T11:59:55,0,9999,0,9999
2023-09-22T12:12:57,0,9999,0,9999
2023-09-22T12:25:59,0,9999,0,9999
2023-09-22T12:39:21,0,9999,0,9999
2023-09-22T12:52:22,0,9999,0,9999
2023-09-22T13:05:24,0,9999,0,9999
2023-09-22T13:18:26,0,9999,0,9999
2023-09-22T13:31:27,0,9999,0,9999
2023-09-22T13:44:28,0,9999,0,9999
2023-09-22T13:57:31,0,9999,0,9999
2023-09-22T14:10:44,0,9999,0,9999
2023-09-22T14:23:49,0,9999,0,9999
2023-09-22T14:36:55,0,9999,0,9999
2023-09-22T14:49:58,0,9999,0,9999
2023-09-22T15:03:02,0,9999,0,9999
2023-09-22T15:16:07,0,9999,0,9999
2023-09-22T15:29:12,0,9999,0,9999
2023-09-22T15:42:25,0,9999,0,9999
2023-09-22T15:55:27,0,9999,0,9999
2023-09-22T16:08:28,0,9999,0,9999
2023-09-22T16:21:29,0,9999,0,9999
2023-09-22T16:34:30,0,9999,0,9999
2023-09-22T16:47:50,0,9999,0,9999
2023-09-22T17:00:51,0,9999,0,9999
2023-09-22T17:13:53,0,9999,0,9999
2023-09-22T17:26:54,0,9999,0,9999
2023-09-22T17:39:55,0,9999,0,9999
2023-09-22T17:52:56,0,9999,0,9999
2023-09-22T18:05:57,0,9999,0,9999
2023-09-22T18:19:08,0,9999,0,9999
2023-09-22T18:32:11,0,9999,0,9999
2023-09-22T18:45:12,0,9999,0,9999
2023-09-22T18:58:14,0,9999,0,9999
2023-09-22T19:11:16,0,9999,0,9999
2023-09-22T19:24:18,0,9999,0,9999
2023-09-22T19:37:29,0,9999,0,9999
2023-09-22T19:50:30,0,9999,0,9999
2023-09-22T20:03:31,0,9999,0,9999
2023-09-22T20:16:33,0,9999,0,9999
2023-09-22T20:29:34,0,9999,0,9999
2023-09-22T20:42:35,0,9999,0,9999
2023-09-22T21:02:29,0,9999,0,9999
2023-09-22T21:15:31,0,9999,0,9999
2023-09-22T21:28:31,0,9999,0,9999
2023-09-22T21:41:31,0,9999,0,9999
2023-09-22T21:54:32,0,9999,0,9999
2023-09-22T22:07:34,0,9999,0,9999
2023-09-22T22:20:45,0,9999,0,9999
2023-09-22T22:33:46,0,9999,0,9999
2023-09-22T22:46:46,0,9999,0,9999
2023-09-22T22:59:46,0,9999,0,9999
2023-09-22T23:12:50,0,9999,0,9999
2023-09-22T23:25:51,0,9999,0,9999
2023-09-22T23:38:52,0,9999,0,9999
2023-09-22T23:51:54,0,9999,0,9999
2023-09-23T00:04:58,0,9999,0,9999
2023-09-23T00:18:06,0,9999,0,9999
2023-09-23T00:31:21,0,9999,0,9999
2023-09-23T00:44:27,0,9999,0,9999
2023-09-23T01:05:48,0,9999,0,9999
2023-09-23T01:18:54,0,9999,0,9999
2023-09-23T01:32:01,0,9999,0,9999
2023-09-23T01:45:07,0,9999,0,9999
2023-09-23T01:58:15,0,9999,0,9999
2023-09-23T02:11:20,0,9999,0,9999
2023-09-23T02:24:24,0,9999,0,9999
2023-09-23T02:37:29,0,9999,0,9999
2023-09-23T02:50:32,0,9999,0,9999
2023-09-23T03:03:35,0,9999,0,9999
2023-09-23T03:16:39,0,9999,0,9999
2023-09-23T03:29:43,0,9999,0,9999
2023-09-23T03:42:48,0,9999,0,9999
2023-09-23T03:56:25,0,9999,0,9999
2023-09-23T04:29:15,0,9999,0,9999
2023-09-23T04:42:23,0,9999,0,9999
2023-09-23T04:55:30,0,9999,0,9999
2023-09-23T05:08:37,0,9999,0,9999
2023-09-23T05:21:43,0,9999,0,9999
2023-09-23T05:34:49,0,9999,0,9999
2023-09-23T05:47:55,0,9999,0,9999
2023-09-23T06:01:00,0,9999,0,9999
2023-09-23T06:14:07,0,9999,0,9999
2023-09-23T06:27:12,0,9999,0,9999
2023-09-23T06:40:17,0,9999,0,9999
2023-09-23T06:53:22,0,9999,0,9999
2023-09-23T07:06:27,0,9999,0,9999
2023-09-23T07:19:32,0,9999,0,9999
2023-09-23T07:32:36,0,9999,0,9999
2023-09-23T07:45:40,0,9999,0,9999
2023-09-23T07:58:44,0,9999,0,9999
2023-09-23T08:11:57,0,9999,0,9999
2023-09-23T08:25:01,0,9999,0,9999
2023-09-23T08:38:07,0,9999,0,9999
2023-09-23T08:51:11,0,9999,0,9999
2023-09-23T09:04:15,0,9999,0,9999
2023-09-23T09:17:19,0,9999,0,9999
2023-09-23T09:30:22,0,9999,0,9999
2023-09-23T09:43:25,0,9999,0,9999
2023-09-23T09:56:28,0,9999,0,9999
2023-09-23T10:09:30,0,9999,0,9999
2023-09-23T10:22:33,0,9999,0,9999
2023-09-23T10:35:36,0,9999,0,9999
2023-09-23T10:48:49,0,9999,0,9999
2023-09-23T11:01:50,0,9999,0,9999
2023-09-23T11:14:51,0,9999,0,9999
2023-09-23T11:27:52,0,9999,0,9999
2023-09-23T11:40:53,0,9999,0,9999
2023-09-23T11:53:55,0,9999,0,9999
2023-09-23T12:06:56,0,9999,0,9999
2023-09-23T12:19:59,0,9999,0,9999
2023-09-23T12:33:10,0,9999,0,9999
2023-09-23T12:46:11,0,9999,0,9999
2023-09-23T12:59:12,0,9999,0,9999
2023-09-23T13:12:13,0,9999,0,9999
2023-09-23T13:25:14,0,9999,0,9999
2023-09-23T13:38:14,0,9999,0,9999
2023-09-23T13:51:15,0,9999,0,9999
2023-09-23T14:04:16,0,9999,0,9999
2023-09-23T14:17:27,0,9999,0,9999
2023-09-23T14:30:28,0,9999,0,9999
2023-09-23T14:43:34,0,9999,0,9999
2023-09-23T14:56:36,0,9999,0,9999
2023-09-23T15:09:36,0,9999,0,9999
2023-09-23T15:22:38,0,9999,0,9999
2023-09-23T15:35:39,0,9999,0,9999
2023-09-23T15:48:49,0,9999,0,9999
2023-09-23T16:01:50,0,9999,0,9999
2023-09-23T16:14:50,0,9999,0,9999
2023-09-23T16:27:51,0,9999,0,9999
2023-09-23T16:40:52,0,9999,0,9999
2023-09-23T16:53:53,0,9999,0,9999
2023-09-23T17:06:54,0,9999,0,9999
2023-09-23T17:19:56,0,9999,0,9999
2023-09-23T17:32:57,0,9999,0,9999
2023-09-23T17:45:58,0,9999,0,9999
2023-09-23T17:59:09,0,9999,0,9999
2023-09-23T18:12:10,0,9999,0,9999
2023-09-23T18:25:11,0,9999,0,9999
2023-09-23T18:38:11,0,9999,0,9999
2023-09-23T18:51:12,0,9999,0,9999
2023-09-23T19:04:14,0,9999,0,9999
2023-09-23T19:17:15,0,9999,0,9999
2023-09-23T19:30:16,0,9999,0,9999
2023-09-23T19:43:17,0,9999,0,9999
2023-09-23T19:56:28,0,9999,0,9999
2023-09-23T20:09:29,0,9999,0,9999
2023-09-23T20:22:30,0,9999,0,9999
2023-09-23T20:35:30,0,9999,0,9999
2023-09-23T20:48:31,0,9999,0,9999
2023-09-23T21:01:33,0,9999,0,9999
2023-09-23T21:14:34,0,9999,0,9999
2023-09-23T21:27:35,0,9999,0,9999
2023-09-23T21:40:36,0,9999,0,9999
2023-09-23T21:53:37,0,9999,0,9999
2023-09-23T22:06:48,0,9999,0,9999
2023-09-23T22:19:48,0,9999,0,9999
2023-09-23T22:32:49,0,9999,0,9999
2023-09-23T22:45:50,0,9999,0,9999
2023-09-23T22:58:50,0,9999,0,9999
2023-09-23T23:11:52,0,9999,0,9999
2023-09-23T23:24:53,0,9999,0,9999
2023-09-23T23:37:54,0,9999,0,9999
2023-09-23T23:50:55,0,9999,0,9999
2023-09-24T00:04:06,0,9999,0,9999
2023-09-24T00:17:12,0,9999,0,9999
2023-09-24T00:30:15,0,9999,0,9999
2023-09-24T00:43:18,0,9999,0,9999
2023-09-24T00:56:19,0,9999,0,9999
2023-09-24T01:09:20,0,9999,0,9999
2023-09-24T01:22:20,0,9999,0,9999
2023-09-24T01:35:21,0,9999,0,9999
2023-09-24T01:48:22,0,9999,0,9999
2023-09-24T02:01:25,0,9999,0,9999
2023-09-24T02:14:26,0,9999,0,9999
2023-09-24T02:27:27,0,9999,0,9999
2023-09-24T02:40:31,0,9999,0,9999
2023-09-24T02:53:33,0,9999,0,9999
2023-09-24T03:06:34,0,9999,0,9999
2023-09-24T03:19:35,0,9999,0,9999
2023-09-24T03:32:38,0,9999,0,9999
2023-09-24T03:45:51,0,9999,0,9999
2023-09-24T03:59:15,0,9999,0,9999
2023-09-24T04:29:58,0,9999,0,9999
2023-09-24T04:43:07,0,9999,0,9999
2023-09-24T04:56:14,0,9999,0,9999
2023-09-24T05:09:22,0,9999,0,9999
2023-09-24T05:22:28,0,9999,0,9999
2023-09-24T05:35:34,0,9999,0,9999
2023-09-24T05:48:41,0,9999,0,9999
2023-09-24T06:01:48,0,9999,0,9999
2023-09-24T06:14:54,0,9999,0,9999
2023-09-24T06:27:59,0,9999,0,9999
2023-09-24T06:41:04,0,9999,0,9999
2023-09-24T06:54:09,0,9999,0,9999
2023-09-24T07:07:32,0,9999,0,9999
2023-09-24T07:20:37,0,9999,0,9999
2023-09-24T07:33:41,0,9999,0,9999
2023-09-24T07:46:44,0,9999,0,9999
2023-09-24T07:59:48,0,9999,0,9999
2023-09-24T08:12:54,0,9999,0,9999
2023-09-24T08:25:57,0,9999,0,9999
2023-09-24T08:39:01,0,9999,0,9999
2023-09-24T08:52:08,0,9999,0,9999
2023-09-24T09:05:12,0,9999,0,9999
2023-09-24T09:18:17,0,9999,0,9999
2023-09-24T09:31:31,0,9999,0,9999
2023-09-24T09:44:38,0,9999,0,9999
2023-09-24T09:57:43,0,9999,0,9999
2023-09-24T10:10:47,0,9999,0,9999
2023-09-24T10:23:56,0,9999,0,9999
2023-09-24T10:37:04,0,9999,0,9999
2023-09-24T10:50:13,0,9999,0,9999
2023-09-24T11:03:21,0,9999,0,9999
2023-09-24T11:16:26,0,9999,0,9999
2023-09-24T11:29:37,0,9999,0,9999
2023-09-24T11:42:40,0,9999,0,9999
2023-09-24T11:55:41,0,9999,0,9999
2023-09-24T12:08:43,0,9999,0,9999
2023-09-24T12:21:45,0,9999,0,9999
2023-09-24T12:34:46,0,9999,0,9999
2023-09-24T12:47:47,0,9999,0,9999
2023-09-24T13:00:58,0,9999,0,9999
2023-09-24T13:13:59,0,9999,0,9999
2023-09-24T13:26:59,0,9999,0,9999
2023-09-24T13:40:00,0,9999,0,9999
2023-09-24T13:53:01,0,9999,0,9999
2023-09-24T14:06:02,0,9999,0,9999
2023-09-24T14:19:03,0,9999,0,9999
2023-09-24T14:32:14,0,9999,0,9999
2023-09-24T14:45:15,0,9999,0,9999
2023-09-24T14:58:16,0,9999,0,9999
2023-09-24T15:11:17,0,9999,0,9999
2023-09-24T15:24:18,0,9999,0,9999
2023-09-24T15:37:19,0,9999,0,9999
2023-09-24T15:50:21,0,9999,0,9999
2023-09-24T16:03:21,0,9999,0,9999
2023-09-24T16:16:32,0,9999,0,9999
2023-09-24T16:29:34,0,9999,0,9999
2023-09-24T16:42:36,0,9999,0,9999
2023-09-24T16:55:37,0,9999,0,9999
2023-09-24T17:08:37,0,9999,0,9999
2023-09-24T17:21:38,0,9999,0,9999
2023-09-24T17:34:49,0,9999,0,9999
2023-09-24T17:47:50,0,9999,0,9999
2023-09-24T18:00:51,0,9999,0,9999
2023-09-24T18:13:52,0,9999,0,9999
2023-09-24T18:26:53,0,9999,0,9999
2023-09-24T18:40:03,0,9999,0,9999
2023-09-24T18:53:04,0,9999,0,9999
2023-09-24T19:06:07,0,9999,0,9999
2023-09-24T19:19:09,0,9999,0,9999
2023-09-24T19:32:10,0,9999,0,9999
2023-09-24T19:45:11,0,9999,0,9999
2023-09-24T19:58:12,0,9999,0,9999
2023-09-24T20:11:23,0,9999,0,9999
2023-09-24T20:24:24,0,9999,0,9999
2023-09-24T20:37:24,0,9999,0,9999
2023-09-24T20:50:25,0,9999,0,9999
2023-09-24T21:03:25,0,9999,0,9999
2023-09-24T21:16:26,0,9999,0,9999
2023-09-24T21:29:28,0,9999,0,9999
2023-09-24T21:42:40,0,9999,0,9999
2023-09-24T21:55:41,0,9999,0,9999
2023-09-24T22:08:44,0,9999,0,9999
2023-09-24T22:21:45,0,9999,0,9999
2023-09-24T22:34:46,0,9999,0,9999
2023-09-24T22:47:47,0,9999,0,9999
2023-09-24T23:00:58,0,9999,0,9999
2023-09-24T23:13:59,0,9999,0,9999
2023-09-24T23:27:01,0,9999,0,9999
2023-09-24T23:40:04,0,9999,0,9999
2023-09-24T23:53:06,0,9999,0,9999
2023-09-25T00:06:08,0,9999,0,9999
2023-09-25T00:19:20,0,9999,0,9999
2023-09-25T00:32:48,0,9999,0,9999
2023-09-25T00:45:58,0,9999,0,9999
2023-09-25T00:59:02,0,9999,0,9999
2023-09-25T01:12:09,0,9999,0,9999
2023-09-25T01:25:18,0,9999,0,9999
2023-09-25T01:38:25,0,9999,0,9999
2023-09-25T01:51:33,0,9999,0,9999
2023-09-25T02:04:51,0,9999,0,9999
2023-09-25T02:17:57,0,9999,0,9999
2023-09-25T02:31:02,0,9999,0,9999
2023-09-25T02:44:06,0,9999,0,9999
2023-09-25T02:57:09,0,9999,0,9999
2023-09-25T03:10:13,0,9999,0,9999
2023-09-25T03:23:28,0,9999,0,9999
2023-09-25T03:36:33,0,9999,0,9999
2023-09-25T03:49:38,0,9999,0,9999
2023-09-25T04:02:43,0,9999,0,9999
2023-09-25T04:29:50,0,9999,0,9999
2023-09-25T04:42:57,0,9999,0,9999
2023-09-25T04:57:49,0,9999,0,9999
2023-09-25T05:11:06,0,9999,0,9999
2023-09-25T05:24:22,0,9999,0,9999
2023-09-25T05:37:27,0,9999,0,9999
2023-09-25T05:50:33,0,9999,0,9999
2023-09-25T06:03:39,0,9999,0,9999
2023-09-25T06:16:52,0,9999,0,9999
2023-09-25T06:29:57,0,9999,0,9999
2023-09-25T06:43:03,0,9999,0,9999
2023-09-25T06:56:07,0,9999,0,9999
2023-09-25T07:09:13,0,9999,0,9999
2023-09-25T07:22:16,0,9999,0,9999
2023-09-25T07:35:18,0,9999,0,9999
2023-09-25T07:48:19,0,9999,0,9999
2023-09-25T08:01:20,0,9999,0,9999
2023-09-25T08:14:30,0,9999,0,9999
2023-09-25T08:27:31,0,9999,0,9999
2023-09-25T08:40:32,0,9999,0,9999
2023-09-25T08:53:33,0,9999,0,9999
2023-09-25T09:06:48,0,9999,0,9999
2023-09-25T09:19:49,0,9999,0,9999
2023-09-25T09:32:55,0,9999,0,9999
2023-09-25T09:45:56,0,9999,0,9999
2023-09-25T09:58:57,0,9999,0,9999
2023-09-25T10:12:09,0,9999,0,9999
2023-09-25T10:25:10,0,9999,0,9999
2023-09-25T10:38:11,0,9999,0,9999
2023-09-25T10:51:12,0,9999,0,9999
2023-09-25T11:04:24,0,9999,0,9999
2023-09-25T11:17:27,0,9999,0,9999
2023-09-25T11:30:28,0,9999,0,9999
2023-09-25T11:43:39,0,9999,0,9999
2023-09-25T11:56:40,0,9999,0,9999
2023-09-25T12:09:41,0,9999,0,9999
2023-09-25T12:22:42,0,9999,0,9999
2023-09-25T12:35:54,0,9999,0,9999
2023-09-25T12:48:55,0,9999,0,9999
2023-09-25T13:01:57,0,9999,0,9999
2023-09-25T13:14:58,0,9999,0,9999
2023-09-25T13:27:59,0,9999,0,9999
2023-09-25T13:41:11,0,9999,0,9999
2023-09-25T13:54:12,0,9999,0,9999
2023-09-25T14:07:15,0,9999,0,9999
2023-09-25T14:20:17,0,9999,0,9999
2023-09-25T14:33:29,0,9999,0,9999
2023-09-25T14:46:31,0,9999,0,9999
2023-09-25T14:59:33,0,9999,0,9999
2023-09-25T15:12:34,0,9999,0,9999
2023-09-25T15:25:47,0,9999,0,9999
2023-09-25T15:38:49,0,9999,0,9999
2023-09-25T15:51:50,0,9999,0,9999
2023-09-25T16:04:52,0,9999,0,9999
2023-09-25T16:18:04,0,9999,0,9999
2023-09-25T16:31:05,0,9999,0,9999
2023-09-25T16:44:07,0,9999,0,9999
2023-09-25T16:57:08,0,9999,0,9999
2023-09-25T17:10:23,0,9999,0,9999
2023-09-25T17:23:25,0,9999,0,9999
2023-09-25T17:36:27,0,9999,0,9999
2023-09-25T17:49:28,0,9999,0,9999
2023-09-25T18:02:39,0,9999,0,9999
2023-09-25T18:15:41,0,9999,0,9999
2023-09-25T18:28:42,0,9999,0,9999
2023-09-25T18:41:43,0,9999,0,9999
2023-09-25T18:54:44,0,9999,0,9999
2023-09-25T19:07:57,0,9999,0,9999
2023-09-25T19:20:58,0,9999,0,9999
2023-09-25T19:34:00,0,9999,0,9999
2023-09-25T19:47:01,0,9999,0,9999
2023-09-25T20:00:02,0,9999,0,9999
2023-09-25T20:13:14,0,9999,0,9999
2023-09-25T20:26:15,0,9999,0,9999
2023-09-25T20:39:16,0,9999,0,9999
2023-09-25T20:52:17,0,9999,0,9999
2023-09-25T21:05:18,0,9999,0,9999
2023-09-25T21:18:30,0,9999,0,9999
2023-09-25T21:31:31,0,9999,0,9999
2023-09-25T21:44:33,0,9999,0,9999
2023-09-25T21:57:34,0,9999,0,9999
2023-09-25T22:10:35,0,9999,0,9999
2023-09-25T22:23:47,0,9999,0,9999
2023-09-25T22:36:48,0,9999,0,9999
2023-09-25T22:49:49,0,9999,0,9999
2023-09-25T23:02:51,0,9999,0,9999
2023-09-25T23:15:53,0,9999,0,9999
2023-09-25T23:29:05,0,9999,0,9999
2023-09-25T23:42:08,0,9999,0,9999
2023-09-25T23:55:10,0,9999,0,9999
2023-09-26T00:08:12,0,9999,0,9999
2023-09-26T00:21:20,0,9999,0,9999
2023-09-26T00:34:25,0,9999,0,9999
2023-09-26T00:47:45,0,9999,0,9999
2023-09-26T01:00:53,0,9999,0,9999
2023-09-26T01:13:58,0,9999,0,9999
2023-09-26T01:27:04,0,9999,0,9999
2023-09-26T01:40:10,0,9999,0,9999
2023-09-26T01:53:17,0,9999,0,9999
2023-09-26T02:06:22,0,9999,0,9999
2023-09-26T02:19:26,0,9999,0,9999
2023-09-26T02:32:30,0,9999,0,9999
2023-09-26T02:45:33,0,9999,0,9999
2023-09-26T02:58:36,0,9999,0,9999
2023-09-26T03:11:40,0,9999,0,9999
2023-09-26T03:24:45,0,9999,0,9999
2023-09-26T03:37:52,0,9999,0,9999
2023-09-26T03:51:10,0,9999,0,9999
2023-09-26T04:04:16,0,9999,0,9999
2023-09-26T04:32:13,0,9999,0,9999
2023-09-26T04:45:21,0,9999,0,9999
2023-09-26T04:58:29,0,9999,0,9999
2023-09-26T05:11:37,0,9999,0,9999
2023-09-26T05:24:44,0,9999,0,9999
2023-09-26T05:37:51,0,9999,0,9999
2023-09-26T05:51:01,0,9999,0,9999
2023-09-26T06:04:10,0,9999,0,9999
2023-09-26T06:17:16,0,9999,0,9999
2023-09-26T06:30:22,0,9999,0,9999
2023-09-26T06:43:27,0,9999,0,9999
2023-09-26T06:56:32,0,9999,0,9999
2023-09-26T07:09:40,0,9999,0,9999
2023-09-26T07:22:44,0,9999,0,9999
2023-09-26T07:35:47,0,9999,0,9999
2023-09-26T07:48:50,0,9999,0,9999
2023-09-26T08:01:54,0,9999,0,9999
2023-09-26T08:14:58,0,9999,0,9999
2023-09-26T08:28:14,0,9999,0,9999
2023-09-26T08:41:17,0,9999,0,9999
2023-09-26T08:54:20,0,9999,0,9999
2023-09-26T09:07:21,0,9999,0,9999
2023-09-26T09:20:22,0,9999,0,9999
2023-09-26T09:33:24,0,9999,0,9999
2023-09-26T09:46:26,0,9999,0,9999
2023-09-26T09:59:38,0,9999,0,9999
2023-09-26T10:12:40,0,9999,0,9999
2023-09-26T10:25:42,0,9999,0,9999
2023-09-26T10:38:44,0,9999,0,9999
2023-09-26T10:51:48,0,9999,0,9999
2023-09-26T11:05:01,0,9999,0,9999
2023-09-26T11:18:02,0,9999,0,9999
2023-09-26T11:31:05,0,9999,0,9999
2023-09-26T11:44:21,0,9999,0,9999
2023-09-26T11:57:22,0,9999,0,9999
2023-09-26T12:10:24,0,9999,0,9999
2023-09-26T12:23:37,0,9999,0,9999
2023-09-26T12:36:38,0,9999,0,9999
2023-09-26T12:49:40,0,9999,0,9999
2023-09-26T13:02:41,0,9999,0,9999
2023-09-26T13:15:54,0,9999,0,9999
2023-09-26T13:28:55,0,9999,0,9999
2023-09-26T13:41:58,0,9999,0,9999
2023-09-26T13:55:01,0,9999,0,9999
2023-09-26T14:08:02,0,9999,0,9999
2023-09-26T14:21:14,0,9999,0,9999
2023-09-26T14:34:16,0,9999,0,9999
2023-09-26T14:47:18,0,9999,0,9999
2023-09-26T15:00:21,0,9999,0,9999
2023-09-26T15:13:34,0,9999,0,9999
2023-09-26T15:26:36,0,9999,0,9999
2023-09-26T15:39:38,0,9999,0,9999
2023-09-26T15:52:41,0,9999,0,9999
2023-09-26T16:05:53,0,9999,0,9999
2023-09-26T16:18:55,0,9999,0,9999
2023-09-26T16:31:58,0,9999,0,9999
2023-09-26T16:45:00,0,9999,0,9999
2023-09-26T16:58:15,0,9999,0,9999
2023-09-26T17:11:17,0,9999,0,9999
2023-09-26T17:24:21,0,9999,0,9999
2023-09-26T17:37:23,0,9999,0,9999
2023-09-26T17:50:36,0,9999,0,9999
2023-09-26T18:03:38,0,9999,0,9999
2023-09-26T18:16:40,0,9999,0,9999
2023-09-26T18:29:42,0,9999,0,9999
2023-09-26T18:42:44,0,9999,0,9999
2023-09-26T18:55:56,0,9999,0,9999
2023-09-26T19:09:00,0,9999,0,9999
2023-09-26T19:22:02,0,9999,0,9999
2023-09-26T19:35:03,0,9999,0,9999
2023-09-26T19:48:05,0,9999,0,9999
2023-09-26T20:01:18,0,9999,0,9999
2023-09-26T20:14:21,0,9999,0,9999
2023-09-26T20:27:23,0,9999,0,9999
2023-09-26T20:40:25,0,9999,0,9999
2023-09-26T20:53:27,0,9999,0,9999
2023-09-26T21:06:29,0,9999,0,9999
2023-09-26T21:19:43,0,9999,0,9999
2023-09-26T21:32:44,0,9999,0,9999
2023-09-26T21:45:46,0,9999,0,9999
2023-09-26T21:58:48,0,9999,0,9999
2023-09-26T22:11:50,0,9999,0,9999
2023-09-26T22:24:52,0,9999,0,9999
2023-09-26T22:38:05,0,9999,0,9999
2023-09-26T22:51:07,0,9999,0,9999
2023-09-26T23:04:10,0,9999,0,9999
2023-09-26T23:17:13,0,9999,0,9999
2023-09-26T23:30:16,0,9999,0,9999
2023-09-26T23:43:29,0,9999,0,9999
2023-09-26T23:56:36,0,9999,0,9999
2023-09-27T00:09:45,0,9999,0,9999
2023-09-27T00:22:55,0,9999,0,9999
2023-09-27T00:36:00,0,9999,0,9999
2023-09-27T00:49:07,0,9999,0,9999
2023-09-27T01:02:15,0,9999,0,9999
2023-09-27T01:15:22,0,9999,0,9999
2023-09-27T01:28:40,0,9999,0,9999
2023-09-27T01:41:47,0,9999,0,9999
2023-09-27T01:54:56,0,9999,0,9999
2023-09-27T02:08:07,0,9999,0,9999
2023-09-27T02:21:12,0,9999,0,9999
2023-09-27T02:34:17,0,9999,0,9999
2023-09-27T02:47:21,0,9999,0,9999
2023-09-27T03:00:28,0,9999,0,9999
2023-09-27T03:13:36,0,9999,0,9999
2023-09-27T03:26:44,0,9999,0,9999
2023-09-27T03:39:52,0,9999,0,9999
2023-09-27T03:52:59,0,9999,0,9999
2023-09-27T04:06:07,0,9999,0,9999
2023-09-27T04:33:25,0,9999,0,9999
2023-09-27T04:46:44,0,9999,0,9999
2023-09-27T05:01:15,0,9999,0,9999
2023-09-27T05:14:23,0,9999,0,9999
2023-09-27T05:27:30,0,9999,0,9999
2023-09-27T05:40:37,0,9999,0,9999
2023-09-27T05:53:45,0,9999,0,9999
2023-09-27T06:06:50,0,9999,0,9999
2023-09-27T06:19:56,0,9999,0,9999
2023-09-27T06:33:02,0,9999,0,9999
2023-09-27T06:46:08,0,9999,0,9999
2023-09-27T06:59:14,0,9999,0,9999
2023-09-27T07:12:23,0,9999,0,9999
2023-09-27T07:25:28,0,9999,0,9999
2023-09-27T07:38:32,0,9999,0,9999
2023-09-27T07:51:35,0,9999,0,9999
2023-09-27T08:04:39,0,9999,0,9999
2023-09-27T08:17:53,0,9999,0,9999
2023-09-27T08:30:56,0,9999,0,9999
2023-09-27T08:43:59,0,9999,0,9999
2023-09-27T08:57:01,0,9999,0,9999
2023-09-27T09:10:05,0,9999,0,9999
2023-09-27T09:23:09,0,9999,0,9999
2023-09-27T09:36:12,0,9999,0,9999
2023-09-27T09:49:24,0,9999,0,9999
2023-09-27T10:02:27,0,9999,0,9999
2023-09-27T10:15:29,0,9999,0,9999
2023-09-27T10:28:31,0,9999,0,9999
2023-09-27T10:41:48,0,9999,0,9999
2023-09-27T10:54:50,0,9999,0,9999
2023-09-27T11:07:53,0,9999,0,9999
2023-09-27T11:20:55,0,9999,0,9999
2023-09-27T11:34:09,0,9999,0,9999
2023-09-27T11:47:12,0,9999,0,9999
2023-09-27T12:00:15,0,9999,0,9999
2023-09-27T12:13:31,0,9999,0,9999
2023-09-27T12:26:34,0,9999,0,9999
2023-09-27T12:39:37,0,9999,0,9999
2023-09-27T12:52:52,0,9999,0,9999
2023-09-27T13:05:55,0,9999,0,9999
2023-09-27T13:19:10,0,9999,0,9999
2023-09-27T13:32:13,0,9999,0,9999
2023-09-27T13:45:16,0,9999,0,9999
2023-09-27T13:58:30,0,9999,0,9999
2023-09-27T14:11:33,0,9999,0,9999
2023-09-27T14:24:35,0,9999,0,9999
2023-09-27T14:37:38,0,9999,0,9999
2023-09-27T14:50:53,0,9999,0,9999
2023-09-27T15:03:56,0,9999,0,9999
2023-09-27T15:16:58,0,9999,0,9999
2023-09-27T15:30:12,0,9999,0,9999
2023-09-27T15:43:16,0,9999,0,9999
2023-09-27T15:56:19,0,9999,0,9999
2023-09-27T16:09:32,0,9999,0,9999
2023-09-27T16:22:35,0,9999,0,9999
2023-09-27T16:35:38,0,9999,0,9999
2023-09-27T16:48:53,0,9999,0,9999
2023-09-27T17:01:58,0,9999,0,9999
2023-09-27T17:15:02,0,9999,0,9999
2023-09-27T17:28:18,0,9999,0,9999
2023-09-27T17:41:20,0,9999,0,9999
2023-09-27T17:54:23,0,9999,0,9999
2023-09-27T18:07:37,0,9999,0,9999
2023-09-27T18:20:39,0,9999,0,9999
2023-09-27T18:33:41,0,9999,0,9999
2023-09-27T18:46:55,0,9999,0,9999
2023-09-27T18:59:57,0,9999,0,9999
2023-09-27T19:13:01,0,9999,0,9999
2023-09-27T19:26:07,0,9999,0,9999
2023-09-27T19:39:21,0,9999,0,9999
2023-09-27T19:52:23,0,9999,0,9999
2023-09-27T20:05:25,0,9999,0,9999
2023-09-27T20:18:40,0,9999,0,9999
2023-09-27T20:31:42,0,9999,0,9999
2023-09-27T20:44:44,0,9999,0,9999
2023-09-27T20:57:59,0,9999,0,9999
2023-09-27T21:11:01,0,9999,0,9999
2023-09-27T21:24:04,0,9999,0,9999
2023-09-27T21:37:18,0,9999,0,9999
2023-09-27T21:50:20,0,9999,0,9999
2023-09-27T22:03:23,0,9999,0,9999
2023-09-27T22:16:38,0,9999,0,9999
2023-09-27T22:29:42,0,9999,0,9999
2023-09-27T22:42:56,0,9999,0,9999
2023-09-27T22:55:59,0,9999,0,9999
2023-09-27T23:09:03,0,9999,0,9999
2023-09-27T23:22:17,0,9999,0,9999
2023-09-27T23:35:23,0,9999,0,9999
2023-09-27T23:48:28,0,9999,0,9999
2023-09-28T00:02:54,0,9999,0,9999
2023-09-28T00:16:09,0,9999,0,9999
2023-09-28T00:29:19,0,9999,0,9999
2023-09-28T00:42:26,0,9999,0,9999
2023-09-28T00:55:44,0,9999,0,9999
2023-09-28T01:08:50,0,9999,0,9999
2023-09-28T01:21:55,0,9999,0,9999
2023-09-28T01:35:01,0,9999,0,9999
2023-09-28T01:48:06,0,9999,0,9999
2023-09-28T02:01:16,0,9999,0,9999
2023-09-28T02:14:33,0,9999,0,9999
2023-09-28T02:27:38,0,9999,0,9999
2023-09-28T02:40:45,0,9999,0,9999
2023-09-28T02:53:49,0,9999,0,9999
2023-09-28T03:06:54,0,9999,0,9999
2023-09-28T03:20:02,0,9999,0,9999
2023-09-28T03:33:08,0,9999,0,9999
2023-09-28T03:46:13,0,9999,0,9999
2023-09-28T03:59:19,0,9999,0,9999
2023-09-28T04:26:21,0,9999,0,9999
2023-09-28T04:39:48,0,9999,0,9999
2023-09-28T04:52:57,0,9999,0,9999
2023-09-28T05:06:04,0,9999,0,9999
2023-09-28T05:19:11,0,9999,0,9999
2023-09-28T05:32:17,0,9999,0,9999
2023-09-28T05:45:24,0,9999,0,9999
2023-09-28T05:58:30,0,9999,0,9999
2023-09-28T06:11:36,0,9999,0,9999
2023-09-28T06:24:42,0,9999,0,9999
2023-09-28T06:37:47,0,9999,0,9999
2023-09-28T06:50:54,0,9999,0,9999
2023-09-28T07:03:59,0,9999,0,9999
2023-09-28T07:17:05,0,9999,0,9999
2023-09-28T07:30:17,0,9999,0,9999
2023-09-28T07:43:21,0,9999,0,9999
2023-09-28T07:56:25,0,9999,0,9999
2023-09-28T08:09:51,0,9999,0,9999
2023-09-28T08:22:54,0,9999,0,9999
2023-09-28T08:35:59,0,9999,0,9999
2023-09-28T08:49:12,0,9999,0,9999
2023-09-28T09:02:17,0,9999,0,9999
2023-09-28T09:15:33,0,9999,0,9999
2023-09-28T09:28:53,0,9999,0,9999
2023-09-28T09:42:01,0,9999,0,9999
2023-09-28T09:55:14,0,9999,0,9999
2023-09-28T10:08:35,0,9999,0,9999
2023-09-28T10:21:37,0,9999,0,9999
2023-09-28T10:34:52,0,9999,0,9999
2023-09-28T10:47:54,0,9999,0,9999
2023-09-28T11:01:07,0,9999,0,9999
2023-09-28T11:14:20,0,9999,0,9999
2023-09-28T11:27:23,0,9999,0,9999
2023-09-28T11:40:37,0,9999,0,9999
2023-09-28T11:53:49,0,9999,0,9999
2023-09-28T12:06:52,0,9999,0,9999
2023-09-28T12:20:11,0,9999,0,9999
2023-09-28T12:33:24,0,9999,0,9999
2023-09-28T12:46:27,0,9999,0,9999
2023-09-28T12:59:49,0,9999,0,9999
2023-09-28T13:13:04,0,9999,0,9999
2023-09-28T13:26:06,0,9999,0,9999
2023-09-28T13:39:28,0,9999,0,9999
2023-09-28T13:52:29,0,9999,0,9999
2023-09-28T14:05:43,0,9999,0,9999
2023-09-28T14:18:47,0,9999,0,9999
2023-09-28T14:32:06,0,9999,0,9999
2023-09-28T14:45:20,0,9999,0,9999
2023-09-28T14:58:23,0,9999,0,9999
2023-09-28T15:11:36,0,9999,0,9999
2023-09-28T15:24:40,0,9999,0,9999
2023-09-28T15:38:02,0,9999,0,9999
2023-09-28T15:51:04,0,9999,0,9999
2023-09-28T16:04:17,0,9999,0,9999
2023-09-28T16:17:20,0,9999,0,9999
2023-09-28T16:30:43,0,9999,0,9999
2023-09-28T16:43:45,0,9999,0,9999
2023-09-28T16:56:59,0,9999,0,9999
2023-09-28T17:10:06,0,9999,0,9999
2023-09-28T17:23:29,0,9999,0,9999
2023-09-28T17:36:31,0,9999,0,9999
2023-09-28T17:49:33,0,9999,0,9999
2023-09-28T18:02:58,0,9999,0,9999
2023-09-28T18:16:01,0,9999,0,9999
2023-09-28T18:29:03,0,9999,0,9999
2023-09-28T18:42:05,0,9999,0,9999
2023-09-28T18:55:18,0,9999,0,9999
2023-09-28T19:08:20,0,9999,0,9999
2023-09-28T19:21:22,0,9999,0,9999
2023-09-28T19:34:23,0,9999,0,9999
2023-09-28T19:47:35,0,9999,0,9999
2023-09-28T20:00:37,0,9999,0,9999
2023-09-28T20:13:39,0,9999,0,9999
2023-09-28T20:26:41,0,9999,0,9999
2023-09-28T20:39:52,0,9999,0,9999
2023-09-28T20:52:54,0,9999,0,9999
2023-09-28T21:05:56,0,9999,0,9999
2023-09-28T21:18:58,0,9999,0,9999
2023-09-28T21:32:10,0,9999,0,9999
2023-09-28T21:45:12,0,9999,0,9999
2023-09-28T21:58:14,0,9999,0,9999
2023-09-28T22:11:16,0,9999,0,9999
2023-09-28T22:24:18,0,9999,0,9999
2023-09-28T22:37:31,0,9999,0,9999
2023-09-28T22:50:33,0,9999,0,9999
2023-09-28T23:03:35,0,9999,0,9999
2023-09-28T23:16:38,0,9999,0,9999
2023-09-28T23:29:51,0,9999,0,9999
2023-09-28T23:42:53,0,9999,0,9999
2023-09-28T23:55:56,0,9999,0,9999
2023-09-29T00:09:00,0,9999,0,9999
2023-09-29T00:22:11,0,9999,0,9999
2023-09-29T00:35:25,0,9999,0,9999
2023-09-29T00:48:32,0,9999,0,9999
2023-09-29T01:01:39,0,9999,0,9999
2023-09-29T01:14:46,0,9999,0,9999
2023-09-29T01:27:53,0,9999,0,9999
2023-09-29T01:41:50,0,9999,0,9999
2023-09-29T01:54:57,0,9999,0,9999
2023-09-29T02:08:05,0,9999,0,9999
2023-09-29T02:21:10,0,9999,0,9999
2023-09-29T02:34:14,0,9999,0,9999
2023-09-29T02:47:18,0,9999,0,9999
2023-09-29T03:00:36,0,9999,0,9999
2023-09-29T03:13:53,0,9999,0,9999
2023-09-29T03:27:01,0,9999,0,9999
2023-09-29T03:40:08,0,9999,0,9999
2023-09-29T03:53:15,0,9999,0,9999
2023-09-29T04:06:22,0,9999,0,9999
2023-09-29T04:39:31,0,9999,0,9999
2023-09-29T04:52:39,0,9999,0,9999
2023-09-29T05:05:48,0,9999,0,9999
2023-09-29T05:18:55,0,9999,0,9999
2023-09-29T05:32:02,0,9999,0,9999
2023-09-29T05:45:08,0,9999,0,9999
2023-09-29T05:58:17,0,9999,0,9999
2023-09-29T06:11:22,0,9999,0,9999
2023-09-29T06:24:26,0,9999,0,9999
2023-09-29T06:37:30,0,9999,0,9999
2023-09-29T06:50:36,0,9999,0,9999
2023-09-29T07:03:42,0,9999,0,9999
2023-09-29T07:16:47,0,9999,0,9999
2023-09-29T07:29:51,0,9999,0,9999
2023-09-29T07:43:10,0,9999,0,9999
2023-09-29T07:56:13,0,9999,0,9999
2023-09-29T08:09:17,0,9999,0,9999
2023-09-29T08:22:19,0,9999,0,9999
2023-09-29T08:35:21,0,9999,0,9999
2023-09-29T08:48:32,0,9999,0,9999
2023-09-29T09:01:34,0,9999,0,9999
2023-09-29T09:14:37,0,9999,0,9999
2023-09-29T09:27:48,0,9999,0,9999
2023-09-29T09:40:50,0,9999,0,9999
2023-09-29T09:53:52,0,9999,0,9999
2023-09-29T10:07:03,0,9999,0,9999
2023-09-29T10:20:05,0,9999,0,9999
2023-09-29T10:33:17,0,9999,0,9999
2023-09-29T10:46:19,0,9999,0,9999
2023-09-29T10:59:30,0,9999,0,9999
2023-09-29T11:12:33,0,9999,0,9999
2023-09-29T11:25:35,0,9999,0,9999
2023-09-29T11:38:56,0,9999,0,9999
2023-09-29T11:52:07,0,9999,0,9999
2023-09-29T12:05:09,0,9999,0,9999
2023-09-29T12:18:29,0,9999,0,9999
2023-09-29T12:31:31,0,9999,0,9999
2023-09-29T12:44:33,0,9999,0,9999
2023-09-29T12:57:47,0,9999,0,9999
2023-09-29T13:10:49,0,9999,0,9999
2023-09-29T13:24:09,0,9999,0,9999
2023-09-29T13:37:11,0,9999,0,9999
2023-09-29T13:50:23,0,9999,0,9999
2023-09-29T14:03:25,0,9999,0,9999
2023-09-29T14:16:27,0,9999,0,9999
2023-09-29T14:29:47,0,9999,0,9999
2023-09-29T14:42:49,0,9999,0,9999
2023-09-29T14:56:01,0,9999,0,9999
2023-09-29T15:09:03,0,9999,0,9999
2023-09-29T15:22:06,0,9999,0,9999
2023-09-29T15:35:26,0,9999,0,9999
2023-09-29T15:48:28,0,9999,0,9999
2023-09-29T16:01:40,0,9999,0,9999
2023-09-29T16:14:43,0,9999,0,9999
2023-09-29T16:27:46,0,9999,0,9999
2023-09-29T16:41:07,0,9999,0,9999
2023-09-29T16:54:09,0,9999,0,9999
2023-09-29T17:07:12,0,9999,0,9999
2023-09-29T17:20:16,0,9999,0,9999
2023-09-29T17:33:28,0,9999,0,9999
2023-09-29T17:46:30,0,9999,0,9999
2023-09-29T17:59:33,0,9999,0,9999
2023-09-29T18:12:55,0,9999,0,9999
2023-09-29T18:25:57,0,9999,0,9999
2023-09-29T18:38:59,0,9999,0,9999
2023-09-29T18:53:02,0,9999,0,9999
2023-09-29T19:06:15,0,9999,0,9999
2023-09-29T19:19:17,0,9999,0,9999
2023-09-29T19:32:20,0,9999,0,9999
2023-09-29T19:45:23,0,9999,0,9999
2023-09-29T19:58:35,0,9999,0,9999
2023-09-29T20:11:38,0,9999,0,9999
2023-09-29T20:24:40,0,9999,0,9999
2023-09-29T20:37:43,0,9999,0,9999
2023-09-29T20:51:04,0,9999,0,9999
2023-09-29T21:04:06,0,9999,0,9999
2023-09-29T21:17:09,0,9999,0,9999
2023-09-29T21:30:11,0,9999,0,9999
2023-09-29T21:43:24,0,9999,0,9999
2023-09-29T21:56:26,0,9999,0,9999
2023-09-29T22:09:29,0,9999,0,9999
2023-09-29T22:22:33,0,9999,0,9999
2023-09-29T22:35:36,0,9999,0,9999
2023-09-29T22:48:55,0,9999,0,9999
2023-09-29T23:01:58,0,9999,0,9999
2023-09-29T23:15:02,0,9999,0,9999
2023-09-29T23:28:05,0,9999,0,9999
2023-09-29T23:41:08,0,9999,0,9999
2023-09-29T23:54:22,0,9999,0,9999
2023-09-30T00:07:26,0,9999,0,9999
2023-09-30T00:20:35,0,9999,0,9999
2023-09-30T00:33:42,0,9999,0,9999
2023-09-30T00:46:51,0,9999,0,9999
2023-09-30T01:00:01,0,9999,0,9999
2023-09-30T01:13:08,0,9999,0,9999
2023-09-30T01:26:35,0,9999,0,9999
2023-09-30T01:39:44,0,9999,0,9999
2023-09-30T01:52:54,0,9999,0,9999
2023-09-30T02:06:03,0,9999,0,9999
2023-09-30T02:19:08,0,9999,0,9999
2023-09-30T02:32:12,0,9999,0,9999
2023-09-30T02:45:16,0,9999,0,9999
2023-09-30T02:58:19,0,9999,0,9999
2023-09-30T03:11:26,0,9999,0,9999
2023-09-30T03:25:38,0,9999,0,9999
2023-09-30T03:38:46,0,9999,0,9999
2023-09-30T03:51:54,0,9999,0,9999
2023-09-30T04:05:04,0,9999,0,9999
2023-09-30T04:30:50,0,9999,0,9999
2023-09-30T04:44:21,0,9999,0,9999
2023-09-30T04:57:30,0,9999,0,9999
2023-09-30T05:10:38,0,9999,0,9999
2023-09-30T05:23:45,0,9999,0,9999
2023-09-30T05:36:53,0,9999,0,9999
2023-09-30T05:50:01,0,9999,0,9999
2023-09-30T06:03:08,0,9999,0,9999
2023-09-30T06:16:16,0,9999,0,9999
2023-09-30T06:29:23,0,9999,0,9999
2023-09-30T06:42:29,0,9999,0,9999
2023-09-30T06:55:36,0,9999,0,9999
2023-09-30T07:08:43,0,9999,0,9999
2023-09-30T07:21:51,0,9999,0,9999
2023-09-30T07:34:57,0,9999,0,9999
2023-09-30T07:48:02,0,9999,0,9999
2023-09-30T08:01:09,0,9999,0,9999
2023-09-30T08:14:19,0,9999,0,9999
2023-09-30T08:27:33,0,9999,0,9999
2023-09-30T08:40:39,0,9999,0,9999
2023-09-30T08:53:44,0,9999,0,9999
2023-09-30T09:06:49,0,9999,0,9999
2023-09-30T09:19:53,0,9999,0,9999
2023-09-30T09:32:57,0,9999,0,9999
2023-09-30T09:46:01,0,9999,0,9999
2023-09-30T09:59:04,0,9999,0,9999
2023-09-30T10:12:09,0,9999,0,9999
2023-09-30T10:25:13,0,9999,0,9999
2023-09-30T10:38:28,0,9999,0,9999
2023-09-30T10:51:30,0,9999,0,9999
2023-09-30T11:04:32,0,9999,0,9999
2023-09-30T11:17:34,0,9999,0,9999
2023-09-30T11:30:36,0,9999,0,9999
2023-09-30T11:43:38,0,9999,0,9999
2023-09-30T11:56:40,0,9999,0,9999
2023-09-30T12:09:44,0,9999,0,9999
2023-09-30T12:22:47,0,9999,0,9999
2023-09-30T12:35:59,0,9999,0,9999
2023-09-30T12:49:01,0,9999,0,9999
2023-09-30T13:02:03,0,9999,0,9999
2023-09-30T13:15:06,0,9999,0,9999
2023-09-30T13:28:11,0,9999,0,9999
2023-09-30T13:41:23,0,9999,0,9999
2023-09-30T13:54:26,0,9999,0,9999
2023-09-30T14:07:27,0,9999,0,9999
2023-09-30T14:20:30,0,9999,0,9999
2023-09-30T14:33:32,0,9999,0,9999
2023-09-30T14:46:34,0,9999,0,9999
2023-09-30T14:59:37,0,9999,0,9999
2023-09-30T15:12:39,0,9999,0,9999
2023-09-30T15:25:42,0,9999,0,9999
2023-09-30T15:38:56,0,9999,0,9999
2023-09-30T15:51:58,0,9999,0,9999
2023-09-30T16:05:01,0,9999,0,9999
2023-09-30T16:18:04,0,9999,0,9999
2023-09-30T16:31:06,0,9999,0,9999
2023-09-30T16:44:08,0,9999,0,9999
2023-09-30T16:57:10,0,9999,0,9999
2023-09-30T17:10:23,0,9999,0,9999
2023-09-30T17:23:26,0,9999,0,9999
2023-09-30T17:36:28,0,9999,0,9999
2023-09-30T17:49:31,0,9999,0,9999
2023-09-30T18:02:33,0,9999,0,9999
2023-09-30T18:15:36,0,9999,0,9999
2023-09-30T18:28:38,0,9999,0,9999
2023-09-30T18:41:40,0,9999,0,9999
2023-09-30T18:54:52,0,9999,0,9999
2023-09-30T19:07:55,0,9999,0,9999
2023-09-30T19:20:57,0,9999,0,9999
2023-09-30T19:34:00,0,9999,0,9999
2023-09-30T19:47:03,0,9999,0,9999
2023-09-30T20:00:05,0,9999,0,9999
2023-09-30T20:13:08,0,9999,0,9999
2023-09-30T20:26:10,0,9999,0,9999
2023-09-30T20:39:13,0,9999,0,9999
2023-09-30T20:52:26,0,9999,0,9999
2023-09-30T21:05:29,0,9999,0,9999
2023-09-30T21:18:31,0,9999,0,9999
2023-09-30T21:31:34,0,9999,0,9999
2023-09-30T21:44:37,0,9999,0,9999
2023-09-30T21:57:39,0,9999,0,9999
2023-09-30T22:10:42,0,9999,0,9999
2023-09-30T22:23:45,0,9999,0,9999
2023-09-30T22:36:47,0,9999,0,9999
2023-09-30T22:50:00,0,9999,0,9999
2023-09-30T23:03:03,0,9999,0,9999
2023-09-30T23:16:08,0,9999,0,9999
2023-09-30T23:29:11,0,9999,0,9999
2023-09-30T23:42:15,0,9999,0,9999
2023-09-30T23:55:18,0,9999,0,9999
2023-10-01T00:08:23,0,9999,0,9999
2023-10-01T00:21:34,0,9999,0,9999
2023-10-01T00:34:41,0,9999,0,9999
2023-10-01T00:47:49,0,9999,0,9999
2023-10-01T01:00:56,0,9999,0,9999
2023-10-01T01:14:02,0,9999,0,9999
2023-10-01T01:27:08,0,9999,0,9999
2023-10-01T01:40:25,0,9999,0,9999
2023-10-01T01:53:35,0,9999,0,9999
2023-10-01T02:06:42,0,9999,0,9999
2023-10-01T02:19:50,0,9999,0,9999
2023-10-01T02:32:57,0,9999,0,9999
2023-10-01T02:46:04,0,9999,0,9999
2023-10-01T02:59:09,0,9999,0,9999
2023-10-01T03:12:15,0,9999,0,9999
2023-10-01T03:25:22,0,9999,0,9999
2023-10-01T03:38:28,0,9999,0,9999
2023-10-01T03:51:35,0,9999,0,9999
2023-10-01T04:04:44,0,9999,0,9999
2023-10-01T04:37:51,0,9999,0,9999
2023-10-01T04:51:02,0,9999,0,9999
2023-10-01T05:04:09,0,9999,0,9999
2023-10-01T05:17:16,0,9999,0,9999
2023-10-01T05:30:23,0,9999,0,9999
2023-10-01T05:43:31,0,9999,0,9999
2023-10-01T05:56:39,0,9999,0,9999
2023-10-01T06:09:46,0,9999,0,9999
2023-10-01T06:22:54,0,9999,0,9999
2023-10-01T06:36:00,0,9999,0,9999
2023-10-01T06:49:05,0,9999,0,9999
2023-10-01T07:02:10,0,9999,0,9999
2023-10-01T07:15:12,0,9999,0,9999
2023-10-01T07:28:15,0,9999,0,9999
2023-10-01T07:41:18,0,9999,0,9999
2023-10-01T07:54:21,0,9999,0,9999
2023-10-01T08:07:25,0,9999,0,9999
2023-10-01T08:20:27,0,9999,0,9999
2023-10-01T08:33:31,0,9999,0,9999
2023-10-01T08:46:34,0,9999,0,9999
2023-10-01T08:59:36,0,9999,0,9999
2023-10-01T09:12:39,0,9999,0,9999
2023-10-01T09:25:41,0,9999,0,9999
2023-10-01T09:38:54,0,9999,0,9999
2023-10-01T09:51:58,0,9999,0,9999
2023-10-01T10:05:00,0,9999,0,9999
2023-10-01T10:18:02,0,9999,0,9999
2023-10-01T10:31:05,0,9999,0,9999
2023-10-01T10:44:08,0,9999,0,9999
2023-10-01T10:57:15,0,9999,0,9999
2023-10-01T11:10:22,0,9999,0,9999
2023-10-01T11:23:24,0,9999,0,9999
2023-10-01T11:36:26,0,9999,0,9999
2023-10-01T11:49:40,0,9999,0,9999
2023-10-01T12:02:42,0,9999,0,9999
2023-10-01T12:15:45,0,9999,0,9999
2023-10-01T12:28:48,0,9999,0,9999
2023-10-01T12:41:50,0,9999,0,9999
2023-10-01T12:54:52,0,9999,0,9999
2023-10-01T13:07:54,0,9999,0,9999
2023-10-01T13:21:07,0,9999,0,9999
2023-10-01T13:34:09,0,9999,0,9999
2023-10-01T13:47:11,0,9999,0,9999
2023-10-01T14:00:14,0,9999,0,9999
2023-10-01T14:13:16,0,9999,0,9999
2023-10-01T14:26:18,0,9999,0,9999
2023-10-01T14:39:20,0,9999,0,9999
2023-10-01T14:52:34,0,9999,0,9999
2023-10-01T15:05:37,0,9999,0,9999
2023-10-01T15:18:40,0,9999,0,9999
2023-10-01T15:31:42,0,9999,0,9999
2023-10-01T15:44:44,0,9999,0,9999
2023-10-01T15:57:46,0,9999,0,9999
2023-10-01T16:10:49,0,9999,0,9999
2023-10-01T16:24:02,0,9999,0,9999
2023-10-01T16:37:05,0,9999,0,9999
2023-10-01T16:50:08,0,9999,0,9999
2023-10-01T17:03:10,0,9999,0,9999
2023-10-01T17:16:13,0,9999,0,9999
2023-10-01T17:29:16,0,9999,0,9999
2023-10-01T17:42:29,0,9999,0,9999
2023-10-01T17:55:31,0,9999,0,9999
2023-10-01T18:08:33,0,9999,0,9999
2023-10-01T18:21:36,0,9999,0,9999
2023-10-01T18:34:38,0,9999,0,9999
2023-10-01T18:56:32,0,9999,0,9999
2023-10-01T19:09:36,0,9999,0,9999
2023-10-01T19:22:39,0,9999,0,9999
2023-10-01T19:35:41,0,9999,0,9999
2023-10-01T19:48:56,0,9999,0,9999
2023-10-01T20:01:59,0,9999,0,9999
2023-10-01T20:15:02,0,9999,0,9999
2023-10-01T20:28:05,0,9999,0,9999
2023-10-01T20:41:08,0,9999,0,9999
2023-10-01T20:54:10,0,9999,0,9999
2023-10-01T21:07:24,0,9999,0,9999
2023-10-01T21:20:26,0,9999,0,9999
2023-10-01T21:33:29,0,9999,0,9999
2023-10-01T21:46:32,0,9999,0,9999
2023-10-01T21:59:35,0,9999,0,9999
2023-10-01T22:12:49,0,9999,0,9999
2023-10-01T22:25:51,0,9999,0,9999
2023-10-01T22:38:54,0,9999,0,9999
2023-10-01T22:51:59,0,9999,0,9999
2023-10-01T23:05:02,0,9999,0,9999
2023-10-01T23:18:16,0,9999,0,9999
2023-10-01T23:31:19,0,9999,0,9999
2023-10-01T23:44:23,0,9999,0,9999
2023-10-01T23:57:25,0,9999,0,9999
2023-10-02T00:10:32,0,9999,0,9999
2023-10-02T00:24:00,0,9999,0,9999
2023-10-02T00:37:12,0,9999,0,9999
2023-10-02T00:50:51,0,9999,0,9999
2023-10-02T01:03:55,0,9999,0,9999
2023-10-02T01:17:10,0,9999,0,9999
2023-10-02T01:30:18,0,9999,0,9999
2023-10-02T01:43:26,0,9999,0,9999
2023-10-02T01:56:34,0,9999,0,9999
2023-10-02T02:09:43,0,9999,0,9999
2023-10-02T02:22:50,0,9999,0,9999
2023-10-02T02:35:55,0,9999,0,9999
2023-10-02T02:49:10,0,9999,0,9999
2023-10-02T03:02:16,0,9999,0,9999
2023-10-02T03:15:22,0,9999,0,9999
2023-10-02T03:28:29,0,9999,0,9999
2023-10-02T03:41:35,0,9999,0,9999
2023-10-02T03:54:42,0,9999,0,9999
2023-10-02T04:07:50,0,9999,0,9999
2023-10-02T04:27:48,0,9999,0,9999
2023-10-02T04:42:37,0,9999,0,9999
2023-10-02T04:55:45,0,9999,0,9999
2023-10-02T05:08:58,0,9999,0,9999
2023-10-02T05:22:06,0,9999,0,9999
2023-10-02T05:35:14,0,9999,0,9999
2023-10-02T05:48:22,0,9999,0,9999
2023-10-02T06:01:30,0,9999,0,9999
2023-10-02T06:14:37,0,9999,0,9999
2023-10-02T06:27:44,0,9999,0,9999
2023-10-02T06:40:50,0,9999,0,9999
2023-10-02T06:53:56,0,9999,0,9999
2023-10-02T07:07:01,0,9999,0,9999
2023-10-02T07:20:05,0,9999,0,9999
2023-10-02T07:33:07,0,9999,0,9999
2023-10-02T07:46:10,0,9999,0,9999
2023-10-02T07:59:25,0,9999,0,9999
2023-10-02T08:12:28,0,9999,0,9999
2023-10-02T08:25:31,0,9999,0,9999
2023-10-02T08:38:35,0,9999,0,9999
2023-10-02T08:51:39,0,9999,0,9999
2023-10-02T09:04:52,0,9999,0,9999
2023-10-02T09:17:55,0,9999,0,9999
2023-10-02T09:30:58,0,9999,0,9999
2023-10-02T09:44:01,0,9999,0,9999
2023-10-02T09:57:15,0,9999,0,9999
2023-10-02T10:10:19,0,9999,0,9999
2023-10-02T10:23:33,0,9999,0,9999
2023-10-02T10:36:37,0,9999,0,9999
2023-10-02T10:49:40,0,9999,0,9999
2023-10-02T11:02:53,0,9999,0,9999
2023-10-02T11:16:05,0,9999,0,9999
2023-10-02T11:29:20,0,9999,0,9999
2023-10-02T11:42:24,0,9999,0,9999
2023-10-02T11:55:28,0,9999,0,9999
2023-10-02T12:08:42,0,9999,0,9999
2023-10-02T12:21:45,0,9999,0,9999
2023-10-02T12:35:00,0,9999,0,9999
2023-10-02T12:48:03,0,9999,0,9999
2023-10-02T13:01:05,0,9999,0,9999
2023-10-02T13:14:22,0,9999,0,9999
2023-10-02T13:27:25,0,9999,0,9999
2023-10-02T13:40:30,0,9999,0,9999
2023-10-02T13:53:44,0,9999,0,9999
2023-10-02T14:06:47,0,9999,0,9999
2023-10-02T14:20:02,0,9999,0,9999
2023-10-02T14:33:11,0,9999,0,9999
2023-10-02T14:46:27,0,9999,0,9999
2023-10-02T14:59:31,0,9999,0,9999
2023-10-02T15:12:33,0,9999,0,9999
2023-10-02T15:25:48,0,9999,0,9999
2023-10-02T15:38:52,0,9999,0,9999
2023-10-02T15:52:07,0,9999,0,9999
2023-10-02T16:05:10,0,9999,0,9999
2023-10-02T16:18:14,0,9999,0,9999
2023-10-02T16:31:29,0,9999,0,9999
2023-10-02T16:44:32,0,9999,0,9999
2023-10-02T16:57:46,0,9999,0,9999
2023-10-02T17:10:51,0,9999,0,9999
2023-10-02T17:24:06,0,9999,0,9999
2023-10-02T17:37:09,0,9999,0,9999
2023-10-02T17:50:12,0,9999,0,9999
2023-10-02T18:03:25,0,9999,0,9999
2023-10-02T18:16:28,0,9999,0,9999
2023-10-02T18:29:32,0,9999,0,9999
2023-10-02T18:42:45,0,9999,0,9999
2023-10-02T18:55:48,0,9999,0,9999
2023-10-02T19:08:51,0,9999,0,9999
2023-10-02T19:21:54,0,9999,0,9999
2023-10-02T19:35:08,0,9999,0,9999
2023-10-02T19:48:10,0,9999,0,9999
2023-10-02T20:01:13,0,9999,0,9999
2023-10-02T20:14:17,0,9999,0,9999
2023-10-02T20:27:30,0,9999,0,9999
2023-10-02T20:40:33,0,9999,0,9999
2023-10-02T20:53:36,0,9999,0,9999
2023-10-02T21:06:39,0,9999,0,9999
2023-10-02T21:19:42,0,9999,0,9999
2023-10-02T21:32:55,0,9999,0,9999
2023-10-02T21:45:58,0,9999,0,9999
2023-10-02T21:59:01,0,9999,0,9999
2023-10-02T22:12:03,0,9999,0,9999
2023-10-02T22:25:06,0,9999,0,9999
2023-10-02T22:38:20,0,9999,0,9999
2023-10-02T22:51:23,0,9999,0,9999
2023-10-02T23:04:26,0,9999,0,9999
2023-10-02T23:17:30,0,9999,0,9999
2023-10-02T23:30:45,0,9999,0,9999
2023-10-02T23:43:48,0,9999,0,9999
2023-10-02T23:56:51,0,9999,0,9999
2023-10-03T00:09:56,0,9999,0,9999
2023-10-03T00:23:05,0,9999,0,9999
2023-10-03T00:36:12,0,9999,0,9999
2023-10-03T00:49:20,0,9999,0,9999
2023-10-03T01:02:41,0,9999,0,9999
2023-10-03T01:15:48,0,9999,0,9999
2023-10-03T01:28:54,0,9999,0,9999
2023-10-03T01:42:19,0,9999,0,9999
2023-10-03T01:55:28,0,9999,0,9999
2023-10-03T02:08:35,0,9999,0,9999
2023-10-03T02:21:41,0,9999,0,9999
2023-10-03T02:34:46,0,9999,0,9999
2023-10-03T02:47:50,0,9999,0,9999
2023-10-03T03:00:53,0,9999,0,9999
2023-10-03T03:13:58,0,9999,0,9999
2023-10-03T03:27:05,0,9999,0,9999
2023-10-03T03:40:10,0,9999,0,9999
2023-10-03T03:53:17,0,9999,0,9999
2023-10-03T04:06:24,0,9999,0,9999
2023-10-03T04:28:01,0,9999,0,9999
2023-10-03T04:42:25,0,9999,0,9999
2023-10-03T04:55:54,0,9999,0,9999
2023-10-03T05:09:02,0,9999,0,9999
2023-10-03T05:22:10,0,9999,0,9999
2023-10-03T05:35:18,0,9999,0,9999
2023-10-03T05:48:25,0,9999,0,9999
2023-10-03T06:01:33,0,9999,0,9999
2023-10-03T06:14:40,0,9999,0,9999
2023-10-03T06:27:47,0,9999,0,9999
2023-10-03T06:40:53,0,9999,0,9999
2023-10-03T06:53:59,0,9999,0,9999
2023-10-03T07:07:05,0,9999,0,9999
2023-10-03T07:20:13,0,9999,0,9999
2023-10-03T07:33:17,0,9999,0,9999
2023-10-03T07:46:20,0,9999,0,9999
2023-10-03T07:59:26,0,9999,0,9999
2023-10-03T08:12:55,0,9999,0,9999
2023-10-03T08:26:07,0,9999,0,9999
2023-10-03T08:39:16,0,9999,0,9999
2023-10-03T08:52:24,0,9999,0,9999
2023-10-03T09:05:32,0,9999,0,9999
2023-10-03T09:18:37,0,9999,0,9999
2023-10-03T09:31:54,0,9999,0,9999
2023-10-03T09:44:59,0,9999,0,9999
2023-10-03T09:58:03,0,9999,0,9999
2023-10-03T10:11:20,0,9999,0,9999
2023-10-03T10:24:29,0,9999,0,9999
2023-10-03T10:37:40,0,9999,0,9999
2023-10-03T10:50:59,0,9999,0,9999
2023-10-03T11:04:09,0,9999,0,9999
2023-10-03T11:17:15,0,9999,0,9999
2023-10-03T11:30:30,0,9999,0,9999
2023-10-03T11:43:35,0,9999,0,9999
2023-10-03T11:56:38,0,9999,0,9999
2023-10-03T12:09:52,0,9999,0,9999
2023-10-03T12:22:55,0,9999,0,9999
2023-10-03T12:35:58,0,9999,0,9999
2023-10-03T12:49:11,0,9999,0,9999
2023-10-03T13:02:14,0,9999,0,9999
2023-10-03T13:15:18,0,9999,0,9999
2023-10-03T13:28:32,0,9999,0,9999
2023-10-03T13:41:35,0,9999,0,9999
2023-10-03T13:54:39,0,9999,0,9999
2023-10-03T14:07:55,0,9999,0,9999
2023-10-03T14:21:00,0,9999,0,9999
2023-10-03T14:34:05,0,9999,0,9999
2023-10-03T14:47:30,0,9999,0,9999
2023-10-03T15:00:46,0,9999,0,9999
2023-10-03T15:14:02,0,9999,0,9999
2023-10-03T15:27:26,0,9999,0,9999
2023-10-03T15:40:30,0,9999,0,9999
2023-10-03T15:53:32,0,9999,0,9999
2023-10-03T16:06:47,0,9999,0,9999
2023-10-03T16:19:51,0,9999,0,9999
2023-10-03T16:33:14,0,9999,0,9999
2023-10-03T16:46:16,0,9999,0,9999
2023-10-03T16:59:19,0,9999,0,9999
2023-10-03T17:12:34,0,9999,0,9999
2023-10-03T17:25:37,0,9999,0,9999
2023-10-03T17:38:40,0,9999,0,9999
2023-10-03T17:51:44,0,9999,0,9999
2023-10-03T18:04:58,0,9999,0,9999
2023-10-03T18:18:02,0,9999,0,9999
2023-10-03T18:31:06,0,9999,0,9999
2023-10-03T18:44:32,0,9999,0,9999
2023-10-03T18:57:34,0,9999,0,9999
2023-10-03T19:10:41,0,9999,0,9999
2023-10-03T19:23:44,0,9999,0,9999
2023-10-03T19:36:46,0,9999,0,9999
2023-10-03T19:50:01,0,9999,0,9999
2023-10-03T20:03:04,0,9999,0,9999
2023-10-03T20:16:07,0,9999,0,9999
2023-10-03T20:29:20,0,9999,0,9999
2023-10-03T20:42:24,0,9999,0,9999
2023-10-03T20:55:27,0,9999,0,9999
2023-10-03T21:08:30,0,9999,0,9999
2023-10-03T21:21:43,0,9999,0,9999
2023-10-03T21:34:46,0,9999,0,9999
2023-10-03T21:47:49,0,9999,0,9999
2023-10-03T22:00:52,0,9999,0,9999
2023-10-03T22:13:56,0,9999,0,9999
2023-10-03T22:27:01,0,9999,0,9999
2023-10-03T22:40:17,0,9999,0,9999
2023-10-03T22:53:20,0,9999,0,9999
2023-10-03T23:06:23,0,9999,0,9999
2023-10-03T23:19:26,0,9999,0,9999
2023-10-03T23:32:31,0,9999,0,9999
2023-10-03T23:45:34,0,9999,0,9999
2023-10-03T23:58:48,0,9999,0,9999
2023-10-04T00:11:53,0,9999,0,9999
2023-10-04T00:25:01,0,9999,0,9999
2023-10-04T00:38:08,0,9999,0,9999
2023-10-04T00:51:16,0,9999,0,9999
2023-10-04T01:04:24,0,9999,0,9999
2023-10-04T01:17:32,0,9999,0,9999
2023-10-04T01:30:39,0,9999,0,9999
2023-10-04T01:43:55,0,9999,0,9999
2023-10-04T01:57:02,0,9999,0,9999
2023-10-04T02:10:09,0,9999,0,9999
2023-10-04T02:23:14,0,9999,0,9999
2023-10-04T02:36:18,0,9999,0,9999
2023-10-04T02:49:26,0,9999,0,9999
2023-10-04T03:02:34,0,9999,0,9999
2023-10-04T03:15:42,0,9999,0,9999
2023-10-04T03:28:49,0,9999,0,9999
2023-10-04T03:41:55,0,9999,0,9999
2023-10-04T03:55:02,0,9999,0,9999
2023-10-04T04:08:08,0,9999,0,9999
2023-10-04T04:33:29,0,9999,0,9999
2023-10-04T04:46:39,0,9999,0,9999
2023-10-04T04:59:50,0,9999,0,9999
2023-10-04T05:12:59,0,9999,0,9999
2023-10-04T05:26:06,0,9999,0,9999
2023-10-04T05:39:15,0,9999,0,9999
2023-10-04T05:52:22,0,9999,0,9999
2023-10-04T06:05:28,0,9999,0,9999
2023-10-04T06:18:34,0,9999,0,9999
2023-10-04T06:31:40,0,9999,0,9999
2023-10-04T06:44:47,0,9999,0,9999
2023-10-04T06:57:56,0,9999,0,9999
2023-10-04T07:11:05,0,9999,0,9999
2023-10-04T07:24:09,0,9999,0,9999
2023-10-04T07:37:14,0,9999,0,9999
2023-10-04T07:50:19,0,9999,0,9999
2023-10-04T08:03:35,0,9999,0,9999
2023-10-04T08:16:40,0,9999,0,9999
2023-10-04T08:29:46,0,9999,0,9999
2023-10-04T08:42:52,0,9999,0,9999
2023-10-04T08:55:56,0,9999,0,9999
2023-10-04T09:09:01,0,9999,0,9999
2023-10-04T09:22:05,0,9999,0,9999
2023-10-04T09:38:06,0,9999,0,9999
2023-10-04T09:51:02,0,9999,0,9999
2023-10-04T10:03:58,0,9999,0,9999
2023-10-04T10:16:54,0,9999,0,9999
2023-10-04T10:30:01,0,9999,0,9999
2023-10-04T10:42:58,0,9999,0,9999
2023-10-04T10:55:54,0,9999,0,9999
2023-10-04T11:09:01,0,9999,0,9999
2023-10-04T11:21:57,0,9999,0,9999
2023-10-04T11:34:54,0,9999,0,9999
2023-10-04T11:47:50,0,9999,0,9999
2023-10-04T12:00:56,0,9999,0,9999
2023-10-04T12:13:53,0,9999,0,9999
2023-10-04T12:26:49,0,9999,0,9999
2023-10-04T12:39:55,0,9999,0,9999
2023-10-04T12:52:50,0,9999,0,9999
2023-10-04T13:05:46,0,9999,0,9999
2023-10-04T13:18:53,0,9999,0,9999
2023-10-04T13:31:48,0,9999,0,9999
2023-10-04T13:44:45,0,9999,0,9999
2023-10-04T13:57:41,0,9999,0,9999
2023-10-04T14:10:47,0,9999,0,9999
2023-10-04T14:23:42,0,9999,0,9999
2023-10-04T14:36:38,0,9999,0,9999
2023-10-04T14:49:34,0,9999,0,9999
2023-10-04T15:02:41,0,9999,0,9999
2023-10-04T15:15:39,0,9999,0,9999
2023-10-04T15:28:37,0,9999,0,9999
2023-10-04T15:41:46,0,9999,0,9999
2023-10-04T15:54:43,0,9999,0,9999
2023-10-04T16:07:40,0,9999,0,9999
2023-10-04T16:20:52,0,9999,0,9999
2023-10-04T16:33:49,0,9999,0,9999
2023-10-04T16:46:45,0,9999,0,9999
2023-10-04T16:59:42,0,9999,0,9999
2023-10-04T17:12:50,0,9999,0,9999
2023-10-04T17:25:47,0,9999,0,9999
2023-10-04T17:38:43,0,9999,0,9999
2023-10-04T17:51:39,0,9999,0,9999
2023-10-04T18:04:48,0,9999,0,9999
2023-10-04T18:17:45,0,9999,0,9999
2023-10-04T18:30:42,0,9999,0,9999
2023-10-04T18:43:38,0,9999,0,9999
2023-10-04T18:56:34,0,9999,0,9999
2023-10-04T19:09:41,0,9999,0,9999
2023-10-04T19:22:37,0,9999,0,9999
2023-10-04T19:35:33,0,9999,0,9999
2023-10-04T19:48:28,0,9999,0,9999
2023-10-04T20:01:24,0,9999,0,9999
2023-10-04T20:14:31,0,9999,0,9999
2023-10-04T20:27:26,0,9999,0,9999
2023-10-04T20:40:23,0,9999,0,9999
2023-10-04T20:53:24,0,9999,0,9999
2023-10-04T21:06:20,0,9999,0,9999
2023-10-04T21:19:27,0,9999,0,9999
2023-10-04T21:32:24,0,9999,0,9999
2023-10-04T21:45:19,0,9999,0,9999
2023-10-04T21:58:15,0,9999,0,9999
2023-10-04T22:11:22,0,9999,0,9999
2023-10-04T22:24:18,0,9999,0,9999
2023-10-04T22:37:14,0,9999,0,9999
2023-10-04T22:50:11,0,9999,0,9999
2023-10-04T23:03:08,0,9999,0,9999
2023-10-04T23:16:05,0,9999,0,9999
2023-10-04T23:29:12,0,9999,0,9999
2023-10-04T23:42:10,0,9999,0,9999
2023-10-04T23:55:07,0,9999,0,9999
2023-10-05T00:08:04,0,9999,0,9999
2023-10-05T00:21:10,0,9999,0,9999
2023-10-05T00:34:10,0,9999,0,9999
2023-10-05T00:47:11,0,9999,0,9999
2023-10-05T01:00:12,0,9999,0,9999
2023-10-05T01:13:14,0,9999,0,9999
2023-10-05T01:26:25,0,9999,0,9999
2023-10-05T01:39:25,0,9999,0,9999
2023-10-05T01:52:28,0,9999,0,9999
2023-10-05T02:05:34,0,9999,0,9999
2023-10-05T02:18:32,0,9999,0,9999
2023-10-05T02:31:30,0,9999,0,9999
2023-10-05T02:44:27,0,9999,0,9999
2023-10-05T02:57:24,0,9999,0,9999
2023-10-05T03:10:22,0,9999,0,9999
2023-10-05T03:23:22,0,9999,0,9999
2023-10-05T03:36:24,0,9999,0,9999
2023-10-05T03:49:27,0,9999,0,9999
2023-10-05T04:02:28,0,9999,0,9999
2023-10-05T04:28:15,0,9999,0,9999
2023-10-05T04:42:51,0,9999,0,9999
2023-10-05T04:55:54,0,9999,0,9999
2023-10-05T05:09:02,0,9999,0,9999
2023-10-05T05:22:06,0,9999,0,9999
2023-10-05T05:35:06,0,9999,0,9999
2023-10-05T05:48:13,0,9999,0,9999
2023-10-05T06:01:50,0,9999,0,9999
2023-10-05T06:15:00,0,9999,0,9999
2023-10-05T06:28:08,0,9999,0,9999
2023-10-05T06:41:16,0,9999,0,9999
2023-10-05T06:54:24,0,9999,0,9999
2023-10-05T07:07:35,0,9999,0,9999
2023-10-05T07:20:44,0,9999,0,9999
2023-10-05T07:33:51,0,9999,0,9999
2023-10-05T07:46:58,0,9999,0,9999
2023-10-05T08:00:05,0,9999,0,9999
2023-10-05T08:13:12,0,9999,0,9999
2023-10-05T08:26:28,0,9999,0,9999
2023-10-05T08:39:34,0,9999,0,9999
2023-10-05T08:52:41,0,9999,0,9999
2023-10-05T09:05:45,0,9999,0,9999
2023-10-05T09:18:50,0,9999,0,9999
2023-10-05T09:31:55,0,9999,0,9999
2023-10-05T09:45:09,0,9999,0,9999
2023-10-05T09:58:13,0,9999,0,9999
2023-10-05T10:11:18,0,9999,0,9999
2023-10-05T10:24:24,0,9999,0,9999
2023-10-05T10:37:30,0,9999,0,9999
2023-10-05T10:50:45,0,9999,0,9999
2023-10-05T11:03:50,0,9999,0,9999
2023-10-05T11:16:56,0,9999,0,9999
2023-10-05T11:30:00,0,9999,0,9999
2023-10-05T11:43:15,0,9999,0,9999
2023-10-05T11:56:19,0,9999,0,9999
2023-10-05T12:09:24,0,9999,0,9999
2023-10-05T12:22:29,0,9999,0,9999
2023-10-05T12:35:44,0,9999,0,9999
2023-10-05T12:48:48,0,9999,0,9999
2023-10-05T13:01:53,0,9999,0,9999
2023-10-05T13:14:59,0,9999,0,9999
2023-10-05T13:28:14,0,9999,0,9999
2023-10-05T13:41:19,0,9999,0,9999
2023-10-05T13:54:24,0,9999,0,9999
2023-10-05T14:07:41,0,9999,0,9999
2023-10-05T14:20:46,0,9999,0,9999
2023-10-05T14:34:01,0,9999,0,9999
2023-10-05T14:47:07,0,9999,0,9999
2023-10-05T15:00:11,0,9999,0,9999
2023-10-05T15:13:16,0,9999,0,9999
2023-10-05T15:26:20,0,9999,0,9999
2023-10-05T15:39:36,0,9999,0,9999
2023-10-05T15:52:40,0,9999,0,9999
2023-10-05T16:05:44,0,9999,0,9999
2023-10-05T16:18:48,0,9999,0,9999
2023-10-05T16:32:02,0,9999,0,9999
2023-10-05T16:45:07,0,9999,0,9999
2023-10-05T16:58:22,0,9999,0,9999
2023-10-05T17:11:29,0,9999,0,9999
2023-10-05T17:24:33,0,9999,0,9999
2023-10-05T17:37:37,0,9999,0,9999
2023-10-05T17:50:52,0,9999,0,9999
2023-10-05T18:03:56,0,9999,0,9999
2023-10-05T18:17:00,0,9999,0,9999
2023-10-05T18:30:04,0,9999,0,9999
2023-10-05T18:43:08,0,9999,0,9999
2023-10-05T18:56:23,0,9999,0,9999
2023-10-05T19:09:26,0,9999,0,9999
2023-10-05T19:22:34,0,9999,0,9999
2023-10-05T19:35:38,0,9999,0,9999
2023-10-05T19:48:43,0,9999,0,9999
2023-10-05T20:01:48,0,9999,0,9999
2023-10-05T20:15:03,0,9999,0,9999
2023-10-05T20:28:07,0,9999,0,9999
2023-10-05T20:41:11,0,9999,0,9999
2023-10-05T20:54:16,0,9999,0,9999
2023-10-05T21:07:20,0,9999,0,9999
2023-10-05T21:20:25,0,9999,0,9999
2023-10-05T21:33:29,0,9999,0,9999
2023-10-05T21:46:44,0,9999,0,9999
2023-10-05T21:59:48,0,9999,0,9999
2023-10-05T22:12:52,0,9999,0,9999
2023-10-05T22:25:55,0,9999,0,9999
2023-10-05T22:39:01,0,9999,0,9999
2023-10-05T22:52:06,0,9999,0,9999
2023-10-05T23:05:22,0,9999,0,9999
2023-10-05T23:18:27,0,9999,0,9999
2023-10-05T23:31:32,0,9999,0,9999
2023-10-05T23:44:37,0,9999,0,9999
2023-10-05T23:57:42,0,9999,0,9999
2023-10-06T00:10:49,0,9999,0,9999
2023-10-06T00:24:00,0,9999,0,9999
2023-10-06T00:37:20,0,9999,0,9999
2023-10-06T00:50:29,0,9999,0,9999
2023-10-06T01:03:39,0,9999,0,9999
2023-10-06T01:16:49,0,9999,0,9999
2023-10-06T01:29:58,0,9999,0,9999
2023-10-06T01:43:17,0,9999,0,9999
2023-10-06T01:56:29,0,9999,0,9999
2023-10-06T02:09:41,0,9999,0,9999
2023-10-06T02:22:50,0,9999,0,9999
2023-10-06T02:35:57,0,9999,0,9999
2023-10-06T02:49:04,0,9999,0,9999
2023-10-06T03:02:14,0,9999,0,9999
2023-10-06T03:15:36,0,9999,0,9999
2023-10-06T03:28:45,0,9999,0,9999
2023-10-06T03:41:56,0,9999,0,9999
2023-10-06T03:55:04,0,9999,0,9999
2023-10-06T04:08:14,0,9999,0,9999
2023-10-06T04:38:34,0,9999,0,9999
2023-10-06T04:51:49,0,9999,0,9999
2023-10-06T05:05:01,0,9999,0,9999
2023-10-06T05:18:11,0,9999,0,9999
2023-10-06T05:31:22,0,9999,0,9999
2023-10-06T05:44:32,0,9999,0,9999
2023-10-06T05:57:43,0,9999,0,9999
2023-10-06T06:10:50,0,9999,0,9999
2023-10-06T06:23:59,0,9999,0,9999
2023-10-06T06:37:08,0,9999,0,9999
2023-10-06T06:50:17,0,9999,0,9999
2023-10-06T07:03:25,0,9999,0,9999
2023-10-06T07:16:38,0,9999,0,9999
2023-10-06T07:29:45,0,9999,0,9999
2023-10-06T07:43:03,0,9999,0,9999
2023-10-06T07:56:08,0,9999,0,9999
2023-10-06T08:09:13,0,9999,0,9999
2023-10-06T08:22:18,0,9999,0,9999
2023-10-06T08:35:27,0,9999,0,9999
2023-10-06T08:48:32,0,9999,0,9999
2023-10-06T09:01:39,0,9999,0,9999
2023-10-06T09:14:44,0,9999,0,9999
2023-10-06T09:28:00,0,9999,0,9999
2023-10-06T09:41:05,0,9999,0,9999
2023-10-06T09:54:10,0,9999,0,9999
2023-10-06T10:07:14,0,9999,0,9999
2023-10-06T10:20:18,0,9999,0,9999
2023-10-06T10:33:49,0,9999,0,9999
2023-10-06T10:46:53,0,9999,0,9999
2023-10-06T10:59:59,0,9999,0,9999
2023-10-06T11:13:07,0,9999,0,9999
2023-10-06T11:26:13,0,9999,0,9999
2023-10-06T11:39:29,0,9999,0,9999
2023-10-06T11:52:34,0,9999,0,9999
2023-10-06T12:05:39,0,9999,0,9999
2023-10-06T12:18:43,0,9999,0,9999
2023-10-06T12:32:07,0,9999,0,9999
2023-10-06T12:45:12,0,9999,0,9999
2023-10-06T12:58:17,0,9999,0,9999
2023-10-06T13:11:22,0,9999,0,9999
2023-10-06T13:24:37,0,9999,0,9999
2023-10-06T13:37:41,0,9999,0,9999
2023-10-06T13:50:45,0,9999,0,9999
2023-10-06T14:03:52,0,9999,0,9999
2023-10-06T14:16:57,0,9999,0,9999
2023-10-06T14:30:29,0,9999,0,9999
2023-10-06T14:43:34,0,9999,0,9999
2023-10-06T14:56:38,0,9999,0,9999
2023-10-06T15:09:42,0,9999,0,9999
2023-10-06T15:22:46,0,9999,0,9999
2023-10-06T15:35:59,0,9999,0,9999
2023-10-06T15:49:04,0,9999,0,9999
2023-10-06T16:02:08,0,9999,0,9999
2023-10-06T16:15:14,0,9999,0,9999
2023-10-06T16:28:18,0,9999,0,9999
2023-10-06T16:41:46,0,9999,0,9999
2023-10-06T16:54:49,0,9999,0,9999
2023-10-06T17:07:53,0,9999,0,9999
2023-10-06T17:21:00,0,9999,0,9999
2023-10-06T17:34:05,0,9999,0,9999
2023-10-06T17:47:10,0,9999,0,9999
2023-10-06T18:00:14,0,9999,0,9999
2023-10-06T18:13:38,0,9999,0,9999
2023-10-06T18:26:43,0,9999,0,9999
2023-10-06T18:39:48,0,9999,0,9999
2023-10-06T18:52:53,0,9999,0,9999
2023-10-06T19:05:59,0,9999,0,9999
2023-10-06T19:19:04,0,9999,0,9999
2023-10-06T19:32:09,0,9999,0,9999
2023-10-06T19:45:14,0,9999,0,9999
2023-10-06T19:58:29,0,9999,0,9999
2023-10-06T20:11:34,0,9999,0,9999
2023-10-06T20:24:38,0,9999,0,9999
2023-10-06T20:37:43,0,9999,0,9999
2023-10-06T20:50:49,0,9999,0,9999
2023-10-06T21:03:54,0,9999,0,9999
2023-10-06T21:16:59,0,9999,0,9999
2023-10-06T21:30:04,0,9999,0,9999
2023-10-06T21:43:09,0,9999,0,9999
2023-10-06T21:56:33,0,9999,0,9999
2023-10-06T22:09:38,0,9999,0,9999
2023-10-06T22:22:42,0,9999,0,9999
2023-10-06T22:35:48,0,9999,0,9999
2023-10-06T22:48:53,0,9999,0,9999
2023-10-06T23:01:59,0,9999,0,9999
2023-10-06T23:15:06,0,9999,0,9999
2023-10-06T23:28:14,0,9999,0,9999
2023-10-06T23:41:21,0,9999,0,9999
2023-10-06T23:54:28,0,9999,0,9999
2023-10-07T00:07:48,0,9999,0,9999
2023-10-07T00:21:03,0,9999,0,9999
2023-10-07T00:34:13,0,9999,0,9999
2023-10-07T00:47:21,0,9999,0,9999
2023-10-07T01:00:44,0,9999,0,9999
2023-10-07T01:13:53,0,9999,0,9999
2023-10-07T01:27:04,0,9999,0,9999
2023-10-07T01:40:14,0,9999,0,9999
2023-10-07T01:53:25,0,9999,0,9999
2023-10-07T02:06:37,0,9999,0,9999
2023-10-07T02:19:47,0,9999,0,9999
2023-10-07T02:32:57,0,9999,0,9999
2023-10-07T02:46:19,0,9999,0,9999
2023-10-07T02:59:28,0,9999,0,9999
2023-10-07T03:13:28,0,9999,0,9999
2023-10-07T03:26:37,0,9999,0,9999
2023-10-07T03:39:50,0,9999,0,9999
2023-10-07T03:53:00,0,9999,0,9999
2023-10-07T04:06:16,0,9999,0,9999
2023-10-07T04:29:11,0,9999,0,9999
2023-10-07T04:42:24,0,9999,0,9999
2023-10-07T04:55:33,0,9999,0,9999
2023-10-07T05:08:41,0,9999,0,9999
2023-10-07T05:23:15,0,9999,0,9999
2023-10-07T05:36:46,0,9999,0,9999
2023-10-07T05:49:56,0,9999,0,9999
2023-10-07T06:03:06,0,9999,0,9999
2023-10-07T06:16:17,0,9999,0,9999
2023-10-07T06:29:27,0,9999,0,9999
2023-10-07T06:42:36,0,9999,0,9999
2023-10-07T06:55:46,0,9999,0,9999
2023-10-07T07:08:55,0,9999,0,9999
2023-10-07T07:22:12,0,9999,0,9999
2023-10-07T07:35:19,0,9999,0,9999
2023-10-07T07:48:25,0,9999,0,9999
2023-10-07T08:01:33,0,9999,0,9999
2023-10-07T08:14:41,0,9999,0,9999
2023-10-07T08:27:51,0,9999,0,9999
2023-10-07T08:40:58,0,9999,0,9999
2023-10-07T08:54:05,0,9999,0,9999
2023-10-07T09:07:12,0,9999,0,9999
2023-10-07T09:20:19,0,9999,0,9999
2023-10-07T09:33:27,0,9999,0,9999
2023-10-07T09:46:33,0,9999,0,9999
2023-10-07T09:59:40,0,9999,0,9999
2023-10-07T10:12:45,0,9999,0,9999
2023-10-07T10:25:51,0,9999,0,9999
2023-10-07T10:39:08,0,9999,0,9999
2023-10-07T10:52:13,0,9999,0,9999
2023-10-07T11:05:17,0,9999,0,9999
2023-10-07T11:18:22,0,9999,0,9999
2023-10-07T11:31:25,0,9999,0,9999
2023-10-07T11:44:30,0,9999,0,9999
2023-10-07T11:57:34,0,9999,0,9999
2023-10-07T12:10:39,0,9999,0,9999
2023-10-07T12:23:43,0,9999,0,9999
2023-10-07T12:36:48,0,9999,0,9999
2023-10-07T12:49:52,0,9999,0,9999
2023-10-07T13:02:58,0,9999,0,9999
2023-10-07T13:16:15,0,9999,0,9999
2023-10-07T13:29:19,0,9999,0,9999
2023-10-07T13:42:24,0,9999,0,9999
2023-10-07T13:55:29,0,9999,0,9999
2023-10-07T14:08:33,0,9999,0,9999
2023-10-07T14:21:37,0,9999,0,9999
2023-10-07T14:34:41,0,9999,0,9999
2023-10-07T14:47:47,0,9999,0,9999
2023-10-07T15:00:51,0,9999,0,9999
2023-10-07T15:13:56,0,9999,0,9999
2023-10-07T15:27:00,0,9999,0,9999
2023-10-07T15:40:04,0,9999,0,9999
2023-10-07T15:53:19,0,9999,0,9999
2023-10-07T16:06:24,0,9999,0,9999
2023-10-07T16:19:28,0,9999,0,9999
2023-10-07T16:32:32,0,9999,0,9999
2023-10-07T16:45:38,0,9999,0,9999
2023-10-07T16:58:42,0,9999,0,9999
2023-10-07T17:11:48,0,9999,0,9999
2023-10-07T17:24:53,0,9999,0,9999
2023-10-07T17:37:58,0,9999,0,9999
2023-10-07T17:51:03,0,9999,0,9999
2023-10-07T18:04:08,0,9999,0,9999
2023-10-07T18:17:23,0,9999,0,9999
2023-10-07T18:30:28,0,9999,0,9999
2023-10-07T18:43:34,0,9999,0,9999
2023-10-07T18:56:43,0,9999,0,9999
2023-10-07T19:09:48,0,9999,0,9999
2023-10-07T19:22:53,0,9999,0,9999
2023-10-07T19:35:58,0,9999,0,9999
2023-10-07T19:49:02,0,9999,0,9999
2023-10-07T20:02:06,0,9999,0,9999
2023-10-07T20:15:11,0,9999,0,9999
2023-10-07T20:28:17,0,9999,0,9999
2023-10-07T20:41:22,0,9999,0,9999
2023-10-07T20:54:26,0,9999,0,9999
2023-10-07T21:07:39,0,9999,0,9999
2023-10-07T21:20:43,0,9999,0,9999
2023-10-07T21:33:49,0,9999,0,9999
2023-10-07T21:46:55,0,9999,0,9999
2023-10-07T22:00:00,0,9999,0,9999
2023-10-07T22:13:04,0,9999,0,9999
2023-10-07T22:26:09,0,9999,0,9999
2023-10-07T22:39:18,0,9999,0,9999
2023-10-07T22:52:23,0,9999,0,9999
2023-10-07T23:05:30,0,9999,0,9999
2023-10-07T23:18:35,0,9999,0,9999
2023-10-07T23:31:40,0,9999,0,9999
2023-10-07T23:44:45,0,9999,0,9999
2023-10-07T23:57:49,0,9999,0,9999
2023-10-08T00:10:55,0,9999,0,9999
2023-10-08T00:24:21,0,9999,0,9999
2023-10-08T00:37:28,0,9999,0,9999
2023-10-08T00:50:34,0,9999,0,9999
2023-10-08T01:03:39,0,9999,0,9999
2023-10-08T01:16:44,0,9999,0,9999
2023-10-08T01:29:49,0,9999,0,9999
2023-10-08T01:42:54,0,9999,0,9999
2023-10-08T01:55:59,0,9999,0,9999
2023-10-08T02:09:05,0,9999,0,9999
2023-10-08T02:22:10,0,9999,0,9999
2023-10-08T02:35:15,0,9999,0,9999
2023-10-08T02:48:20,0,9999,0,9999
2023-10-08T03:01:29,0,9999,0,9999
2023-10-08T03:14:45,0,9999,0,9999
2023-10-08T03:27:56,0,9999,0,9999
2023-10-08T03:41:07,0,9999,0,9999
2023-10-08T03:54:17,0,9999,0,9999
2023-10-08T04:27:22,0,9999,0,9999
2023-10-08T04:40:57,0,9999,0,9999
2023-10-08T04:54:11,0,9999,0,9999
2023-10-08T05:07:25,0,9999,0,9999
2023-10-08T05:20:35,0,9999,0,9999
2023-10-08T05:33:44,0,9999,0,9999
2023-10-08T05:46:54,0,9999,0,9999
2023-10-08T06:00:04,0,9999,0,9999
2023-10-08T06:13:13,0,9999,0,9999
2023-10-08T06:26:24,0,9999,0,9999
2023-10-08T06:39:33,0,9999,0,9999
2023-10-08T06:52:41,0,9999,0,9999
2023-10-08T07:05:48,0,9999,0,9999
2023-10-08T07:18:56,0,9999,0,9999
2023-10-08T07:32:04,0,9999,0,9999
2023-10-08T07:45:12,0,9999,0,9999
2023-10-08T07:58:19,0,9999,0,9999
2023-10-08T08:11:27,0,9999,0,9999
2023-10-08T08:24:42,0,9999,0,9999
2023-10-08T08:37:52,0,9999,0,9999
2023-10-08T08:51:00,0,9999,0,9999
2023-10-08T09:04:08,0,9999,0,9999
2023-10-08T09:17:16,0,9999,0,9999
2023-10-08T09:30:24,0,9999,0,9999
2023-10-08T09:43:32,0,9999,0,9999
2023-10-08T09:56:40,0,9999,0,9999
2023-10-08T10:09:48,0,9999,0,9999
2023-10-08T10:22:55,0,9999,0,9999
2023-10-08T10:36:02,0,9999,0,9999
2023-10-08T10:49:07,0,9999,0,9999
2023-10-08T11:02:13,0,9999,0,9999
2023-10-08T11:15:27,0,9999,0,9999
2023-10-08T11:28:32,0,9999,0,9999
2023-10-08T11:41:38,0,9999,0,9999
2023-10-08T11:54:43,0,9999,0,9999
2023-10-08T12:07:49,0,9999,0,9999
2023-10-08T12:20:57,0,9999,0,9999
2023-10-08T12:34:04,0,9999,0,9999
2023-10-08T12:47:10,0,9999,0,9999
2023-10-08T13:00:16,0,9999,0,9999
2023-10-08T13:13:21,0,9999,0,9999
2023-10-08T13:26:37,0,9999,0,9999
2023-10-08T13:39:42,0,9999,0,9999
2023-10-08T13:52:47,0,9999,0,9999
2023-10-08T14:05:52,0,9999,0,9999
2023-10-08T14:18:57,0,9999,0,9999
2023-10-08T14:32:02,0,9999,0,9999
2023-10-08T14:45:09,0,9999,0,9999
2023-10-08T14:58:15,0,9999,0,9999
2023-10-08T15:11:31,0,9999,0,9999
2023-10-08T15:24:36,0,9999,0,9999
2023-10-08T15:37:40,0,9999,0,9999
2023-10-08T15:50:43,0,9999,0,9999
2023-10-08T16:03:48,0,9999,0,9999
2023-10-08T16:16:54,0,9999,0,9999
2023-10-08T16:30:00,0,9999,0,9999
2023-10-08T16:43:05,0,9999,0,9999
2023-10-08T16:56:19,0,9999,0,9999
2023-10-08T17:09:25,0,9999,0,9999
2023-10-08T17:22:29,0,9999,0,9999
2023-10-08T17:35:34,0,9999,0,9999
2023-10-08T17:48:39,0,9999,0,9999
2023-10-08T18:01:43,0,9999,0,9999
2023-10-08T18:14:48,0,9999,0,9999
2023-10-08T18:27:53,0,9999,0,9999
2023-10-08T18:41:07,0,9999,0,9999
2023-10-08T18:54:12,0,9999,0,9999
2023-10-08T19:07:18,0,9999,0,9999
2023-10-08T19:20:26,0,9999,0,9999
2023-10-08T19:33:33,0,9999,0,9999
2023-10-08T19:46:38,0,9999,0,9999
2023-10-08T19:59:43,0,9999,0,9999
2023-10-08T20:12:47,0,9999,0,9999
2023-10-08T20:26:03,0,9999,0,9999
2023-10-08T20:39:08,0,9999,0,9999
2023-10-08T20:52:12,0,9999,0,9999
2023-10-08T21:05:17,0,9999,0,9999
2023-10-08T21:18:21,0,9999,0,9999
2023-10-08T21:31:26,0,9999,0,9999
2023-10-08T21:44:33,0,9999,0,9999
2023-10-08T21:57:40,0,9999,0,9999
2023-10-08T22:10:45,0,9999,0,9999
2023-10-08T22:24:04,0,9999,0,9999
2023-10-08T22:37:09,0,9999,0,9999
2023-10-08T22:50:13,0,9999,0,9999
2023-10-08T23:03:19,0,9999,0,9999
2023-10-08T23:16:25,0,9999,0,9999
2023-10-08T23:29:31,0,9999,0,9999
2023-10-08T23:42:38,0,9999,0,9999
2023-10-08T23:55:42,0,9999,0,9999
2023-10-09T00:08:59,0,9999,0,9999
2023-10-09T00:22:09,0,9999,0,9999
2023-10-09T00:35:26,0,9999,0,9999
2023-10-09T00:48:46,0,9999,0,9999
2023-10-09T01:01:55,0,9999,0,9999
2023-10-09T01:15:00,0,9999,0,9999
2023-10-09T01:28:27,0,9999,0,9999
2023-10-09T01:41:38,0,9999,0,9999
2023-10-09T01:54:49,0,9999,0,9999
2023-10-09T02:08:02,0,9999,0,9999
2023-10-09T02:21:19,0,9999,0,9999
2023-10-09T02:34:36,0,9999,0,9999
2023-10-09T02:47:43,0,9999,0,9999
2023-10-09T03:00:50,0,9999,0,9999
2023-10-09T03:14:00,0,9999,0,9999
2023-10-09T03:27:08,0,9999,0,9999
2023-10-09T03:40:18,0,9999,0,9999
2023-10-09T03:53:26,0,9999,0,9999
2023-10-09T04:06:34,0,9999,0,9999
2023-10-09T04:33:06,0,9999,0,9999
2023-10-09T04:46:19,0,9999,0,9999
2023-10-09T04:59:31,0,9999,0,9999
2023-10-09T05:12:54,0,9999,0,9999
2023-10-09T05:26:03,0,9999,0,9999
2023-10-09T05:39:15,0,9999,0,9999
2023-10-09T05:52:26,0,9999,0,9999
2023-10-09T06:05:36,0,9999,0,9999
2023-10-09T06:18:46,0,9999,0,9999
2023-10-09T06:31:56,0,9999,0,9999
2023-10-09T06:45:04,0,9999,0,9999
2023-10-09T06:58:11,0,9999,0,9999
2023-10-09T07:11:20,0,9999,0,9999
2023-10-09T07:24:25,0,9999,0,9999
2023-10-09T07:37:39,0,9999,0,9999
2023-10-09T07:50:43,0,9999,0,9999
2023-10-09T08:03:47,0,9999,0,9999
2023-10-09T08:16:52,0,9999,0,9999
2023-10-09T08:29:58,0,9999,0,9999
2023-10-09T08:43:04,0,9999,0,9999
2023-10-09T08:56:09,0,9999,0,9999
2023-10-09T09:09:14,0,9999,0,9999
2023-10-09T09:22:20,0,9999,0,9999
2023-10-09T09:35:36,0,9999,0,9999
2023-10-09T09:48:41,0,9999,0,9999
2023-10-09T10:01:46,0,9999,0,9999
2023-10-09T10:14:52,0,9999,0,9999
2023-10-09T10:27:59,0,9999,0,9999
2023-10-09T10:41:04,0,9999,0,9999
2023-10-09T10:54:20,0,9999,0,9999
2023-10-09T11:07:25,0,9999,0,9999
2023-10-09T11:20:30,0,9999,0,9999
2023-10-09T11:33:35,0,9999,0,9999
2023-10-09T11:46:55,0,9999,0,9999
2023-10-09T12:00:01,0,9999,0,9999
2023-10-09T12:13:06,0,9999,0,9999
2023-10-09T12:26:12,0,9999,0,9999
2023-10-09T12:39:16,0,9999,0,9999
2023-10-09T12:52:32,0,9999,0,9999
2023-10-09T13:05:37,0,9999,0,9999
2023-10-09T13:18:42,0,9999,0,9999
2023-10-09T13:31:48,0,9999,0,9999
2023-10-09T13:45:03,0,9999,0,9999
2023-10-09T13:58:09,0,9999,0,9999
2023-10-09T14:11:15,0,9999,0,9999
2023-10-09T14:24:21,0,9999,0,9999
2023-10-09T14:37:27,0,9999,0,9999
2023-10-09T14:50:44,0,9999,0,9999
2023-10-09T15:03:49,0,9999,0,9999
2023-10-09T15:16:55,0,9999,0,9999
2023-10-09T15:30:00,0,9999,0,9999
2023-10-09T15:43:18,0,9999,0,9999
2023-10-09T15:56:23,0,9999,0,9999
2023-10-09T16:09:29,0,9999,0,9999
2023-10-09T16:22:34,0,9999,0,9999
2023-10-09T16:35:41,0,9999,0,9999
2023-10-09T16:48:56,0,9999,0,9999
2023-10-09T17:02:01,0,9999,0,9999
2023-10-09T17:15:09,0,9999,0,9999
2023-10-09T17:28:14,0,9999,0,9999
2023-10-09T17:41:31,0,9999,0,9999
2023-10-09T17:54:35,0,9999,0,9999
2023-10-09T18:07:40,0,9999,0,9999
2023-10-09T18:20:44,0,9999,0,9999
2023-10-09T18:34:01,0,9999,0,9999
2023-10-09T18:47:05,0,9999,0,9999
2023-10-09T19:00:12,0,9999,0,9999
2023-10-09T19:13:18,0,9999,0,9999
2023-10-09T19:26:23,0,9999,0,9999
2023-10-09T19:39:27,0,9999,0,9999
2023-10-09T19:52:32,0,9999,0,9999
2023-10-09T20:05:48,0,9999,0,9999
2023-10-09T20:18:53,0,9999,0,9999
2023-10-09T20:31:58,0,9999,0,9999
2023-10-09T20:45:03,0,9999,0,9999
2023-10-09T20:58:07,0,9999,0,9999
2023-10-09T21:11:12,0,9999,0,9999
2023-10-09T21:24:18,0,9999,0,9999
2023-10-09T21:37:23,0,9999,0,9999
2023-10-09T21:50:28,0,9999,0,9999
2023-10-09T22:03:45,0,9999,0,9999
2023-10-09T22:16:50,0,9999,0,9999
2023-10-09T22:29:55,0,9999,0,9999
2023-10-09T22:43:01,0,9999,0,9999
2023-10-09T22:56:07,0,9999,0,9999
2023-10-09T23:09:12,0,9999,0,9999
2023-10-09T23:22:18,0,9999,0,9999
2023-10-09T23:35:24,0,9999,0,9999
2023-10-09T23:48:40,0,9999,0,9999
2023-10-10T00:01:46,0,9999,0,9999
2023-10-10T00:14:54,0,9999,0,9999
2023-10-10T00:28:02,0,9999,0,9999
2023-10-10T00:41:18,0,9999,0,9999
2023-10-10T00:54:28,0,9999,0,9999
2023-10-10T01:07:37,0,9999,0,9999
2023-10-10T01:20:47,0,9999,0,9999
2023-10-10T01:33:58,0,9999,0,9999
2023-10-10T01:47:06,0,9999,0,9999
2023-10-10T02:00:27,0,9999,0,9999
2023-10-10T02:13:37,0,9999,0,9999
2023-10-10T02:26:44,0,9999,0,9999
2023-10-10T02:39:52,0,9999,0,9999
2023-10-10T02:53:00,0,9999,0,9999
2023-10-10T03:06:08,0,9999,0,9999
2023-10-10T03:19:18,0,9999,0,9999
2023-10-10T03:32:27,0,9999,0,9999
2023-10-10T03:45:35,0,9999,0,9999
2023-10-10T03:58:44,0,9999,0,9999
2023-10-10T04:11:53,0,9999,0,9999
2023-10-10T04:36:20,0,9999,0,9999
2023-10-10T04:50:51,0,9999,0,9999
2023-10-10T05:04:22,0,9999,0,9999
2023-10-10T05:17:36,0,9999,0,9999
2023-10-10T05:30:45,0,9999,0,9999
2023-10-10T05:43:54,0,9999,0,9999
2023-10-10T05:57:08,0,9999,0,9999
2023-10-10T06:10:17,0,9999,0,9999
2023-10-10T06:23:24,0,9999,0,9999
2023-10-10T06:36:32,0,9999,0,9999
2023-10-10T06:49:45,0,9999,0,9999
2023-10-10T07:02:54,0,9999,0,9999
2023-10-10T07:16:03,0,9999,0,9999
2023-10-10T07:29:12,0,9999,0,9999
2023-10-10T07:42:18,0,9999,0,9999
2023-10-10T07:55:25,0,9999,0,9999
2023-10-10T08:08:34,0,9999,0,9999
2023-10-10T08:21:50,0,9999,0,9999
2023-10-10T08:34:58,0,9999,0,9999
2023-10-10T08:48:05,0,9999,0,9999
2023-10-10T09:01:12,0,9999,0,9999
2023-10-10T09:14:19,0,9999,0,9999
2023-10-10T09:27:25,0,9999,0,9999
2023-10-10T09:40:32,0,9999,0,9999
2023-10-10T09:53:47,0,9999,0,9999
2023-10-10T10:06:53,0,9999,0,9999
2023-10-10T10:19:59,0,9999,0,9999
2023-10-10T10:33:05,0,9999,0,9999
2023-10-10T10:46:10,0,9999,0,9999
2023-10-10T10:59:15,0,9999,0,9999
2023-10-10T11:12:32,0,9999,0,9999
2023-10-10T11:25:37,0,9999,0,9999
2023-10-10T11:38:43,0,9999,0,9999
2023-10-10T11:51:48,0,9999,0,9999
2023-10-10T12:04:54,0,9999,0,9999
2023-10-10T12:18:10,0,9999,0,9999
2023-10-10T12:31:16,0,9999,0,9999
2023-10-10T12:44:21,0,9999,0,9999
2023-10-10T12:57:26,0,9999,0,9999
2023-10-10T13:10:32,0,9999,0,9999
2023-10-10T13:23:50,0,9999,0,9999
2023-10-10T13:36:55,0,9999,0,9999
2023-10-10T13:50:00,0,9999,0,9999
2023-10-10T14:03:05,0,9999,0,9999
2023-10-10T14:16:12,0,9999,0,9999
2023-10-10T14:29:28,0,9999,0,9999
2023-10-10T14:42:33,0,9999,0,9999
2023-10-10T14:55:38,0,9999,0,9999
2023-10-10T15:08:43,0,9999,0,9999
2023-10-10T15:21:47,0,9999,0,9999
2023-10-10T15:34:52,0,9999,0,9999
2023-10-10T15:48:12,0,9999,0,9999
2023-10-10T16:01:16,0,9999,0,9999
2023-10-10T16:14:22,0,9999,0,9999
2023-10-10T16:27:27,0,9999,0,9999
2023-10-10T16:40:32,0,9999,0,9999
2023-10-10T16:53:36,0,9999,0,9999
2023-10-10T17:06:53,0,9999,0,9999
2023-10-10T17:19:59,0,9999,0,9999
2023-10-10T17:33:04,0,9999,0,9999
2023-10-10T17:46:09,0,9999,0,9999
2023-10-10T17:59:13,0,9999,0,9999
2023-10-10T18:12:18,0,9999,0,9999
2023-10-10T18:25:23,0,9999,0,9999
2023-10-10T18:38:41,0,9999,0,9999
2023-10-10T18:51:46,0,9999,0,9999
2023-10-10T19:04:51,0,9999,0,9999
2023-10-10T19:17:56,0,9999,0,9999
2023-10-10T19:31:01,0,9999,0,9999
2023-10-10T19:44:06,0,9999,0,9999
2023-10-10T19:57:10,0,9999,0,9999
2023-10-10T20:10:15,0,9999,0,9999
2023-10-10T20:23:31,0,9999,0,9999
2023-10-10T20:36:36,0,9999,0,9999
2023-10-10T20:49:41,0,9999,0,9999
2023-10-10T21:02:45,0,9999,0,9999
2023-10-10T21:15:50,0,9999,0,9999
2023-10-10T21:28:55,0,9999,0,9999
2023-10-10T21:42:01,0,9999,0,9999
2023-10-10T21:55:05,0,9999,0,9999
2023-10-10T22:08:11,0,9999,0,9999
2023-10-10T22:21:26,0,9999,0,9999
2023-10-10T22:34:31,0,9999,0,9999
2023-10-10T22:47:35,0,9999,0,9999
2023-10-10T23:00:39,0,9999,0,9999
2023-10-10T23:13:44,0,9999,0,9999
2023-10-10T23:26:50,0,9999,0,9999
2023-10-10T23:39:56,0,9999,0,9999
2023-10-10T23:53:01,0,9999,0,9999
2023-10-11T00:06:07,0,9999,0,9999
2023-10-11T00:19:17,0,9999,0,9999
2023-10-11T00:32:37,0,9999,0,9999
2023-10-11T00:57:02,0,9999,0,9999
2023-10-11T01:10:14,0,9999,0,9999
2023-10-11T01:23:25,0,9999,0,9999
2023-10-11T01:36:44,0,9999,0,9999
2023-10-11T01:49:55,0,9999,0,9999
2023-10-11T02:03:07,0,9999,0,9999
2023-10-11T02:16:16,0,9999,0,9999
2023-10-11T02:29:25,0,9999,0,9999
2023-10-11T02:42:32,0,9999,0,9999
2023-10-11T02:55:41,0,9999,0,9999
2023-10-11T03:08:53,0,9999,0,9999
2023-10-11T03:22:03,0,9999,0,9999
2023-10-11T03:35:12,0,9999,0,9999
2023-10-11T03:48:22,0,9999,0,9999
2023-10-11T04:01:47,0,9999,0,9999
2023-10-11T04:27:35,0,9999,0,9999
2023-10-11T04:42:04,0,9999,0,9999
2023-10-11T04:55:39,0,9999,0,9999
2023-10-11T05:08:56,0,9999,0,9999
2023-10-11T05:22:06,0,9999,0,9999
2023-10-11T05:35:16,0,9999,0,9999
2023-10-11T05:48:28,0,9999,0,9999
2023-10-11T06:01:39,0,9999,0,9999
2023-10-11T06:14:51,0,9999,0,9999
2023-10-11T06:28:01,0,9999,0,9999
2023-10-11T06:41:10,0,9999,0,9999
2023-10-11T06:54:19,0,9999,0,9999
2023-10-11T07:07:28,0,9999,0,9999
2023-10-11T07:20:35,0,9999,0,9999
2023-10-11T07:33:43,0,9999,0,9999
2023-10-11T07:46:48,0,9999,0,9999
2023-10-11T07:59:55,0,9999,0,9999
2023-10-11T08:13:00,0,9999,0,9999
2023-10-11T08:26:15,0,9999,0,9999
2023-10-11T08:39:20,0,9999,0,9999
2023-10-11T08:52:25,0,9999,0,9999
2023-10-11T09:05:29,0,9999,0,9999
2023-10-11T09:18:34,0,9999,0,9999
2023-10-11T09:31:39,0,9999,0,9999
2023-10-11T09:44:44,0,9999,0,9999
2023-10-11T09:57:50,0,9999,0,9999
2023-10-11T10:10:55,0,9999,0,9999
2023-10-11T10:24:19,0,9999,0,9999
2023-10-11T10:37:23,0,9999,0,9999
2023-10-11T10:50:28,0,9999,0,9999
2023-10-11T11:03:32,0,9999,0,9999
2023-10-11T11:16:38,0,9999,0,9999
2023-10-11T11:29:43,0,9999,0,9999
2023-10-11T11:42:47,0,9999,0,9999
2023-10-11T11:56:03,0,9999,0,9999
2023-10-11T12:09:07,0,9999,0,9999
2023-10-11T12:22:12,0,9999,0,9999
2023-10-11T12:35:16,0,9999,0,9999
2023-10-11T12:48:21,0,9999,0,9999
2023-10-11T13:01:35,0,9999,0,9999
2023-10-11T13:14:40,0,9999,0,9999
2023-10-11T13:27:45,0,9999,0,9999
2023-10-11T13:40:50,0,9999,0,9999
2023-10-11T13:53:55,0,9999,0,9999
2023-10-11T14:07:00,0,9999,0,9999
2023-10-11T14:20:24,0,9999,0,9999
2023-10-11T14:33:29,0,9999,0,9999
2023-10-11T14:46:35,0,9999,0,9999
2023-10-11T14:59:40,0,9999,0,9999
2023-10-11T15:12:45,0,9999,0,9999
2023-10-11T15:26:00,0,9999,0,9999
2023-10-11T15:39:05,0,9999,0,9999
2023-10-11T15:52:11,0,9999,0,9999
2023-10-11T16:05:16,0,9999,0,9999
2023-10-11T16:18:20,0,9999,0,9999
2023-10-11T16:31:25,0,9999,0,9999
2023-10-11T16:44:43,0,9999,0,9999
2023-10-11T16:57:48,0,9999,0,9999
2023-10-11T17:10:55,0,9999,0,9999
2023-10-11T17:24:01,0,9999,0,9999
2023-10-11T17:37:06,0,9999,0,9999
2023-10-11T17:50:10,0,9999,0,9999
2023-10-11T18:03:15,0,9999,0,9999
2023-10-11T18:16:31,0,9999,0,9999
2023-10-11T18:29:36,0,9999,0,9999
2023-10-11T18:42:42,0,9999,0,9999
2023-10-11T18:55:47,0,9999,0,9999
2023-10-11T19:08:52,0,9999,0,9999
2023-10-11T19:21:57,0,9999,0,9999
2023-10-11T19:35:03,0,9999,0,9999
2023-10-11T19:48:09,0,9999,0,9999
2023-10-11T20:01:14,0,9999,0,9999
2023-10-11T20:14:31,0,9999,0,9999
2023-10-11T20:27:36,0,9999,0,9999
2023-10-11T20:40:41,0,9999,0,9999
2023-10-11T20:53:47,0,9999,0,9999
2023-10-11T21:06:52,0,9999,0,9999
2023-10-11T21:19:56,0,9999,0,9999
2023-10-11T21:33:01,0,9999,0,9999
2023-10-11T21:46:08,0,9999,0,9999
2023-10-11T21:59:14,0,9999,0,9999
2023-10-11T22:12:21,0,9999,0,9999
2023-10-11T22:25:40,0,9999,0,9999
2023-10-11T22:38:46,0,9999,0,9999
2023-10-11T22:51:52,0,9999,0,9999
2023-10-11T23:04:58,0,9999,0,9999
2023-10-11T23:18:03,0,9999,0,9999
2023-10-11T23:31:09,0,9999,0,9999
2023-10-11T23:44:14,0,9999,0,9999
2023-10-11T23:57:20,0,9999,0,9999
2023-10-12T00:10:27,0,9999,0,9999
2023-10-12T00:24:01,0,9999,0,9999
2023-10-12T00:37:11,0,9999,0,9999
2023-10-12T00:50:21,0,9999,0,9999
2023-10-12T01:03:32,0,9999,0,9999
2023-10-12T01:16:42,0,9999,0,9999
2023-10-12T01:29:52,0,9999,0,9999
2023-10-12T01:43:02,0,9999,0,9999
2023-10-12T01:56:13,0,9999,0,9999
2023-10-12T02:09:23,0,9999,0,9999
2023-10-12T02:22:31,0,9999,0,9999
2023-10-12T02:35:39,0,9999,0,9999
2023-10-12T02:48:45,0,9999,0,9999
2023-10-12T03:01:50,0,9999,0,9999
2023-10-12T03:15:01,0,9999,0,9999
2023-10-12T03:28:13,0,9999,0,9999
2023-10-12T03:41:23,0,9999,0,9999
2023-10-12T03:54:34,0,9999,0,9999
2023-10-12T04:07:44,0,9999,0,9999
2023-10-12T04:31:44,0,9999,0,9999
2023-10-12T04:46:07,0,9999,0,9999
2023-10-12T04:59:34,0,9999,0,9999
2023-10-12T05:12:49,0,9999,0,9999
2023-10-12T05:26:00,0,9999,0,9999
2023-10-12T05:39:10,0,9999,0,9999
2023-10-12T05:52:21,0,9999,0,9999
2023-10-12T06:05:32,0,9999,0,9999
2023-10-12T06:18:41,0,9999,0,9999
2023-10-12T06:31:50,0,9999,0,9999
2023-10-12T06:45:02,0,9999,0,9999
2023-10-12T06:58:10,0,9999,0,9999
2023-10-12T07:11:18,0,9999,0,9999
2023-10-12T07:24:25,0,9999,0,9999
2023-10-12T07:37:32,0,9999,0,9999
2023-10-12T07:50:39,0,9999,0,9999
2023-10-12T08:03:54,0,9999,0,9999
2023-10-12T08:17:00,0,9999,0,9999
2023-10-12T08:30:07,0,9999,0,9999
2023-10-12T08:43:12,0,9999,0,9999
2023-10-12T08:56:17,0,9999,0,9999
2023-10-12T09:09:22,0,9999,0,9999
2023-10-12T09:22:27,0,9999,0,9999
2023-10-12T09:35:31,0,9999,0,9999
2023-10-12T09:48:36,0,9999,0,9999
2023-10-12T10:01:53,0,9999,0,9999
2023-10-12T10:14:57,0,9999,0,9999
2023-10-12T10:28:02,0,9999,0,9999
2023-10-12T10:41:07,0,9999,0,9999
2023-10-12T10:54:12,0,9999,0,9999
2023-10-12T11:07:17,0,9999,0,9999
2023-10-12T11:20:22,0,9999,0,9999
2023-10-12T11:33:39,0,9999,0,9999
2023-10-12T11:46:44,0,9999,0,9999
2023-10-12T11:59:50,0,9999,0,9999
2023-10-12T12:12:55,0,9999,0,9999
2023-10-12T12:26:01,0,9999,0,9999
2023-10-12T12:39:06,0,9999,0,9999
2023-10-12T12:52:22,0,9999,0,9999
2023-10-12T13:05:28,0,9999,0,9999
2023-10-12T13:18:33,0,9999,0,9999
2023-10-12T13:31:38,0,9999,0,9999
2023-10-12T13:44:43,0,9999,0,9999
2023-10-12T13:58:01,0,9999,0,9999
2023-10-12T14:11:07,0,9999,0,9999
2023-10-12T14:24:14,0,9999,0,9999
2023-10-12T14:37:20,0,9999,0,9999
2023-10-12T14:50:26,0,9999,0,9999
2023-10-12T15:03:32,0,9999,0,9999
2023-10-12T15:16:50,0,9999,0,9999
2023-10-12T15:29:56,0,9999,0,9999
2023-10-12T15:43:02,0,9999,0,9999
2023-10-12T15:56:08,0,9999,0,9999
2023-10-12T16:09:14,0,9999,0,9999
2023-10-12T16:22:20,0,9999,0,9999
2023-10-12T16:35:36,0,9999,0,9999
2023-10-12T16:48:42,0,9999,0,9999
2023-10-12T17:01:47,0,9999,0,9999
2023-10-12T17:14:55,0,9999,0,9999
2023-10-12T17:28:01,0,9999,0,9999
2023-10-12T17:41:07,0,9999,0,9999
2023-10-12T17:54:13,0,9999,0,9999
2023-10-12T18:07:30,0,9999,0,9999
2023-10-12T18:20:36,0,9999,0,9999
2023-10-12T18:33:42,0,9999,0,9999
2023-10-12T18:46:47,0,9999,0,9999
2023-10-12T18:59:53,0,9999,0,9999
2023-10-12T19:13:01,0,9999,0,9999
2023-10-12T19:26:06,0,9999,0,9999
2023-10-12T19:39:24,0,9999,0,9999
2023-10-12T19:52:30,0,9999,0,9999
2023-10-12T20:05:36,0,9999,0,9999
2023-10-12T20:18:42,0,9999,0,9999
2023-10-12T20:31:48,0,9999,0,9999
2023-10-12T20:44:54,0,9999,0,9999
2023-10-12T20:57:59,0,9999,0,9999
2023-10-12T21:11:05,0,9999,0,9999
2023-10-12T21:24:11,0,9999,0,9999
2023-10-12T21:37:17,0,9999,0,9999
2023-10-12T21:50:34,0,9999,0,9999
2023-10-12T22:03:40,0,9999,0,9999
2023-10-12T22:16:46,0,9999,0,9999
2023-10-12T22:29:52,0,9999,0,9999
2023-10-12T22:42:57,0,9999,0,9999
2023-10-12T22:56:03,0,9999,0,9999
2023-10-12T23:09:09,0,9999,0,9999
2023-10-12T23:22:26,0,9999,0,9999
2023-10-12T23:35:33,0,9999,0,9999
2023-10-12T23:48:39,0,9999,0,9999
2023-10-13T00:01:46,0,9999,0,9999
2023-10-13T00:14:58,0,9999,0,9999
2023-10-13T00:28:11,0,9999,0,9999
2023-10-13T00:41:23,0,9999,0,9999
2023-10-13T00:54:35,0,9999,0,9999
2023-10-13T01:07:46,0,9999,0,9999
2023-10-13T01:20:58,0,9999,0,9999
2023-10-13T01:34:09,0,9999,0,9999
2023-10-13T01:47:21,0,9999,0,9999
2023-10-13T02:00:45,0,9999,0,9999
2023-10-13T02:13:56,0,9999,0,9999
2023-10-13T02:27:05,0,9999,0,9999
2023-10-13T02:40:15,0,9999,0,9999
2023-10-13T02:53:26,0,9999,0,9999
2023-10-13T03:06:37,0,9999,0,9999
2023-10-13T03:19:48,0,9999,0,9999
2023-10-13T03:32:58,0,9999,0,9999
2023-10-13T03:46:08,0,9999,0,9999
2023-10-13T03:59:19,0,9999,0,9999
2023-10-13T04:31:42,0,9999,0,9999
2023-10-13T04:44:53,0,9999,0,9999
2023-10-13T04:58:05,0,9999,0,9999
2023-10-13T05:11:20,0,9999,0,9999
2023-10-13T05:24:31,0,9999,0,9999
2023-10-13T05:37:44,0,9999,0,9999
2023-10-13T05:50:54,0,9999,0,9999
2023-10-13T06:04:05,0,9999,0,9999
2023-10-13T06:17:15,0,9999,0,9999
2023-10-13T06:30:27,0,9999,0,9999
2023-10-13T06:43:38,0,9999,0,9999
2023-10-13T06:56:47,0,9999,0,9999
2023-10-13T07:10:00,0,9999,0,9999
2023-10-13T07:23:12,0,9999,0,9999
2023-10-13T07:36:20,0,9999,0,9999
2023-10-13T07:49:36,0,9999,0,9999
2023-10-13T08:02:46,0,9999,0,9999
2023-10-13T08:15:52,0,9999,0,9999
2023-10-13T08:28:59,0,9999,0,9999
2023-10-13T08:42:05,0,9999,0,9999
2023-10-13T08:55:11,0,9999,0,9999
2023-10-13T09:08:17,0,9999,0,9999
2023-10-13T09:21:26,0,9999,0,9999
2023-10-13T09:34:34,0,9999,0,9999
2023-10-13T09:47:53,0,9999,0,9999
2023-10-13T10:00:59,0,9999,0,9999
2023-10-13T10:14:05,0,9999,0,9999
2023-10-13T10:27:12,0,9999,0,9999
2023-10-13T10:40:17,0,9999,0,9999
2023-10-13T10:53:34,0,9999,0,9999
2023-10-13T11:06:40,0,9999,0,9999
2023-10-13T11:19:46,0,9999,0,9999
2023-10-13T11:32:52,0,9999,0,9999
2023-10-13T11:45:58,0,9999,0,9999
2023-10-13T11:59:04,0,9999,0,9999
2023-10-13T12:12:11,0,9999,0,9999
2023-10-13T12:25:27,0,9999,0,9999
2023-10-13T12:38:36,0,9999,0,9999
2023-10-13T12:51:46,0,9999,0,9999
2023-10-13T13:04:52,0,9999,0,9999
2023-10-13T13:17:58,0,9999,0,9999
2023-10-13T13:31:14,0,9999,0,9999
2023-10-13T13:44:20,0,9999,0,9999
2023-10-13T13:57:27,0,9999,0,9999
2023-10-13T14:10:34,0,9999,0,9999
2023-10-13T14:23:40,0,9999,0,9999
2023-10-13T14:36:47,0,9999,0,9999
2023-10-13T14:49:53,0,9999,0,9999
2023-10-13T15:03:10,0,9999,0,9999
2023-10-13T15:16:16,0,9999,0,9999
2023-10-13T15:29:23,0,9999,0,9999
2023-10-13T15:42:29,1,9998,0,9999
2023-10-13T15:55:35,1,9998,0,9999
2023-10-13T16:08:52,1,9998,0,9999
2023-10-13T16:21:58,1,9998,0,9999
2023-10-13T16:35:06,1,9998,0,9999
2023-10-13T16:48:12,1,9998,0,9999
2023-10-13T17:01:18,1,9998,0,9999
2023-10-13T17:14:26,1,9998,0,9999
2023-10-13T17:27:34,1,9998,0,9999
2023-10-13T17:52:39,1,9998,0,9999
2023-10-13T18:05:47,1,9998,0,9999
2023-10-13T18:18:55,1,9998,0,9999
2023-10-13T18:32:04,1,9998,0,9999
2023-10-13T18:45:15,1,9998,0,9999
2023-10-13T18:58:25,1,9998,0,9999
2023-10-13T19:11:31,1,9998,0,9999
2023-10-13T19:24:40,1,9998,0,9999
2023-10-13T19:37:47,1,9998,0,9999
2023-10-13T19:50:53,1,9998,0,9999
2023-10-13T20:04:00,1,9998,0,9999
2023-10-13T20:17:17,1,9998,0,9999
2023-10-13T20:30:24,1,9998,0,9999
2023-10-13T20:43:30,1,9998,0,9999
2023-10-13T20:56:36,1,9998,0,9999
2023-10-13T21:09:43,1,9998,0,9999
2023-10-13T21:22:50,1,9998,0,9999
2023-10-13T21:35:56,1,9998,0,9999
2023-10-13T21:49:03,1,9998,0,9999
2023-10-13T22:02:09,1,9998,0,9999
2023-10-13T22:15:15,1,9998,0,9999
2023-10-13T22:28:21,1,9998,0,9999
2023-10-13T22:41:27,1,9998,0,9999
2023-10-13T22:54:43,1,9998,0,9999
2023-10-13T23:07:49,1,9998,0,9999
2023-10-13T23:20:57,1,9998,0,9999
2023-10-13T23:34:03,1,9998,0,9999
2023-10-13T23:47:10,1,9998,0,9999
2023-10-14T00:00:18,1,9998,0,9999
2023-10-14T00:13:33,1,9998,0,9999
2023-10-14T00:26:46,1,9998,0,9999
2023-10-14T00:39:58,1,9998,0,9999
2023-10-14T00:53:09,1,9998,0,9999
2023-10-14T01:06:20,1,9998,0,9999
2023-10-14T01:19:32,1,9998,0,9999
2023-10-14T01:32:44,1,9998,0,9999
2023-10-14T01:45:55,1,9998,0,9999
2023-10-14T01:59:08,1,9998,0,9999
2023-10-14T02:12:29,1,9998,0,9999
2023-10-14T02:25:37,1,9998,0,9999
2023-10-14T02:38:46,1,9998,0,9999
2023-10-14T02:51:52,1,9998,0,9999
2023-10-14T03:04:59,1,9998,0,9999
2023-10-14T03:18:12,1,9998,0,9999
2023-10-14T03:33:01,1,9998,0,9999
2023-10-14T03:46:15,1,9998,0,9999
2023-10-14T03:59:27,1,9998,0,9999
2023-10-14T04:12:37,1,9998,0,9999
2023-10-14T04:32:35,1,9998,0,9999
2023-10-14T04:47:20,1,9998,0,9999
2023-10-14T05:00:33,1,9998,0,9999
2023-10-14T05:13:44,1,9998,0,9999
2023-10-14T05:26:56,1,9998,0,9999
2023-10-14T05:40:08,1,9998,0,9999
2023-10-14T05:53:20,1,9998,0,9999
2023-10-14T06:06:36,1,9998,0,9999
2023-10-14T06:19:47,1,9998,0,9999
2023-10-14T06:32:58,1,9998,0,9999
2023-10-14T06:46:08,1,9998,0,9999
2023-10-14T06:59:19,1,9998,0,9999
2023-10-14T07:12:32,1,9998,0,9999
2023-10-14T07:25:43,1,9998,0,9999
2023-10-14T07:38:52,1,9998,0,9999
2023-10-14T07:52:01,1,9998,0,9999
2023-10-14T08:05:13,1,9998,0,9999
2023-10-14T08:18:23,1,9998,0,9999
2023-10-14T08:31:33,1,9998,0,9999
2023-10-14T08:44:51,1,9998,0,9999
2023-10-14T08:57:59,1,9998,0,9999
2023-10-14T09:11:10,1,9998,0,9999
2023-10-14T09:24:19,1,9998,0,9999
2023-10-14T09:37:28,1,9998,0,9999
2023-10-14T09:50:34,1,9998,0,9999
2023-10-14T10:03:42,1,9998,0,9999
2023-10-14T10:16:50,1,9998,0,9999
2023-10-14T10:29:57,1,9998,0,9999
2023-10-14T10:43:09,1,9998,0,9999
2023-10-14T10:56:15,1,9998,0,9999
2023-10-14T11:09:21,1,9998,0,9999
2023-10-14T11:22:35,1,9998,0,9999
2023-10-14T11:35:41,1,9998,0,9999
2023-10-14T11:48:47,1,9998,0,9999
2023-10-14T12:01:53,1,9998,0,9999
2023-10-14T12:14:59,1,9998,0,9999
2023-10-14T12:28:05,1,9998,0,9999
2023-10-14T12:41:11,1,9998,0,9999
2023-10-14T12:54:17,1,9998,0,9999
2023-10-14T13:07:23,1,9998,0,9999
2023-10-14T13:20:29,1,9998,0,9999
2023-10-14T13:33:35,1,9998,0,9999
2023-10-14T13:46:41,1,9998,0,9999
2023-10-14T13:59:47,1,9998,0,9999
2023-10-14T14:12:53,1,9998,0,9999
2023-10-14T14:26:10,1,9998,0,9999
2023-10-14T14:39:16,1,9998,0,9999
2023-10-14T14:52:22,1,9998,0,9999
2023-10-14T15:05:28,1,9998,0,9999
2023-10-14T15:18:33,1,9998,0,9999
2023-10-14T15:31:39,1,9998,0,9999
2023-10-14T15:44:46,1,9998,0,9999
2023-10-14T15:57:52,1,9998,0,9999
2023-10-14T16:10:58,1,9998,0,9999
2023-10-14T16:24:04,1,9998,0,9999
2023-10-14T16:37:11,1,9998,0,9999
2023-10-14T16:50:18,1,9998,0,9999
2023-10-14T17:03:24,1,9998,0,9999
2023-10-14T17:16:32,1,9998,0,9999
2023-10-14T17:29:48,1,9998,0,9999
2023-10-14T17:42:54,1,9998,0,9999
2023-10-14T17:56:00,1,9998,0,9999
2023-10-14T18:09:07,1,9998,0,9999
2023-10-14T18:22:13,1,9998,0,9999
2023-10-14T18:35:20,1,9998,0,9999
2023-10-14T18:48:26,1,9998,0,9999
2023-10-14T19:01:33,1,9998,0,9999
2023-10-14T19:14:40,1,9998,0,9999
2023-10-14T19:27:45,1,9998,0,9999
2023-10-14T19:40:51,1,9998,0,9999
2023-10-14T19:53:58,1,9998,0,9999
2023-10-14T20:07:06,1,9998,0,9999
2023-10-14T20:20:11,1,9998,0,9999
2023-10-14T20:33:17,1,9998,0,9999
2023-10-14T20:46:23,1,9998,0,9999
2023-10-14T20:59:29,1,9998,0,9999
2023-10-14T21:12:47,1,9998,0,9999
2023-10-14T21:25:53,1,9998,0,9999
2023-10-14T21:38:59,1,9998,0,9999
2023-10-14T21:52:05,1,9998,0,9999
2023-10-14T22:05:11,1,9998,0,9999
2023-10-14T22:18:17,1,9998,0,9999
2023-10-14T22:31:23,1,9998,0,9999
2023-10-14T22:44:29,1,9998,0,9999
2023-10-14T22:57:34,1,9998,0,9999
2023-10-14T23:10:42,1,9998,0,9999
2023-10-14T23:23:48,1,9998,0,9999
2023-10-14T23:36:55,1,9998,0,9999
2023-10-14T23:50:01,1,9998,0,9999
2023-10-15T00:03:07,1,9998,0,9999
2023-10-15T00:16:14,1,9998,0,9999
2023-10-15T00:29:24,1,9998,0,9999
2023-10-15T00:42:30,1,9998,0,9999
2023-10-15T01:05:30,1,9998,0,9999
2023-10-15T01:18:42,1,9998,0,9999
2023-10-15T01:31:55,1,9998,0,9999
2023-10-15T01:45:09,1,9998,0,9999
2023-10-15T01:58:22,1,9998,0,9999
2023-10-15T02:11:35,1,9998,0,9999
2023-10-15T02:24:47,1,9998,0,9999
2023-10-15T02:37:56,1,9998,0,9999
2023-10-15T02:51:07,1,9998,0,9999
2023-10-15T03:04:18,1,9998,0,9999
2023-10-15T03:17:29,1,9998,0,9999
2023-10-15T03:30:40,1,9998,0,9999
2023-10-15T03:43:50,1,9998,0,9999
2023-10-15T03:57:01,1,9998,0,9999
2023-10-15T04:28:25,1,9998,0,9999
2023-10-15T04:43:12,1,9998,0,9999
2023-10-15T04:56:24,1,9998,0,9999
2023-10-15T05:09:36,1,9998,0,9999
2023-10-15T05:22:47,1,9998,0,9999
2023-10-15T05:36:00,1,9998,0,9999
2023-10-15T05:49:12,1,9998,0,9999
2023-10-15T06:02:25,1,9998,0,9999
2023-10-15T06:15:37,1,9998,0,9999
2023-10-15T06:28:47,1,9998,0,9999
2023-10-15T06:41:58,1,9998,0,9999
2023-10-15T06:55:08,1,9998,0,9999
2023-10-15T07:08:23,1,9998,0,9999
2023-10-15T07:21:31,1,9998,0,9999
2023-10-15T07:34:41,1,9998,0,9999
2023-10-15T07:47:47,1,9998,0,9999
2023-10-15T08:00:54,1,9998,0,9999
2023-10-15T08:14:01,1,9998,0,9999
2023-10-15T08:27:08,1,9998,0,9999
2023-10-15T08:40:16,1,9998,0,9999
2023-10-15T08:53:31,1,9998,0,9999
2023-10-15T09:06:37,1,9998,0,9999
2023-10-15T09:19:44,1,9998,0,9999
2023-10-15T09:32:51,1,9998,0,9999
2023-10-15T09:45:58,1,9998,0,9999
2023-10-15T09:59:03,1,9998,0,9999
2023-10-15T10:12:09,1,9998,0,9999
2023-10-15T10:25:15,1,9998,0,9999
2023-10-15T10:38:22,1,9998,0,9999
2023-10-15T10:51:29,1,9998,0,9999
2023-10-15T11:04:34,1,9998,0,9999
2023-10-15T11:17:40,1,9998,0,9999
2023-10-15T11:30:47,1,9998,0,9999
2023-10-15T11:43:53,1,9998,0,9999
2023-10-15T11:56:58,1,9998,0,9999
2023-10-15T12:10:04,1,9998,0,9999
2023-10-15T12:23:10,1,9998,0,9999
2023-10-15T12:36:26,1,9998,0,9999
2023-10-15T12:49:32,1,9998,0,9999
2023-10-15T13:02:37,1,9998,0,9999
2023-10-15T13:15:43,1,9998,0,9999
2023-10-15T13:28:49,1,9998,0,9999
2023-10-15T13:41:55,1,9998,0,9999
2023-10-15T13:55:01,1,9998,0,9999
2023-10-15T14:08:07,1,9998,0,9999
2023-10-15T14:21:13,1,9998,0,9999
2023-10-15T14:34:19,1,9998,0,9999
2023-10-15T14:47:25,1,9998,0,9999
2023-10-15T15:00:31,1,9998,0,9999
2023-10-15T15:13:37,1,9998,0,9999
2023-10-15T15:26:43,1,9998,0,9999
2023-10-15T15:39:48,1,9998,0,9999
2023-10-15T15:52:54,1,9998,0,9999
2023-10-15T16:06:00,1,9998,0,9999
2023-10-15T16:19:17,1,9998,0,9999
2023-10-15T16:32:24,1,9998,0,9999
2023-10-15T16:45:30,1,9998,0,9999
2023-10-15T16:58:36,1,9998,0,9999
2023-10-15T17:11:42,1,9998,0,9999
2023-10-15T17:24:48,1,9998,0,9999
2023-10-15T17:37:54,1,9998,0,9999
2023-10-15T17:51:00,1,9998,0,9999
2023-10-15T18:04:05,1,9998,0,9999
2023-10-15T18:17:11,1,9998,0,9999
2023-10-15T18:30:17,1,9998,0,9999
2023-10-15T18:43:23,1,9998,0,9999
2023-10-15T18:56:30,1,9998,0,9999
2023-10-15T19:09:39,1,9998,0,9999
2023-10-15T19:22:48,1,9998,0,9999
2023-10-15T19:36:07,1,9998,0,9999
2023-10-15T19:49:14,1,9998,0,9999
2023-10-15T20:02:21,1,9998,0,9999
2023-10-15T20:15:27,1,9998,0,9999
2023-10-15T20:28:34,1,9998,0,9999
2023-10-15T20:41:40,1,9998,0,9999
2023-10-15T20:54:46,1,9998,0,9999
2023-10-15T21:07:53,1,9998,0,9999
2023-10-15T21:20:59,1,9998,0,9999
2023-10-15T21:34:06,1,9998,0,9999
2023-10-15T21:47:12,1,9998,0,9999
2023-10-15T22:00:18,1,9998,0,9999
2023-10-15T22:13:24,1,9998,0,9999
2023-10-15T22:26:43,1,9998,0,9999
2023-10-15T22:39:50,1,9998,0,9999
2023-10-15T22:52:56,1,9998,0,9999
2023-10-15T23:06:04,1,9998,0,9999
2023-10-15T23:19:10,1,9998,0,9999
2023-10-15T23:32:18,1,9998,0,9999
2023-10-15T23:45:24,1,9998,0,9999
2023-10-15T23:58:30,1,9998,0,9999
2023-10-16T00:11:41,1,9998,0,9999
2023-10-16T00:25:09,1,9998,0,9999
2023-10-16T00:38:27,1,9998,0,9999
2023-10-16T00:51:37,1,9998,0,9999
2023-10-16T01:04:44,1,9998,0,9999
2023-10-16T01:18:04,1,9998,0,9999
2023-10-16T01:31:21,1,9998,0,9999
2023-10-16T01:44:33,1,9998,0,9999
2023-10-16T01:57:44,1,9998,0,9999
2023-10-16T02:10:57,1,9998,0,9999
2023-10-16T02:24:07,1,9998,0,9999
2023-10-16T02:37:16,1,9998,0,9999
2023-10-16T02:50:39,1,9998,0,9999
2023-10-16T03:03:48,1,9998,0,9999
2023-10-16T03:16:58,1,9998,0,9999
2023-10-16T03:30:09,1,9998,0,9999
2023-10-16T03:43:28,1,9998,0,9999
2023-10-16T03:56:38,1,9998,0,9999
2023-10-16T04:12:06,1,9998,0,9999
2023-10-16T04:34:58,1,9998,0,9999
2023-10-16T04:48:11,1,9998,0,9999
2023-10-16T05:01:23,1,9998,0,9999
2023-10-16T05:14:48,1,9998,0,9999
2023-10-16T05:27:59,1,9998,0,9999
2023-10-16T05:41:12,1,9998,0,9999
2023-10-16T05:54:24,1,9998,0,9999
2023-10-16T06:07:36,1,9998,0,9999
2023-10-16T06:20:48,1,9998,0,9999
2023-10-16T06:33:59,1,9998,0,9999
2023-10-16T06:47:13,1,9998,0,9999
2023-10-16T07:00:23,1,9998,0,9999
2023-10-16T07:13:31,1,9998,0,9999
2023-10-16T07:26:39,1,9998,0,9999
2023-10-16T07:39:46,1,9998,0,9999
2023-10-16T07:53:01,1,9998,0,9999
2023-10-16T08:06:07,1,9998,0,9999
2023-10-16T08:19:15,1,9998,0,9999
2023-10-16T08:32:23,1,9998,0,9999
2023-10-16T08:45:31,1,9998,0,9999
2023-10-16T08:58:38,1,9998,0,9999
2023-10-16T09:11:45,1,9998,0,9999
2023-10-16T09:24:52,1,9998,0,9999
2023-10-16T09:37:58,1,9998,0,9999
2023-10-16T10:09:10,1,9998,0,9999
2023-10-16T10:22:19,1,9998,0,9999
2023-10-16T10:35:27,1,9998,0,9999
2023-10-16T10:48:34,1,9998,0,9999
2023-10-16T11:01:42,1,9998,0,9999
2023-10-16T11:14:50,1,9998,0,9999
2023-10-16T11:27:57,1,9998,0,9999
2023-10-16T11:41:16,1,9998,0,9999
2023-10-16T11:54:23,1,9998,0,9999
2023-10-16T12:07:30,1,9998,0,9999
2023-10-16T12:20:38,1,9998,0,9999
2023-10-16T12:33:45,1,9998,0,9999
2023-10-16T12:46:52,1,9998,0,9999
2023-10-16T12:59:59,1,9998,0,9999
2023-10-16T13:13:07,1,9998,0,9999
2023-10-16T13:26:15,1,9998,0,9999
2023-10-16T13:39:34,1,9998,0,9999
2023-10-16T13:52:42,1,9998,0,9999
2023-10-16T14:05:52,1,9998,0,9999
2023-10-16T14:19:00,1,9998,0,9999
2023-10-16T14:32:07,1,9998,0,9999
2023-10-16T14:45:15,1,9998,0,9999
2023-10-16T14:58:22,1,9998,0,9999
2023-10-16T15:11:40,1,9998,0,9999
2023-10-16T15:24:48,1,9998,0,9999
2023-10-16T15:37:55,1,9998,0,9999
2023-10-16T15:51:02,1,9998,0,9999
2023-10-16T16:04:10,1,9998,0,9999
2023-10-16T16:17:16,1,9998,0,9999
2023-10-16T16:30:23,1,9998,0,9999
2023-10-16T16:43:30,1,9998,0,9999
2023-10-16T16:56:37,1,9998,0,9999
2023-10-16T17:09:55,1,9998,0,9999
2023-10-16T17:23:03,1,9998,0,9999
2023-10-16T17:36:10,1,9998,0,9999
2023-10-16T17:49:16,1,9998,0,9999
2023-10-16T18:02:23,1,9998,0,9999
2023-10-16T18:15:30,1,9998,0,9999
2023-10-16T18:28:38,1,9998,0,9999
2023-10-16T18:41:45,1,9998,0,9999
2023-10-16T18:54:52,1,9998,0,9999
2023-10-16T19:07:59,1,9998,0,9999
2023-10-16T19:21:06,1,9998,0,9999
2023-10-16T19:34:26,1,9998,0,9999
2023-10-16T19:47:33,1,9998,0,9999
2023-10-16T20:00:40,1,9998,0,9999
2023-10-16T20:13:47,1,9998,0,9999
2023-10-16T20:26:53,1,9998,0,9999
2023-10-16T20:40:00,1,9998,0,9999
2023-10-16T20:53:06,1,9998,0,9999
2023-10-16T21:06:15,1,9998,0,9999
2023-10-16T21:19:22,1,9998,0,9999
2023-10-16T21:32:29,1,9998,0,9999
2023-10-16T21:45:36,1,9998,0,9999
2023-10-16T21:58:53,1,9998,0,9999
2023-10-16T22:12:02,1,9998,0,9999
2023-10-16T22:25:09,1,9998,0,9999
2023-10-16T22:38:16,1,9998,0,9999
2023-10-16T22:51:22,1,9998,0,9999
2023-10-16T23:04:29,1,9998,0,9999
2023-10-16T23:17:37,1,9998,0,9999
2023-10-16T23:30:44,1,9998,0,9999
2023-10-16T23:43:51,1,9998,0,9999
2023-10-16T23:56:58,1,9998,0,9999
2023-10-17T00:10:17,1,9998,0,9999
2023-10-17T00:23:29,1,9998,0,9999
2023-10-17T00:36:40,1,9998,0,9999
2023-10-17T00:49:53,1,9998,0,9999
2023-10-17T01:03:08,1,9998,0,9999
2023-10-17T01:16:20,1,9998,0,9999
2023-10-17T01:29:31,1,9998,0,9999
2023-10-17T01:42:42,1,9998,0,9999
2023-10-17T01:55:53,1,9998,0,9999
2023-10-17T02:09:03,1,9998,0,9999
2023-10-17T02:22:11,1,9998,0,9999
2023-10-17T02:35:20,1,9998,0,9999
2023-10-17T02:48:28,1,9998,0,9999
2023-10-17T03:01:36,1,9998,0,9999
2023-10-17T03:14:47,1,9998,0,9999
2023-10-17T03:27:57,1,9998,0,9999
2023-10-17T03:41:08,1,9998,0,9999
2023-10-17T03:54:32,1,9998,0,9999
2023-10-17T04:24:18,1,9998,0,9999
2023-10-17T04:37:32,1,9998,0,9999
2023-10-17T04:52:21,1,9998,0,9999
2023-10-17T05:05:39,1,9998,0,9999
2023-10-17T05:18:51,1,9998,0,9999
2023-10-17T05:32:03,1,9998,0,9999
2023-10-17T05:45:15,1,9998,0,9999
2023-10-17T05:58:25,1,9998,0,9999
2023-10-17T06:11:36,1,9998,0,9999
2023-10-17T06:24:48,1,9998,0,9999
2023-10-17T06:37:59,1,9998,0,9999
2023-10-17T06:51:14,1,9998,0,9999
2023-10-17T07:04:25,1,9998,0,9999
2023-10-17T07:17:36,1,9998,0,9999
2023-10-17T07:30:47,1,9998,0,9999
2023-10-17T07:43:56,1,9998,0,9999
2023-10-17T07:57:05,1,9998,0,9999
2023-10-17T08:10:15,1,9998,0,9999
2023-10-17T08:23:25,1,9998,0,9999
2023-10-17T08:36:34,1,9998,0,9999
2023-10-17T08:49:43,1,9998,0,9999
2023-10-17T09:03:01,1,9998,0,9999
2023-10-17T09:16:09,1,9998,0,9999
2023-10-17T09:29:17,1,9998,0,9999
2023-10-17T09:42:24,1,9998,0,9999
2023-10-17T09:55:32,1,9998,0,9999
2023-10-17T10:08:40,1,9998,0,9999
2023-10-17T10:21:48,1,9998,0,9999
2023-10-17T10:34:58,1,9998,0,9999
2023-10-17T10:48:06,1,9998,0,9999
2023-10-17T11:01:14,1,9998,0,9999
2023-10-17T11:14:22,1,9998,0,9999
2023-10-17T11:27:41,1,9998,0,9999
2023-10-17T11:40:50,1,9998,0,9999
2023-10-17T11:53:57,1,9998,0,9999
2023-10-17T12:07:06,1,9998,0,9999
2023-10-17T12:20:14,1,9998,0,9999
2023-10-17T12:33:22,1,9998,0,9999
2023-10-17T12:46:31,1,9998,0,9999
2023-10-17T12:59:39,1,9998,0,9999
2023-10-17T13:12:47,1,9998,0,9999
2023-10-17T13:26:07,1,9998,0,9999
2023-10-17T13:39:15,1,9998,0,9999
2023-10-17T13:52:23,1,9998,0,9999
2023-10-17T14:05:30,1,9998,0,9999
2023-10-17T14:18:38,1,9998,0,9999
2023-10-17T14:31:46,1,9998,0,9999
2023-10-17T14:44:54,1,9998,0,9999
2023-10-17T14:58:02,1,9998,0,9999
2023-10-17T15:11:23,1,9998,0,9999
2023-10-17T15:24:30,1,9998,0,9999
2023-10-17T15:37:38,1,9998,0,9999
2023-10-17T15:50:46,1,9998,0,9999
2023-10-17T16:03:54,1,9998,0,9999
2023-10-17T16:17:05,1,9998,0,9999
2023-10-17T16:30:12,1,9998,0,9999
2023-10-17T16:43:31,1,9998,0,9999
2023-10-17T16:56:39,1,9998,0,9999
2023-10-17T17:09:47,1,9998,0,9999
2023-10-17T17:22:56,1,9998,0,9999
2023-10-17T17:36:04,1,9998,0,9999
2023-10-17T17:49:11,1,9998,0,9999
2023-10-17T18:02:19,1,9998,0,9999
2023-10-17T18:15:28,1,9998,0,9999
2023-10-17T18:28:36,1,9998,0,9999
2023-10-17T18:41:45,1,9998,0,9999
2023-10-17T18:55:04,1,9998,0,9999
2023-10-17T19:08:12,1,9998,0,9999
2023-10-17T19:21:20,1,9998,0,9999
2023-10-17T19:34:28,1,9998,0,9999
2023-10-17T19:47:36,1,9998,0,9999
2023-10-17T20:00:44,1,9998,0,9999
2023-10-17T20:13:52,1,9998,0,9999
2023-10-17T20:27:00,1,9998,0,9999
2023-10-17T20:40:08,1,9998,0,9999
2023-10-17T20:53:16,1,9998,0,9999
2023-10-17T21:06:24,1,9998,0,9999
2023-10-17T21:19:33,1,9998,0,9999
2023-10-17T21:32:40,1,9998,0,9999
2023-10-17T21:45:59,1,9998,0,9999
2023-10-17T21:59:07,1,9998,0,9999
2023-10-17T22:12:14,1,9998,0,9999
2023-10-17T22:25:23,1,9998,0,9999
2023-10-17T22:38:31,1,9998,0,9999
2023-10-17T22:51:39,1,9998,0,9999
2023-10-17T23:04:57,1,9998,0,9999
2023-10-17T23:18:06,1,9998,0,9999
2023-10-17T23:31:15,1,9998,0,9999
2023-10-17T23:44:23,1,9998,0,9999
2023-10-17T23:57:31,1,9998,0,9999
2023-10-18T00:10:42,1,9998,0,9999
2023-10-18T00:23:57,1,9998,0,9999
2023-10-18T00:37:09,1,9998,0,9999
2023-10-18T00:50:34,1,9998,0,9999
2023-10-18T01:03:48,1,9998,0,9999
2023-10-18T01:17:01,1,9998,0,9999
2023-10-18T01:30:15,1,9998,0,9999
2023-10-18T01:43:28,1,9998,0,9999
2023-10-18T01:56:43,1,9998,0,9999
2023-10-18T02:09:56,1,9998,0,9999
2023-10-18T02:23:08,1,9998,0,9999
2023-10-18T02:36:18,1,9998,0,9999
2023-10-18T02:49:30,1,9998,0,9999
2023-10-18T03:02:42,1,9998,0,9999
2023-10-18T03:15:52,1,9998,0,9999
2023-10-18T03:29:03,1,9998,0,9999
2023-10-18T03:42:24,1,9998,0,9999
2023-10-18T03:55:38,1,9998,0,9999
2023-10-18T04:08:51,1,9998,0,9999
2023-10-18T04:37:36,1,9998,0,9999
2023-10-18T04:50:51,1,9998,0,9999
2023-10-18T05:04:08,1,9998,0,9999
2023-10-18T05:17:24,1,9998,0,9999
2023-10-18T05:30:37,1,9998,0,9999
2023-10-18T05:43:50,1,9998,0,9999
2023-10-18T05:57:04,1,9998,0,9999
2023-10-18T06:10:20,1,9998,0,9999
2023-10-18T06:23:34,1,9998,0,9999
2023-10-18T06:36:48,1,9998,0,9999
2023-10-18T06:50:02,1,9998,0,9999
2023-10-18T07:03:15,1,9998,0,9999
2023-10-18T07:16:26,1,9998,0,9999
2023-10-18T07:29:38,1,9998,0,9999
2023-10-18T07:42:49,1,9998,0,9999
2023-10-18T07:55:59,1,9998,0,9999
2023-10-18T08:09:11,1,9998,0,9999
2023-10-18T08:22:22,1,9998,0,9999
2023-10-18T08:35:34,1,9998,0,9999
2023-10-18T08:48:45,1,9998,0,9999
2023-10-18T09:01:53,1,9998,0,9999
2023-10-18T09:15:28,1,9998,0,9999
2023-10-18T09:28:37,1,9998,0,9999
2023-10-18T09:41:45,1,9998,0,9999
2023-10-18T09:54:53,1,9998,0,9999
2023-10-18T10:08:03,1,9998,0,9999
2023-10-18T10:21:11,1,9998,0,9999
2023-10-18T10:34:20,1,9998,0,9999
2023-10-18T10:47:29,1,9998,0,9999
2023-10-18T11:00:38,1,9998,0,9999
2023-10-18T11:13:46,1,9998,0,9999
2023-10-18T11:26:55,1,9998,0,9999
2023-10-18T11:40:16,1,9998,0,9999
